Label,C01_2w,C02_2w,C03_2w,C04_2w,C05_2w,C06_2w,C07_2w,C08_2w,C09_2w,C10_2w,C11_2w,V01_2w,V02_2w,V03_2w,V04_2w,V05_2w,V06_2w,V07_2w,V08_2w,V09_2w,V10_2w
Group,Control,Control,Control,Control,Control,Control,Control,Control,Control,Control,Control,VNAM,VNAM,VNAM,VNAM,VNAM,VNAM,VNAM,VNAM,VNAM,VNAM
(+)-Catechin-7-O-glucoside,-0.541214437584195,-0.162147424481531,0.733898716363298,0.396673384263204,0.724163707517086,0.292201347343757,0.315720771295629,0.577733425571947,0.815524269176812,0.604369888232366,0.535269495949891,-0.925092654831513,-0.0345073095030915,-0.624487420458868,-0.728591996087109,0.598370755587831,-0.831722325450725,-0.470452720152183,-0.956576527721801,-0.404777663006807,0.0856447179759574
(+)-[6]-Gingerol,1.78142406779353,1.30528631284486,-2.09261877572174,-2.09261877572174,-2.09261877572174,-2.09261877572174,-2.09261877572174,-2.09261877572174,-2.09261877572174,-2.09261877572174,-2.09261877572174,1.94453847756968,1.98605692112083,2.01560478354449,2.04542179631832,1.24175666160992,2.11264664269579,2.21984389727663,2.09742728863669,-2.09261877572174,2.17618090780669
(+)-abscisic acid β-D-glucopyranosyl ester,-4.0436189814152,-0.789239124619546,-0.575114784509834,-0.430060716302577,-0.157026676872428,-0.176574135747675,-0.426084233217816,-0.546895301696072,-0.24921150430934,-0.539989339366671,-0.900877384458706,1.26203591537161,0.773475008997857,1.03988614693961,0.758276628790528,-0.382478642652497,1.10872201306703,1.10049719543428,1.11462250832712,1.13090395491563,0.928751453324691
(+)-castanospermine,0.51811286750737,-0.0596330399656103,-0.000149525386410652,0.148279345462003,0.093142522470742,0.174148560606341,-0.0827298678221136,0.182424892108148,0.0981997066441954,-0.114887278284164,-5.15669529505345,0.206756624007345,0.613646850739691,0.417960027892846,0.829558146582626,0.1929217966634,0.36411699180352,-0.0115339161836407,0.401629585844923,0.64541879791013,0.539312206452106
(+)-sesamin dicatechol,0.785083944678978,1.341588813172,0.986161434800694,1.04516705771611,1.00029156681865,1.06484100262756,1.03074459254699,0.346368233651627,1.27205093353609,1.33292583181273,1.32628511310896,-1.77525531052403,-1.20502632732689,-1.42355291349428,-1.3133292994619,1.06405375057825,-1.32791279353027,-1.29455158971989,-1.38344037213256,-1.42658079571326,-1.44591287314554
(+)-sesamin monocatechol,1.05661139179288,1.06568258052542,0.513522068663039,0.848387139510157,0.850497062314398,0.261705352660583,0.410477849531867,0.0462753330920277,0.466180626843375,-0.0723551343720304,0.231645449123976,-0.766172871393473,-0.691103598501342,-0.725292029399889,-0.397876924859262,0.756093433937723,-1.30870656530352,-1.21579596298657,-0.426227055690428,-0.35566347017268,-0.54788467531626
(+/-)12(13)-DiHOME,0.356546467171728,0.0201873566030372,0.378487705932711,0.530091989829311,0.580312090634259,0.463058443001686,0.354102575448278,0.465356393503699,0.61004390895824,0.243874352721766,0.579593805287737,-0.851334140391989,-0.673256959332275,-0.468781018090974,0.0440901591365,0.252034748685485,-1.04141569825581,-0.839530280012721,-0.377919300418256,-0.231260511448617,-0.394282088963745
(+/-)13-HODE,0.255878351906341,0.255171464592358,0.405414329888583,0.41067567442376,0.476468402112367,0.461741617114216,0.338325154716703,0.580249941639911,0.500479057023385,0.373672919757364,0.50465269452542,0.927346997213871,-0.176072072807237,-0.210355722205358,0.01775965626245,0.722999570755128,-1.87274108649033,-1.54741528597257,-1.19451616158781,-0.690877358339936,-0.538858144528591
"(+/-)9,10-dihydroxy-12Z-octadecenoic acid",0.481389670796954,0.0738508329113997,0.67962207497188,0.598022946175879,0.600304865916764,0.216779610520116,0.0708482065404219,0.803381134080784,0.430365749223967,0.172884184366436,0.375482284905013,-0.78373649446478,-0.760049296449122,-0.654608447993143,-0.126287706921038,0.369133267558466,-0.620408192746463,-0.702563592824703,-0.374145554515463,-0.33876677693714,-0.511498765116132
(-)-Spiculisporic acid,-0.83464466753431,-0.664709808697087,0.0492703582175581,-0.112223205055929,-0.356710099518922,-0.47852567025142,-0.596423100223074,-0.341909133858174,-0.269758839357824,-0.408268786482623,0.165012869938648,0.0614937645040282,0.468434144285561,0.281658178201874,0.624350746575261,-0.095875001188576,-0.270864439690412,-0.341450332417182,1.10593015204556,1.07254685250522,0.942666018001844
"(10E)-9-Hydroperoxy-12,13-dihydroxy-10-octadecenoic acid",0.341933786744316,-0.0593149840481356,0.329671547931056,0.628016515715966,0.473050845309443,0.544357035256959,0.342416219278563,0.355153283518946,0.869818478632585,0.409727961100409,0.62462301037158,-0.654852554066859,-1.11961171385378,0.159782222743127,0.0189534924144107,0.0460501534986664,-1.86002095898931,-1.89023733708224,0.0321124126492121,0.120247285443405,0.288123297431678
"(10E,15Z)-9,12,13-Trihydroxy-10,15-octadecadienoic acid",0.633569251883445,0.579424217513436,0.782930870648533,0.827340010825539,0.825428683474829,0.831779414875043,0.651076386019741,0.807495936148173,0.676073528680724,0.727817056499773,0.692002082841603,-4.59222811881998,-0.587951033807375,-0.733913597212285,0.551258784842779,0.763080360294427,-0.756179868334551,-0.797942200978819,-0.950453300081287,-1.1926269198024,0.262018454488657
"(11S,12E,14Z)-11-Hydroxy-12,14-icosadienoic acid",-0.21172776268723,-0.431057735091638,0.603655734579639,1.08005933502854,0.655626929485876,-0.188221724687397,-0.251642862578358,0.940501229551658,0.383884484762825,0.898041616407274,-0.384042972473315,0.700642722191218,-0.704154181996973,-0.827815340238414,0.153859937776725,0.420632519273347,-0.906081492846688,-0.47372559229212,-0.255256328061175,-0.465690314675829,-0.737488201427959
"(11α)-3,26-Dioxo-22,26-epoxycholest-4-en-11-yl acetate",0.777287552063507,0.760070512808477,0.827429847117664,1.09790950053475,1.04505990990667,0.774480500434056,0.904443752354184,1.05450071781944,0.791005182624305,1.0690017317762,0.795108593492886,-2.04948150933775,-0.93232637661223,-1.35812597025639,-1.14262613115899,1.28758678144863,-1.03927284691306,-1.11958737602249,-1.40597095083571,-0.992844040764304,-1.14364938047984
"(12E)-14-Pentyloxacyclotetradec-12-ene-2,11-dione",0.629769645276601,0.267237277025374,0.147158932315245,0.873901278571132,0.748689300888433,0.0181906262663037,0.393113256912238,-0.223420094888404,0.505765709792645,0.420879661295662,0.622672158683107,-0.304275979426061,-0.666846268021711,-0.842448917099273,0.21611231023049,0.703782989881464,-0.501556350284696,-0.83840681875597,-0.683500582688955,-0.855814004853749,-0.631004131119896
"(12E)-9,10-Dihydroxy-12-octadecenoic acid",0.523454503915146,0.577190668888712,0.467904773890574,0.736702213842847,0.774467270548155,0.583276568853461,0.505262200952573,0.269757478179052,0.706068495823814,0.521603391708199,0.488103060484649,-4.91757333504603,-0.415908134512941,-1.48775239559039,0.207446899308907,0.60944709573177,0.0225535481084696,-0.205601645496884,0.0361017895626662,0.151529842497686,-0.154034291650426
"(15Z)-9,12,13-Trihydroxy-15-octadecenoic acid",0.534069069743364,0.244633807452961,0.934935762695489,0.725047006599344,0.435377773393796,0.192988242708973,0.799148948470244,1.27311916177178,0.719634281897343,0.352421700163268,0.574505839043819,-0.000216813249623627,-1.71726459262123,0.130627246213539,-1.33164618914531,0.500794598384763,-1.97048317929077,-2.15963343911665,-0.183389748243148,0.118325551133418,-0.172995028005336
"(1R,2R,3S,5R,7R)-2-Acetamido-7-(1,2-dihydroxyethyl)-3-hydroxy-6,8-dioxabicyclo[3.2.1]octane-5-carboxylic acid",-1.14220868330012,-0.971990278823823,-0.555292349920906,-0.564420093208667,-0.529240016675681,-0.420820556301392,-0.726202561547162,-0.606070776532423,-0.381851555244306,-0.737070008762687,-0.592612916650839,0.774535702394662,0.929912279432461,0.675316932189425,0.869695870966336,-0.0307516803666192,0.453444030973077,0.902919459696973,0.894050640053481,0.947496168767402,0.811160392860818
"(1R,3S,4S,5R,7R)-4-(3-hydroxybutyl)-5-methyl-10-methylidene-8-oxatricyclo[5.3.0.0Âl,âµ]decan-9-one",0.602922147755148,0.403002312983872,1.18336783455503,1.32244725139381,1.17277519940734,0.594637097627611,0.660329011869666,0.438254665039661,0.780046587414435,0.671824315018586,0.693648630061445,-1.10456694269113,-0.424926216185016,-0.604793924020215,-0.798079897148865,1.00352072681591,-0.979909950069194,-2.41660043693937,-0.922044746719349,-0.617074467956035,-1.65877919821334
"(1R,3S,5Z)-5-[(2E)-2-{(1R,3aS,7aR)-1-[(2R,3S)-3,7-Dihydroxy-7-methyl-4-octyn-2-yl]-7a-methyloctahydro-4H-inden-4-ylidene}ethylidene]-4-methylene-1,3-cyclohexanediol",0.0616982249004017,0.759362901456475,0.656106401585952,1.21270164827819,1.16781967751174,0.620564700502786,0.837296510280058,0.997994707440987,0.697723844161861,1.01192589907926,0.757060050552581,-1.64559144379054,-0.619067583137018,-0.845592203321863,-0.959870581238572,0.976748648918261,-0.750994405021043,-0.937596320128932,-1.29497939943415,-1.58781620003417,-1.11549507856227
"(1R,4R,5R,7R,9R,10S,13S,15S)-15-Hydroxy-9-methyl-14-methylene-7-{[2-O-(3-methylpentanoyl)-β-D-glucopyranosyl]oxy}tetracyclo[11.2.1.0~1,10~.0~4,9~]hexadecane-5-carboxylic acid",-1.02440096834754,-0.0284969106366304,-1.61020847583796,-0.189934017437155,-1.18274784614469,-1.26849061487293,-1.98035331449246,-1.42935026530362,-0.696295796678366,-0.184816830487099,-0.0653385189707524,1.00897583402951,1.03612171375565,1.18007015485021,1.39995037630387,-0.547397849785495,0.703607936028447,0.806207835450938,1.32824067499053,1.48152447367851,1.26313240990701
"(1S)-1-{[(2S,3R,4S)-2-(β-L-Glucopyranosyloxy)-5-(methoxycarbonyl)-3-vinyl-3,4-dihydro-2H-pyran-4-yl]methyl}-2,3,4,9-tetrahydro-1H-β-carboline-3-carboxylic acid",-5.00723016929178,-0.0977858445067275,0.109161183975096,-0.313746156951968,-0.188494436696836,-0.801336543023734,0.177025768846304,-0.34951345331696,0.378495145624701,0.473844634981648,0.576483392597688,0.213355783454937,1.05289325556267,0.658644458170659,0.786182316965063,-1.23369933151924,0.764738274526407,0.985972543978881,0.502299014610502,0.406177530059736,0.906532631952941
"(1S,2R,5R,6R,10R,13S,15S)-5-[(2R,3E,5R)-5,6-Dimethyl-3-hepten-2-yl]-6,10-dimethyl-16,17-dioxapentacyclo[13.2.2.0~1,9~.0~2,6~.0~10,15~]nonadeca-8,18-dien-13-ol",0.622439324207643,0.813887110393868,1.01122517294708,1.05219684060694,1.08859347011385,0.574395373662637,0.483513485037494,0.856301541073004,0.769839240857969,0.833767817613279,-4.14768247312048,-0.696412196189092,-0.334680302110573,-0.352994255558289,-0.564176635599921,0.796096295257473,-0.591099008038751,-0.624050573952234,-0.249134042220956,-0.473575229255799,-0.868450955725154
"(1S,2R,5R,6R,7S,8R,10S,12R,13S)-8,12-Dihydroxy-6,12-bis(hydroxymethyl)-2,6-dimethyltetracyclo[11.2.1.0~1,10~.0~2,7~]hexadec-5-yl 3-methylbutanoate",-0.0716454125919369,0.561617732118173,0.764843298750073,0.997089050928745,1.17580673438541,0.739845147972233,0.779347218917632,0.988647234498279,0.515036961055874,0.97200803194584,0.666974154729011,-1.2216444216947,-0.586691658601585,-1.15921788400241,-0.421177319802737,1.01793965641011,-1.0149415062496,-0.961360277841318,-1.08702958049732,-1.2532881576353,-1.40215900279444
"(1S,2R,5S)-2-Isopropyl-5-methylcyclohexyl 3-oxobutanoate",0.849329048534102,0.899203951490771,0.999960425247959,0.795810927770409,1.09023489901344,0.49072484819449,0.684084282724595,1.03993210802737,0.97281814240909,1.01100734672961,0.925540159354142,0.504683294347033,0.435631594143623,-3.53953025203104,0.310508989772639,1.03186687849974,-3.53953025203104,-0.0665488544764345,-0.524955565196449,-0.831241720493015,-3.53953025203104
"(1S,2R,7R,8R,11R,12R)-12-Methyl-6-methylene-17-oxa-14-azahexacyclo[10.6.3.1~5,8~.0~1,11~.0~2,8~.0~14,18~]docos-7-yl acetate",0.921953757338778,0.342956886240598,0.959358362877971,0.953172135284589,1.12623156034889,0.834800028657901,0.663797454379318,1.13898139189249,1.28886843440659,0.990692587642999,0.935931240623247,-2.72776689281392,0.656255664220359,0.0574684779000353,0.880475020940428,1.38534650809535,-2.72776689281392,-2.72776689281392,-2.72776689281392,-2.72776689281392,0.502544953220059
"(1S,3R,4R,5R)-1,3,4-trihydroxy-5-{[(2E)-3-(4-hydroxy-3-methoxyphenyl)prop-2-enoyl]oxy}cyclohexane-1-carboxylic acid",-0.899517897066862,-1.18171511796523,-0.902685309623802,-0.981215145256825,-0.626639867321131,-1.07236223655766,-1.13902809474588,-0.759754270595765,-0.731229238872759,-1.11373580331285,-0.989477525875547,1.18849070864114,1.37716995800189,1.26788689012646,1.40522509648853,-1.13559827829921,1.12521322081188,1.17786562450656,1.31782682494976,1.31410622865621,1.35917423331107
"(1S,3R,4S)-3,4-Dihydroxycyclohexanecarboxylic acid",0.809893163932243,0.765516928367526,0.905394985964503,0.809767543237124,0.848514050723586,0.72514015489462,0.791339000166968,0.856638627949827,1.00496579594832,0.710818352724382,0.883278739560169,0.268343358879621,-3.68293790718091,-3.68293790718091,0.0682794999941445,0.773184187327649,-3.68293790718091,0.458979814101461,0.384340372034255,-0.183930296731227,0.168349442467555
"(1S,3R,5Z,7E)-24-(Dimethylphosphoryl)-9,10-secochola-5,7,10-triene-1,3-diol",-0.0531389746969946,-0.0590482033625437,0.461755246861283,0.55944258772884,0.170962858699476,0.156301826576474,-0.354471631736934,0.495392110962614,0.144827209278084,0.547293205910671,0.2945377768468,-1.19090710613877,-0.188264890390142,-0.656974693864592,-0.19641510101764,0.475029855638945,-0.868516583072396,-0.163027450511677,0.314527499669803,0.0911784140753945,0.0195160425433572
"(1S,3R,5Z,7E,23R)-1,3,23,25-Tetrahydroxy-9,10-secocholesta-5,7,10-trien-24-one",1.02510775520651,-0.0103114535884105,1.09663756600628,0.841041988632074,1.08371096584823,-0.499609738596733,-0.0677647603888238,0.59870593257198,1.59655171181006,-0.314995032102174,0.315229056477622,0.089531265818124,-0.828273919638979,-0.928538929809602,-0.816985713383951,0.812647693982043,-0.736704513951396,-0.660835465808431,-0.847091216991837,-0.85285128062892,-0.895201911463687
"(1S,3R,5Z,7E,9ξ,20S)-20-[(2R)-2,3-Dihydroxy-3-methylbutoxy]-9,10-secopregna-5,7,10-triene-1,3-diol",0.214938318004526,0.436971410095286,1.10116183887369,1.18578040864201,1.00915050453955,-0.320583670926227,0.219761032532516,1.26776206631804,0.820512741719314,-0.511223189170909,0.636398622269612,-0.879673008541536,-0.760342868097755,-0.929613150056693,-0.672427755281225,1.39151044004549,-1.06143588298139,-0.726046002503836,-0.73888435411549,-0.759928748023691,-0.923788753341295
"(1aR,4E,6R,7aS,8S,10aS,10bS)-1a,5,8-Trimethyl-9-oxo-1a,2,3,6,7,7a,8,9,10a,10b-decahydrooxireno[9,10]cyclodeca[1,2-b]furan-6-yl β-D-glucopyranoside",-1.05325834797576,-0.9122614731495,-0.715602456833231,-0.799814431439922,-0.848741028773788,-0.797724659576144,-0.965725197950426,-0.614196133970206,-0.551518130235817,-0.789380380623959,-0.786507789904942,1.138080170954,1.18885263207977,1.1797551526356,1.16825712956633,-1.03856112200916,1.05545923066828,1.09896517582195,1.25782196179542,0.739707376403196,1.04639232251828
"(1′R,2R,4S,4′S,5S,6R,8′R,10′E,12′S,13′S,14′E,16′E,20′R,21′R,24′S)-6-[(2S)-2-Butanyl]-4,12′,24′-trihydroxy-21′-methoxy-5,11′,13′,22′-tetramethyl-3,4,5,6-tetrahydro-2′H-spiro[pyran-2,6′-[3,7,19]trioxate
tracyclo[15.6.1.1~4,8~.0~20,24~]pentacosa[10,14,16,22]tetraen]-2′-one",-1.03689657771429,-0.958042181985779,-0.766288829731081,-0.415660950675396,-0.630838885351123,-0.430029995219831,-1.16875481320111,-0.614058962596256,-0.538535353745871,-0.413218033506976,-1.01976850513254,0.957633097818884,0.892563858033046,0.935922329905618,1.30099021101857,-0.5282986830357,-0.483425382130951,0.878688611791742,1.43414691897532,1.31091324212748,1.29295888435624
"(1′R,2R,4S,4′S,5S,6R,8′R,10′E,12′S,13′S,14′E,16′E,20′R,21′R,24′S)-6-[(2S)-2-Butanyl]-4,24′-dihydroxy-21′-methoxy-5,11′,13′,22′-tetramethyl-2′-oxo-3,4,5,6-tetrahydrospiro[pyran-2,6′-[3,7,19]trioxatetra
cyclo[15.6.1.1~4,8~.0~20,24~]pentacosa[10,14,16,22]tetraen]-12′-yl 2,6-dideoxy-3-O-methyl-α-L-arabino-hexopyranoside",-3.08462896196363,-3.08462896196363,-0.723237436651494,-0.252990566296687,0.816070533446778,0.219995349933653,0.683570570143597,-0.111213094253924,0.135956708599298,1.16580376484692,-3.08462896196363,0.976829658289493,0.786067020203498,0.0852132669368801,0.722774821233117,1.41730440912909,0.384424212796054,0.726350281365046,0.664532650471571,0.746787972085333,0.809646763612651
"(2'R,3R,4'R,4a'R,5S,8a'S)-5-(3-Furyl)-4'-hydroxy-4a',5'-bis(hydroxymethyl)-2'-methyl-3',4,4',4a',5,7',8',8a'-octahydro-2'H-spiro[furan-3,1'-naphthalen]-2-one",-1.23875692024866,-1.00788730218146,-0.563194118258214,-0.982286003669808,-0.950069420494858,-0.825848427277435,-0.969910804193021,-0.771194328621634,-0.0843680357963487,-0.989725375580543,-0.919443316003758,1.47281400114282,1.32646289849028,0.817131233937289,0.374559129311441,-1.11157588263324,1.50473587323736,1.54438652143148,1.38003699016659,1.20096719926054,0.793166087981177
"(22E)-15-Hydroxyergosta-4,6,8(14),22-tetraen-3-one",0.643223085126877,0.640238334539563,0.255604625506262,1.06654337289072,0.889079570020688,0.674670678734874,-0.49253284985194,0.284769447019713,0.550204799866908,0.798487316804655,0.699299760063935,-0.963769921922131,-0.826388787806782,-0.472943473094596,0.495282878971344,1.00215150274796,-1.05811274531009,-1.16688344153573,-1.05589617262436,-1.39510670580667,-0.5679212743412
"(22E)-9,14-Dihydroxyergosta-4,7,22-triene-3,6-dione",-0.782423975585327,0.452871355143939,0.658053300770318,1.21116850147687,1.20719009659595,0.681038200085805,0.473192558924841,1.34048002187588,-0.192097030106491,0.412033463151816,-4.13198448319888,-0.892402801905789,0.10354774712067,-0.171925888668221,0.154278548521082,0.584331694573075,-0.113550948930905,-0.0730195586042413,-0.271061299245742,-0.163056021277197,-0.486663480717467
(25S)-5β-spirostan-3β-yl β-D-glucoside,-2.77378679520628,-2.77378679520628,-0.330031210406019,-2.77378679520628,-0.772828341963154,0.016603556332086,-2.77378679520628,-0.425793001553759,-0.147235396507148,-0.301113411178721,-0.719642446096148,1.65370425351974,1.65080835227257,1.52177547434839,1.60919361190195,-0.807601382537313,1.4894513678778,1.62528257524082,1.72026541422426,1.79986390620481,1.51244385914492
"(2E)-2-[(2E)-2-{(1R,3aS,7aR)-1-[(2R)-6-Hydroxy-6-methyl-2-heptanyl]-7a-methyloctahydro-4H-inden-4-ylidene}ethylidene]-3-methylene-1,4-butanediol",0.586531915999982,0.733433310294721,1.18416193378201,0.788004112815163,0.969436694836274,0.826212832135302,0.795585121594002,1.21556512355575,1.15717585209865,0.606346984799179,0.912203514576383,-0.95438919508815,-0.463513518028419,-0.745581426638397,-1.74545493773909,0.955760016189922,-1.38465587372253,-1.97090457499562,-1.07514092407278,-0.916524669750686,-1.47425229264166
"(2E)-3-(4-Hydroxy-3-methoxyphenyl)-2-methyl-1-(2,4,6-trihydroxyphenyl)-2-propen-1-one",-0.138547603660987,0.462737396171381,1.49879419713741,0.0133257279027026,0.064883313292697,-4.32688174876665,-0.203510230217593,1.48025909506012,1.54086757178968,0.485995148924016,0.134944211763538,-0.251960721720207,-0.190784512061852,-0.380754403045391,-0.0963906920454085,1.48322825509445,-0.399429513922162,-0.36225371035354,-0.297442959924026,-0.195792766329486,-0.321286055088711
(2E)-3-Methyl-4-(sulfooxy)-2-butenoic acid,-0.994947110461691,-0.227038707228754,0.149619996143389,-0.300965453842287,-0.138692975370703,-0.152798529928457,-0.48765117397275,-0.958389502096779,0.736277270167667,0.0783523684403205,0.0925652605829357,-0.189882100316132,0.274987496878673,-0.224622318218171,0.116278817619284,0.0807528241754608,-0.0164767550597102,-0.116805157606556,0.693564343523922,0.781240618354099,0.804630788216227
"(2E)-3-Phenyl-1-{2,4,6-trihydroxy-3,5-bis[(1R,6R)-6-isopropyl-3-methyl-2-cyclohexen-1-yl]phenyl}-2-propen-1-one",-0.174229365946041,-0.344634752812467,-1.3972009547147,-0.0230636982700909,-0.969630635985855,-1.41393588533726,-0.093492452243374,-1.02610046182413,-1.41405160525534,-0.201131487003879,-0.558564632697224,0.960485636451249,1.07845624987943,0.840575100814576,0.906893411341656,-0.464860199310946,0.938619187778203,0.873806992937118,0.90401472142006,0.884810653810645,0.693234176968394
(2E)-3-[4-Methoxy-3-(sulfooxy)phenyl]acrylic acid,-0.831765055383183,-0.532443676332915,-1.34514299617702,-0.443359004752017,-0.55593745793419,-1.03419778364891,-1.42177119933288,-1.37269080696076,-1.19868506823686,-1.31873322711611,-1.27031482557726,1.23728342252022,1.43756171448448,1.42946861575951,1.55408169529207,-1.21379774517094,1.2356591805289,1.34222657364474,1.44112751049755,1.4426652209546,1.41876491294101
(2E)-Nonenal,0.532417382506517,0.670279644495453,0.848612503129181,0.840579947174045,0.742385725220962,0.647765810943936,0.628365323822786,0.771396022334604,0.991804904338971,0.614247368480689,0.740458130682477,-1.51041378288839,-0.531517467761014,-0.930239844035382,-0.797377186424212,0.61251188989903,-0.930818301704607,-0.788602480676521,-1.05663532813211,-1.04207643359354,-1.05314382781283
"(2E,4E)-7-Hydroxy-2,4,7-trimethyl-2,4-octadienoic acid",0.0885348370704828,0.261034901422529,0.755231109692893,0.737181016958799,0.724201105790691,0.242255817738934,0.340894488854921,0.845128463583323,0.690792585103415,0.46094070683586,0.539046179395123,-0.927903203305454,-0.669505207820839,-0.817177431567704,-0.415989124945823,0.228637122866853,-0.989167059219666,-0.849901654740812,-0.303092219482511,-0.395355480169934,-0.545786954061065
"(2E,6E)-farnesyl monophosphate",-1.41662962931403,-0.947632573677796,0.961149853529464,1.06377534545095,1.07878079195233,-0.676185309868304,0.591153622433294,1.11216829456991,1.0905078053743,1.17677882856734,0.650863800261682,-0.784368409788224,-0.38364100216298,-0.731534590195585,-0.524888788252574,1.20778663297458,-0.630358224894163,-0.595309555570917,-0.716810240686417,-0.76393213864662,-0.761674512056253
(2R)-1-(Decanoyloxy)-3-(phosphonooxy)-2-propanyl tridecanoate,-1.2688995825548,-1.2688995825548,-1.2688995825548,-1.2688995825548,-1.2688995825548,-1.2688995825548,-1.2688995825548,2.63027823274531,-1.2688995825548,-1.2688995825548,-1.2688995825548,2.68322270272776,2.71069057700104,-1.2688995825548,-1.2688995825548,2.49994190174369,-1.2688995825548,1.89350993627291,2.84314194832233,2.50380885695414,-1.2688995825548
(2R)-1-(Octanoyloxy)-3-(phosphonooxy)-2-propanyl tridecanoate,-0.373129074048375,0.163688644616227,1.96498828572645,-0.364462336983147,-0.00791777626862826,1.83533451712861,1.73606454108942,-0.231702675793776,-0.0125406374032238,-0.265506316081176,2.08140717240619,-0.711573823770445,-0.555961648714671,-0.542316929063871,-0.433372067993978,-0.480656396754565,-0.83510498573466,-0.747740427101435,-0.785538266330118,-0.895235348958397,-0.538724449966434
"(2R)-1-{[(2-Aminoethoxy)(hydroxy)phosphoryl]oxy}-3-hydroxy-2-propanyl (9Z,12Z,15Z)-9,12,15-octadecatrienoate",0.215693815571877,0.171022694512765,0.663509658913288,0.439720537741225,0.277111577494472,0.514857565601824,-0.201477258106371,0.238007262562428,1.09763860288201,0.0912526659854584,0.857156577419418,-1.14107539133906,-0.19849089634287,-0.363896436614182,0.340644607812541,0.726843466053169,-1.12188949851415,-1.12134947683275,-0.828688522779409,-0.787997861180333,0.131406309158664
"(2R)-2,3-Dihydroxypropanoic acid",1.11868499225374,1.24779087247994,1.13769622640265,1.19706386243168,1.25280530243827,1.19349427553483,1.10924375009852,0.96164059695614,1.25436540124251,1.06876838847784,1.23958997669693,-3.31825399288436,0.814845425440547,0.496941950750836,0.662359967199635,1.07699037329329,-3.31825399288436,-3.31825399288436,-3.31825399288436,0.758988602724384,-3.31825399288436
(2R)-2-(Acryloyloxy)-3-(hexadecyloxy)propyl 2-(trimethylammonio)ethyl phosphate,-1.69478584822966,-1.16317412443023,0.446349870825643,-0.308670790999142,-0.0871929927317941,0.571724384113225,-0.0930845048618856,-0.355305457072992,-0.539132039185429,-0.151562049257205,-0.813476789470562,0.542058211621003,0.71785539436489,-0.0740383972058226,0.158087908568497,-0.222020333099318,1.40509123650724,1.16536130939393,0.38959839355462,0.0869003426950617,0.019416274899935
(2R)-2-Hydroxy-3-(phosphonooxy)propyl (9Z)-9-nonadecenoate,-0.485694432874357,-0.0521730063550134,1.0365473506312,1.28675274948173,0.0674054862979175,-0.498735036780561,0.660723599756337,0.0709184705782945,1.2027111462287,0.786247701549736,0.896098183358213,-0.734463230637071,-0.575293797334439,-0.582061536529551,-0.413411632347925,1.41123655661519,-1.00186508621053,-0.761622667726901,-0.885671358616966,-0.934649435689481,-0.493000023394534
(2R)-2-Hydroxy-3-[(1Z)-1-tetradecen-1-yloxy]propyl 2-(trimethylammonio)ethyl phosphate,-0.728432338048594,-0.124354893370793,0.132547157492222,-0.153072404359689,-0.0197883396260117,0.107578724392664,-0.638052014002739,-1.78900212008057,0.169897476751434,-0.242721896548115,-1.12390210009925,0.664417636194099,1.07020176038205,-0.428755095026957,-0.00399984056720266,0.537767370573714,0.670008360854713,0.71494051347927,0.951414423754598,0.207392230657828,0.0259153871973232
(2R)-2-[(5-Oxopentanoyl)oxy]-3-(phosphonooxy)propyl palmitate,0.282837887630699,0.113504870751029,0.340471441598412,0.396628149360442,0.0739480019573002,0.374904931903501,0.406902025825393,0.398603361419836,0.786585539111525,0.291045573736078,0.786278304992423,-0.670422617834411,-0.65329810714913,-1.17107384910668,-0.386593555801077,0.624050590282351,-0.448639227308895,-0.314433484804996,-0.437927698248453,-0.252673334603681,-0.540698803711651
(2R)-3-(Hexadecyloxy)-2-hydroxypropyl methyl hydrogen phosphate,-0.671046787039662,0.314167004292188,1.03423636894811,0.823629562792148,0.69332284082732,0.681291444871398,-0.585730314822956,0.654268569935339,0.908055056816564,0.313634170034576,-0.168856994844861,-0.179024124585233,-0.185680386072535,-0.791689912916878,-0.0943049237223481,-0.0384088519182031,0.0695525731955722,-0.234009812394204,-1.17591115922998,-0.687161378177893,-0.68033294598848
"(2R)-3-({[(2S)-2,3-Dihydroxypropoxy](hydroxy)phosphoryl}oxy)-2-hydroxypropyl (11Z)-11-icosenoate",-1.47473403587585,-1.47473403587585,-1.47473403587585,-1.47473403587585,-1.47473403587585,-1.47473403587585,-1.47473403587585,2.64255954294621,-1.47473403587585,-1.47473403587585,-1.47473403587585,2.37470930866208,2.67513963421729,-1.47473403587585,-1.47473403587585,2.39615505039841,1.97113211682862,2.13187425556909,2.62062422086342,2.35934833690091,-1.47473403587585
"(2R)-3-({[(2S)-2,3-Dihydroxypropoxy](hydroxy)phosphoryl}oxy)-2-hydroxypropyl (13Z,16Z)-13,16-docosadienoate",1.9684573930993,-1.6353497036359,-1.6353497036359,-1.6353497036359,-1.6353497036359,-1.6353497036359,-1.6353497036359,2.2373465032408,-1.6353497036359,-1.6353497036359,-1.6353497036359,2.13332431844695,2.33148848145059,-1.6353497036359,-1.6353497036359,-1.6353497036359,2.16303814525377,2.04282954751786,2.4129799120531,2.33899977716691,1.99573236540146
"(2R)-3-({[(2S)-2,3-Dihydroxypropoxy](hydroxy)phosphoryl}oxy)-2-hydroxypropyl (4Z,7Z,10Z,13Z,16Z,19Z)-4,7,10,13,16,19-docosahexaenoate",-0.527325876289455,-0.882109653277509,0.245383632930564,0.423611547392967,0.596943782391052,-0.0790329375725465,-0.768132000983756,-0.380575075134585,0.037247113689228,-0.466585829318665,-0.27195827008539,0.20694302121736,0.296840106461326,-0.652382212933224,-0.199887066676324,1.31584791416881,0.00707299524017513,0.395458673993201,0.411567835687207,0.271891878556788,0.0191804205427364
"(2R)-3-({[(2S)-2,3-Dihydroxypropoxy](hydroxy)phosphoryl}oxy)-2-hydroxypropyl (5Z,8Z,11Z,14Z)-5,8,11,14-icosatetraenoate",0.175595900656879,-0.480816910236427,0.573403666201854,0.886146663877747,0.549382083030431,-1.34385769516254,1.00613816750321,0.939272831427814,0.759531317622546,0.448559960857955,0.774209008236427,-0.524644428560606,-1.37502500179643,-1.63086926030648,0.0598802359331337,0.800450351825682,-1.29451419899072,-0.026857489835076,0.265801572165954,0.313807524013231,-0.875594298464592
"(2R)-3-({[(2S)-2,3-Dihydroxypropoxy](hydroxy)phosphoryl}oxy)-2-hydroxypropyl (6Z,9Z,12Z)-6,9,12-octadecatrienoate",0.0341676373026173,0.863262545857826,-0.0430566306340993,1.330300384776,2.08844588511297,-0.550649098974189,1.09082675682287,-0.822226327834278,-0.585378531082224,0.404297037805694,0.787723925156286,0.94013741824477,-0.378466395805843,-0.976871745912152,-0.866169443386557,1.74583966251405,-0.588374644405648,-0.71591746886384,-1.05959642834257,-1.47449966945999,-1.22379486889169
"(2R)-3-({[(2S)-2,3-Dihydroxypropoxy](hydroxy)phosphoryl}oxy)-2-hydroxypropyl (9Z)-9-heptadecenoate",-2.87330550903339,-2.87330550903339,0.492008850690703,-2.87330550903339,-2.87330550903339,0.275704251909621,0.946407252265698,0.808805676012158,1.36410399509433,0.798980175857413,0.484012911601569,0.921960181501091,1.32777796718697,0.831666575379303,1.0479998525649,-2.87330550903339,0.818206780589497,0.851300442632536,1.16374415931192,1.06027666205406,1.17357181051518
"(2R)-3-({[(2S)-2,3-Dihydroxypropoxy](hydroxy)phosphoryl}oxy)-2-hydroxypropyl (9Z)-9-pentadecenoate",1.44134742432582,0.571367575464415,1.26505501345379,0.769146339972478,1.32312324443751,1.11272707248998,1.05749910225957,1.35332322764947,1.34759793417628,0.816789845079645,1.15792580640396,1.02325767387793,-2.65142396588474,-2.65142396588474,-2.65142396588474,-2.65142396588474,-2.65142396588474,0.831957602032586,0.940524190591084,0.896901743093904,-2.65142396588474
"(2R)-3-({[(2S)-2,3-Dihydroxypropoxy](hydroxy)phosphoryl}oxy)-2-hydroxypropyl (9Z,12Z,15Z)-9,12,15-octadecatrienoate",0.512359294027409,0.451109462271031,0.628175057904842,0.565703945482812,0.259556031543461,0.533748615807995,0.426835049481064,0.506105986334388,0.897217113665818,0.369093859223404,1.10561266064932,-2.19943391845334,-0.699910303143022,-0.666417031674421,-0.0290660645741151,0.581456986829613,-0.718428794734658,-0.564310625983881,-0.926592388307828,-0.749337720961805,-0.283477215388101
"(2R)-3-({[(2S)-2,3-Dihydroxypropoxy](hydroxy)phosphoryl}oxy)-2-hydroxypropyl laurate",1.16440045987912,0.865625604231585,1.27701305513075,0.432544871220019,1.30104916922698,1.0747118095194,1.02719864951296,1.28636620924561,1.49258556987181,0.991956164205011,0.964604371405961,0.900465884794862,0.384955904575892,-2.57567296910259,-2.57567296910259,1.06357797571492,1.22698211608066,-2.57567296910259,-2.57567296910259,-2.57567296910259,-2.57567296910259
"(2R)-3-({[(2S)-2,3-Dihydroxypropoxy](hydroxy)phosphoryl}oxy)-2-hydroxypropyl palmitate",1.11442182212813,1.0488742364454,1.5885891120579,-2.91772159302568,1.41986284596551,1.41471955875046,1.06017962720575,1.48892329869519,1.59193459582814,1.06899034462554,1.35355660956338,-2.91772159302568,-2.91772159302568,0.638925127773694,-2.91772159302568,1.22095727171417,1.20419202781367,-2.91772159302568,-2.91772159302568,0.79817374411442,0.494029335472714
"(2R)-3-({[(2S)-2,3-Dihydroxypropoxy](hydroxy)phosphoryl}oxy)-2-hydroxypropyl pentadecanoate",2.48253058704793,-1.41759170844132,2.10817630183615,-1.41759170844132,2.64400137114526,2.28967252703585,2.20636524060099,2.20672626058219,2.13774891384621,-1.41759170844132,-1.41759170844132,-1.41759170844132,-1.41759170844132,-1.41759170844132,-1.41759170844132,-1.41759170844132,-1.41759170844132,2.3534710076426,-1.41759170844132,-1.41759170844132,-1.41759170844132
(2R)-3-[(1Z)-1-Heptadecen-1-yloxy]-2-hydroxypropyl 2-(trimethylammonio)ethyl phosphate,-0.826871598127756,-0.454819121312869,0.125867462799961,-0.0387112153848413,-0.150615907483756,0.830012532968895,-0.0296194138272388,-0.923653877538691,-1.38921261071241,-0.271852148474624,-0.54663871440585,0.18983083847856,0.735696131186414,0.571951000278315,0.37828044436685,0.401198326369068,0.584021967824568,0.531318769577677,0.401877378809027,0.104593644741576,-0.222653890132876
(2R)-3-{[(2-Aminoethoxy)(hydroxy)phosphoryl]oxy}-2-hydroxypropyl (9Z)-9-hexadecenoate,-0.571081751491082,-0.332950683622152,-0.607846726112031,-0.298101369720661,-0.48262955956978,-0.101660877612452,-0.70515936615181,-0.617757138573431,-0.156355777081283,-0.461631453530315,-0.274146478835531,1.14225506401553,1.14292196263029,-0.058316887172555,0.807256471264592,-0.578809619826268,0.124134855287654,0.481633188051615,0.234364019576443,0.419851587220798,0.894030541252438
"(2R,5R)-2-Benzyl-5-(hydroxymethyl)-2,5-dihydro-2,3,5,6-pyrazinetetrol",0.135622687162659,0.560787830941316,2.12800885280613,0.635835383258879,0.698325117676064,0.530481487439179,0.488230936300063,2.36009241773179,1.29062462167841,-2.96492676712074,0.448600455502238,-2.96492676712074,0.768000145653434,-0.428121321630838,-0.238281477768983,0.0787784056228181,0.170057238707981,0.0222390355166428,-2.96492676712074,-0.693887539043801,-0.0606139761917603
"(2R,5R)-5-Hydroxy-2-hexanyl 3,6-dideoxy-α-L-arabino-hexopyranoside",0.395010647012681,0.312388730458085,0.666728325786505,0.778871059491872,0.585526962713182,0.520358986746533,0.384274027970989,0.731996835577377,0.907602988114906,0.478196859065205,0.581942687076054,-1.84433127374749,-0.706715970248811,-0.190794532300875,0.161880125171634,0.424696953590872,-2.02165433422771,-1.8559385426856,-0.138355096376316,-0.151759229834478,-0.0199262093546117
"(2S)-2,3-Dihydroxypropyl (2R)-3-(hexadecyloxy)-2-hydroxypropyl hydrogen phosphate",0.744957389883182,0.370043669319336,0.971618630676054,-0.195716586046548,-0.150913520413895,1.06151848647339,-0.158419423989848,1.43868116962346,1.45366661790562,-0.23514623895716,1.37818023612231,-0.949502421251975,-0.610325449270586,-0.441073486057804,-0.171148075974488,0.286943010123318,-1.04143364928007,-1.12077209229544,-1.16569396231353,-1.14505144954893,-0.320412854726378
"(2S)-2-(3,4-Dihydroxyphenyl)-7-hydroxy-3,4-dihydro-2H-chromen-5-yl (2ξ)-2-O-[(2E)-3-(3,4-dihydroxyphenyl)-2-propenoyl]-β-D-threo-pentopyranoside",-1.08045553549377,-0.635663354943578,-0.481253421624287,-0.308941380146843,-0.177712028934461,-0.577500057742387,-0.524554948689744,-0.31402314263105,-0.562090538980205,-0.51801815423959,-0.719919641301213,0.820088315013396,1.51221533863313,1.45309145864893,1.60568574421118,-0.367433714742916,-0.659354048434825,-0.838244169831089,0.0198682437172459,1.1617249630635,1.19249007444858
(2S)-2-Hydroxy-3-(stearoyloxy)propyl 6-deoxy-6-sulfo-α-D-glucopyranoside,-1.43905327269264,-0.912739437376011,-0.790549347595028,-0.564089177305079,-0.428027899958046,-0.746649791110946,-0.810777055406431,-0.738836426956902,-0.7032345027767,-0.861888534260775,-0.900572231880595,1.37939312965018,0.988940325803973,1.02079497560237,1.11821693626696,-0.654286987148328,0.780638736559224,0.940949870867337,1.12626687120994,1.16886687708456,1.02663694142294
(2S)-2-{[6-O-(β-D-Galactopyranosyl)-β-D-galactopyranosyl]oxy}undecanoic acid,-1.59912124330619,-0.883013458584786,0.0364808232428233,-0.50777887206611,-0.338378038553893,-0.947298269689529,-0.655487815308583,-0.976331630795907,-0.632648048816389,-0.486679836500064,-1.06521200173113,1.0749404230935,1.37549224597481,0.892180515875238,1.04234546652918,-0.159388112646686,0.872084654957103,1.07263603126537,0.564636413750504,0.309377898509881,1.01116285480087
"(2S)-3-(β-D-Galactopyranosyloxy)-2-hydroxypropyl (3Z,6Z,9Z,12Z,15Z)-3,6,9,12,15-octadecapentaenoate",-1.27226338615558,-0.925312288417725,-0.948890714294244,-0.696188854430872,-0.443933893401946,-0.932376200873092,-0.64779754415953,-1.08381765806966,-0.717099181801481,-0.475026631360568,-0.738770532383677,-0.0533223574647472,1.69655712930681,1.40259110524551,1.67226767096538,-0.382906622677758,1.05533088875907,1.3818988798816,0.65514356604252,0.340697176588716,1.11321944870123
"(2S)-3-Hydroxy-1,2-propanediyl dibutanoate",0.596476530964844,0.747462123933246,0.931608382879981,1.0136289970267,1.00320169257727,0.919039626552208,0.951127255347678,0.984086707700135,1.15846067848892,0.959942325231147,0.891761600310826,-1.27611955164381,-1.16737414311259,-1.4624783923061,-1.26020624545771,0.752050073373213,-0.854551633493229,-1.22096746892651,-1.28787555120404,-1.14636627286313,-1.23290673537903
"(2S)-3-Hydroxy-2-({[(3S,4S,5R)-2,3,4-trihydroxy-5-(hydroxymethyl)tetrahydro-2-furanyl]methyl}amino)butanoic acid (non-preferred name)",-0.930967076983933,-1.02738046965168,-0.370915842107538,-0.591960537825482,-0.786634367583455,-0.338653897690068,-0.437496224561095,-0.64200243411919,-0.36910747422609,-0.0688651596346332,-0.480374953813381,0.98499062252005,1.1122187089353,0.834940789281114,1.0408293309418,-0.682112333889578,0.95351511001737,0.873227088461973,-1.05106483213838,0.94597197780044,1.03184197626642
"(2S)-3-Methyl-2-({[(3S,4S,5R)-2,3,4-trihydroxy-5-(hydroxymethyl)tetrahydro-2-furanyl]methyl}amino)butanoic acid (non-preferred name)",-0.862074760295508,-1.23189256946437,-1.2461130866449,-0.325881727625925,-0.372428714692741,-0.620929497435487,-1.26863870428053,-0.486226745370261,-0.137538176792985,-0.766797480587816,-0.429862714474923,1.03116345011749,1.16878383200994,0.938030456758732,1.10423763907261,-1.35847649463833,0.875997721622486,0.890601075929628,1.0304155113985,1.03511032617518,1.03252065921921
"(2S)-3-Phenyl-2-({[(3S,4S,5R)-2,3,4-trihydroxy-5-(hydroxymethyl)tetrahydro-2-furanyl]methyl}amino)propanoic acid (non-preferred name)",-0.990747672655803,-0.786267232183395,-1.00604754708447,-0.758897767001759,-0.541139983097719,-0.782600366520536,-1.17139424106177,-0.80801415016446,-0.996776480714698,-1.11420298177495,-1.11643845279054,1.07337187921721,1.41454769510468,1.26127817143966,1.48558207315331,-1.24451476203198,0.962315388998663,0.904844073303562,1.40018189273328,1.36540104668325,1.44951941644845
"(2S)-3-{[(4Z)-2-Methoxy-4-hexadecen-1-yl]oxy}-1,2-propanediol",0.306828015203619,0.766755325756362,0.225464750307927,0.571641768077137,0.705226325447071,0.378747073153879,0.117655081674215,0.641451986674618,0.810766350463042,0.714730138585479,0.729184865707805,-1.50687117134647,-0.640690636036476,-0.399030439246953,0.349944828705807,0.740615602022276,-1.02631628919099,-1.18115188288229,-0.715158331402882,-1.59880454630211,0.00901118462894924
"(2S)-4-Methyl-2-({[(3S,4S,5R)-2,3,4-trihydroxy-5-(hydroxymethyl)tetrahydro-2-furanyl]methyl}amino)pentanoic acid (non-preferred name)",-1.17215029754858,-1.16139800099063,-0.308429169608253,-0.836921915473527,-1.2593678236665,-1.23414781729615,-0.578029694653376,-0.363920857803367,-0.561580453133642,-1.37370300536619,-0.902740328894878,1.16423455801738,1.34341299319303,1.14146840654519,1.29995769300575,-1.13014040634676,1.02269360532855,1.07137111418748,1.28367148136571,1.24483504158794,1.3108848775508
"(2S)-5,7-Dihydroxy-2-[3-hydroxy-4-methoxy-5-(3-methyl-2-buten-1-yl)phenyl]-6,8-bis(3-methyl-2-buten-1-yl)-2,3-dihydro-4H-chromen-4-one",-1.88161464776167,-0.935810547569141,-0.458564399697801,-0.890662790827626,-0.291115464898733,0.170219581144872,-0.517616170296708,-0.55511860550328,0.197272077328319,-0.169670883098818,-0.400644215631276,-0.693392423541944,1.48279950788654,0.312905878074053,0.556853740896851,-0.620315748733725,1.61119866194687,1.61923907418109,0.460592240635218,0.903244102377441,0.10020103308949
"(2S,3R)-N-(1-Hydroxy-2-propanyl)-2-methyl-3-pentadecyl-2-oxiranecarboxamide",0.246094445104842,-0.93863633409743,0.347837524250487,0.884863442047813,0.723755626077564,0.489262564427446,0.229081539665773,0.675897037462862,1.15136910317476,0.807510697161138,0.685384057935464,-1.00565645911597,-0.873092698208261,-0.352493839024159,0.378515919741097,0.86905917353566,-1.11380669013207,-0.955600927394382,-1.04948063603935,-1.17724352682806,-0.022620019745211
"(2S,3R,4R,5S,6E,14R)-2-Amino-3,4,5,14-tetrahydroxy-6-icosenoic acid",0.425697966109034,0.68301795117377,1.01419985671005,0.850861265914113,0.750327954908485,0.378876595401982,0.434344188452268,0.698929984985334,0.708304166153269,0.538723102576264,0.651585529397707,-1.63106103614985,-0.745519477601968,-0.989519121842804,-0.744379048438884,0.792882618557856,-1.02362940641614,-0.875123708034683,-0.492138909731563,-0.507331837723676,-0.919048634400555
"(2S,3R,5S)-3-(2-Aminoethyl)-7-oxo-4-oxa-1-azabicyclo[3.2.0]heptane-2-carboxylic acid",-1.06458389341086,-0.765850323944627,0.125847908325989,0.263311118568115,0.151618804077747,0.0115909525805445,-0.319293479425261,-1.0626107409823,0.3150053873918,-0.302299486999511,-0.0283103020490756,-0.954667145263684,0.547749616238373,-0.0355034539706849,1.06714265360335,-0.14497758371353,0.406677710452239,-0.394125147280978,0.497910138093439,0.591525801444698,1.09384146626423
"(2S,3S)-2,3-dihydro-3-hydroxyanthranilic acid zwitterion",-0.428645016360258,0.374789641622869,0.281858053502181,0.106135928486372,0.141153902426236,0.408995045729965,0.183636010930439,0.560557670402244,0.577490303120798,0.408933144479655,0.476048525048492,-0.471982356293596,-0.187563934759222,-0.382499721225171,0.0878822504244166,-0.0682568499870989,-0.555402300907435,-0.812611330304998,0.0625286028252452,-0.131965442967691,-0.631082126193434
"(2S,3S,4R,5R)-5-(6-aminopurin-9-yl)-3,4-dihydroxyoxolane-2-carboxamide",-0.194598430672597,-0.0779311224542508,-0.00823970531122858,-0.207420888717042,-0.040760585059621,-0.570186381357522,-2.47014504626047,0.290612092590584,-0.515841419505077,-1.96295929578962,-1.98320969652366,1.47375346286333,1.17788148992915,1.02467973462466,0.876629018701363,-0.997189748892628,1.27635947123868,0.745884230363996,1.13618394932652,0.930762835118712,0.0957360357867111
"(2S,3S,4S,5R,6S)-6-(Hydroxymethyl)-5-{[(2R,3S,4S,5R,6S)-3,4,5-trihydroxy-6-(hydroxymethyl)-5-{[(2R,3S,4R,5R,6S)-3,4,5-trihydroxy-6-(hydroxymethyl)tetrahydro-2H-pyran-2-yl]oxy}tetrahydro-2H-pyran-2-yl]
oxy}tetrahydro-2H-pyran-2,3,4,5-tetrol",-0.207425623996456,0.940085100432841,0.535051470601672,1.22907370115274,0.396360546108323,0.774825704384598,1.01577868820099,0.979934068077893,0.610790190139935,0.907118087168715,0.696297601496229,-0.980663676608315,-0.625285172518083,-1.11443155162463,-0.965133124336011,1.16518871368453,-0.817174086833661,-0.90716621424226,-1.24520172137003,-1.19825421177906,-1.18976848813994
"(2S,3S,4bS,6aS,12bS,12cR,14aS)-2-(2-Hydroxy-2-propanyl)-12b,12c-dimethyl-2,3,5,6,6a,7,12,12b,12c,13,14,14a-dodecahydro-4bH-chromeno[5′,6′:6,7]indeno[1,2-b]indole-3,4b-diol",0.822634267026981,1.05781333228548,0.308457797664087,1.01015733285663,1.47048202252396,1.06439316548694,0.160396679532114,0.660209937208397,1.22484308615615,0.856515240270112,0.895871547454437,-1.71628740097664,-0.820082089371246,-1.35710783941902,-1.01864962331091,1.11197012295946,-1.01987285565508,-1.1223681750596,-1.16680554581255,-1.12037809984069,-1.30219290197902
"(2Z,4E)-2,4-Octadien-1-ol",0.442355477693511,0.53375949727321,0.658666426764895,0.670087771137165,0.73113160005721,0.498969475563605,0.343574928095327,0.636478788963053,0.961890973735071,0.58735266398081,0.72629329693835,-1.28279174566612,-2.11989834309874,-0.149289496680816,0.132807076910018,0.406325997152323,-0.546213141468541,-0.742237094948062,-0.833450488967874,-1.40123567202357,-0.254577991410828
"(2α,3β,5ξ,6β,9ξ)-2,3,6,23-Tetrahydroxyurs-12-en-28-oic acid",-1.00200930142029,0.843224205069613,1.25507056064928,0.905538903408996,1.0636271447063,0.438628859349877,0.366640463521816,0.728191317423203,0.788985973237789,0.667404181738872,0.268106040008802,-1.12739644454323,-0.495008324902254,-0.960644106434392,-0.759122227012988,1.08428880465907,-0.722717236278103,-0.713512233545015,-0.835823000211286,-0.819673952451817,-0.97379962697425
"(2β,3β,4β,5α,16β)-3,4,16-Trihydroxypregn-20-en-2-yl hydrogen sulfate",0.632373130236261,0.510308905748479,0.0822635274283052,1.12786196020629,0.771365391759413,0.612201089557776,0.660403028862373,-0.00637303094853628,0.845795015760538,0.671442211246343,1.00833440933427,-1.69107584273699,-0.817037642993277,-0.454151140947546,0.33807685267033,0.907194365388465,-1.13565713784398,-1.6125743419673,-0.956794658194493,-1.21214225452853,-0.281813838038165
"(2β,3β,5β,11α,22R)-2,3,11,14,20,22-Hexahydroxy-6-oxocholest-7-en-25-yl acetate",-0.643413609716909,-0.202363032106257,-1.14437006118591,-0.162268789086031,-0.937460693351891,-1.16375474117779,-0.644209010819988,-0.881594121536221,-0.416996140252343,-0.00290819909540194,0.00967223175024421,0.280064234668687,0.801641545693837,0.940393515452218,1.35425154826642,-0.751607083706729,-0.143387521682063,0.168253280991305,1.0781236090266,1.35654718991565,1.10538584795258
"(2β,3β,5β,22R)-2,14,22-Trihydroxy-6-oxocholest-7-en-3-yl β-D-glucopyranoside",-0.505494064815727,-0.562427189739775,-2.56612513307236,-0.0843012062343672,-0.301205524029351,-0.921234619977952,-0.814612877151583,-1.69259852253271,-1.41067781588701,-0.0051269205857336,-0.328286305339772,1.00177713945438,1.03658306072122,0.874180353837112,1.09903575392953,0.154253909288122,0.788274863211299,0.962784551306047,1.17727952447003,1.11688689736746,0.981034125781122
"(2β,3β,5β,22R)-2,20,22-Trihydroxy-6-oxocholesta-7,14-dien-3-yl β-D-glucopyranoside",-1.48462368699647,-0.80935184144647,-0.823260764450906,-0.448214489245692,-0.287340397338263,-0.865610722782132,-0.588488534260781,-0.893182686136136,-0.836431766593936,-0.744485279550752,-0.977589245655751,0.998048374919869,1.10090667335773,0.967555661454298,0.782459018722367,-0.389268433894915,0.536591392187238,1.2405638253403,1.28801165449448,1.15039126766235,1.08331998021357
"(2β,3β,5β,22R)-2,3,14,20,25-Pentahydroxy-6-oxocholest-7-en-22-yl (3R)-3-hydroxybutanoate",-1.02528071832116,-0.690852385117713,-0.797422092182963,-0.242625287108337,-0.638084521462879,-0.839998755524723,-0.608462784548775,-0.0199409096923457,-0.549528825708164,-0.200270057954732,-0.424311219628455,0.769123307122411,0.762248082785489,0.75434129901856,1.05724219266939,-0.0642706568118334,-0.104333854509002,0.284255967245414,0.777439973385421,1.02774791325917,0.77298333308526
(3E)-4-(pyridin-3-yl)but-3-enoic acid,0.4614688413711,0.316712602112799,0.717599082551886,0.753408159321384,0.689289170718968,0.547900534034711,0.448941770973547,0.781697091105774,0.737202697019207,0.665738149851602,0.713615862642399,-0.991698979324676,-0.590627335260748,-0.769243719798075,-0.571283450971995,0.64507081296215,-1.29970156284493,-1.46901788162785,-0.635540143300585,-0.56213953667544,-0.589392164861235
"(3R,4R)-4-(3,4-Dihydroxybenzyl)-3-(3-hydroxybenzyl)dihydro-2(3H)-furanone",0.954809601207682,0.930154980929233,0.917618560734597,1.09716455427281,1.05225436208794,0.82444973580347,0.811944126514109,1.11377253720919,1.09178021867505,1.0619696132408,0.985159170617153,-1.75531402589121,-1.10695359640944,-1.27882841746096,-1.1350150680525,1.07518651740711,-1.33718449505633,-1.26109954109316,-1.35980116685297,-1.29361760769371,-1.38845006018884
(3S)-3-{(Z)-[(3S)-3-{(Z)-[(3R)-3-Amino-1-hydroxy-4-methylpentylidene]amino}-1-hydroxybutylidene]amino}-5-methylhexanoic acid,0.953376121699768,-0.638504053814269,1.63483363360565,-0.378972143155955,0.823019845747181,-0.489311817475609,0.0859970645134937,2.04486296690471,1.22288014345907,0.617296274143513,1.06794144674582,-1.01872506725674,-0.753521677768085,-1.03779134955922,-0.950787205865267,0.737393422148367,-1.02063066787204,-0.285333357297992,-0.980481748063448,-0.747490331557421,-0.886051499281537
(3S)-3-{[(3S)-3-Aminobutanoyl]amino}-5-methylhexanoic acid,0.872481005832613,0.856114263582408,1.4782358392059,0.151290297229988,0.396430984580708,0.705417395203767,0.456796185003704,1.69126767905485,1.207973056834,0.771139437155775,0.393830037627423,-1.06793998474807,-0.765166576447457,-1.37518891113743,-1.31287327313728,0.661253300855025,-1.30438423457599,-1.08213136440719,-0.401734526538753,-1.04912490473133,-1.28368570644266
"(3S,5S,6S,8R,9S,10R,13R,14S,15R,17R)-17-[(2R,3E)-7-Hydroxy-5-methyl-3-hepten-2-yl]-10,13-dimethylhexadecahydro-1H-cyclopenta[a]phenanthrene-3,4,6,15-tetrol",0.221182429724738,0.46852483716598,0.800475270850757,0.636736060262611,1.22414548527844,0.57289548712399,0.103223222728577,1.1138595920216,0.717093443771276,0.925480979333836,0.504826841121746,-0.772518595124011,-0.65734422630709,-0.89696223542193,-0.624429522109078,1.20561657627261,-1.40774341737669,-1.11074877486358,-1.02603748927448,-0.804196187875146,-1.19407977730413
"(3S,7R,11R)-3,7,11,15-Tetramethyl-2-oxohexadecanoic acid",-1.90792702202269,1.06716638995048,1.53198138866656,1.7959765710468,1.67272303763033,1.77118429837212,0.975882870989897,1.81704782332806,1.85929932528769,1.324646277475,0.939589541628969,-1.90792702202269,-1.90792702202269,0.704919941625193,-1.90792702202269,1.71092573220316,-1.90792702202269,-1.90792702202269,-1.90792702202269,-1.90792702202269,-1.90792702202269
(3Z)-3-Dodecenedioic acid,0.708979628757555,0.793697595673772,0.787826502954956,0.837151849076267,0.870913502407666,0.70446303542805,0.861204475884884,0.750226877405593,0.840545727967253,0.771686369671451,0.907184104683838,-4.35981824074464,-0.38886975735795,-0.185345834428639,-0.0880093185530148,0.761612293280308,-0.189921340229024,-0.04071166172881,-0.023365097796698,-4.35981824074464,0.0403675283918055
"(3aR,4R,5R,6aS)-5-Hydroxy-4-[(1E,3S)-3-hydroxyoct-1-en-1-yl]hexahydro-2H-cyclopenta[b]furan-2-one",0.957463565800717,0.992664770387133,1.04187984090143,1.29919959677453,0.951602195944944,0.798446132683306,1.03562951506658,1.14098780590254,1.13958556146441,0.687248347011872,1.07474617154693,-3.3579659452933,-0.159948302367141,-0.407714163849513,-0.350353339319051,1.08289769064453,-0.296106408965623,-0.408495545859497,-3.3579659452933,-3.3579659452933,-0.50583559788822
"(3α,4α,5α,9β,11α,13α,14β,16β,17Z)-16-Acetoxy-3,11-dihydroxy-4,8,14-trimethyl-22-oxo-18-norcholesta-17,24-dien-21-oic acid",-0.381274922499368,0.00236739353524692,-0.625029272495527,-0.105937330377691,0.165751674842495,0.125808050859674,-0.454791227327152,-0.401471093799728,-0.378662701560668,0.358552947795976,-0.418784888620273,-1.65831040276458,-0.498346405265649,0.553597479504387,0.0922547009990555,0.954171212075753,0.70598440954973,0.288027871261122,1.09500809817217,0.214101843259396,0.366982562855626
"(3α,4α,5β,11β,12β)-4,11,12-Trihydroxycholestane-3,21-diyl bis(hydrogen sulfate)",0.0174392396686929,-0.187753142800944,0.337691072419728,0.572657691527902,0.643930511144897,0.251774137538999,0.0387863835139012,0.328083720215597,0.422235292774004,0.438304245408638,0.151823416666562,-1.08324009624508,-0.0658222493695156,0.169860041298945,0.562922345098198,0.587421449764958,-0.91564694035731,-1.36998171503327,-0.252152425863381,-0.657396290323983,0.00906331295248317
"(3α,4β,8α)-4,15-Diacetoxy-3-hydroxy-12,13-epoxytrichothec-9-en-8-yl butyrate",-1.02155228789238,-0.674996699426494,-0.655342696126027,-0.469647328418651,-0.180281771686439,-0.667741657879405,-0.448001032916997,-0.79595558240906,-0.516408274885788,-0.264280044547767,-0.523650226074151,0.296538938119999,0.512751671499495,0.639785477384202,0.789032678059206,-0.13624778220031,0.209996020771591,0.51684186757009,2.02918685457021,1.90167505722934,-0.541703180740646
"(3α,5α,7α)-3,7,8-Trihydroxycholestan-27-yl hydrogen sulfate",-0.0128612391002488,0.581360404235542,0.450847680218251,0.256204215914577,0.541483390501064,-0.0534913651735594,0.0122568866613189,0.555564189679993,0.0121290458714131,0.599733774629552,0.0556126310068141,-0.162654489226063,-0.349177974637409,-0.846511744272496,-0.542070562192389,0.596951235067648,0.480008142577693,-0.317790368319918,-0.747426978258999,-0.186744436177896,-0.923422439004851
"(3α,5α,7β,12α)-3,7,12-Trihydroxy-6-oxocholan-24-oic acid",0.547180284621554,0.735839781099294,0.740257720873295,0.942593106782871,0.949916691466994,0.368841820472303,0.546971160507545,0.925631805561484,0.58476785894634,0.519294834439318,0.601202672549491,0.270717779709019,-0.877641869426275,-1.05698315360398,-0.878594439572468,0.683389446932177,-1.13656487509153,-1.02819294589582,-1.12799385860885,-1.19066533503918,-1.11996848672354
"(3α,5β,11β)-3,11,17,21-Tetrahydroxy-20-oxopregnan-18-al",-1.3482427544577,-1.14446707449734,-0.220316981121921,-0.813712566167762,-0.192685069973465,0.00196372436252143,-1.20813448946255,-0.305826756408352,-0.864030687162753,-0.439882310536871,-0.91822010399077,1.51500157324867,1.5005182353034,0.665457650265731,0.500888720777366,-0.975955423945053,1.43341305414792,1.61142457534428,0.800359938353028,0.78473368432766,-0.382286938406022
"(3α,5β,7α)-3,7-Dihydroxy-11-oxocholan-24-oic acid",0.403996463975648,0.808360437927858,0.722736948860081,1.09072328578745,1.2396714858883,0.248419646631108,0.501382244283761,0.949258312465747,0.622418874177619,0.901050488375891,0.660933231778003,-1.1698719442009,-0.680695208058549,-1.04983482355908,-0.923062971194296,1.03763635786464,-0.84912403808938,-0.95900942676422,-1.14626601385478,-1.21263495057605,-1.19608840171885
"(3α,5β,7α,12α,24E)-3,7,12-Trihydroxycholest-24-en-26-oic acid",0.672684073624334,1.02099966400703,1.04668471440341,1.32793216660858,0.938276603362834,0.826529922950237,1.1201399465317,1.06707489491709,0.703871302163111,0.855874869012516,0.976039375286023,-1.49658167603066,-0.23860523464026,-0.698318136502334,-0.527295139316591,1.31382220579445,-0.464685588716869,-0.36595671528353,-0.929372713995661,-3.57455726708772,-3.57455726708772
"(3β,22E)-20,25-Dihydroxy-24-oxocholesta-5,22-dien-3-yl acetate",0.220563375496019,0.633281770490081,0.656182462420198,0.870482132924743,0.962859398729293,0.40106286109484,0.360073004739052,0.799642170377642,0.827370199630389,0.465084901711833,0.602021655543689,-0.946988660959739,-1.50475518421973,-0.535268762519197,-0.15528296605747,0.805205840879981,-1.83815435590228,-1.97422512444985,-0.0470778128083809,-0.0951442270730371,-0.506932680048058
"(3β,22R,25R)-3,22-Dihydroxyfurost-5-en-26-yl β-D-erythro-hexopyranoside",-4.15779912858907,-1.02758191879644,-0.524338975319307,-0.757205820243764,-0.453941174904302,-0.470536160416612,-0.775450202588612,-0.332036825491938,-0.605559786077234,-0.635202069266647,-0.944006389024118,1.25976887501571,1.41576962317586,1.09763372185808,1.04938825944915,-0.715483453587238,1.2709398763727,1.39928803583223,1.42242726224599,1.46663488233508,1.01729136802045
"(3β,4β,5β,6β,11β,23R,24S)-4,11,23-Trihydroxy-5,6-epoxyergostan-3-yl hydrogen sulfate",-1.27973440517932,-0.806303405179918,-0.354188030647786,0.160409792156445,0.438915143471745,-0.29392433277495,-1.09930288507852,0.0506198658144586,0.137395961868807,0.301852451446085,-0.0114614062448415,-0.0692006323212355,1.16015728637677,0.212714886421153,0.0828647995771899,0.483603317424571,0.454768383352856,-0.290355765597682,0.509155540271158,0.667095948392379,-0.455082513549379
"(3β,5α,22E)-3,5,9-Trihydroxyergosta-7,22-dien-6-one",0.655908873076212,0.800139194562795,0.903331776889616,1.08127970107046,1.13706295543249,0.595442763707645,0.625983640680435,1.00441497176375,0.904819620509854,1.09567405201083,0.735147574816849,-1.27551629920527,-1.36729361065166,-1.19147798902429,-1.02384406355456,1.23720529243548,-1.16941609710575,-1.75208391346756,-0.848172586038564,-0.943130804603545,-1.2054750533052
"(3β,5α,6α,23S,25R)-3-(β-D-Glucopyranosyloxy)-23-hydroxyspirostan-6-yl β-D-glucopyranoside",-0.661345546649875,-0.903921418428469,-0.687103691233796,-0.614253983917025,-0.72362128135572,-0.359011520343517,-3.90819404563285,-0.701817874538167,-0.345414887707064,-0.253555942199268,-0.621286302787497,0.978696239646467,1.1668422167727,1.24223735605827,1.35322928793575,-0.407380246178263,0.868879286662974,0.876030454881301,1.26430447927279,1.2551402314492,1.18154718829203
"(3β,5α,6α,25R)-3-Hydroxyspirostan-6-yl β-D-glucopyranoside",-1.16883233216138,-0.179015437484682,-0.159784111696362,0.205912799936954,-0.132936521620965,-0.161389937204871,-0.457689293171903,-0.138712329693316,-0.321421906257135,-1.33456931621193,0.107370195351233,0.437838485986905,-0.723484905089832,0.713406211546816,0.786136055912463,0.551917079971983,-0.220376628013573,-0.030166221889668,0.656364147827647,1.09530164547075,0.474132318490877
"(3β,5α,6α,7α,14β,22E)-3,7,14-Trihydroxy-5,6-epoxyergosta-8,22-dien-15-one",0.723825306028727,0.880325218812024,0.768274558649187,0.950431765450623,1.00636216112552,0.350266654649588,0.744102054380114,1.0300509958309,0.559471309801747,0.829245162405972,0.72597543131536,-1.56817202768638,-0.739847252478257,-1.28509805989421,-1.11786052977735,1.20515655237955,-1.18760184464308,-1.02324711261172,-0.824949665831043,-0.985443662140505,-1.04126701576675
"(3β,5α,9β,12β,15α,16β,24R)-15,16,24-Trihydroxy-4,4,14-trimethyl-23-oxo-3-(β-D-xylopyranosyloxy)-9,19:16,24-dicyclochol-7-en-12-yl acetate",-3.14616892752256,-3.14616892752256,-0.172803057643851,-0.512402686475891,-0.117684785010069,0.15885608442883,-0.223994108288248,-0.0600393758706431,-0.0595739757062239,-0.386800552272367,-3.14616892752256,1.03346714467334,1.22637247164546,1.32280142883098,1.42702089229354,-0.562755664499851,0.806008411438995,1.32037101071017,1.38632270880422,1.45878157645357,1.3945592590557
"(3β,5β)-3-[(6-Deoxy-2,3-di-O-methyl-β-D-galactopyranosyl)oxy]-14-hydroxycarda-16,20(22)-dienolide",-0.463650295513092,-0.23674290567766,-3.25483406604987,0.752468761750136,-0.270116491859125,-3.25483406604987,0.560082408978924,-0.456679523408212,0.61602338772155,0.248003412714914,0.613471455840901,0.691084110580161,1.1884576772794,1.17122840441249,1.25511027662419,0.310147471925575,-0.0151325760500426,-3.25483406604987,1.23855515097861,1.33852198698638,1.22366948486449
"(3β,5ξ,9ξ)-3-{[2-O-(β-D-Glucopyranosyl)-β-D-glucopyranosyl]oxy}-23-hydroxyolean-12-en-28-oic acid",-0.138487772570683,-0.041394090346215,-1.95361950757312,-0.275856882063177,-0.552887832702748,-0.8933026411186,-0.68682786506888,-1.88625395559469,-0.739079155550375,-0.235267652634576,-0.178465254806832,0.80983631655986,0.874018215309219,0.672874819991882,0.892839672861044,0.0614540551999548,0.743880668363646,0.922150623450929,0.885576784644907,0.938643484310294,0.78016796933818
(4R)-O~15~-Acetyl-4-(α-L-talopyranuronosyloxy)retinol,0.171240348652041,0.164933144910778,0.544833486583283,0.366069346514461,0.483210307772157,0.150605442224917,0.425204880846051,0.547476724707563,0.197356003673242,0.302724748908691,0.209328608030043,0.478279551877052,0.30188919119183,-0.0152878910201275,0.0182192152411054,0.409231551411889,0.108562497325939,0.0457421979426601,0.264163753194911,0.263657946977366,-5.43744105696587
"(4R,5S)-4,5-Dihydroxy-2,6-dioxoheptanoic acid",-0.52869954342934,0.15194191863288,0.257996013543582,0.34929223009424,0.406916767602973,0.190749408543984,-0.0471086552923353,0.224937545407552,0.297185598365748,0.154950985940106,0.0392882772766063,0.329348428049119,0.537911554098552,0.477259214980319,-5.34708597239732,0.255676168548448,0.490848816917343,0.412092836664608,0.411374971493766,0.366798063748658,0.568325371210502
"(4Z)-10,12-Dihydroxy-13-isobutyl-1,1,4,7a-tetramethyl-1,1a,2,3,6,7,7a,13,13a,13b-decahydrocyclopropa[3,4]cyclodeca[1,2-b]chromene-9,11-dicarbaldehyde",0.487053528135212,0.590303530938952,0.689195114570374,0.821015346916547,0.779590664694917,0.488639455808536,0.421356759546456,0.713741990681519,0.935205505856966,0.819655738755678,0.700592595179772,-1.13925952618462,-0.496019018899063,-1.14088854834332,-0.353481969123894,0.926994011276973,-1.43732592451169,-1.25886313059042,-1.13054048830836,-1.30499289227207,-0.111972744128434
"(4Z)-4-Methyl-6-(3-methyl-1,4-dioxo-1,4-dihydro-2-naphthalenyl)-4-hexenoic acid",0.806849243621656,0.729440097325926,1.14105341254275,1.17587599837419,1.16208489043056,0.869684824987145,0.924729932472795,1.35665852152587,1.09210695626445,1.12368137073461,1.1132685931076,-0.698403135772966,-1.27043527891883,-1.57571903025422,-1.50211370610207,1.24673660025722,-1.52451958161337,-1.46480610001508,-1.5707662229052,-1.46618136403417,-1.66922602202884
"(4aS,5R,6S,8aS)-5-[(3E)-5-methoxy-3-methyl-5-oxopent-3-en-1-yl]-5,6,8a-trimethyl-3,4,4a,5,6,7,8,8a-octahydronaphthalene-1-carboxylic acid",-0.309588073347302,0.379660532019785,0.420059320915838,0.776333351307143,0.492903493042135,0.0432654892845697,0.28812334823262,0.174893284879482,0.147366672228819,0.418474458551953,0.209885662959281,0.172124733395299,0.189743862407823,-1.33364631533268,-1.1520080257244,0.7463524418663,-0.188187222685327,-0.118542899771505,-0.194184920051499,-0.544617503634965,-0.618411690543329
"(5E)-2,10-Diamino-5-{[(5-amino-5-carboxypentyl)amino]methyl}-5-undecenedioic acid (non-preferred name)",0.835328222132488,-0.0442880670359625,1.62944543395716,-0.43980647063981,-0.143541450815676,0.274386656096477,-0.0643819164679817,2.25677681786269,1.50661864967558,0.284345255402962,1.39279028666644,-0.938632161697647,-0.0757910566820502,-1.02681685608721,-1.12217283480597,-0.395970449451284,-1.10716178126878,-0.955895657062439,-0.824348151178792,-0.748991222557355,-0.291893246042835
"(5E,9Z)-6-Bromo-5,9-icosadienoic acid",-2.80979879714843,-2.80979879714843,-0.0735705495020371,-0.17942954439284,0.709322303853417,0.527973247956274,-1.46274270361523,0.189898742297575,-0.0899579565516301,-2.80979879714843,-2.80979879714843,0.75303908670458,1.39774310166926,1.5422247176279,1.62084294208818,-0.0705972358572884,0.853241164936614,1.10797122188223,1.39692590284448,1.41222924353574,1.60408150311647
"(5R)-5-[(1S)-1,2-Dihydroxyethyl]-α-D-lyxopyranose",-0.505851087926118,-0.416581786174524,0.432879393666739,-0.616129859549536,-0.452622917571124,-0.740438946702344,-0.794508304665519,0.631935930540432,-0.217357558313163,-0.626497388837398,-0.802532607435983,0.480323399420458,0.657442808933556,0.410773417190285,0.737286485967671,-0.349621107317125,0.352174300478959,0.0867604108852033,0.586656539696036,0.486209233289917,0.659699644423576
"(5R)-5-[(3R,5S,7S,8R,9S,10S,13R,14S,17R)-3,7-Dihydroxy-10,13-dimethylhexadecahydro-1H-cyclopenta[a]phenanthren-17-yl]hexanoic acid",-0.00777647527834978,0.513033128713213,0.784986663340163,0.931262040545425,0.995060654743172,0.490433867015016,0.459030910595588,0.868689803218155,0.7874362159308,0.59493199710039,0.502672534659589,-0.601504027982203,-0.690407334282238,-0.89972577059958,-0.791332644116179,0.650531637516167,-1.00854436653833,-0.946338843257975,-0.683159860753733,-0.741776357268168,-1.20750377330091
"(5R,6Z,8E,10E,14Z)-5-Hydroxy-12-oxo-6,8,10,14-icosatetraenedioic acid",-0.0151413683391308,0.200244550760525,0.732248109430931,0.654686339909441,0.669400881490563,0.453935634751909,0.395310390325272,0.771358014951023,0.425416801444711,0.68239901100399,0.500118670200935,-0.439898718891661,-0.190147380950601,-1.72958793680233,-0.871987956991286,0.255344167803179,-0.664844543307561,-0.296423613670192,-0.350782502266882,-0.219111381329723,-0.962537169523135
"(5R,8R,9R,10R,12R,13R,14R,17S)-12-Hydroxy-17-[(2S,4E)-2-hydroxy-6-oxo-4-hepten-2-yl]-4,4,8,10,14-pentamethylhexadecahydro-3H-cyclopenta[a]phenanthren-3-one (non-preferred name)",0.892317294034749,0.915580740057754,0.958186729740069,1.08326788662917,1.17699360982116,0.916681115837532,0.761475128845162,1.21161717898282,0.955124341943136,1.07164239899275,0.845719894338737,-1.49024395331424,-1.13966008358109,-1.39896024962883,-1.08867430760164,1.15489141496951,-1.61197833053783,-1.26929793990565,-1.2824258616963,-1.36617953107646,-1.2960774768505
(5Z)-13-carboxytridec-5-enoylcarnitine,-1.7713335705642,-1.67355305219387,-0.483395104718486,-0.802912439441125,-0.265033985286423,-0.949529747862049,-0.803813967578131,-0.659254951595148,-0.469393655553003,-0.398670168023834,-0.371494666308726,0.989152956808859,1.14316599283835,1.07144347098634,1.03592254035847,-0.558620306377852,0.926730456223073,0.977434917333839,0.893254423600461,0.992463526409727,1.17743733094372
"(5Z,8Z)-tetradecadienoylcarnitine",0.171289371040529,0.134394027212011,0.014208779135988,0.460652460581832,0.506985886293132,0.456715283034517,0.219203607419803,0.179006823206079,0.349628427020043,0.829908239349248,0.547653507545851,-1.31206347663015,-0.334758082137962,-0.130079730819838,0.537334573267005,0.390631790107338,-1.15714624889238,-2.17864728393154,-0.325781528079437,0.489428988938977,0.151434586338963
"(5Z,8Z,11Z,14Z)-N,N-Bis(2-hydroxyethyl)-5,8,11,14-icosatetraenamide",1.17201456080858,0.517903855450017,1.07884257704052,1.07629053631071,0.811461512351116,1.14723804682289,0.99908066596015,0.976493358772146,1.43588782556184,1.11011530892211,1.26950950471089,-0.397786510149351,-0.994565259968304,-2.8842187745527,-2.8842187745527,1.18836495521772,-2.8842187745527,-2.8842187745527,0.176623973486015,0.282534119128298,-0.313133932214548
"(5Z,9α,11α,13E,15S)-9,11,15-Trihydroxy-N,N-dimethylprosta-5,13-dien-1-amide",0.286690408058113,-0.00595150220051684,0.311275899754849,-0.00735169630319241,0.489610574216988,0.231593288863428,-0.1429463540796,0.835166949235504,0.752173475686129,0.347624757897217,0.614631453005532,-1.29389006619053,0.143577398636738,-0.284976429821875,-0.174415225763313,0.752266557794189,-0.526168489992147,-1.05729439862716,-0.429490053664354,-0.706044345026255,-0.136082201479721
"(5ξ,9ξ)-17-Hydroxykaur-15-en-19-oic acid",-1.22482832814724,-1.11985777700277,-0.615751147897314,-0.0687726686633937,-0.419310392123031,-0.829003845135963,-0.931588721002501,-0.859556394494695,-0.138489021435475,-0.119167222527439,-0.489120207857833,0.884988645410897,0.947689273969812,0.300018071429094,0.649141722594297,0.015658400560776,0.138321045186903,0.400089590234332,1.20870042018075,1.5478008660181,0.723037690702698
"(6R,8Z)-6-Hydroxy-3-oxo-8-tetradecenoic acid",-0.510799527571953,0.280788535255583,0.924680512443936,0.831313011456873,0.47811806780691,0.297577244610234,0.574263390834143,1.25463504204192,0.327393013740938,0.225697724351014,0.175261846030194,-0.0361326258950823,-0.00225590510645515,-0.805947423613835,-0.573096913319842,0.143757171532614,-1.15913592132029,-0.748535062706572,-0.148780590044949,-0.485337718119996,-1.04346387240534
"(6Z,10E,14E)-3,7,11,15,19-Pentamethyl-6,10,14-icosatrien-1-yl dihydrogen phosphate",0.572802326192623,0.39735353502678,0.284838422930703,0.501882053066597,0.403873731593361,0.196708384108177,0.273319105579773,0.36119693755723,0.852455216666553,0.483269490996933,0.691674616352532,-1.04698050383534,-0.16648523975584,0.106697478189276,0.480818738307272,0.554307302049674,-1.59793152559859,-1.36458487805262,-1.48573622834051,-1.1746799866466,0.675201023612055
"(7Z)-14-hydroxy-10,13-dioxoheptadec-7-enoic acid",0.790582555644838,0.653103438255465,0.475716339062751,0.618543162405717,0.505133195873056,0.311474048887451,0.0327220163358716,0.279682210863656,0.442722664569104,0.264971988371253,0.379388335414495,-1.37901924984109,-0.229027389383338,-0.248278867631606,0.0193089245681321,0.727516854203075,-0.835601084199268,-0.598677885312857,-0.937137975008689,-0.703137011457568,-0.569986271620425
"(8Z,11Z,14Z)-N-[2-(3,4-dihydroxyphenyl)ethyl]icosa-8,11,14-trienamide",0.389694577177789,-0.383506378986127,0.324974171000783,0.79238999381967,0.52036963176469,0.296387754763222,0.228720353547479,0.245013289776294,0.888351887471327,0.814057694021309,0.439792043414582,-1.48676215557687,-0.700235693231031,-0.175187797984231,0.484447174941987,0.676704776912439,-1.08740309777777,-0.555400965423216,-0.697326945253177,-1.0878444733198,0.072764158940674
"(8aS,11aS)-5-Methoxy-10,10-dimethyl-2-phenyl-8a,11a-dihydro-4H,8H-furo[2,3-c]pyrano[2,3-f]chromene-4,11(10H)-dione",1.49107495171404,1.35258868284133,1.40667809619306,0.93844551675438,0.385995853435442,1.43560963426096,1.04223264817028,-3.88956708665081,-0.125473244041542,-0.530737715255582,-1.13012775486131,-0.418853257355699,0.122739172602529,-0.451901451019596,0.0746718925238314,-0.723257104630052,-0.122985650094236,-0.221130134385207,-0.12797966438888,-0.0950270602227754,-0.412996325590169
"(9S,10S,11R,12Z)-9,10,11-Trihydroxy-12-octadecenoic acid",0.16082174514002,0.0120271343473316,0.633424344679988,0.532071375514957,0.392334000086846,0.264040702761423,0.0239964095709576,0.119096244081102,0.318132945465342,-0.0126567025000519,0.171533178899332,-1.56079982439037,-0.473989114688847,-0.0172668287362248,0.385326267475213,1.03711608155352,-0.179273156913033,-0.449071981461385,-1.30163004925617,-0.0473413762663355,-0.00789139536360575
"(9Z,12Z)-N-[2-(3,4-Dihydroxyphenyl)ethyl]-9,12-octadecadienamide",0.61037840994246,-0.199458866866121,0.828813925145799,0.889011222677648,0.783471610296822,0.756403267853816,0.686808565709981,0.719297765313512,1.02236042435466,0.866305134664203,0.866904403015525,-0.917065693536426,-0.20822703040307,-0.296607137721139,-0.998667561743325,1.01429280575889,-4.47606951781928,-1.20173796765725,-0.65483996619454,-0.387224673572515,0.295850880780334
(E)-Isoferulic acid,1.4311344238473,1.498215431369,1.24218356568772,1.36044887660575,1.38709235088415,1.23801201410663,1.20388946476837,0.848326513166257,1.31689191100904,0.812345712008359,1.22645329752841,0.521365746302679,-2.7401764300175,-2.7401764300175,-2.7401764300175,1.33880419535026,-2.7401764300175,-2.7401764300175,-2.7401764300175,0.485088051497251,0.530807025973778
(E)-p-coumaric acid,0.740130498574548,0.757654138155832,0.857043523878216,0.817539018887352,0.944218335127947,0.753043284307563,0.733264750016686,0.77022792263455,0.707417265047158,0.68239565093547,0.60597072694483,0.527412885734182,0.4761922508541,0.00130033659312403,-3.73267787118276,0.90367704621008,0.180543756651052,-3.73267787118276,0.348051405015567,-3.73267787118276,0.391950817980013
(S)-2-hydrazino-3-(4-hydroxy-3-methoxyphenyl)-2-methylpropionic acid,0.861652855576402,0.991992923294774,0.976857295990973,0.625560483492236,0.927310179208284,0.579487208602793,0.315750246806281,1.02819124021002,1.01657092461069,0.643233202246116,1.01334985687869,-2.97585959148736,-0.40344761106985,-1.21801343154674,-0.641433225510943,0.80146860564702,-2.44474936665002,-1.06570989695239,-0.413203654465999,-0.289798867273672,-0.3292093776073
(S)-2-methylbutanal,1.38883442219641,0.506957747155333,0.60264637286847,0.612393413681196,0.266388989532771,0.446300868460688,0.453419636776982,0.75426028921997,0.423679555651104,-0.336573353929511,0.177760646768977,-0.00993505397688304,-0.736591503174155,-1.01199435697258,1.09316240675546,0.83898389534865,-1.4340579561172,-1.25187368943139,-1.07305289723191,-0.428440301179506,-1.28226913240286
(S)-malyl α-D-glucosaminide,-2.02044054431817,-0.93410719085055,-0.329501833783854,-0.642967385902859,-0.627317087575139,-0.455807222427724,-0.648552660574185,-0.0989146617559357,-0.433782088830769,-0.465394470530085,-0.457868829950231,0.811956248486702,1.45763052823305,0.710619927921766,1.41757082273393,-0.761034587774776,0.657582665947475,0.488431751811936,0.903248720613729,0.691923670922624,0.73672422760306
(±)-2-Hydroxyglutaric acid,-0.876153570922956,-0.223117786160446,0.697563781823991,-0.157425670643512,0.0582002668713427,-0.610067227168133,-0.869752694243431,1.30674954837669,-0.259564843591753,-0.75501044938205,-0.924478692122884,0.691902893841445,0.596028272710012,0.508670550526223,0.605880960465817,-0.124831284519879,0.111198219119021,-0.532397740711934,0.37150952232498,0.182871017578854,0.202224925828625
(±)-Camphoric acid,0.370339863650878,0.448696047454554,0.901277493312579,0.784294416027546,0.832630359613116,0.664993103374012,0.630771158510286,0.84029888628434,0.983172740791366,0.728497945780587,0.845475080663178,-1.05448989488523,-1.10219216807302,-0.497374104322909,-1.04562909259548,0.694250260116012,-1.17189735296515,-1.39023424153064,-0.821336471613446,-1.26705191982998,-0.374492109762576
(±)-Rosmarinic acid,-1.44251711889212,0.0502673766229528,1.20149161850907,-0.888183983074457,1.29993521521224,0.36753571291968,0.122663053748151,1.60175515787836,1.2809188945625,0.757493985099904,1.02888836953785,-0.904185168700995,-0.64709593480994,-0.674033673869087,-0.579281283670464,1.3436800854553,-1.10406193132839,-0.962150831764726,-0.634547663333027,-0.686294323190653,-0.532277556912176
(±)13-HODE,0.223898737363679,0.592889443128395,0.310864029208045,1.00062595110959,0.920546433550391,0.940251962193163,0.968874218040462,0.358214304280762,0.762331598407043,0.69548889939837,1.0821879475385,-1.45823848551965,-1.49449948141317,-0.674885733169764,-0.152216548646798,0.320729531172102,-1.05578354888449,-0.788141665931106,-0.885636960896951,-0.806968187737613,-0.860532443190971
(±)9(10)-DiHOME,0.370724174101717,0.61501191749817,-0.0307527969420182,0.877914285992301,0.927410592520642,0.97009570666047,0.350220975627749,-0.183914750392743,0.393837936505302,0.28687535229201,0.720975136560604,-1.02859927245515,-0.741799985941001,0.0788242696784321,0.622344200584282,0.0923191790261982,-1.3820490715199,-1.19080793584649,-0.739487823843143,-0.797205520691293,-0.211936569416106
(±)9-HpODE,1.68465252865408,0.547832515982037,0.126007264990927,0.708230493319145,0.668928988938383,-0.0154625103057685,0.494094194578563,0.565298077446954,0.0526087058665579,0.609620626778413,0.630584867804887,-1.08801935806034,-1.50054836213646,-1.15466652503721,0.506413621739702,0.728089041507664,-0.586718465061603,-1.74836909781456,-0.803074159496807,0.0777212051226914,-0.503223654817248
(−)-Chorismic acid,0.322742394889368,0.726202558787923,0.768542800732532,0.631791174460567,0.808830311148801,0.679802830268772,0.530990769513943,0.904315691055154,1.00739481122165,0.784596307920166,0.868644709036824,-0.831653131531463,-0.795722128381202,-0.613452368732845,-0.10303912718229,0.533609091844439,-1.91828771094043,-1.67924358201225,-0.434099465192143,-0.889194252484629,-1.30277168442288
(−)-Epothilone A,-3.09664275571972,0.333549667155167,0.797734683835852,0.308352765810469,0.495668527404631,-3.09664275571972,0.53794841806632,-3.09664275571972,0.619334818577053,1.02056756512043,0.943562076565848,-3.09664275571972,1.61085959514978,1.31712566016706,1.35088699310839,-3.09664275571972,1.46569667453814,1.46704353279557,1.11082034689817,0.993235909639073,1.11082654376662
(−)-Epothilone B,-0.892727622438322,-0.147679397560267,-0.924527955196178,0.0521948676856317,0.517139442212393,0.17220006390829,-0.753119527336752,-2.9266832925103,0.241823235939793,0.206150205113945,-0.553221272127317,-0.143508543001018,0.898787366737411,-0.0902450956709773,0.0652119643680123,0.616196385379082,1.06170946003361,0.461957331951412,1.12811794228404,0.679426706664628,0.330797733562858
(−)-Podophyllotoxin,2.00329483989383,0.715149601970458,-0.398006547121271,1.98430158802499,0.230345591888598,-0.169433844719108,-0.0583795840332451,-0.216104056674963,-0.193211920899878,0.10710019777907,-0.136162592819539,0.766726253071256,-0.310104405576225,-0.830210122888309,-0.716498606437592,0.214820994078019,-0.615200951157124,-0.617940867552523,-0.0137363931060996,-0.808111374960693,-0.938637798759675
(−)-Prostaglandin E1,0.0939645529187746,0.333427549605755,0.742235359108379,0.826594002023235,0.801832929693137,0.602602274728899,0.464762286325335,0.792552610089854,0.737218159775652,0.836673891004918,0.667401252493218,-1.54596598345611,-0.862165222979464,-1.18696396324704,-1.12728363016324,0.77060355598379,-1.11901319669338,-1.01136995835468,-0.179353149789329,-0.0361321841781735,-0.60162113488949
(−)-Riboflavin,-0.799257493705705,-0.394515542348564,0.124131605801779,0.141728278343,0.37065242164191,-0.411755179787135,-0.321915079976675,0.0184454494612228,-0.250915110298361,-0.953029215523787,-0.612046493806115,-0.147272451441849,0.196146092049298,0.808071764985199,0.75745973874898,-0.163193576042756,-0.10588103226416,0.0333003835383653,0.267977112619512,0.574019792478014,0.867848535527789
(−)-pinocembrin,0.975733251656842,1.0831194562392,0.563055551420092,0.719150389322867,0.816041289878489,0.0755552407745039,0.791727442172218,-0.676783847698311,0.251742874159818,0.899166545260533,0.904320812212392,-1.23959857334628,-0.820966290270663,-0.742372708414004,-0.503005537021631,1.37146326907107,-0.827247535141223,-0.96091862831955,-0.850954255298769,-0.838497045405474,-0.990731701252136
(−)-trans-Methyl dihydrojasmonate,-0.0424310790257137,1.14281501288528,1.18925929843776,0.172195747560054,1.31654826256295,-0.415870526475047,-0.340138471522777,0.817286758469714,0.435462996032503,0.366049896830307,0.309631601665161,0.630629990793866,-0.646821594402132,-1.03016255356106,-0.614935327425658,0.894889693222242,-0.95130157779035,-0.856782949896441,-1.05759518460058,-0.0685342781989261,-1.25019571556118
.alpha.-Aminoadipic acid,0.80651747458503,0.247634066640663,-0.265840865737727,-0.584900421035898,-0.416118654412345,-0.303283760211809,-0.521716570958699,-0.204691486846589,-0.204692011920047,-0.709620324900479,0.323624745681199,-0.386492024803897,0.0444063254246634,0.17695575412106,0.40801243598184,-0.488300793542854,-0.0962526701535178,0.213320921862357,0.598055324768854,0.874339906455336,0.489042629002854
"1,1′-(2,5-Pyrazinediyl)di(1,2,3,4-butanetetrol)",-1.76706327373037,-0.651165441722704,-0.171259782983591,-0.677272251165253,-0.794196306934524,-0.191847946548045,-0.297706826930465,0.425641697587541,-0.336274474225182,0.0564011441548832,-0.197063508451677,0.45962626418587,0.663840976045498,0.732641175615372,0.894115202930323,-0.456875362288815,0.393319939118378,0.30041941063755,0.409052427713795,0.491781906291677,0.713885030699733
"1,2,3,4-tetrahydro-β-carboline-3-carboxylic acid",-0.285260324419426,-0.114234052458273,-0.77267420204358,0.51179370208534,0.194238760591068,-0.0768416147914264,-0.765268933302994,-0.692079744809976,-0.441657556204735,0.576133960769394,-0.666785700734456,0.28494568505911,0.123326363002414,-0.351508702957916,0.462988322687594,0.0110399618647931,0.572935591232382,-0.576205991551965,1.02893445235572,1.06129906891195,-0.0851190452850317
"1,2,3,4-tetrahydroisoquinoline-4,6,7-triol",-3.62872337122519,0.0323845064322115,-3.62872337122519,-3.62872337122519,0.655721427471391,0.529874006053022,0.506771852099675,0.0809871302763969,0.559632231172687,0.369663103706169,0.48924315516771,0.998731663825441,0.829897617177226,0.921965495242648,0.824671940680482,0.583155222754275,0.718472121855989,0.248345390292545,0.93809183148212,0.977984206547489,0.620577211438113
"1,2,3,6-Tetrahydrophthalimide",-0.0970356412281043,-0.949842710900532,0.37783829719127,-0.371864745678695,-0.440899439407941,-1.07134291644433,-0.776540543906916,0.171480031231824,0.152411428081443,-0.21358331640809,-0.306869747311136,-2.70775624133556,0.67704920900777,0.366081887710164,0.527745932828122,-0.194358985674107,0.943535701157905,0.861189229613113,1.07463834677172,1.02025638774726,0.957867836954801
"1,2-Dihydro-2,4-quinolinediol",0.609131373885011,0.817563647392383,1.06366629111578,0.875216258779465,0.954832200164605,0.940166420311723,0.791851718891343,1.21133587641564,0.974468980672961,0.931884739734212,0.970958520874196,-1.15781212003837,-1.59512179366076,-0.17411475842664,-1.92361216893693,0.902990136045322,-0.843217397931855,-1.31450341119074,-1.84433075881209,-1.68589608933622,-0.505457665949008
"1,2-dihexanoyl-sn-glycero-3-phosphate",-1.1798420986865,-1.31947502601511,-0.369497933078368,-1.14704736237231,-0.615661197003902,-0.659847304283962,-1.15875418070339,-0.335166139423941,-0.44659665355005,-1.02017308194778,-0.985743746492896,1.22628555604917,1.25151924713603,1.04638271402852,1.16476384177877,-1.26560146943289,1.05225208017913,1.19987977614478,1.22190520217225,1.23902504534079,1.10139273016167
"1,3,4,5-Tetrahydroxycyclohexanecarboxylic acid",-0.261837212844133,0.036383330969104,-0.160610001628786,0.0625142546939604,0.400885436074466,-0.584849961558632,-0.623192464692599,0.791734680561338,-0.455629752877342,-0.565968818137153,-0.618746192635963,0.197804733115486,0.330122338015576,-0.000929727113741698,0.477538559085659,1.40942879850598,-0.233072317123345,-0.439904672570358,0.0416940565668086,0.0949038907252341,0.101731042868444
"1,4,5,6-tetrahydro-6-oxonicotinic acid",-5.1906022047813,-0.509672698146716,0.106077176999955,0.400715306856417,0.627324876776412,-0.179591411371423,0.0817800273807583,0.246214632214049,0.31365122188628,-0.222927748122312,0.118488297022834,0.390404749551395,0.63577685405215,-0.0672169362848167,0.652285692209359,0.305939818036351,0.338063515140852,0.258594980486076,0.649443045374329,0.495318634028869,0.549932170690473
"1,4-Anhydro-1-(4-carbamoyl-1,3-thiazol-2-yl)pentitol",-3.00684990261147,0.354540682316945,-0.128770012682429,-0.648733778449955,-0.398326062745561,-0.845163127633903,-3.00684990261147,0.136516104025993,-0.175990399841972,0.000740060723050376,-0.683850899522563,0.165567244546975,0.599948763912649,1.55607214008114,1.36430012265347,-3.00684990261147,1.36073912027853,1.19006401924489,1.67005121290042,1.687395045182,1.81544947284472
"1,4-Bis(2-ethylhexyl) sulfosuccinate",0.664859428901747,0.649326897392154,0.494372459678364,0.684979559141841,0.802439946372431,0.401336898140163,0.456852681964999,0.15832406054796,0.683255876267697,0.862264508844522,0.492537729252317,-4.81703594892518,0.427296228776932,0.383050909136066,-0.572758569475711,0.805802532115291,-4.81703594892518,0.575323184166608,0.450537177517126,0.60720386774686,0.607066521363005
"1,5-Anhydro-D-glucitol",0.23353359438003,0.364858168853279,0.341352978334403,0.397461254968704,0.335488479534358,0.0498345727069708,-0.00976834495895235,0.239077700372787,0.146170499054188,0.0811158976234422,-5.56896044111791,0.522810143476959,0.336588292102754,0.288582398891824,0.503612638614539,0.363814330855993,0.220716714764117,0.159360470799121,0.327411997333052,0.334858973682601,0.332079679727717
"1,5-Anhydro-L-arabino-hex-1-enitol",-2.50881503641052,-2.50881503641052,-2.50881503641052,-2.50881503641052,1.30875943526222,1.56931196364251,-2.50881503641052,1.71871649486213,-2.50881503641052,-2.50881503641052,1.70816571481207,1.62335694660885,1.68065703222735,1.67179737588306,1.33679236969894,-2.50881503641052,1.1365003404861,1.65373277205812,1.68219637619504,1.65916563545689,1.32136783409083
"1,5-Dihydro-1-pyrenol",1.22169549044801,-2.71342669701872,1.30953018812371,-2.71342669701872,0.966771338726252,1.11735136981695,1.11193734761686,-2.71342669701872,-2.71342669701872,-2.71342669701872,-2.71342669701872,1.36249045562345,1.03327858614418,1.25922492913942,1.37169456491993,1.4482664805429,0.331187307465948,0.843820758521431,0.723073894116191,1.11448116532466,1.06575630558239
"1,5-Dimethyl-5-(7-oxabicyclo[4.1.0]hept-1-yl)-2,4,6(1H,3H,5H)-pyrimidinetrione",1.14609272944298,0.334539511552466,1.52810631477645,0.958812612315922,1.12206918344456,1.0489874621321,-0.375367556954124,1.75915372525732,1.49160191987968,0.509266010706473,1.46295236939062,-2.9744588399978,-0.0474951462619987,0.0522508121808937,-0.152191568585612,0.966454977203143,-0.260227157687161,-2.9744588399978,0.35282916119747,-2.9744588399978,-2.9744588399978
"1,5-anhydroglucitol",-0.412581801425055,-0.0912809756147326,-0.208605943670842,0.0473163309699361,0.146718327483005,-0.24904620467585,-1.18215428403198,-0.0929878087521026,-0.398314083373759,-0.343571813290203,-0.409843682271361,1.10477312686778,0.567350250271541,0.402610256578301,0.93480464616984,-0.0926513662761711,-0.419803601910617,-0.4065472119912,0.249393047286462,0.306928862489959,0.54749392916703
"1,6-Dimethyl 2-O-(3,4,5-trihydroxybenzoyl)hexarate",-1.26052354559608,-1.38743111558573,-1.09593738133889,-1.16350129358423,-0.504163577276348,-1.25793438918601,-1.63430383605367,-0.875880584709518,-1.00707496927458,-1.42906926976266,-0.352824661116641,1.43432595735439,1.49291307066394,1.58738062333029,1.52102279823495,-1.14193661941544,1.29654177790838,1.24875084961721,1.56148917590721,1.50315358939901,1.46500340048442
"1,9-Dihydroxy-2-(3-methyl-2-buten-1-yl)-6H-[1]benzofuro[3,2-c]chromen-3-yl hexopyranosiduronic acid",-2.26234828364092,-0.937169087759492,-0.677422376470145,-0.35502473049733,-0.0723202568742631,-0.787542443554966,-0.266113116338208,-1.38626223183496,-0.4708508423994,-0.201924235559952,-0.353356618752958,0.671236341193402,0.846301664560341,0.835162590063595,1.08998199948813,-0.0781310627952842,0.27359386023848,1.15281160479501,0.908705820821984,1.13192883427709,0.938742571039833
"1-(1H-Indol-3-yl)-1,2-ethanediol",-2.39208471094466,-2.39208471094466,-2.39208471094466,1.24183837579508,1.26236793542456,-2.39208471094466,-2.39208471094466,-2.39208471094466,-2.39208471094466,0.859754164855523,1.53735386670902,1.66683351708767,1.57391517115951,-2.39208471094466,1.56042465919601,0.950532198661574,1.58070358325079,1.7214748032105,1.8552916647232,1.67036630780848,1.65582143967537
"1-(2,5-Dihydroxy-3,4,6-trimethoxyphenyl)-3-phenyl-1-propanone",0.755186377797658,0.273522582048488,0.95400773261396,0.614664086000439,1.08487465137397,0.891956329237957,1.02077103843091,1.02096524432851,1.18957167269973,1.1551164801483,1.11912049030927,-1.25414221204795,-1.1670775628611,-1.34243356637571,-1.25376925252563,0.988091916892355,-1.29459327796381,-1.12585419771488,-1.28787930020639,-1.10943592087211,-1.23266331131396
"1-(2,6-Dihydroxy-4-methoxyphenyl)-3-(4-methoxyphenyl)-1-propanone",-0.491862915289796,-0.765790956028927,1.43440414463725,-0.405092117719964,1.12665530204695,-0.507387696408958,-0.346963350779539,1.84088851591925,1.33366560667796,0.631025141806817,1.18448638265274,-0.769039115876083,-0.491340423149118,-0.955093482545987,-0.697700321669834,1.3827567660329,-0.776253159883207,-0.652235083159901,-0.770418663016911,-0.485296486607765,-0.81940808763788
"1-(2-Ethoxyethyl)-2-(4-methyl-1,4-diazepan-1-yl)-1H-benzimidazol-5-ol",-0.170672913625371,-0.0433432887702787,0.584959945076541,0.103817161574778,0.645583342061754,0.175329107008375,0.203594718994246,0.596778078766318,0.670502328300723,0.459029584293393,0.407002458924524,-0.405720735553941,-0.395077418238169,-0.297053235178096,-0.227145905646727,0.260475441446128,-1.38625723872404,-1.08751636375203,0.276744970717408,0.188493714460475,-0.55952375213599
"1-(2-chlorobenzyl)-2,4-dioxo-1,2,3,4-tetrahydropyrimidine-5-carbonitrile",-1.83012687623163,-1.36291202949188,-0.191882525415556,0.210202313229412,0.501600147774801,0.288327175232332,-1.38094784266842,0.50964001479557,0.348114891183487,0.0816739908285115,-0.0244591015110954,0.327164226438838,0.426572531946463,0.318132008600277,0.69696152932784,-0.28717815128949,0.0779663336563652,-0.248718191716192,0.470522177635767,0.701584106151884,0.36776327152273
"1-(3,5-Dihydroxyphenyl)-2-heptadecanone",0.366219842062352,0.436271831327449,0.914732229592869,0.78808779082553,0.936654785304169,0.446892829242156,0.442728937274883,1.10038276692475,0.756700840794202,0.720374902252261,0.47185753893256,-0.518346564085126,-0.368412454500732,-1.03297554383781,-1.69071325856526,0.716805272669718,-1.26444887083298,-1.40320867158798,-0.434932691967068,-0.280732231886132,-1.10393927993981
1-(4-Cyanobutyl)-N-(2-phenyl-2-propanyl)-1H-indazole-3-carboxamide,-2.03677203962432,-0.772667503763,-0.633694408436213,-0.237436602182422,0.092261785729807,-0.764583158466568,-0.12999072523079,-1.3829511775508,-0.418232292019426,-0.0633969158120612,-0.248539780657285,0.770685123319195,0.801838887599591,-0.148317563217523,-0.0356649757349857,0.0981052829302396,0.454422214009631,0.645871140263548,1.40738392846611,1.46158427143372,1.14009450894355
"1-(4-Hydroxy-3-methoxyphenyl)-3,5-decanediyl diacetate",-0.44034346483826,-0.684767130716882,-0.453170139464357,-0.41693631905442,-0.287264135756837,-0.735888666693996,-0.762766827916046,-0.450241094938883,-0.524558497333471,-0.687070067218855,-0.698153407768184,1.18143326348865,1.34501468060996,-0.886638096818121,0.732339809954317,-0.414637003419953,1.17201457104901,1.46772171642926,1.36198219229682,1.54672798249652,-1.36479936438629
1-(9Z-octadecenoyl)-sn-glycero-3-phospho-(1′-sn-glycerol),0.99335540033109,0.525004476091195,1.00039988831861,0.680170895709539,0.0722821307714608,1.08075688920014,1.04189070822691,1.21326457059914,1.09494444254213,-0.06339708763919,1.09049370167851,0.404190550712322,0.641732104721831,0.19366928600719,-0.0132806258426562,0.93893075466004,0.515022446321925,-3.99065037965835,-3.99065037965835,-3.99065037965835,0.562520606564833
1-(malonylamino)cyclopropane-1-carboxylic acid,-1.05744917953042,-0.155378954316808,0.241420639064821,0.0509343503280612,0.230352839991151,0.532510721891537,0.396468152775496,0.774290994708712,0.517811564452871,0.450687203020146,0.586708448699273,-0.272742627539901,-0.0303478587142443,-0.217596636863355,-0.0799193656753955,-0.678711955439492,-0.785896557779137,-0.532363599504129,-0.0017099415592072,-0.0461549786215476,0.0770867406116077
1-(β-D-ribofuranosyl)thymine,-2.21839925389138,-0.570200496469863,0.0370220268800965,-0.968355954000329,0.19066080356049,-0.219687207655945,-0.670524823978324,0.186519065433371,-0.476857683661241,-0.622843417822536,-0.284939239162011,0.160409859355399,1.19847083613592,0.413349890601074,1.40827076133467,-0.84230468070025,0.783157270610149,0.258914007955618,0.420265782791813,0.723191387319038,1.09388106536424
"1-Deoxy-1-(6,7-dimethyl-2,4-dioxo-3,4-dihydro-8(2H)-pteridinyl)pentitol",-0.749868661612451,-0.7902718855042,-0.723524857021095,-0.711476596637321,-0.720171134088782,-0.825027791142545,-0.737704843990738,-0.719414566165842,-0.827816320803457,-1.05535928741853,-0.740304878651836,0.958703874466558,1.22007105470497,0.961546507672917,1.20423435570805,-0.764911904324967,0.670201817607256,0.770813457903919,1.24189746335705,1.21168464232923,1.12669955361181
"1-Deoxy-1-{[(7R)-4,7-dihydroxy-4-oxido-10-oxo-3,5,9-trioxa-4λ~5~-phosphapentacos-1-yl]amino}-β-D-fructopyranose",-0.0732040216271568,0.624107451001174,0.939782633227868,0.0324278106198697,0.41436998993029,0.539106285410115,-0.432758396763238,1.69625250539439,0.770617495769333,0.77328201416343,0.197155474864138,-2.06558836894744,0.101351586074937,0.387376621712756,-0.90436449081922,0.575927615915635,0.0442581553257185,-1.34375263352906,-0.955306309171752,-1.27183579338528,-0.0492056251665004
1-Deoxy-L-mannitol,-0.732050256148835,-0.374119825507153,-0.359940702047744,-0.33057169752509,-0.183101213757817,-0.651254980055905,-0.970915614433016,-0.292118674506292,-0.455123543562908,-0.705526961285871,-0.931470087540464,0.547211917724666,0.748182485192446,0.40511754153947,0.505612811435406,-0.415018195859068,1.08281770941197,0.779504058734494,1.41024042198675,0.861150257035137,0.0613745491697914
1-Myristoyl-2-hydroxy-sn-glycero-3-PE,1.83137765404876,0.695531709051791,-1.864602143515,1.82710341344574,2.07438982023952,2.0902755214269,2.02767968342536,1.82243672078343,1.24675924218637,1.58323419379922,1.88957855686392,-1.864602143515,-1.864602143515,-1.864602143515,-1.864602143515,1.55765491987903,-1.864602143515,-1.864602143515,-1.864602143515,-1.864602143515,-1.864602143515
1-O-(4-Hydroxybenzoyl)-β-D-glucopyranose,-1.45213909247626,-0.0490583903116302,-0.409749359484649,-0.666505272027187,-1.17608892438077,-0.39697523298602,-1.96456759142019,-0.273695185144191,-0.0143800479177097,-1.574908555421,-0.603004427389696,0.962430328392185,1.16842707730432,1.31027819986885,1.54913335720241,-0.872560213359199,0.527584973455091,0.210024338182944,1.15824141658426,1.15165327305562,1.4158593282728
1-O-Arsonopentofuranose,0.654908171255947,-0.865107658109173,0.906238737471333,0.439919365629469,-0.746922514001346,-0.0474751860376655,0.317560360403201,0.766367302907816,0.364685677727448,-0.263146239487967,0.201547010723181,-1.06581715350783,0.235401543836241,-0.430357220145424,-0.241647691052532,0.709992634347539,-0.831710853305924,-0.0844911775413914,-0.0911318614680143,0.00882975959372435,0.062356990761365
"1-O-[(3Z,8R)-8-Hydroxy-8-methyl-3,9-decadienoyl]-β-D-glucopyranose",0.276075749579725,-1.34034580158803,-0.932270133055948,-1.12062967455701,-1.25149054145148,-1.15344779129192,-0.279887854859239,-0.848916536398968,-1.11469176360546,-0.10959911105203,-1.06451549301394,1.02403435104259,1.12793334746665,0.914646784672009,1.11502050465499,-0.301469606366491,0.774809320884496,1.03779641828007,1.09106720127633,1.1363192310396,1.01956139834409
"1-O-[(3α,5β,7α)-3,7-Dihydroxy-24-oxocholan-24-yl]-β-D-galactopyranose",-0.761588126448526,-0.501558531264784,-0.555396414549607,-0.0399595193895945,-0.377636136936641,-0.802247068727337,-0.535133285208792,-0.357753642411084,-0.413936490199679,0.0288157365361563,-0.305988117109048,0.141104904529313,0.693565584952959,0.74067888738443,1.09992374868145,0.25157334774858,-0.54449134490863,-0.223557191697484,0.71012336700431,1.04896405848791,0.704496233526123
1-O-oleoyl-sn-glycero-3-phosphoserine,-0.91942038791745,-0.0890204539376068,-0.184815351991698,-0.311539379983972,-0.0950405315396606,0.278803052464034,-0.548789182410405,-0.753550865456851,0.0173355909050697,-0.559379086866361,-0.272343041393886,0.44614967978175,0.187749667974531,-0.386844744443949,0.26131763286909,-0.320272583212695,0.951386872152416,0.995934328689803,0.917108112572807,0.349304846368631,0.0359258253763834
1-Oleoyl-2-hydroxy-sn-glycero-3-PE,-0.638264405583416,-0.310077635894092,-0.0336204006002337,-0.299076781042605,-0.201770976776711,-0.135081966838159,-0.773920833263178,-0.313182085943461,0.352617599245402,-0.610274439323195,-0.403824715617128,0.59556119485622,1.38645367751679,-0.315357415175916,0.235287446985364,-0.172638473085958,0.555952681524695,0.670198442104079,0.198394490240885,0.0690830550093707,0.143541541661212
"1-Oxo-1,2,4-butanetricarboxylic acid",-0.246185845070569,-0.710302462733906,-0.723202336184668,-0.806380197846705,-0.911740465779949,-0.849268946067548,-0.863491236031857,-0.558559204837067,-0.463454823031712,-1.02188483043987,-0.832820654141724,-1.07132790068696,0.847447183999242,0.784424724903763,0.476532421496442,-0.825024334012406,1.47740266904362,1.40488723630266,1.60697713150911,1.59207235839966,1.69389951121044
1-S-[(1E)-N-Hydroxy-8-(methylsulfanyl)octanimidoyl]-1-thio-β-D-glucopyranose,-1.702024487869,-1.31266058402967,-0.0112535089819413,0.345424973294851,0.899507754801248,0.184990105513731,-0.300983436214735,-0.119203458868999,-0.209777794249242,-0.20971801936917,-0.425693529176459,1.25909269136559,-0.029788687544658,-0.118982474582102,0.680728927279954,0.0439468072985255,0.38069577941609,0.265252202859255,0.283114105501155,0.453115048320451,-0.35578241476486
1-Stearoyl-2-hydroxy-sn-glycero-3-PE,0.0514698484723575,0.0531177319582222,-0.225434746389551,0.405835161939179,0.464313248638318,0.0929769309896316,-0.0231511572914603,-0.205174484566945,-0.0785846175162507,0.392356222145105,-0.202329706383129,0.999303757761358,0.600570816178073,-5.16704962346185,0.749611159670077,0.532320056156435,-1.37829367898047,0.918356444836797,0.954620815533532,0.523923912895658,0.541241907414922
1-U,-0.942780383127707,-0.858532652511927,-0.950201624564747,-0.811986225404537,-0.797426945126488,-0.769155976744967,-0.808102054240534,-0.624671502183515,-0.729450934305964,-1.18065082204152,-1.05009202411269,1.33068390747747,1.32441480612736,0.886112374954788,1.03111907697426,-0.863022193638332,1.05868172242008,1.32682610393296,1.26626400413022,1.20289084285292,0.959080499132857
1-[(1Z)-octadec-1-enyl]-sn-glycero-3-phosphoethanolamine,-0.837828067387596,-0.0370558862581283,0.24148087969288,-0.577986049828586,-0.33747882699684,0.610478757805682,0.00744098511318877,-0.186583360554582,-0.135168151076976,-1.00891531494335,-0.57166391546913,0.298301324853152,1.05620666652526,0.401048350098292,0.163141714217437,0.492084998678099,0.611947955535882,-0.00416926306217806,0.0646427866238998,-0.387604735917802,0.137679152351424
1-decanoyl-sn-glycero-3-phosphocholine,1.03044985299663,1.07304975791365,0.626940302645492,0.906998442564478,0.81691851245788,1.07147113841015,0.551707602328353,0.589579106682796,1.12493554020932,0.66397136258292,0.807139883484867,-2.57894262075478,-0.57205689309855,-1.12459582785237,-0.993895233903874,0.662915730697172,-0.764305646304415,-0.830853514400425,-1.01585065885863,-1.10355168839877,-0.942025149401915
1-heptadecanoyl-sn-glycero-3-phosphocholine,-0.89310922320072,-0.257716233241604,0.0860880176251627,-0.0496473426793162,0.00463257844519168,0.414704838177464,-0.51152667547135,-0.591327433484175,-0.28779647495767,-0.177930156883751,-0.389504173922412,0.268289576717448,0.420248527053019,-0.554570553794414,0.248833710871398,0.447269793544043,0.705517219903622,0.901028009526704,0.371793477724668,0.00954378805319711,-0.164821270006497
1-heptadecylglycerone 3-phosphate,0.578048067221653,0.653603934960259,-0.037826590586578,0.179422296587258,0.313220000431085,0.405690543299557,0.0130262541039555,0.690633976772441,0.943335773708417,0.794575825608423,1.24896202144895,-1.68901998138368,-0.139359494676924,-1.7100356297929,0.0157799109178233,0.725385295721604,-1.76452969323822,-0.490946718472291,-0.865047454726002,0.0234608471846576,0.111620814910561
1-hexadecyl-sn-glycero-3-phosphoethanolamine,-0.984539458167693,-0.495871087548183,-0.257944573605049,-0.141927084950237,-0.0740507615650096,0.10513966110019,-0.431810604837616,-0.595822821219751,-0.495242399067787,-0.380385011744641,-0.621737112502309,0.453247662824419,0.628357801286446,0.263337203406155,0.674757079525421,0.255580806668168,0.589569756994067,0.672720414205166,0.234235015557498,0.378619763270019,0.223765750370756
1-linoleoyl-sn-glycero-3-phosphoethanolamine,0.243015647633523,0.281118875737453,0.670851117060285,0.103561053485752,0.0566524671343133,0.558336883943415,0.0525967623943725,0.367566211473385,1.10288222721481,-0.336855234671171,0.696520712592058,-0.429779800154741,0.143865174728239,-0.184019328269448,-0.14661087429682,0.328260790899213,-0.446881451266177,-0.760839396782915,-1.04653331168209,-1.40594535566657,0.152236828493119
1-oleoyl-sn-glycero-3-phospho-D-myo-inositol,0.474385347697669,1.0068254801152,0.330979633567922,-0.0477369716168122,-0.108595847674651,0.18058952652616,0.394281084655583,-1.09953040465546,1.31161576330562,0.272804511799688,0.276412035551251,-1.04154041220156,-0.0530989222921323,-0.511833889481208,0.28548792827069,0.830506355778497,-0.39595841616403,-0.65927437436157,-0.614928109303677,-0.887604151635323,0.0562138321181621
1-palmitylglycerone 3-phosphate,0.745304923000291,1.35117929066077,1.15196803378518,0.564681123130872,0.703203952351041,0.57237111488232,0.57945263064243,0.520672841103862,0.696342755083267,0.763213878670969,0.928496784714742,-1.15661388833876,-0.637556177462452,-0.929096015540167,-0.891528764111999,0.147554223890583,-0.82214918648112,-0.936808975454802,-1.01885981445578,-1.17571900364763,-1.15610972642358
1-tetradecanoyl-sn-glycero-3-phospho-(1′-sn-glycerol),0.324612343506458,0.158103111260199,0.381642282383438,0.387960067767909,0.410845360822253,0.50907548438635,0.390317800294851,0.612942059187969,0.667703183715656,0.508126954070441,0.522560501162557,0.271858834960731,0.224756562260201,-5.49963093628153,-0.32204724026287,0.512807713023248,-0.180605157369251,-0.289600625476699,0.343019622592508,0.135336620614613,-0.0697845426190288
"10,16-Dihydroxyhexadecanoic acid",0.00911890571363135,0.355829105807066,0.628032785740117,0.832122881980925,0.682125863302545,0.822626422272088,0.506556919729793,0.668775776469799,0.652056326236594,0.457259661191498,0.418843272877799,-1.06396306634815,-0.68608250265953,-0.0896649081085548,0.49929723875952,0.415679567247768,-1.7708708148435,-1.32042716409697,-0.946607401841368,-0.823478487723568,-0.247230381707467
10-GINGEROL,-1.87003603158985,0.386451366072656,0.575367638053207,1.1072525759444,0.733759375550049,0.0331152577763032,-0.766182628642358,1.36878111295234,0.694827404350245,0.253976457117088,0.1369964543799,-0.583023864099911,-0.0845012744968045,-0.579143335924623,-0.304818474056055,1.34486374724447,-0.453574560836356,-0.311345256457249,-0.525628517796343,-0.579868174318714,-0.57726927122241
10-Oxohexadecanoic acid,1.66338572336506,-1.70571846957531,1.59216480728735,1.91506849687805,2.14427252771279,0.85973588248363,1.14020800056555,-1.70571846957531,-1.70571846957531,2.19632554932468,1.21436546243804,-1.70571846957531,-1.70571846957531,1.01558989658214,1.16957171304607,2.14649663606975,-1.70571846957531,-1.70571846957531,-1.70571846957531,-1.70571846957531,-1.70571846957531
10-Oxoundecanoic acid,-2.15954004275917,0.827350951656858,-0.916474915392193,0.994713466630395,0.986654236633861,0.913631194665811,0.756190426886992,1.15078512608948,1.17518228385445,0.846049937951914,1.02052956367766,-1.20058483910871,-0.42810812463651,-0.690820504197225,-0.574507200657801,0.946006308876097,-0.691327131915949,-0.566828728520863,-0.801575477629489,-0.788812108791843,-0.798514423313757
10-Undecenoic acid,-1.28090579558338,-0.808848384408809,-0.68366561445391,-0.384292186928062,-0.188015137694024,-0.773015026282569,-0.517496671103862,-0.838813978916293,-0.787490623926817,-0.879859683656836,-1.07515630481895,0.815374872321284,1.13956716285009,0.491909643163683,0.783339600962347,-0.355116587004942,0.748729266524242,0.996198329029551,1.14829454919691,1.37538658133551,1.07387598939483
11-Deoxocucurbitacin I,0.60163066817158,0.70296212503885,0.850090939308183,1.10861639597711,0.784575194753438,0.597699340479904,0.961955357960673,0.97640455330057,0.566434188909876,0.608124538879055,0.592019572539071,-0.705143833738575,-0.796309865892659,-1.30189593275267,-1.21367771504848,0.892139097487958,-1.51629153718477,-0.669085966808665,-0.848205427329866,-0.765379334626731,-1.42666235942381
11-Deoxy prostaglandin F2β,0.0504682144468791,0.484732193687536,0.0282505492831092,1.08265955667242,0.949461820586282,0.801696275027441,0.608170994896355,0.0458023183142272,0.377695796454728,0.444650592206559,0.506456677757224,-1.30792965703491,-1.03845726793977,-0.09027494383509,0.413667926760045,0.55775644344875,-1.19200842172195,-1.03933432494927,-0.882218655400933,-0.851218625038161,0.0499725363785394
11-dehydro Thromboxane B2,0.443238730081251,0.374744186956865,1.0348230883858,0.898888863289316,0.974049247317828,0.736471371484289,0.727960429473881,1.10574884142482,0.949473844365697,0.98719864432676,0.859874202663884,-1.3487651693682,-1.09715255894782,-1.01084821358884,-0.391694521342216,0.912472936014907,-1.2497945564203,-1.34894680765061,-1.51682121122087,-1.19633164585291,-0.844589701393554
11-β-Hydroxyandrosterone-3-glucuronide,-0.860634638245833,-0.624457780963015,-0.933394641917746,-0.490484148004772,-0.600772407041859,-0.722205006481695,-1.1302829606648,-0.826979843195142,-0.380075869651543,-0.598779377965518,-0.634304434494729,1.27525048773066,1.26057080757564,0.846425803454275,0.531139854258861,-0.435955267767623,0.617265106192657,0.84229811863776,1.2150317930161,1.43913658712368,0.211207818404651
12-HSA,0.0368945174243789,0.516901009773325,0.820106973089362,0.618252078613783,0.782895379469187,0.471027781726813,0.38039102014617,1.00462767969804,0.568606825301355,0.725708099101075,0.331064502224943,-0.0884216399561722,-0.146401072666387,-4.8256539463691,-0.138303428095715,0.64525648272982,-0.564141304535852,-0.644746021207775,0.054416379455698,-0.295516375811148,-0.252964940111797
12-Oxododecanoic acid,-2.97317154982938,-2.97317154982938,-0.412589131983034,0.828821357270469,1.38063581595727,0.452275259293696,0.383720680237469,-0.440965329412443,0.324081771998421,-0.266808352775329,-2.97317154982938,1.9289636084498,0.72403766714596,0.278064529613416,0.381200530334076,1.13708692959198,0.552100668666635,0.709964344194628,0.373064052862423,0.455720358344097,0.130139889698588
12-hydroxyjasmonic acid,0.89736742283869,0.924598702468679,1.12163209324185,0.972920124787637,1.06808477945683,0.952207514846286,0.907515052894756,0.957413713880621,1.23012527920913,0.262343718734227,1.11959273914612,-1.17971945188253,-1.27153507962101,-1.35165025185221,-1.2442477333058,0.96840929618624,-0.558522841087996,-1.22330033731723,-1.29014349597119,-1.20439311202357,-2.0586981346295
1228222,-0.961337541800448,-0.665653456481871,0.31121173259048,-0.993056033301283,-0.282308222020412,-0.819484327017521,-1.07831855404299,0.726294698479637,-0.000966507951888267,-0.549801802965113,-0.453339415632377,0.523266581143331,0.82685939012995,0.610139024754393,0.785450359293848,-0.800374765786964,0.246666194799539,0.165250855104308,0.787854139446817,0.725047959140015,0.896599692118572
"13,14-Dihydroxybehenic acid",-0.061098364129677,0.966707549188264,0.190513115859955,0.696307026725295,1.03946238714904,0.889347196068816,-0.167607271347098,0.656044090542634,0.937975053856975,1.12975938710843,0.0643671275399454,-1.2028892875101,-0.700933806852476,-0.0879567980751298,0.549887071836993,0.383369527212505,-1.5078647722995,-1.37793670986654,-0.643249075756365,-1.46138613605962,-0.29281731119236
13-KODE,0.48598125175193,0.51795543133495,0.0502671289637425,0.93010823136515,0.833729029672852,1.01282977469332,0.718135073648854,0.433148130137799,0.422407770457163,0.650307938459096,1.03327669701565,0.422717753546499,-1.08276829061954,-0.39076848866616,0.300342788495005,0.65290433882947,-1.3310288067827,-1.21977966424118,-1.71335304239251,-1.23024766123756,-1.4961653844318
13S-hydroxyoctadecadienoic acid,0.279549962617725,-0.0446442888835301,0.241196461348844,0.543698710879087,0.453492043662607,0.440853199794413,0.483781327123435,0.192713852223659,0.601227611234896,1.16396765034522,0.794895580549884,-0.612541676101753,-0.661243302620146,-0.790007713155942,-0.47277909889576,0.424769962924111,-0.841448421195556,-0.435836577437375,-0.551890045061954,-0.513778988561788,-0.695976250790064
15-Hydroxypentadecanoic acid,0.860278679582805,0.697881066788518,1.03748177031318,0.0119958233071358,1.06166041499378,0.998460723019467,0.443995599856483,0.790906039978369,0.988444246094088,0.808407812349436,-0.0378621207915101,-0.150413506628114,-1.33687083452808,-1.02931376810242,-0.512916690676786,0.601743930328886,-0.500421072098825,-0.215461173241243,-1.54491785672503,-1.29957295721753,-1.67350612660258
"16-Heptadecyne-1,2,4-triol",0.445038056327327,0.234782515867075,0.510899157667422,0.413256799620356,0.837128844792572,0.286137059503344,0.975453445140019,1.03927884039889,0.857332096458862,0.37724679079465,-0.745740763784353,-0.959366162487175,-0.90027543987583,-0.918317231895674,0.952155560300069,-0.554827538460308,-0.801762345758086,-0.759786068035477,-0.920538824045024,-0.926742948725165,0.558648156196489
16-Hydroxyhexadecanoic acid,0.158688596119877,0.76275200029265,0.0599579629161301,0.675782392914265,1.33533455472844,0.253009001131108,0.081072722917249,0.496388636095831,0.33960871544137,1.03234184862707,-0.0226654667195947,-0.576435159898416,-0.784997802919781,-0.743214487730378,-0.206719785819327,0.338942643508281,-0.6089381746696,-0.329293692165371,-0.642253633628416,-0.482869753705267,-1.13649111743608
16-feruloyloxypalmitic acid,1.08302178922123,0.71979126137322,0.951128759129202,0.724511052956219,1.10319181024872,0.826843462876954,0.512957451426931,-0.965646660139971,1.35488707839383,-0.760980840725196,0.844363834785243,-1.63935860679017,-0.598078497369646,-0.0317133257619983,-1.0988852570339,0.452556519381138,-0.0294678678196937,-1.93436082650258,-0.603352215917317,-0.41096234787159,-0.500446573860649
"17β-(Acetylthio)estra-1,3,5(10)-trien-3-ol acetate",-0.949304522615779,-0.949304522615779,-0.949304522615779,-0.949304522615779,3.06327499682626,-0.949304522615779,-0.949304522615779,-0.949304522615779,-0.949304522615779,-0.949304522615779,-0.949304522615779,1.53416680479365,0.851868182478689,-0.949304522615779,2.11263296295879,-0.949304522615779,3.07865833305408,3.5989665591252,-0.949304522615779,-0.949304522615779,-0.949304522615779
"18-acetoxy-1α,25-dihydroxyvitamin D3",-0.194724244444715,-0.0715750031136768,-0.0496035983674291,-1.92901404500878,-0.742252093398056,-0.0389510719305389,-0.078134863281902,-0.0642709152350141,0.396519799795175,-0.689898769231405,0.235038328291976,0.237052020999576,0.767057562609939,0.609687861314814,0.129057770389952,0.374095085805104,-0.0198194086478417,-0.211729627732833,0.428303704424346,0.268169025692065,0.644992481069262
18-acetoxy-1α-hydroxyvitamin D3,0.735068881166628,0.675275753234658,0.990382512720491,0.943707025872712,1.12168717901721,0.645471204515438,0.694440708550914,1.05609265620134,0.979108133812518,0.848611071565665,0.240264633507823,-2.0709288303965,-0.706662318192045,-1.1196754192336,-0.935043433747923,1.24234613946058,-0.741095908564969,-0.932985171898224,-1.00008971467565,-1.34484812505274,-1.32112697786431
18-β-Glycyrrhetinic acid,0.673233387714672,1.17240541849631,1.20332109170467,1.3944084539354,1.18217924192389,1.00434438661984,1.13922000940105,1.55750178576634,0.894216011189867,1.27934783873505,1.22039875779146,-1.44004444051375,-3.39289141270985,-1.57477503093767,-1.00304241897228,1.19458604883768,-3.39289141270985,-0.95935516012364,-0.675691538427217,-0.530398476639393,-0.946072541082605
"1D-3-amino-1-guanidino-1,3-dideoxy-scyllo-inositol 6-phosphate",-0.790042960471419,-0.730120734686822,-0.364188980407244,-0.635965592364035,-0.635742153799128,-0.699538269327094,-4.09255924348555,-0.204237942243568,-0.40721883223767,-0.661164052207947,-0.499505987941838,0.891584577281586,1.02007945731027,1.27499098724111,1.34551208461536,-0.708445691136531,1.06107821221658,1.20496756833162,1.1573732563733,1.18064073896369,1.2925035579753
"1a,1b-Dihomo prostaglandin E1",-0.107252976819331,0.275770473811749,0.622427691184827,0.823409591065586,0.781338752530646,0.198934277935595,0.270255564547663,0.623193636239103,0.506519565436025,0.479592116970471,0.264153679881119,-0.156364173726425,-0.419518216758531,-0.918480124119933,-0.58744657119823,0.556865783129209,-0.792705878887388,-0.715749008798399,-0.243328414830136,-0.533282366839492,-0.928333400754183
"1a,7a-Dihydro-3,6-dihydroxy-1a-(3-methyl-2-buten-1-yl)naphth[2,3-b]oxirene-2,7-dione",-0.780560200550092,-0.889416329025232,0.724411607747431,0.669390306526955,0.0479409668016612,-0.152585543575394,0.0265518686709805,0.977705831105015,0.181662856448893,1.05791363552066,1.02497438223274,-1.3505416417562,-0.292398696385057,-0.19349020373036,0.107719809938227,1.05841005843438,-0.598478556632489,-0.468541717706549,-0.330139516817946,-0.314461605893621,-0.506067311354021
1β-Hydroxycholic acid,-4.8853711044913,0.78046367383659,0.69221774642061,1.12030547976757,1.13268520216792,0.515858190651356,0.650387829798634,0.801961609426186,0.594345727263378,0.905430230618928,0.745899010486603,-0.155449624681962,-0.47716688957359,-0.58836303062736,-0.25967914266451,0.96580935582268,-0.703174945977467,-0.678659591241743,-0.302658462769198,-0.164454054889956,-0.690387209343393
1′-Acetoxychavicol acetate,1.12711107655712,1.2763269282518,1.18008704398429,0.675178670474507,1.23052747658419,0.244382572967647,-1.31155343012885,-0.526822838647811,0.631460935440553,0.23624958463625,-0.0470394652568176,-0.579844895346889,-0.282212286500916,-0.531533167527634,-0.545856601059161,-0.270531464743831,-0.588480239283829,-0.486117874374717,-0.436378326471059,-0.41006869659597,-0.584885002958898
2'-Deoxyinosine,0.387824977908879,0.820455460474378,0.962739946448009,1.25994482609964,1.26157537065542,1.03183612446678,0.623680706145541,1.41791539337937,0.317869992297351,0.231664055821833,0.588322691553944,-1.82580431260769,-2.18551986932144,-0.222247918788788,0.0208652248957091,0.67754620810653,-2.16060633103159,-1.41742867047245,-0.797323425271829,-0.516118824518568,-0.477191626241022
2'-O-Methylinosine,-0.103897467444126,-0.0974618507140259,-0.594538814124819,0.139942150592063,0.104491895234769,-0.0977683267125779,0.308567710135901,-0.96668031893323,-0.244336734207308,0.0296284539710722,-0.0863622375564132,0.772996338619193,0.8115595589331,0.450647806666156,0.763106302161671,0.567985974340785,-1.11275195785152,-1.13037910233975,0.00235767707714202,0.0898544078017684,0.393038534350133
"2,2-Bis(hydroxymethyl)propionic acid",0.816899684506143,-0.0667467401066864,0.22558657259641,0.27934073026354,0.282299950421382,0.198149275427567,-4.38555874419947,-4.38555874419947,0.224908235129932,0.0867220398590494,0.26866911303601,0.431714762145289,0.718741271632342,0.894492278473056,1.23563593263824,0.0881659379734237,0.380843163343718,0.470508366969349,0.680348691436718,0.694240819035103,0.860597403618345
"2,3,4,5,6-Pentahydroxy-N-(2-hydroxyethyl)hexanamide",0.327325485940493,0.399149178108836,0.326049744405914,0.40640997422626,0.910671031887759,0.11032125470807,-0.0359552421548763,0.319468873067185,0.310305705903984,0.878278598978211,0.905870542300857,0.12923078715259,-0.34389797394255,-4.64274162897532,-0.527770284933095,0.533401152346702,0.480490124564457,-0.348094514218881,0.598624687314974,-0.247365178291639,-0.489772318389939
"2,3,4,5-tetrahydrodipicolinic acid",0.164070864104798,0.358505565121335,0.642298169585364,0.50318017900382,0.62109125495028,0.403168944090714,0.200052695944273,0.899542289690463,0.547651573637531,-0.0451100099897097,0.493116557246874,-1.47233794562739,-0.456574531426895,-0.861485361198859,-0.66536404408452,0.0709690168297347,-0.121071382895005,-0.133445569507132,0.313299756914377,-0.671746769718738,-0.789811252671283
"2,3,4,9-Tetrahydro-1H-β-carboline-1,3-dicarboxylic acid",-1.16939830817019,0.223549922117108,0.204131132814775,-0.035548829215158,0.371697517149929,0.233933713765452,-0.364552446312363,0.452879665313171,0.540917186426082,0.379008848023739,0.351845411450465,-0.207960152295773,0.0976533214034762,-0.135537633702993,0.0352913779036477,-0.366303602160793,-0.431994627749349,-0.833567165919526,0.415630994604079,-0.00268597732000922,0.241009651874297
"2,3,6-trihydroxypyridine",0.245704195915871,0.766341162098316,0.26244621565377,1.06447399133313,1.17494921794944,0.931892590713459,0.651981736086939,-0.705757814124191,0.552325106642355,0.186388365198101,0.384413300762292,-0.329143598507747,-0.438645073693982,-0.861478558153461,0.679065421775377,0.710027413080952,-1.39978571485532,-1.22511302649752,-1.40669090158144,-0.151215049843014,-1.09217897995331
"2,3-Dideoxy-3-(ethanimidoylamino)-2-[(Z)-(1-hydroxyethylidene)amino]-α-D-mannopyranuronic acid",-0.0452532348142857,0.340441013079568,0.747700047231037,0.176446358307472,0.463741991710622,0.291493861502825,0.214808030453399,1.47437819493526,0.664967765564665,0.080117963728336,0.748856208030402,-0.820724630366465,-1.60149969247696,-0.390927959916686,-0.132612210874541,-0.181361496866983,-0.531687030128607,-0.709720676064859,-0.250170988043767,-0.203132596409839,-0.335860918580607
"2,3-Dihydroxypropyl 3,4,5-trihydroxybenzoate",-0.980881016687073,-0.938857375819548,-0.874647948157765,-0.841341062676976,-0.975524850675125,-1.21258894300781,-1.13282270357276,-0.626466964281637,-0.801283187822335,-1.18992664986728,-0.848235952055356,1.27440394165332,1.40054143243784,1.30633473923769,1.4944910051298,-1.20400668027063,0.973455151101429,0.964731322439414,1.38919938912124,1.38317990702169,1.44024644675186
"2,3-Dimethoxy-5-(7-methoxy-3,4-dihydro-2H-chromen-2-yl)phenol",0.621760154150512,0.740534154992449,0.955465442984917,0.876991114152279,0.919678142672712,0.775750859911443,0.766196427928129,1.08843712623894,0.93099356447955,0.936861252717726,0.904656593059676,-1.42144099907065,-1.19188884896559,-1.15673232404062,-1.07170273310434,0.738948338815881,-1.01585513253317,-1.06799630062121,-1.12617064169926,-1.1521316712556,-1.05235452081374
"2,3-Dimethoxy-5-methyl-6-(3-methyl-2-buten-1-yl)-1,4-benzenediol",-1.04490980752726,0.0868749461712275,0.646882248420947,1.19719680816765,1.00881702569552,0.301501263655842,0.969519140433316,-0.0578497906972955,0.674499874710436,1.35702929045472,-0.704482211197211,-1.16357074283993,-0.401973813615588,-0.54657886629071,-0.324719369583565,0.532869533946362,-0.726526295169793,-0.570834787677494,-0.244358611831015,-0.297093979115772,-0.692291856110379
"2,3-Dinor-6-oxoprostaglandin F1α",0.609120468856262,0.105235580220696,0.324764647574592,0.403774471528768,0.213701566207562,0.11808991784866,0.761849965992503,0.272634944034932,0.598974890429652,0.264517855190705,0.388324501413043,-0.627529235337498,-0.889898750087839,-0.142803274220681,0.624045030089754,0.786561900731752,-1.36302271210703,-1.99097756317398,0.0599749596352923,-0.465290915991773,-0.0520482488353971
"2,4-Dihydroxy-6-[(2E,6E,10E)-3,7,11,15-tetramethyl-2,6,10,14-hexadecatetraen-1-yl]phenyl acetate",0.776401943030987,0.992870400331379,0.849737829665411,1.15833288903394,1.09243526951777,0.709429962336648,0.941286884698772,0.951984092026606,1.03293695917081,1.06751910768929,0.948228475664143,-0.501227583832388,-1.32336424914622,-3.61564643803171,-0.571873566734864,1.30955193980525,-3.61564643803171,-0.747680057074836,-0.274208677900983,-0.0425241182786451,-1.13854462393965
"2,4-Quinolinediol",0.52492775729655,0.439241180745192,0.812884605679048,0.878251148507481,0.718264164639551,0.648099044595219,0.536384613955145,0.904019779258989,0.757147851988624,0.721519817440935,0.768819698174231,-0.882542140761516,-0.694640698181049,-0.906448636346824,-0.604872525511182,0.652705232497047,-1.60208417962833,-1.48701669378814,-0.812508423500601,-0.633559858720677,-0.738591738339662
"2,4-diacetamido-2,4,6-trideoxy-β-L-altrose",0.184934854011031,0.289000041958577,1.00733021550411,0.0603382158810639,0.581444804717802,0.0188671127041778,0.153086806234693,1.57801498201842,0.761902836341598,0.403710759913745,0.651117185330344,-0.78991516555722,-1.58363292668775,-0.685667110554384,-0.707697691323602,0.208352961779166,-0.389123967612459,-0.628301545289286,-0.192691378896243,-0.277552830270163,-0.643518160203639
"2,5-di-tert-Butylhydroquinone",1.28931667050394,0.810255618582621,-2.28560956042292,0.872322281510137,-2.28560956042292,-2.28560956042292,-2.28560956042292,-2.28560956042292,-2.28560956042292,-2.28560956042292,-2.28560956042292,1.47131886875753,1.38178753639858,1.53145738269633,1.59834073232012,1.18909217331301,1.64038752684125,1.7746131426936,1.65446684742159,1.36882361989352,1.70269408245109
"2,6,9-Trihydroxy-11-(1-hydroxy-2-propanyl)-1,5,10-trimethyl-8-oxatetracyclo[7.4.1.1~7,10~.0~2,7~]pentadec-11-ene-13,15-dione",0.176658500774093,0.45312341441858,0.881493831583238,0.827337133707941,0.819033385526698,0.704060419850254,0.498105190443032,0.85733390065896,0.801227016713158,0.832608519935577,0.58297248145581,-0.636968281742084,-0.227742985696352,-1.78279195280904,-0.742340894381771,0.6918761325782,-1.79402340488333,-0.508911336624698,-1.43569866346178,-0.364079394774652,-0.633273013271821
"2,6-Dideoxy-3-C-methyl-β-L-ribo-hexopyranose",-1.41390172040005,-1.38776658272297,-1.03167268841532,-1.28760392298954,-1.31904521140827,-0.177608068678789,-0.0733686289536582,-0.794282071691699,0.169886487050953,-1.31477072825482,-0.408410001698724,0.842845491083623,1.09349378733661,1.2229677734328,1.44619177922574,-0.0848316650256425,0.417815934387699,0.162134293605264,1.30986775262314,1.32503519280132,1.30302279869233
"2,6-Dideoxy-D-arabino-hexopyranose",0.31390456217454,0.108506296946463,0.636077005735789,0.415749523648142,0.482066785274473,0.506715629113952,0.399041037806548,0.625928399893909,0.755227956985904,0.28742322111623,0.686952286681558,0.388027066666683,-0.486282260486901,-2.22044774474184,-0.827625583625519,0.406001043267147,-0.371370958166028,-2.25022474176721,0.139037161269126,0.61426099464202,-0.608967682434992
"2,6-Toluene diisocyanate",0.680596403687791,0.652347093986986,0.680794218073173,0.833898821700292,0.81442010330238,0.641442299424627,0.599427109086031,0.763988034433843,0.717452768261369,0.765457587971895,0.648870229611679,-3.9142823875674,0.469061485926314,-3.9142823875674,0.596071491197629,0.75206099397001,0.504607891241674,-3.9142823875674,0.62197303340872,0.432012240425793,0.568365356992001
"2-((2E)-3,7-Dimethyl-2,6-octadienyl)-5,6-dimethoxy-3-methyl-1,4-benzenediol",0.740490204170432,0.302895779491769,0.332361628138436,0.882525559442496,0.945896830711699,0.102775183028013,-1.7002998338931,-0.288408040760101,0.482101791686899,0.60488867577478,0.331541557595257,-1.12215033504683,1.14317849295184,-0.875703443302648,-0.357138686191888,1.23710809763748,-0.249375943987069,-0.913572500711773,-0.160558022364159,0.0433195733703867,-1.48187656774194
2-(2-Carboxyethyl)-4-methyl-5-pentyl-3-furoic acid,-0.219501209999143,0.492356808768392,0.535071625680997,0.728409528126626,0.492654653311147,0.07179652533835,-0.0538887270208252,0.0483259357558824,1.03789030910633,-0.930577700652943,0.244626791986332,0.14861960551312,-0.688660071927066,-0.161165670266884,-0.634476898735165,-0.0225515585770859,-1.06246922067956,-0.96421569600274,0.338854935179511,0.190841566483249,0.408058468611457
"2-(3,4-Dimethoxyphenyl)propanoic acid",0.520985390964118,0.517512032906204,0.933105113275626,0.582614715247478,0.348184219084117,0.803375113920211,0.751859560477961,1.35992151501658,0.956227300171599,0.602598068094633,0.653216645030003,-0.875513591427313,-0.806951595369505,-0.952627428096889,-0.86732632163611,0.0801160479016449,-1.07439863742443,-0.885777162753344,-0.95898950208612,-0.765231540929673,-0.922899942366774
"2-(3,5-Dihydroxyphenyl)-5,7-dihydroxy-4-oxo-3,4-dihydro-2H-chromen-3-yl hydrogen sulfate",-0.707611877976923,-0.559681568914166,-0.247325498029613,-0.493220228704891,-0.321128285373473,-0.341579529527743,-0.717566334408241,-0.281069210269227,-0.27399844947626,-0.528187824758529,-0.500048604161693,0.788191079338576,1.36193401971392,-0.900507545734168,0.404345930518885,-0.672229668390067,1.44407265065554,0.814713498866735,1.43545373910764,-0.212000910144179,0.507444617667859
"2-(3-Hydroxy-4,5-dimethoxyphenyl)-7-methoxy-8-chromanol",0.883321243683287,1.03835871562549,1.04660895228992,1.14686354212297,1.18131527680074,0.900041644397453,0.897204397489104,1.17305292571758,1.17467464090077,1.20146934451624,1.14153971189834,-1.36104500230849,-1.29444475344603,-1.54085122530938,-1.35772457578276,0.803740190248545,-1.43460942645719,-1.35774568503777,-1.4699892330627,-1.35300114839868,-1.41877953588744
"2-(4-Isopropyl-4-methyl-5-oxo-4,5-dihydro-1H-imidazol-2-yl)-4-methylbenzoic acid",-1.45249920390306,-0.276550831449842,-0.997794382763957,-1.16436908044207,0.17416244608366,-1.0436993072044,-1.15999016304888,-1.06852418421108,-1.02965190952818,-0.214873907065492,-0.156425673902554,1.22741965724574,1.00357567050903,0.851455566129181,0.830215326048564,-0.130710879515558,1.01474753988337,1.12576080392054,1.27131759486048,1.25760861910592,-0.0611737007514159
2-(6-Chloro-3-pyridinyl)-7-azabicyclo[2.2.1]heptane,-1.44149493961542,0.47631955049666,0.466870453755912,0.549139637905851,0.748672844822424,0.775324207674496,0.681326098564671,1.15996681510729,1.02299360333877,0.99768518142741,1.05236253771996,-0.941535817278062,-0.587501567467309,-0.792194868877896,-0.557146600631178,0.575864881811307,-1.11467182135532,-1.09054200240105,-0.646313528600197,-0.680345607574728,-0.654779058823591
2-(Benzoyloxy)succinic acid,-1.45557321833493,-0.295758864100939,-0.612905672407819,-0.458019280579486,-0.00502249793420752,-0.431630661759486,-0.840133735673948,-1.03278148838035,-0.604377009367683,-1.20223857913591,-0.552364266359832,0.882910911554105,0.992886162601782,0.975915259423094,1.07710914688323,-0.860254492883725,0.622006879564782,0.523925452351319,1.20365237126414,1.02695570276457,1.04569788051129
2-(Diethoxymethyl)furan,-0.539427195180502,-0.156994813654387,-0.205952949536196,0.127112269668321,-0.00132580791948285,-0.726807853334247,-0.913037990764694,-1.21097029251797,0.0171870379348445,-0.044403638500035,-0.0820245151553882,0.236728325160767,0.455322883206893,0.825839699120303,1.06279941898509,0.245559309314177,-0.423132037548757,-1.23956371210317,0.79056335997258,0.770292173745509,1.01223632910633
2-(E)-O-feruloyl-D-galactaric acid,-1.06304489626131,-0.995112793294547,-0.779269288224899,-0.8329813846687,-0.742015272832047,-0.803627296387239,-1.06110722266362,-0.606843727060716,-0.700494612246575,-0.914855646874762,-0.806821963996205,1.06654088786894,1.15049165573621,1.40129069402535,1.33981152391256,-0.867947114286343,0.884035857305124,0.864711130474619,1.22346189533834,1.14050430623272,1.10327326790308
"2-({[(2S,3R)-2-Methyl-3-pentadecyl-2-oxiranyl]carbonyl}amino)propyl acetate",-0.749662593041929,-0.351234793304902,0.947528010544397,0.843415782157335,0.955063345920448,1.08125965056055,0.508084092746753,0.901927415389054,1.10563143141039,0.765567780075188,0.501935331615149,-0.602033817351942,-0.686601923055854,-1.10001367984034,-0.688656703091546,0.766114973511203,-0.893819367864621,-0.655395073311671,-0.813498632876854,-0.934906645127579,-0.900704585063227
2-Acetamido-2-deoxy-D-gluconolactone,-0.292391446388767,-1.14797824400492,0.0339637116026392,0.353126408364286,0.131824556914087,0.0390582159934377,-0.638150292791587,0.545755536885368,-0.0260078222117286,-0.225674565158751,-0.233806777361183,0.486498083715154,1.00085963245759,0.0875062594182138,0.133347754207023,-1.06236696991921,0.348157910918147,0.219308307713298,-0.0941086609037619,0.461498403231916,-0.120420002681237
2-Acetamido-4-(3-hydroxy-2-oxo-3-azetidinyl)butanoic acid,-2.16844084264972,-0.065702721678012,0.0240760973066205,0.450773543164964,0.377092076836438,0.349240244391222,-1.84853700312316,0.090797657963038,0.0576443092938202,-0.0524098202762505,0.137273799774424,-0.608830756242684,0.620137824431938,-0.513190787765603,0.689311095650328,-0.0234049542475836,0.518258396273227,0.0945390035170024,0.439970185859114,0.56165969290591,0.869742958614993
2-Acetamido-4-O-[2-(carboxyamino)-2-deoxy-β-D-glucopyranosyl]-2-deoxy-β-D-glucopyranose,-0.967826256476518,-1.05213421035314,-0.716881220993153,-0.861723791922022,-0.616314089376266,-0.84250588270676,-0.947762108454834,-0.667990830671385,-0.465663937120618,-0.723971402552119,-0.529494220586354,0.781490030945363,1.14834434616863,0.964159479010083,1.15580988656754,-0.652833534287201,0.689739372544386,1.08887462170296,1.04617378673747,1.10043699774067,1.07007296408323
2-Acetylcyclohexanone,1.08373108820508,-1.02545794779758,-0.506042419569976,-0.0460019430141885,0.0217020789018166,-0.420145969948467,-0.0954382407978508,-1.24895571708157,-0.701306487292973,0.372917240627987,-0.460606068472038,0.210555025813982,0.193622413307416,-0.127410730345642,0.588830386837173,0.113271646566169,-0.298825250572613,1.11050339174634,0.442740475582046,0.505919959510501,0.286397067794394
2-Aminoethyl (2R)-2-hydroxy-3-{[(6Z)-2-methoxy-6-tetradecen-1-yl]oxy}propyl hydrogen phosphate,0.54902330187878,0.470331196423818,0.399802540737415,0.738179809627917,0.701512985986279,0.978191635510999,0.664914192337313,0.547789810947031,0.786013881451991,0.601033207606159,0.737878396278882,-0.286965205353394,-0.984974259379523,-1.3001935731571,-0.966720893342217,0.571498964441145,-0.568426535901484,-0.816199321498324,-0.735527325640315,-1.03467707211146,-1.05248573684393
2-Aminoethyl (2R)-3-[(1Z)-1-hexadecen-1-yloxy]-2-hydroxypropyl hydrogen phosphate,-1.20506029113644,-0.728864496184634,0.330083300492791,-0.279830422581006,-0.03942649756029,0.545298632812619,-0.312167210420009,-0.263296707785268,-0.365778842964136,-0.433577580788566,-0.862118893863954,0.332884303343838,0.65584140576413,0.191439414237137,0.392490386272418,-0.000183943663933819,0.83542348319012,0.698485987187152,0.395822619922361,0.182281410743833,-0.0697460570180959
2-Aminomuconic acid,0.265803262413377,0.201407639064479,0.648209201366906,0.5598337528047,0.703715035485583,0.495488184702607,0.297639399513499,0.652247487668484,0.686259773851161,0.514170132433512,0.220172275627128,0.26885227746835,-4.14607933516783,1.07083839909069,-4.14607933516783,0.0510484299742771,0.544614342815575,0.510055617472321,0.414461097645146,0.00673192522677327,0.180610435711071
2-Ethylhexyl sulfate,0.447588717106028,0.607049674230468,0.746808991258301,0.532701521423146,0.671004550815403,0.696656319133833,0.715955643495111,0.826113059839151,0.768238446163131,0.794058749351012,0.671417766464248,-0.881020782417732,-1.03000919194305,-0.726342977384301,-0.301775364093195,0.303832009071871,-1.42227960019431,-1.70262214374434,-0.631647014927286,-0.600709400156097,-0.485018973491371
2-Furoic acid,-2.81268619819884,0.986352285495851,-2.81268619819884,-2.81268619819884,-2.81268619819884,0.86287254752185,-2.81268619819884,0.725413644645288,0.790478384349657,0.78586597137725,0.911379214624564,1.09093244277358,1.25694228207148,1.36702190859848,1.52775830055323,-2.81268619819884,1.28965241324702,1.10131082391396,1.41011527723408,1.39176721452775,1.378254478259
2-Hydroxy-2-methylbutyric acid,0.918637227492253,0.232387468494495,0.506594885251707,0.553113973170573,0.368486315277342,0.39840276398645,0.44057229046061,0.474659183869929,0.416260002517136,0.0184167060440937,0.364622356131414,-0.146161368864225,0.393818357494066,-0.125702998693387,1.16457077257545,0.714678667460079,-5.48480859296867,-0.89361562301315,-0.147820698189804,0.1919283648459,-0.359040053342252
2-Hydroxy-4-methylthiobutanoic acid,1.52079341829012,1.08035782779572,1.44372365738722,1.31715447338447,1.22089282835104,1.16848914551711,1.16359240967919,1.5493498017326,1.15889667723274,0.611114769812858,1.06329272957962,0.798238997614621,-0.251778295573717,-2.73470293009701,1.17039716119754,1.39370197858089,-2.73470293009701,-2.73470293009701,-2.73470293009701,-2.73470293009701,-2.73470293009701
2-Hydroxy-5-[(E)-(6-hydroxy-3-oxo-1-benzofuran-2(3H)-ylidene)methyl]phenyl hydrogen sulfate,-1.00968162979371,0.261579278053457,-0.148957105598959,-0.685050629406183,-0.994390246185426,-0.612363754727471,-0.591194750347049,-0.156687714441425,-1.27815160001383,0.122717511791066,-0.208960436846046,0.570245497536533,1.20453956531418,0.715216831957869,0.921905513304034,-2.11709733180074,0.404551669010371,0.804015111750721,1.18664086751108,1.16200588199763,0.449117470933899
2-Hydroxy-6-methoxy-4-vinylphenyl hydrogen sulfate,0.550061237171826,0.578568861905376,0.652449426892181,1.11337096244931,0.984540900719725,0.923718938325495,0.971971401518652,-1.46176835715904,0.921792049159114,0.588205424950409,0.821655665433481,-1.78776094841843,0.321622553829005,-1.67340939077866,0.151807895469249,0.951631028225295,-0.32137906648299,-1.77163903102911,-0.174435032529044,-1.42162642076572,-0.919378098886106
2-Hydroxy-7-methyloctanedioic acid,-0.299524737802748,-0.172084419716346,0.430430902908662,0.44354064512132,0.538746708894586,0.481847772963901,0.444311448628345,0.777221112083225,0.907234256876626,0.482335526027448,0.49931382313968,-0.444496023236453,-0.209831575790639,-0.572680877346221,-0.839559576355872,-0.0132425248700025,-0.499444715420921,-1.46843579618758,0.147371177028119,-0.597270896915599,-0.0357822300295128
2-Hydroxycaproic acid,1.36416115974801,0.393344973793286,0.65478922560711,0.744446267323921,0.374208522986357,0.507961616031013,0.493950532481281,0.705694152702432,0.415185717952666,-0.27801502402803,0.151766804044667,-1.05836994791195,-1.04449961387177,-0.930166491258359,0.9423008418204,0.92676200606494,-1.56158846670091,-0.567399867823084,-1.20051542017237,-0.445168365860714,-0.588848622928856
2-Hydroxyethyl 2-isopropyl-5-methylcyclohexyl carbonate,0.731476097260854,0.93278350753479,1.04899706503593,0.979844339321246,0.927215860222066,0.921446393694777,0.669615943747679,1.01414584395432,1.07036026941867,0.91636001435025,0.869329822711943,-1.26598304914428,-1.0186437822678,-1.43282561798399,-1.20228702010027,0.863882611501622,-1.27243162678698,-1.16175581628105,-1.26721610464293,-1.01327617552901,-1.31103857601782
2-Hydroxyfelbamate,-0.310369038565583,-0.0496910377308374,0.444599978228503,0.457048270273368,0.428417444978692,0.442851492585947,0.0606535684842735,0.743771212465619,0.619254615145563,0.372665320874588,0.535753464944529,-0.356588215755697,-0.252393660665899,-0.206196694497833,0.171267876089813,-0.0303204152828127,-1.58081116849167,-1.48907324717915,0.0356690246811603,-0.176926033447685,0.140417242865129
"2-Hydroxymethylpyrrolidine-3,4-diol",0.292059975513222,-0.550881160353097,-0.0124798664361963,-0.639427794549026,-0.715834171109957,0.031378656219225,-1.4593897089919,0.80091199180482,-0.288021787160418,-0.66207043990604,-0.394978543013124,0.108102618843672,0.872806409751421,0.0795006048045152,0.799907338572135,-0.202734002220812,0.803771287412641,-0.112549856274279,0.503881163923747,-0.0579863755706124,0.804033658740068
2-Hydroxyvaleric acid,1.57653827857957,0.730586923041462,1.12472217421775,1.19319647000852,0.958398165215483,0.899417315883986,0.637705174735403,1.11711366141307,1.02087766298159,-2.75617268857014,1.02537314216094,-0.589213100581455,0.717438758982055,-2.75617268857014,1.77396157635885,1.33114153616325,-0.262052573765539,-2.75617268857014,-2.75617268857014,0.525658277455742,-2.75617268857014
2-Methyltridecanedioic acid,0.0866865177092795,0.290527176366739,0.742194771017298,0.621712987145527,0.786934748658894,0.587930808823844,0.571407605014561,0.536129033460259,0.474224260662491,0.525551865337076,0.568073342794871,-1.36348044413069,-1.371361563259,-0.317997463244422,-0.342026478216814,0.598557690468175,-1.63907799915601,-1.5687075769396,-0.0279135619956988,0.313885065520044,-0.0732507860368168
2-O-ETHYL ASCORBIC ACID,-0.550242281896307,0.195191050838763,0.590250006709084,0.354369380828807,0.494951304431131,0.411377457891426,0.135744103884931,0.681769737778771,0.445281674898651,0.101605503604702,0.224929340812736,-0.335389451791287,-0.319263555579315,-0.609826735688501,-0.161658280102621,0.105200936619968,-0.417552616522281,-0.522557789289968,-0.260402480229426,-0.301477248189244,-0.262300059009979
2-Oxobutyric acid,-0.0834470994622496,0.30612634398115,0.429512818098419,0.242112706197948,0.448176514998243,0.151471377003653,0.0398814505849294,0.696827847869567,0.18725117430196,-0.044551046643867,0.0424762286604943,-0.177458756932228,-0.522457197258096,-0.327571481764783,-0.370743041153208,0.339611827904332,0.436091018205576,0.104878989310031,-2.41676176139608,0.214447442969684,0.304124644524505
2-Oxoglutaric acid,0.32367337564413,0.707476005874919,0.995681943555217,0.659171584365764,0.962773210008571,0.756005268088314,0.671559848288044,1.2132606273772,0.594964459332074,0.208948587057796,0.484069552485368,-1.55773322758021,0.0503573086174849,-0.278098760417207,0.242649608990744,0.671489788902471,-0.671042696703685,-1.96686149723258,-1.03171532014481,-0.761780202547907,-2.2748494639617
2-Oxosuberate,0.28191774650102,0.246001135897718,0.418295912840037,0.420447507587066,0.537238609760192,0.349144146817233,0.381546564823115,0.580118959310544,0.501700887264321,0.160659152164977,0.50544104348356,-5.31982888390067,-0.254990263484442,0.0634444221150817,0.473123350245205,0.190801588255328,0.11616263168156,-0.450430279976482,0.30094420834341,0.111599839708205,0.386661720563025
2-Phenylethyl 6-O-β-D-xylopyranosyl-β-D-glucopyranoside,-0.2516986896711,-1.24651925725453,-0.848845058871241,-0.616429033107807,-0.198396034727296,-1.20470074258169,-1.42838422161456,-0.856036783419432,-0.909327450342273,-1.02061812495128,-0.754657733306464,1.15175327938077,1.36082710058216,1.25104704274727,1.40735343097049,-1.24893586749283,0.949782705686749,0.897303906654393,1.1269168778687,1.15275780503298,1.28680684841699
"2-[(11Z,14Z)-icosadienoyl]-sn-glycero-3-phosphoethanolamine",-4.75938070075417,-0.835548125285978,0.607141520171505,0.360062152229745,0.231322122130001,0.631321898896987,0.261319972182276,-0.0788038891988272,0.389191348148811,-0.236739055621285,-0.521885691525851,0.700149763197619,0.567945549338969,0.151608123682743,0.411255760393547,0.0792633543265266,1.08760046249157,0.673060140008928,-0.777126417235762,0.710180707148655,0.348061005273971
2-[(2-Amino-2-carboxyethyl)thio]butanedioic acid,-1.55217504800962,-0.296660174683095,0.288476347640381,-0.13674904126365,0.0417419581286751,0.0333344272827764,-0.687702803787659,0.231028489715679,0.0301890673835259,-0.0472966605139355,-0.173573966834382,-1.02665114606407,-0.433877067041773,0.504060259250982,-0.0466377803247317,-0.0491894481755462,0.62643612112276,0.172207907268156,0.898393687895992,0.826270765296844,0.798374105712736
"2-[(2R,4aS,6S,8aS)-6-Hydroxy-4a-methyl-8-methylenedecahydro-2-naphthalenyl]-2-propanyl β-D-glucopyranoside",-1.18299462783273,-1.41646352323575,0.064695477822041,0.350791944792906,0.631375142391301,0.30648628383039,-0.590092766861785,-0.14993398721743,0.528033941245653,-0.160415974064958,-0.364375170583647,-1.66278288917432,0.737826968305392,0.536697105472915,0.7283788656413,0.494272740545876,0.386934723335672,0.459408373859938,0.165024179033567,-0.170533677151489,0.307666869845138
"2-[(2R,4aS,8S,8aS)-8-{2-[(4aS,7R,8aR)-7-(1-Carboxyvinyl)-1-hydroxy-4a-methyl-2-oxo-1,2,4a,5,6,7,8,8a-octahydro-1-naphthalenyl]ethyl}-4a-methyl-7-oxo-1,2,3,4,4a,7,8,8a-octahydro-2-naphthalenyl]acrylic acid",0.0960793939831045,0.195328513900166,-1.36134760612453,-0.0379382278091373,0.285182528706867,-0.387894071029873,-2.26328080818278,-1.69532769671838,-1.09940547398603,0.13115927025847,-4.14882287522964,1.25866270896984,1.40864921211227,1.24612389122575,1.32337586902282,0.625773899761711,0.755400387753865,0.974732171756303,0.680841776180504,0.778230481258825,1.23447665418988
2-[(4-Nitrophenoxy)methyl]oxirane,0.276827277467977,0.575169816104991,0.580156331012342,0.577968997781773,0.797375980440532,0.35118330448831,0.559633333092812,0.592276872800663,0.378485741013328,0.63231359988893,0.807211484102983,-0.73209056386024,-0.174266279180631,-0.440121840306884,-0.336343166548481,0.270755051039696,-0.658795310804767,-0.709609388618468,-1.22668572609247,-1.29001296463621,-0.831432549186176
"2-[(9Z,12Z)-9,12-Octadecadienoylamino]ethanesulfonic acid",-0.73253706803388,-0.428173996713444,-0.229332316903202,0.577686054330727,1.29638248244319,0.462475510646844,0.23939638417847,-0.146660564764987,0.863582248492432,0.699084428114929,0.354069509474716,-1.03713720340824,-0.184473411979393,-0.602467271507621,-0.0349845677883254,0.611917843288488,-0.373810454529489,-0.403069772956,-0.431767075488692,-0.259917634899377,-0.24026312199718
"2-amino-2,3,7-trideoxy-D-lyxo-hept-6-ulosonic acid",-1.82892300116286,-0.54637594063043,0.534949127569588,0.207455371301679,0.504827278997189,0.15164819230787,0.0474221299593312,0.480172053742273,0.540208892763419,0.306885837996029,0.540104914989078,-0.274193492727613,-0.0716552799839456,-0.337852407220356,0.288583465682332,-0.0247554447754035,-0.460632492831173,-0.483062162059523,0.327465502092017,-0.0842273691651414,0.181954823155638
2-arachidonoylglycerol,-0.0137949364813837,0.33408828107849,0.674870222642617,0.863329117213852,0.819669852583057,0.419902154529137,0.357501848067265,0.707205766428217,0.674709629193194,0.53932618020787,0.391399425619531,-0.431441711900464,-0.59463290274598,-0.840907781593871,-0.727038340323561,0.5720392788114,-0.840638535448495,-0.863558739887528,-0.431766243385826,-0.604602681442335,-1.00565988316523
2-arachidonyl glyceryl ether,0.493368986445733,0.588536664908921,0.961370574369691,0.225837474970691,1.05272553860454,0.313496867115488,0.152264261038635,1.18590660682802,0.977824572473009,0.200462441991057,0.453063444663328,-1.2441389887129,-0.103230523526123,-0.923704409135458,-0.942337637697748,1.06317763591497,-0.934353435810932,-1.09857440027507,-0.306128055233139,-1.21882442310806,-0.896743195824637
2-hydroxybehenic acid,1.61560121453795,-1.86555258908825,2.2036007352644,-1.86555258908825,2.2014368776531,2.22353391996742,2.16314213712337,-1.86555258908825,1.95443708904013,2.08589709400091,2.31380509926378,-1.86555258908825,-1.86555258908825,-1.86555258908825,-1.86555258908825,-1.86555258908825,1.60443385269576,-1.86555258908825,-1.86555258908825,-1.86555258908825,2.15519046042398
2-hydroxybutyric acid,0.762840113077178,1.13146309734986,0.916368743988385,0.842417585010288,1.01588915633663,0.795691154526816,0.630393557275675,0.817298773044762,0.882595027428745,0.744210470555051,0.65458143539752,0.217504705794171,-3.79133648560216,-3.79133648560216,-0.0137323390119455,1.05167905851373,0.176855744029549,0.232468530269078,0.200909214135542,0.314575429085413,-3.79133648560216
2-methylcitric acid,-1.46551000679707,-0.535122072281412,0.318765924592759,-0.22364338424138,-0.196554439828953,-0.762208539558162,-0.8071841121057,0.511447911456177,-0.0343328151168827,-0.309232473549826,-0.266186161358918,0.260460123857645,0.670780439955481,0.580535026754468,0.561383291741337,-0.338765129992091,0.407983899544604,0.060274051210795,0.824365986375828,-0.0595511505663581,0.802293629907648
2-oxo-8-methylthiooctanoic acid,-3.51945079490677,0.522969751016883,0.693285053262892,-3.51945079490677,-3.51945079490677,1.03250366589639,0.664605925063327,0.424996657678372,1.10523522436248,0.841147235924017,0.693604163253838,-3.51945079490677,1.20033172138909,1.03840265522915,0.853014665481057,0.254181312008692,1.07871460668438,1.11260233884516,0.930718989906039,0.730525614731222,0.900963598894074
"2-{(1R,2R,5R)-2-[(4S,4aS,6S,8aS)-4,6-Dihydroxy-8a-methyl-1-oxo-1,4,4a,5,6,7,8,8a-octahydro-2-naphthalenyl]-1-methyl-5-[(2R,3E)-5-methyl-3-hexen-2-yl]cyclopentyl}ethyl acetate",0.489313066984336,0.842815906610002,0.808228016479938,1.29143089779023,0.573993540268192,-0.327231327769019,0.595535839494416,0.883648127895526,0.961802745723848,0.966398246577979,1.0346673781208,-1.51137123056887,-0.677398371558546,-1.22798478406124,-1.05956590485504,1.12181124653985,-1.12986640642542,-0.964521196550001,-0.763561155625459,-0.925877697363256,-0.98226693770825
"2-{1-[(4-Amino-2-methyl-5-pyrimidinyl)methyl]-2-methyl-1,2-dihydro-3-pyridinyl}ethanol",0.502803832459197,0.585131721990313,1.04388509634394,0.841448871165803,0.911717595640243,0.821490499910127,0.739744253839844,1.00737840687689,0.965529950739586,0.809232463214565,0.735636425063457,-1.23872944782473,-0.987028789842358,-1.01353927068274,-0.920177973873138,0.796116742929327,-1.43163428204483,-1.2949814884214,-0.974670580907822,-1.02559642601428,-0.873757600561981
"2-{[(3Z)-5-{(1R,2R,3R)-3-Hydroxy-2-[(1E,3S)-3-hydroxy-1-octen-1-yl]-5-oxocyclopentyl}-3-pentenoyl]amino}ethanesulfonic acid",-0.948531896911921,-0.524272661215713,-0.559728632369743,-0.138915617671119,0.142863124699575,-0.558070299579974,-0.121211849987194,-1.40417226553444,-0.244528286296209,0.030138618389438,-0.192351915869447,0.728858545399882,0.694445661464658,-0.809679580709254,0.115404263471888,0.128663699477567,0.0792046187070435,0.255341490160349,2.12951482807014,2.12320462106392,-0.926176464759457
"2-{[(3α,5β,7α,8ξ,12α)-3,7,12-Trihydroxy-24-oxocholan-24-yl]amino}ethyl hydrogen sulfate",-0.968837451292917,-0.822937256801098,-0.621124279702952,-0.707348113969616,0.520998175828104,-0.705205194359527,-0.878117103972859,-0.517602567995173,0.0857630814092851,-0.376907153704015,-0.759973865174704,-1.06948296310996,1.06400062176239,1.45319317537698,1.63397125456781,-0.922831261379532,-0.575294881380217,0.061188822457672,1.20072730755992,1.18664054227614,1.71917911160425
"3,10-Dihydroxydecanoic acid",0.833271072641878,0.304842498460254,1.25679898338896,1.10170581829831,1.32787904991472,0.521435523496381,0.463732229181896,1.12146598691449,0.895861163966231,0.534770432232168,0.60658098140041,-1.09201125230043,-1.04432566017365,-1.26211627679089,-0.904053658599414,1.04339478759732,-1.19325711865845,-1.0977169277583,-1.08057914788294,-1.05963858751139,-1.27803989781753
"3,23-Dihydroxyolean-12-en-29-oic acid",0.632848552508734,0.881924197469565,0.856895196210253,1.41264629730919,1.21442861636374,0.492551574554131,1.16811867049201,1.28728832080356,0.247490513996093,1.16614962383638,1.05730260019594,-1.37657766038562,-0.980347092239918,-1.46018594935285,-1.14972344308542,1.22176030925249,-1.65062263616381,-1.09180050044375,-1.36100741573465,-1.15765141750077,-1.4114883580853
"3,26-Dioxo-22,26-epoxy-18-norcholest-4-en-13-yl acetate",0.618245273617173,0.692816423584653,0.943710825630634,0.960918420855772,1.01243912236368,0.706247074004023,0.819939660754072,1.3637851748987,1.09008096404386,1.11920959727628,1.01845523809137,-3.31320322518718,-0.747102836708699,-1.13373343329232,-0.506187092984178,1.17604509644368,-0.933056638605346,-0.745904839654217,-0.421894420152965,-0.407607159791837,-3.31320322518718
"3,3-Dimethyl-5-oxo-5-[4-(2-pyrimidinyl)piperazino]pentanoic acid",-0.454958908887545,-0.01077867307966,0.6919832119477,0.464560396662057,0.26259972514082,0.4528644004656,0.0956017294811199,0.731103688937293,0.511310848986256,0.12594090619076,0.441955940909171,-0.110385092446928,0.084561392459054,-0.597257996896411,-0.299843589651202,0.0590331148944499,-0.954630617505106,-0.668990633682951,-0.221071687971879,-0.25767966284746,-0.345918493105169
"3,3′,3″,3‴-(2,3-Dioxo-1,1,4,4-cyclododecanetetrayl)tetrapropanoic acid",-1.63189482815959,-1.07327097439658,-0.964223744871528,-0.600016565866912,-0.475506359410618,-0.674920540081197,-0.8253437573084,-0.739463700792641,-0.709666098864651,-0.800893251432537,-1.0326092420257,0.796950910677114,0.864051941193379,1.24033036989702,1.44720297303609,-0.694421262573311,0.494721008686063,0.797312533587129,1.44026204357897,1.6650965642298,1.4763019808981
"3,3′-(3,7,12,17-Tetramethyl-8,13-divinyl-1,2,3,4,5,6,7,8,9,10,13,15,16,17,18,19,20,24-octadecahydroporphyrin-2,18-diyl)dipropanoic acid",-0.543744311812504,-0.404321976347125,-1.27164483338686,-0.0764866353832839,-0.170326393457918,-1.36430352215788,-0.519241567225008,-1.60308435523408,-0.782656426920417,0.133595195232909,-0.20002597446985,0.579208379750927,0.90958503666489,0.782516226073065,1.0823848480701,0.127678520884932,0.00994977182340648,0.363505185942171,0.975494167967702,1.17808743802463,0.793831225960209
"3,4,5-Trihydroxy-1-cyclohexenecarboxylic acid",-0.324328058301868,0.381766564160862,0.658803588855244,0.474017705513102,0.600262077385172,0.355861932688478,0.0275912556918354,0.57109678065913,0.688737475307171,0.497960620338037,0.537495328984095,-0.884189500805285,-0.33540549035586,-0.3757441421473,-0.064745389369713,0.230124718914688,-0.869015097156974,-1.08279182513278,-0.34848223708031,-0.460239533196921,-0.27877677495078
"3,4-Dihydroxy-5-(3-methyl-2-buten-1-yl)-2-(4-methylpentanoyl)-2-cyclopenten-1-one",0.0319337145645354,0.866882558201987,0.827863131541528,1.02825679352708,0.407807860882908,0.13036466527613,0.853374561377492,0.61853261570119,0.74546636104135,0.513526189736255,0.683310618133524,0.119365867932608,-0.4400213918435,-0.937247711066891,-0.84237791344958,1.00877967818525,-0.735948262330956,-0.878865809333468,-1.33813173217727,-1.41770602851558,-1.24516576738461
"3,4-Dihydroxyphenylglycol O-sulfate",-1.3254348954381,-0.787587905056342,-0.490563909810996,-0.258003159361499,-0.027734345859499,-0.636809603096276,-0.820693944326349,-0.779872419224583,-0.719739693156591,-0.653867016323745,-0.583783977715666,0.787254523639111,0.933936904328303,0.781230227698376,0.98391082760396,-0.795051956604893,0.800526633290583,0.78316625377509,1.09610808924237,0.965920935575328,0.747088430821415
"3,4-Dihydroxyphenylpropionic acid",0.323310542033418,0.70580800789783,0.471536889066011,0.309629987446428,0.33482439328188,0.275565332623666,0.688479659577593,0.136631967249762,0.266729690218438,0.495547492464744,0.623498074091317,0.0987379231508936,-5.17473503318588,-0.0627481548381705,0.115273811164763,0.554843944612628,-0.176080084300376,-0.144050924115972,0.195767545998301,0.0650898385336261,-0.103660902970891
"3,6-Dideoxy-6-sulfohex-2-ulosonic acid",-2.14768678657936,-0.189498174049041,0.258425947262842,-0.487318127542847,0.00205831258339484,-0.130637345689811,0.251841975453013,-0.120340813877012,-0.175157526025606,0.0213507609231499,-0.3360884914306,1.01164641776282,1.18080776758998,0.312479587662898,0.647753061814777,-0.0947736697204813,0.247846147647678,-1.06676722650113,0.546272405441229,-0.303831870448872,0.571617647723008
"3,7-Dihydroxy-2-(3-hydroxyphenyl)-5-chromanesulfinic acid",-0.0592373256515553,0.101113501128344,0.471081709460358,1.27592882987119,1.06089625851865,-0.246914736723832,0.129157350010199,0.522581954572744,-0.250711127247068,0.297286600423467,0.476370375823479,-1.36964724924207,0.00310370452828204,-0.240487514073021,-0.145629112688425,1.52049127231619,-0.439135792043124,-0.485009311380606,-0.942649047299227,-1.08413637322406,-0.594453967079877
"3,8,9-trihydroxy-10-propyl-3,4,5,8,9,10-hexahydro-2H-oxecin-2-one",0.0469191085103123,-0.0848800145907184,0.601842111461152,0.472612469336844,0.345903371518116,0.269920993555942,0.176330914591279,0.595419922077282,0.648831197099156,0.217966391173395,0.330976075774225,-0.372649161839612,-0.595204574837814,-1.16496469202557,-0.720747622099537,0.0838641223950626,-0.924893310277807,-0.402999119540241,0.368312664009597,0.19553445471576,-0.0880953010067842
"3-(2-Hydroxy-3,4-dimethoxyphenyl)-7-methoxy-6,8-chromanediol",-1.06284605129244,-0.157876875372638,1.65980496222534,-0.100081227107516,0.895649909055695,0.32925465750783,-0.983915221268981,1.57754849637237,1.58190535915828,1.11325988004554,1.23826104005137,-0.783013797416039,-0.74647466389672,-0.896782335304663,-0.92671849393966,1.69098553515122,-0.988885490334587,-0.947818587370524,-0.877855560827397,-0.74572465723724,-0.868676878199259
"3-(3,5,7-Trihydroxy-4-oxo-3,4-dihydro-2H-chromen-2-yl)phenyl hydrogen sulfate",-4.84850216264112,-0.606226199127896,-0.074844556421683,-0.679886111193555,-0.244681701427175,0.334692970451943,-0.153849872983639,-0.234780018929503,0.417632264783566,0.0804130946652282,-0.0307444636028463,1.06825052356943,1.05208295405377,0.432576526562077,0.730377533424726,-1.23068612255375,1.18651328697495,0.527525132636617,1.04372682357582,0.473463870232184,0.756946227950833
"3-(4,5-Dihydroxy-2,3-dimethoxyphenyl)propanal",-0.0022947615683264,0.281315255509085,0.68265388847841,0.355098335474711,0.544620596813123,0.341754742688267,0.223799793465033,-0.303096128216911,0.454002447288817,0.583572080557692,0.41928290191408,-0.11986509527131,-0.718880493165628,-1.23886457640681,0.0242239697396388,0.702427038740296,-0.410564192075104,-1.28766527271277,0.534147797681084,-0.538851090937909,-0.526817237995453
3-(4-Hydroxyphenyl)propionic acid,0.856606444010095,0.650834235140449,0.611347168806469,0.767926514193297,0.666984415679608,0.705198813775059,0.915605059264301,0.476607715629966,0.86753894186452,0.511575978941656,0.733461929328507,-0.580901804595148,-0.0546835324670236,-1.8090517434682,0.679932554961773,0.919452137746012,-0.474152819697035,-0.504576972246115,-0.409435761365926,-0.12331054143736,-5.40695873406491
3-(5-oxoisoxazolin-4-yl)-L-alanine,-1.55212706519477,-0.496533953875354,0.054307650376042,-1.4720538057182,-0.0237111132023727,0.147544334392226,-0.779516274371254,0.522439937110827,-0.116948437529701,-0.221829631045046,-0.195349021285864,0.386722652623407,0.600374547101463,0.420654265309221,1.1700937417709,-0.738054363480436,0.154258764274772,0.394742328738605,0.410063080458365,0.720615535959903,0.614306827587269
"3-(6-Methoxy-1,3-benzodioxol-5-yl)-8,8-dimethyl-4H,8H-pyrano[2,3-f]chromen-4-one",0.584135798592413,1.33289379023085,0.902521864805863,0.864408628841831,0.901144890631447,-0.522076500990402,-0.0999267493934724,-2.2197546436947,0.857083820846004,-0.113455232221509,-0.567825129644542,-0.0803398679878835,0.57299051185217,0.188679232185361,0.415573319845502,0.823822217512054,-0.19837303630939,-1.71423724215279,-0.529121334450193,-0.706833047810977,-0.691311290687627
3-(Acetylthio)hexyl acetate,-0.186622854023548,-1.3108424948299,0.645589040002059,0.236361293501522,0.122332222578579,-0.330202866374452,-0.0790936872557528,0.614002842589075,1.45723399934704,0.873478645987855,1.07573506873712,-1.77825924305072,-0.33969661070629,-0.486998049270936,-0.211510039705789,0.651722452438376,-0.566304754776681,-0.504133423650525,-0.418499256600977,0.0681063029336141,0.467601412130321
3-({3-[(6-Deoxy-α-L-mannopyranosyl)oxy]tetradecanoyl}oxy)decanoic acid,-0.909620634212646,-0.516391307729625,1.74686549669138,0.287966911649477,0.459808651626101,0.924595907056281,0.244109533989685,1.68803416887579,1.45981123788348,0.672962234660011,-0.499739366034139,-1.39619029143533,-0.254245626575114,-0.527976680228378,-0.4319248753098,0.798722137475774,-0.505734638509165,-0.505379929269367,-0.754297214223756,-1.15040207718408,-0.830973639196549
3-(α-D-galactosyl)ononitol,-1.27169290312285,-0.819673594061483,-0.787499666271531,-0.74246546074936,-0.235701060410001,-0.945657926056616,-1.32300933826205,-0.727859378311999,-0.920087132547268,-0.197674212022937,-1.20724961653202,0.157540798195764,1.47292578085462,-0.18517016686132,-0.0335374819343514,-0.276588604089161,1.40675044073,1.76646318385722,1.55840250941946,1.70713031183736,1.60465351633849
"3-Acetamido-8-hydroxy-2,3,4,4a,9,9a-hexahydro-1H-carbazole-6-carboxamide",-1.02860657001246,-1.1682046953764,-0.76516503531312,-0.982697594486198,-0.791182159933262,-0.96065492087695,-1.2979650657556,-0.505950488913923,-0.804557473910069,-1.15785137615911,-0.830588977572203,0.14966540607839,1.06887145182396,1.75767189114622,1.89860512963073,-0.801072714145514,0.927420783812532,0.396178696113023,1.56753399281912,1.49269887957566,1.83585084145516
3-Aminohexanoic acid,0.749445056153097,1.17903292388894,1.15494347921365,1.38787640919853,1.45381678739409,1.28467217317327,1.10307398720436,1.16103402059271,0.853192289125952,1.00754061395559,1.0859473294304,0.772166155583637,-2.71194559742595,-2.71194559742595,-2.71194559742595,1.17507761993419,-2.71194559742595,0.987064676985903,-2.71194559742595,0.916790062721362,-2.71194559742595
3-C-Carboxy-2-deoxy-4-O-[(2E)-3-(4-hydroxyphenyl)-2-propenoyl]pentaric acid,-1.11102660738718,-1.04628742217269,-0.841517019105446,-0.892364263019364,-0.806284640783896,-0.864568175643703,-1.10917760178322,-0.678647923920555,-0.76704721997541,-0.970001817069061,-0.867592367344494,0.847573885640756,1.25325482330173,1.38240078563469,1.33478598637109,-0.925500017555762,1.07182606966402,1.12146699353641,1.23979117123725,1.27635123444605,1.35256412592877
3-Deoxy-D-manno-octulosonic acid,-0.507568414991185,-0.38998529525024,-0.132122215273106,-0.528205608279351,-0.439003437140295,-0.420768350982899,-0.701720258874654,0.218151497175502,-0.173762094270386,-0.40462038313024,-0.675704944345397,0.349912572500721,0.419703286146825,0.375711022829648,0.352443656005724,-0.028982082468461,0.429603272290688,0.213876075957446,0.69679686307361,0.680589581201385,0.665655257824695
3-HPA,-2.08355881117254,1.74892799775006,1.54485996514056,1.47638337908365,1.65601973289458,1.61808637955911,1.39058698586471,1.53894893946733,1.60958887707351,1.13942960493874,1.50950003041029,-2.08355881117254,-2.08355881117254,-2.08355881117254,-2.08355881117254,1.36857490289531,2.15112250547497,-2.08355881117254,-2.08355881117254,-2.08355881117254,-2.08355881117254
3-Hydroxy-3-[(3-methylbutanoyl)oxy]-4-(trimethylammonio)butanoate,-1.16483305563262,-0.691057204974251,-0.181157112112067,-1.19576544611447,-0.282243674199756,-0.0265771270654709,-1.44343768928813,0.395518016570342,0.211447822656966,-0.0221181090144781,0.118747174796035,1.08189431839493,1.02695466456395,0.515897184065982,1.25449825780745,-0.19323903173234,1.0184763513681,0.747940951597872,-0.0998849351532144,-0.7777573934701,-0.293303963064722
3-Hydroxy-3-carboxymethyl-adipic acid,-1.89094067924939,-0.504287615433337,-0.213092151176503,-0.497885668786916,-0.280996133739354,-0.344919626890315,-0.671380155015151,0.0688397587471383,-0.239970781323618,-0.410801727421747,-0.402717195582944,0.624626970447698,0.585217838299095,0.575940132642531,0.63221790785116,-0.583337235364194,0.556861490021206,0.647027380722634,0.717888453718225,0.923674289341656,0.708034748192131
3-Hydroxy-4-(2-hydroxy-6-methyl-2-heptanyl)benzoic acid,-0.841967823730332,-0.611300968174729,-0.534147325040009,-0.0188117456118206,-0.131637070166371,-0.555221040108977,-0.763468970256657,-0.285749506867611,-0.35522101486306,0.00278066117076153,-0.399084789722223,0.732541298305646,0.992109444585958,0.0384311824279351,0.0813354957802926,-0.00595508430235441,0.549078961814332,0.437486683556797,0.77222117425377,1.21677478048187,-0.320194343533191
3-Hydroxy-C4-HSL,-0.632255764630763,-0.340387375469632,0.166275143333606,0.370022778775003,0.242569541885211,0.343171150314821,0.0447762018218898,0.491298928180805,0.558527527932138,0.397635533694125,0.255565772017207,-0.273403186560751,-0.295793247186956,-0.727748348261156,-0.297979893364064,0.630543690777681,-0.422896903356175,-0.393049160071793,0.0264224491239298,-0.0232254704133758,-0.12006936854169
3-Hydroxy-C8-HSL,-1.51018543072378,-0.73475555903712,0.044146387657167,0.316054469165528,0.906983996137943,-0.757371975510425,0.0831138742179365,-0.0752708002159865,-0.60309913919109,-0.373982089130557,-0.347622375820965,0.243581891971235,1.25471321281889,-0.104407201226024,1.69521410369238,0.737230472086212,0.568779495141489,-0.280817941724479,-0.281863859934691,-0.673065172998755,-0.107376357374899
3-Hydroxybutyric acid,1.07198232123518,-4.4076281861732,0.909673017135552,0.596245695967648,0.851405990445727,0.495086769655612,0.468410376535483,0.856047015361058,0.894395931940628,0.304965275053736,0.76102648125007,-4.4076281861732,-0.114626851706019,0.156116308995102,0.472213696864429,0.596383914336088,0.0355072745890653,0.0157618166942894,0.183458110196837,0.14128587458997,0.11991735320593
3-Hydroxycarbofuran,0.430517617691946,-0.538565819374667,0.929158445165142,0.918704680060474,0.813026772328075,0.864609759774368,0.682844551103423,0.87381805574517,1.04891682743889,0.683041970916136,0.925338738740568,-1.42376418917677,-0.637684444199118,-0.965063894152719,-0.182160711309544,0.898280724823142,-1.52452651961395,-1.22880987617343,-1.36925319365431,-0.913654617517075,-0.284774878615713
3-Hydroxydodecanedioic acid,0.560985529929581,0.709182672060805,0.927699081061392,0.903009879749965,0.861585233859062,0.903620898752984,0.637454576414153,0.980839528480754,0.935824450165065,0.78548941480216,0.818626771873142,-0.953576198189514,-0.824365902920605,-1.25812460924943,-0.656832312276555,0.596228575738427,-1.55469110988125,-1.8356904078599,-0.731008194051188,-0.67645276434889,-1.12980511411013
3-Hydroxymyristic Acid,-0.0573383229699266,0.557374519104379,0.0683281624535265,0.353855925320024,1.01577999047911,-0.0534052407674149,-0.318827982364009,0.42799964152131,0.235725927779194,0.400241467823354,-0.191030068291808,-0.181679643297552,-0.76573652951068,-0.236013247273062,-0.107950077187407,0.355820064930333,0.0244422171367774,-0.230260202167643,-0.682075229193185,-0.253261525319723,-0.361989848205604
3-Hydroxysebacic acid,0.169348021242354,0.235836228098696,0.805403351916822,0.601791479149878,1.13167815550485,0.520083577147047,0.282613219024482,0.745562771157861,0.711966827534031,0.412838998139817,0.485080153002504,-0.799831671226629,-0.233371232308324,-0.94183460715515,-0.211187957828632,0.683104767008093,-0.550843100519752,-1.39113330984556,-0.7322571150258,-0.775261119482373,-1.1495874355342
3-Hydroxytetradecanedioic acid,0.358692034337964,0.594546626284784,0.994001053631501,0.729599618478849,0.988970931222173,0.785244632248659,0.641115606899885,0.982315116447457,1.02471753222906,0.632172330182786,0.822834286321615,-1.06765741344555,-0.809734861697255,-1.28044480893205,-0.428405327695614,0.735617665015287,-1.23648238270081,-1.07868503581014,-1.11250986713465,-1.05287359573183,-1.22303414015207
3-Isopropylmalic acid,-1.62806866528538,-0.234873624022683,-1.24271874505433,-0.529935377582208,-0.39149518614109,-0.140818170057034,-0.3092638542588,-0.628554784410831,0.00754479683525546,-0.171662331320238,-0.0570518663194678,0.945933573568806,0.942228441493119,1.02892191731016,0.922501281356766,-0.6488840385689,1.0240720713229,-1.25768827723372,1.29039549261882,0.189654693752408,0.88976265199646
3-Methyl-5-pentyl-2-furanpentadecanoic acid,0.488874602408767,0.471448652445742,0.825803189104257,0.963166477715088,1.07180400633239,0.179022264003205,0.205638222322519,1.02544392802981,0.865727657313081,0.813386705132917,0.409219115591655,-1.06083874465188,-0.734490488332616,-1.18249877352141,-1.18017232096784,0.869553360407133,-1.14913678510055,-0.981167118955143,-0.454439046185507,-0.382632193909666,-1.06371270918194
3-Methyloxindole,0.810750615854533,0.780615847084306,0.756426062635493,0.733125914845949,1.0694819978039,0.602671435256691,0.630651178170291,0.882232913547465,0.819986449262151,0.643819093097643,0.91511784693109,-1.42740879566072,-1.16182980089945,-0.565257512706903,-0.268251232715819,0.888326458130547,-2.13890159556152,-2.04443148034794,-0.650778696814475,-0.427347625740003,-0.848999072173203
3-O-(α-L-oleandrosyl)oleandolide,0.484059174224577,0.479062085546513,0.827355929571422,0.477364613940458,0.869928343570643,0.288703107828227,0.027699285270691,0.584382746112971,1.08739852268274,0.433603635666554,0.716674220027287,-1.82886283475809,-0.930387064795279,-0.892408729951417,-0.0809261630016898,1.21477003101464,-0.579787242830439,-1.55031084701639,-1.02013657908856,-0.674879981989291,0.0666977479744585
"3-O-{[(3S,3aS,10E,11aS)-3,10-Dimethyl-2-oxo-2,3,3a,4,5,8,9,11a-octahydrocyclodeca[b]furan-6-yl]carbonyl}-β-D-glucopyranose",-1.48526513138999,-0.846891456381483,-0.860047190686787,-0.505264846150887,-0.35306279772065,-0.900102774443178,-0.637969193657121,-0.926180070890493,-0.872504808037055,-0.785535427549284,-1.00600596924601,0.826313425995575,1.28637503907706,1.38484438278046,1.32521224575606,-0.449497316860774,0.516586312127825,0.661546882967196,1.10450357935495,1.07862495706753,1.44432015788705
3-Oxotetradecanoic acid,0.190758165303584,-0.00105374107842024,0.558711083641575,0.744275476370713,1.47013412087571,-0.0151472200532572,0.0712657296476365,0.806305715125254,-0.347772614093287,0.483401329562235,-0.0938205138367029,1.52620416602414,0.0142427296423715,-0.878737273459961,-0.169786940205572,1.03141841987311,-1.63867314689606,-0.981228005095774,-1.15782719606905,-1.24827437916813,-0.364395906110116
3-[(1E)-3-Hydroxy-1-buten-1-yl]phenyl hydrogen sulfate,-1.24184534353588,-1.25816524360197,-0.0683057244406528,0.256749600227566,-0.0221806700284898,-1.16339044527703,-1.46236815248965,-0.924173072815903,-1.21713158383138,-1.37968125653301,-1.20785196891227,0.832451188305792,1.02064519073706,0.694540031591054,0.724030602716661,-0.601450171615926,0.811216917871957,0.873128792788624,1.71726752631873,1.81711344454641,1.79940033797835
"3-[(1S,4R)-4-Hydroxy-2-cyclohexen-1-yl]-L-alanine",1.16525342870667,1.36640690518638,-0.329813245113483,0.288204222467499,0.473690819051905,-0.244281437326623,1.50708056955835,-0.0739403664657651,-0.454643695868633,-0.862021205805697,1.49573035780657,-1.08810899949392,-0.634076474505572,-0.971514404819419,-0.497027939329652,-0.0666398334565874,-0.292446517357702,-0.929457027015527,0.496626565634077,-0.661452137833303,0.312430415980406
3-[(2-Carboxy-2-hydroxyethyl)dithio]-L-alanine,-1.64187079986019,-1.58501251371279,0.473770043106538,0.214852626769342,0.241731932638949,0.011853247433362,-0.365617497790254,0.12554646244189,0.407825269417599,0.120365521067537,0.0293096308143362,-0.948565209661218,0.0847149042859557,0.461706140293358,0.769701627848255,0.34122228951555,0.232194460152889,-0.428071142469656,0.593767056112864,0.594902309373905,0.265673642221764
3-[(3-Hydroxyheptanoyl)oxy]-4-(trimethylammonio)butanoate,0.157269300276081,0.222775397051008,1.16779530599422,0.898326428866538,0.689295399644959,1.01161778998543,0.446100007452942,1.07891995784025,1.37531002212902,0.75952935539567,0.988441441743523,-1.03746384049577,-0.91703036959757,-1.29387223528254,-1.07865835016893,0.746058574791258,-1.21458539754009,-1.02973422202832,-1.05048984765072,-0.893775597558964,-1.02582912084798
3-[(3-Hydroxypentadecanoyl)oxy]-4-(trimethylammonio)butanoate,0.771386250146448,0.70537632644636,1.01851673938492,0.931508659985399,0.78625201261341,0.785369446994821,0.687365781709457,1.0038329256513,0.960615009786744,0.911759838506924,0.657310591416719,-0.641067290535845,0.543032767852822,-0.881825696347538,-0.80666674485816,0.873801693446611,-3.87708453343078,-0.973639406982921,-1.86909144402051,-0.548111123665881,-1.03864180410029
3-[(3-Hydroxytridecanoyl)oxy]-4-(trimethylammonio)butanoate,-0.299475399020698,0.134866117583125,0.434677377369021,0.343908917969605,0.493350040623805,0.23312205744203,-0.268314862948955,1.0484000001888,0.618124082213245,0.620129321915628,0.38576217609801,-0.879839861185309,-0.641570144642453,-0.608600277579962,-0.326131719153123,0.54928288536054,-0.864895503997729,-0.394108513739624,-0.582902112924187,0.0191239373913473,-0.0149085189631072
3-[(3-Hydroxyundecanoyl)oxy]-4-(trimethylammonio)butanoate,-0.228582131613068,0.0681178312364273,0.553059865408446,0.601429615376781,0.692555460136786,0.670540830629249,0.96959525941087,0.974887968768187,1.00395793576042,0.84869882304362,0.716494971394077,-1.38161710429744,-1.2410317168061,-0.591708799729043,-1.28200922395933,0.271676412138784,-0.293228054114458,-0.972508672163622,-0.561623456654245,-0.493346189460505,-0.325359624505817
3-[(3-Sulfanyl-2-butanyl)sulfanyl]-2-butanol,-1.41454690878165,-0.786674681953762,-0.377875232238088,-0.616168995206594,-0.753480005809884,-0.523902426718591,-0.697614586259702,-0.192914531861005,-0.381439701039359,-0.480668130836519,-0.568213827717238,0.336238852247922,0.96746092315335,0.634527695287216,0.892657010188343,-0.624020704419666,0.759091375225331,0.685572053976466,1.08141383778103,1.01944798495255,1.04111000002984
3-[(5Z)-5-Dodecenoyloxy]dodecanoic acid,0.427944242284141,0.484867230172887,0.0689593084494136,0.368499467779998,0.629822282774152,0.59066608987271,0.145790772780378,0.450725423771778,0.403976283699166,0.439407833029605,0.407612659835363,-5.03865998677247,0.038317431065448,0.0992998381683625,0.480626153339611,0.696332923774267,0.0999432650637322,-0.580112392518929,-0.867976356993286,0.284851249289485,0.369106281134182
"3-[2-(1,3-Benzodioxol-5-yl)-7-methoxy-1-benzofuran-5-yl]-3-hydroxypropyl hexopyranoside",-1.81336488441298,-0.218722835919584,-1.15274201822042,-0.174146485310778,-0.106179352942408,-0.737980551375456,-0.364513554341668,-1.15108727410695,-0.937755499693731,-0.640703275591377,-0.304403247892469,0.536109196598775,0.903025089888959,0.403139742588391,0.303449947912435,-0.620639256570299,0.872938019248681,1.52060922148037,1.20303655131533,0.853133641280338,1.62679682606485
"3-[2-(2,3-Dihydroxy-5,6,8a-trimethyloctahydro-2H-spiro[naphthalene-1,2'-oxiran]-5-yl)ethyl]-5-hydroxy-2(5H)-furanone",0.560707540725258,0.702357228922447,0.973360739971518,0.823796556412356,0.962893546297634,0.77923346486389,0.692515660735784,1.0697578251105,1.05173968149309,0.913738064661181,0.86964082566323,-1.54759012859151,-1.13317864695232,-1.46375295297719,-0.653782548192796,0.803320314283109,-1.61589584093672,-1.30895095887521,-0.659496594124182,-1.05833375516722,-0.762080023322815
3-[3-Methoxy-4-(sulfooxy)phenyl]propanoic acid,0.39822748927116,-1.66750228876342,-0.642223768534134,0.363756886930508,-0.0989167340759628,-0.249286073941882,-0.265225841721757,-1.4463202768234,0.176179990647299,-0.869274822143393,-0.237758965648442,-0.16163720133399,0.919643511513581,0.220093783125539,0.982295238649752,-0.391276449501984,0.968643948545929,0.572215402231882,0.991220233395441,0.560941531769164,-0.123795593591878
3-[4-(Sulfooxy)phenyl]-2-oxiranecarboxylic acid,-1.39078755577011,-0.895721706456401,-0.204559325393521,-1.33850743542264,-1.34690432872781,0.407057793508706,-1.73980425998369,-0.958269890968554,-0.0370742183678952,-1.45706114362254,-1.22254114601449,1.05528802913345,1.43411424422812,1.21332818438101,1.35514168887836,-1.33299217433525,1.19343342024684,1.24871379558266,1.43298253634953,1.41475205653537,1.16941143621883
3-[4-(Sulfooxy)phenyl]acrylic acid,-0.99341352260921,-1.24424473672164,-0.980050543738193,-0.901457632168602,-0.829889732791756,-1.01225100240303,-1.1548438362252,-0.91546476004325,-0.888232929325822,-1.00812764054006,-0.939288298190918,0.622911889864584,1.42023289834356,1.44450303677722,1.6226468335292,-0.830133852346337,1.27047634584546,1.20222066664626,1.45071843825705,1.34671488833447,1.31697348950619
3-[4-(Sulfooxy)phenyl]propanoic acid,0.454171065096058,0.706616757333337,0.861501097666454,0.92626393969046,0.879334797025129,0.773045713459303,0.509600232789863,0.807648819220734,0.895347406323635,0.817294238706653,0.79676207945363,-0.900030747561291,-0.799194650743464,-1.39401921167306,-0.627726145158325,0.896017008532586,-1.7844160738181,-1.65026585803304,-0.684299864381834,-0.60697868002833,-0.876671923900416
"3-amino-2,3-dideoxy-scyllo-inosose",0.0919216897624591,0.173324093762361,0.00080245621113353,-0.164034484163506,0.0372658417999447,-0.204125868854224,-0.775635726454777,0.0604927882664012,-0.230237976429388,-0.564918363692312,0.197166776645827,-0.386308258394264,0.0136367054473485,-0.286698498569135,0.281989835924653,0.0269784266271635,0.16360956149232,0.0911203178773167,0.487084940290929,0.747457633069535,0.239108109380198
3-hydroxy-cis-5-octenoylcarnitine,0.773212344645724,0.840479606541405,0.905133753465501,0.814981200248903,0.852486883160133,0.841540742827706,0.354880237000421,1.16939431582247,0.802577419679813,1.06984978636559,1.04251202145879,-1.04248421083888,-0.984296595487267,-1.26816339021506,-1.12628922773286,0.453842684894414,-1.13479359367518,-1.03834482077632,-1.17919914761435,-1.03239231639643,-1.11492769337448
3-hydroxyarachidonoylcarnitine,-0.146430622024022,0.305447478403617,1.50112625350269,0.61770999412054,1.45416770671341,1.37319696271674,0.134694587582112,1.95819056822797,-0.711370391111744,-0.496549981019663,-0.294322429396468,-0.712928995694665,-0.556069694264626,-0.598905907620289,-0.600492168193635,0.567368368812597,-1.17649320493486,-0.617077277000536,-0.685479992488251,-0.591490969403322,-0.724290286927611
3-hydroxydodecanoylcarnitine,0.262667208530639,1.79813687896605,1.0678952918916,0.740168859738876,0.615778421055233,-0.240999156940437,0.232589585541006,0.461085763257012,0.0482528866965999,0.992808453367583,-1.05985605269935,-0.769617114761035,-0.585434579726597,-0.688559288998673,-0.608968028827137,1.36204927680962,-0.939307655847446,-0.626173068221517,-0.697345499622109,-0.581986953512195,-0.78318522669773
3-hydroxytetradecanoylcarnitine,-0.744730262518941,-0.180690565498644,0.803024948557757,0.668801703161316,0.682386183774755,0.00996500098112501,-1.14577337487676,1.0395719985949,0.714955635147835,0.654113655922209,-0.00859204749716016,-0.904760946120366,-0.0190955700099966,-1.63986799526259,0.33050030477778,0.691427098818068,-1.07093666161735,-0.156730222823816,0.417751302527101,0.529745352780411,-0.671065538817611
3-tert-Butyladipic acid,0.621626388487919,0.711828776424456,0.885308134900668,0.850988856971833,0.883009279188748,0.721746481594377,0.668849860237881,0.817014996892395,1.03306401403408,0.632724472336542,0.839686580297001,-1.28103011308671,-1.23530880502628,-1.09740203362689,-0.490595368785982,0.662838223338263,-1.04041873334298,-1.03118862227956,-1.06332427864711,-0.95548326026663,-1.13393484964201
"3-{[(2,3-Dihydroxypropoxy)(hydroxy)phosphoryl]oxy}-2-hydroxypropyl stearate",2.104038052157,-1.34832837132221,-1.34832837132221,-1.34832837132221,-1.34832837132221,-1.34832837132221,-1.34832837132221,3.06868243303302,-1.34832837132221,-1.34832837132221,-1.34832837132221,2.17497957343133,2.70693245833617,-1.34832837132221,-1.34832837132221,-1.34832837132221,2.96100115355992,-1.34832837132221,3.26634229288122,2.59462123511234,-1.34832837132221
3-{[(2E)-4-Methoxy-4-oxo-2-butenoyl]amino}-L-alanyl-L-leucine,-1.4255356011424,-1.53685024015348,-0.516196713838555,0.236466018443881,-0.222280544894787,-0.808750440820987,-1.73835009283783,-0.0209714731857268,0.26899518459826,-0.374054078031264,0.0790446646536202,0.371323706879516,1.28834667890651,-0.96249298002322,1.53539565207449,-1.59935147298454,1.06556267360399,0.515003206686069,1.12291168668488,1.18309167975146,1.53869248563012
"3a,7a-Dihydroxycholanoic acid",0.325436860192093,0.721689001912293,0.914266663488028,1.0990031308987,1.24173317769672,0.707357752326646,0.893549965754507,1.17405175100407,0.685036991815892,0.958377378080398,0.936746853060645,-1.38739052492905,-0.834857160888502,-1.29936441587108,-0.690827382512125,1.1251117163077,-1.20751833255226,-1.13275358340644,-1.27024911478943,-1.41492681778137,-1.54447390980743
"3α,7α-dihydroxy-5β-cholestan-26-oic acid",0.303368748471767,0.465850675366331,0.944150997730791,-0.00139645836896501,0.213419461338206,0.544333721110241,0.524565209502649,1.15062559735522,0.683768844379565,0.501693934876938,0.671721885118181,-0.985326238424304,-0.53217329052721,-0.544147064185077,-0.187160986087359,0.69084401786764,-1.84883910529041,-1.88485082241069,-0.103351313685917,-0.0935968161000652,-0.513500998037518
"3β,17β-Diacetoxy-5α-androstane",-0.146094108040972,0.344198688138359,0.551395811006837,0.888624433974291,0.707853539565913,0.329173944609086,0.399764750339099,0.5990374553692,0.458049395202571,0.563291924163099,0.371692451051281,-0.367461865830683,-0.339987288598328,-1.10656312782459,-0.798748700615865,0.63297475407046,-0.678818463161925,-0.641213212826653,-0.25746328042205,-0.564673302662365,-0.945033797506773
"4,5-diphenyl-2,3-dihydro-1H-pyrazolo[3,4-c]pyridazin-3-one",-0.82239288199404,0.796393854776979,0.492983878505762,0.00876360889354893,1.15216203321772,-0.318352293489557,1.0960091769459,-0.144733172020938,-0.322540505116219,1.16774633386786,0.936343264775922,-0.864427567354196,-0.285498825928288,-0.67601420646314,-0.584556995946442,1.96900018605793,-0.498566001567676,-0.580898682338502,-0.776065293072989,-0.918037579522749,-0.827318332226917
"4,6-Dihydroxy-4-methyltetrahydro-2H-pyran-2-one",0.0822268262276871,0.914393712818242,1.09954601622428,0.969619398762187,1.12702122329332,0.895098801390624,0.290550452118142,1.17732234424594,0.935103056807771,1.01857127393706,0.44671457802429,0.851662840816577,0.945470818576514,-3.14362138882762,0.996565955057121,1.05744261890864,-3.14362138882762,-3.14362138882762,-0.434515670579832,0.201691308681884,-3.14362138882762
"4,7-Dioxooctanoic acid",0.579908053451763,0.632058300516411,0.342983787658046,0.440476375003068,0.311757346842425,-4.33838148768581,-4.33838148768581,-0.134704333048231,0.359853634854204,0.340941904179063,0.34089227917644,0.51055909576125,0.368377579562663,0.427172466464296,0.651407763169215,0.576149405214792,0.646593195879359,0.596213708344114,0.516095187680847,0.591595056781656,0.578432167880228
4-((5-(4-Nitrophenyl)oxazol-2-yl)amino)benzonitrile,-1.25581494392817,-0.756859362267224,-1.4981675606054,-0.518342470022858,-0.378287097102959,-0.70642790042439,-0.36705742494924,-1.9050429933228,-2.12249537150597,-1.20471755877938,-0.314849251186588,1.33558984597482,1.39723715506745,1.24307845085122,1.34526237281302,-0.750568883699528,1.1236524993135,1.2536497076737,1.37822851867826,1.39009103108024,1.31184123634229
"4-(2-Aminophenyl)-2,4-dioxobutanoic acid",0.475376125960093,0.173009121498682,0.485524171305695,0.467370886639063,0.758345816822845,0.359907102383441,0.407092469895553,0.37220112954477,0.744224073505776,0.550607889620128,0.650726384126022,-0.866321856546208,-0.391716755336195,-0.601705321172158,-0.403269185991641,0.743249840381224,-1.21223117164773,-1.42896378884087,-0.472904275469468,-0.389089279502743,-0.421433377176272
4-(3-Butoxy-4-methoxybenzyl)imidazolidin-2-one,0.863550162091346,0.321785784311293,1.37857539499889,0.22120956868072,0.644800809198956,0.12155063631505,-0.187252988640383,1.64740325052515,1.25795733806445,0.46316919957507,0.928582790939621,-1.48132906347769,-0.296505974458192,-1.61300070264499,-1.35466808262114,0.602264084445084,-0.752680212472922,-0.219314771655366,-0.500181308457389,-1.36733115330068,-0.678584761416863
"4-(5,7-Dihydroxy-3,6-dimethoxy-4-oxo-4H-chromen-2-yl)-2-methoxyphenyl β-D-glucopyranosiduronic acid",-3.61067002488372,-3.61067002488372,-0.285135482129583,-1.06226720615334,-0.284638781121234,-0.406526163381307,-0.76383756976644,-0.659691364559799,-0.244121160180841,-0.661543717182708,-0.416436933967902,1.45239481667775,1.47797130370461,1.45348645569771,1.48061955664835,-0.968104925583449,1.30838055448605,1.35268798873067,1.50722874060593,1.49207452914019,1.44879940810278
"4-(5,7-Dihydroxy-4-oxo-4H-chromen-3-yl)phenyl hydrogen sulfate",-0.50641068295017,0.733796161261744,-0.144962556483574,-1.01442503753763,-0.702020093671515,-0.899826113147586,-0.980567058353912,-0.11197006195339,0.16386626339901,0.372392828098203,-0.212182968241308,0.618465539109385,0.820643596387222,0.345100524577507,0.131599594071365,-0.814360593748902,-0.193829403142328,0.0831131360019339,0.869910494490461,1.04690710557234,0.394759326261158
4-Acetyl-2(3H)-benzoxazolone,0.733272724988198,0.166072836186797,-0.0892857344636249,0.64497543060761,0.682518067124544,0.594400320331022,0.731412070007185,-0.384927781333058,0.187578450712472,0.0281743277371427,0.274719338970391,-0.745904506390273,-0.234410539931772,0.43677116692765,0.579389086380931,0.195601254744444,-1.50751300346702,-1.88075720386173,-0.170233581803858,-0.119061786406612,-0.122790937060394
4-Aminopyridine,0.43929814243441,0.701456746797627,0.971417397413636,0.597646336256426,1.10011962603008,0.708350777385021,0.422173061646544,0.953310367270464,0.353923896993368,0.450824900044082,-0.31900156676122,-1.27727714261727,-0.802482908140743,-1.23133750130436,-0.27059701854825,0.766552008719557,-0.748549205837246,-0.771873870409604,-0.693885792643773,-0.569400000017622,-0.780668254711121
"4-Cyano-N-({(1S,4S,6S)-6-isopropyl-3-methyl-4-[2-(4-methyl-1-piperazinyl)-2-oxoethyl]-2-cyclohexen-1-yl}methyl)benzamide",-0.140295447670093,0.230873652812766,1.56845680506897,1.26977556142348,1.25753962169679,0.782588530091511,0.941878945029793,0.754628115616205,1.89597422903364,2.0380482423232,1.45235426205312,-2.6079404182784,0.368187156756204,-0.735265908944772,-2.6079404182784,1.16076777882575,0.0409305846713636,0.153259962604041,-2.6079404182784,-2.6079404182784,-2.6079404182784
4-Dodecylbenzenesulfonic acid,0.425900106179952,0.212496702109937,0.398596682683666,0.685511774738372,0.250922841715698,0.308590184723407,0.382905829658617,-4.57709955054138,-4.57709955054138,0.635361034439119,0.248528508850974,0.614214773038711,0.348717180904893,0.409365078457613,0.942362307719495,0.358489516786948,0.720732497575185,0.82600109361809,0.744998767464145,0.777734590635489,-0.137230370217547
4-Ethylphenol,1.1505698146791,1.06847178584227,0.922000871922642,1.16161248463481,1.09404914689096,1.13753213398472,1.40220749415297,-0.256970330296545,1.36007429972058,0.950511998497432,1.18629956106655,-1.4659741132468,-1.15145599401873,-1.52652678982715,-1.36057228881657,1.35473395667928,-1.54822670288768,-1.41010905640353,-1.33380732648764,-1.38109331039806,-1.35332763568865
"4-Hydroxy-2-[2-(2-hydroxyethoxy)-2-propanyl]-6-(4-hydroxyphenyl)-9-(3-methyl-2-buten-1-yl)-2,3-dihydro-5H-furo[3,2-g]chromen-5-one",-0.444721418442025,-0.559771704259308,0.42346954594748,0.470311330640518,0.450419248925829,0.225568186970711,-0.259444569848246,0.446593806423514,0.446465385617641,0.431920289273489,0.405144817160714,-0.0770796987921668,-0.0158641653713416,-0.492857387216426,-0.258593394336571,0.226750170701649,-0.423583364443008,-1.06073634923575,-0.0248339517241859,0.234983660383692,-0.144140438376224
4-Hydroxy-3-nitrophenylacetic acid,-0.043896588546362,0.582595219497888,0.62236390466467,0.877961731053054,1.29199990286871,1.39483548068982,0.587622782990744,1.16717756439984,0.980429910636922,0.581789392612831,0.783822168955519,-1.16395077936503,-0.499389528977476,-0.568364101300909,-0.213039813805582,-0.190906183398693,-0.774543226216744,-0.66700165487052,0.0981094756267652,-4.4560957388969,-0.391519918618549
4-Hydroxy-4-methyl-2-oxohexanedioic acid,-4.38162953035973,0.244480271176404,0.547786720331659,0.283987806189075,0.498414139499807,0.29886500080869,-4.38162953035973,0.60755333911778,0.514816948843916,0.163623385827289,0.271372441123831,0.420255409129672,0.482620288832813,0.165943417737969,0.611727154615508,0.203349214390684,0.656256971749354,0.892384710455131,0.541993169983261,0.824268503190369,0.533560167716252
4-Hydroxyprolyl-4-hydroxyproline,0.314479225241375,0.185488048471851,0.688369848714808,0.592936315586148,0.55272676379786,0.458839664243312,0.444806736750671,0.96253161773069,0.570402961242548,0.401150603211617,0.625562992097256,-0.855015468559713,-0.321549383182014,-0.695675146568216,-0.223946656319638,0.445306041425597,-1.43703206874035,-1.1763050655634,-0.201632718434941,-0.265702106485397,-1.06574220466004
4-Hydroxyprolyllysine,0.840717749987861,0.802578504707311,0.936579252003231,0.616148865259299,0.876602951931272,0.674130567067445,0.236531357582548,1.06248533597014,0.960459514120353,0.651131042525058,0.910538520197923,-4.02542552439283,0.320387341825997,-4.02542552439283,0.169337482625541,0.789997157991737,-1.46443810604595,-1.11039216000665,0.176481483163325,0.323459450899596,0.278114736979636
4-Hydroxyprolyltyrosine,-0.172781785173975,0.153688472161609,0.192459848255467,1.0247291911287,0.966059823406252,0.805312921715639,0.582554746201317,0.329560875107714,0.206301988494687,0.0129828207558167,0.303492761870236,-1.19263949765015,-0.892328848838502,0.0820771532077938,0.526509683335109,0.538068307621116,-0.337471574942202,-0.754644923081376,-0.823884148068315,-0.815060934617297,-0.734986880889634
4-Indolecarbaldehyde,0.583503147836519,0.796744971910243,1.49654514593641,0.875155759841719,0.946381327038364,0.852389982941085,0.734692490751694,0.99803655215041,0.978371590683604,0.899791615614651,0.986033415554471,-0.857901264633516,-1.6370365970601,-1.4776765082315,-0.539271429684695,0.920460001983298,-1.77076550329106,-0.779852216912178,-1.50196670419852,-1.47793311093918,-1.02570266729168
"4-Methyl-5-{(2E)-3-methyl-5-[(1R,2R,4S,5S,6R,8aS)-2,4,6-trihydroxy-5-(hydroxymethyl)-2,5,8a-trimethyldecahydro-1-naphthalenyl]-2-penten-1-yl}-2(5H)-furanone",1.18793233190078,1.03441323703286,1.1533060931827,1.29406587114703,1.34268944896846,0.979070220571121,1.03000846393304,1.2350965009144,1.27514437455739,1.12578740019575,1.17609604314443,-3.64901683628953,-0.823336668954762,-1.54595853802516,-0.767845213727762,1.12776199487621,-0.984960155471476,-0.609793815319304,-0.878339414334525,-3.64901683628953,-1.05310450201214
4-Methylcatechol,1.02683801026085,1.00787695933219,1.09351236502666,0.415295449836312,0.611697144399977,0.776777557887469,-3.87787567601893,0.660174906571505,1.1504657337154,0.600031048836836,1.04486059020013,0.000584672027729864,0.112735421532677,-0.813604918437914,-0.974602388692345,1.40767749163224,-0.882581918931465,-3.87787567601893,0.14536023342853,0.324216964076241,0.0484360293348211
4-Nitroacetophenone,1.31507355368582,1.2696558287986,1.67022404230113,1.41929391631719,1.37101034438382,1.61670471759737,1.66064767510294,1.61670570701508,-2.33602175445944,-2.33602175445944,1.562027347182,-2.33602175445944,1.44659235437727,1.10915759519579,1.32713971798776,-2.33602175445944,-2.33602175445944,-2.33602175445944,-2.33602175445944,-2.33602175445944,1.30394123573077
4-O-Acetyl-2-deoxy-2-[(Z)-(1-hydroxyethylidene)amino]-α-D-mannopyranose,-1.53222400281145,-0.756565046811819,0.204521045692546,-0.176799149745128,-0.0370170184357263,-0.00144802256863465,-0.235720818499264,0.489099406393696,0.22677754034267,0.0761951398240964,0.0234655778204246,0.319951332710051,0.279223573534771,0.00792281122183076,0.34110350730114,-1.14057733108129,0.259912443260333,0.239252529653402,0.562963376856815,0.488440701203973,0.361522404137568
4-O-Methyl-α-D-glucopyranuronosyl-(1->2)-β-D-xylopyranosyl-(1->4)-β-D-xylopyranosyl-(1->4)-D-xylopyranose,-0.210311475016093,-0.73368324223197,-0.78551923432201,-0.697453249812435,-0.575018854663286,-0.965292792427702,-1.18968746789703,-0.665492306615754,-0.877638812851586,0.480994670466931,-1.20208651341497,0.570181344670678,0.828394582872754,-0.423788524762744,0.850479732187133,0.754684632588948,1.1633559562596,1.38795381897222,0.657242548983235,0.796317940846126,0.836367246167954
4-Oxo-4-{[(2R)-1-(palmitoyloxy)-3-(phosphonooxy)-2-propanyl]oxy}butanoic acid,-3.07247858236787,0.580588788983524,1.49107687870441,1.14765725608594,-3.07247858236787,-0.162609932851893,1.59160168663074,1.52943943784412,1.74486699519404,1.3091651915442,1.38180485633162,-3.07247858236787,0.080993068008458,-0.32287818984676,-0.0309701336583348,1.0108155677875,-0.18925885220535,-0.0239335983067674,-0.156669287179997,-0.334163709264731,-1.43009027669713
4-Oxoproline,-2.24845170054294,-2.24845170054294,1.65155637665725,2.21517856868591,1.57215380971962,1.6095124026765,1.5039781206086,2.07234912710533,1.64073541830056,-2.24845170054294,1.60602731511715,-2.24845170054294,-2.24845170054294,1.52632394097535,-2.24845170054294,-2.24845170054294,1.59012699979336,-2.24845170054294,-2.24845170054294,1.65617283797134,1.59195038727549
4-Pyridoxic acid,-0.00480652937150044,0.286966007441733,0.697026027934658,0.612435352380415,0.723254696642615,0.517822047697098,0.219657662694583,0.61563349738823,0.809959485316946,0.457913455758129,0.644018850270309,-1.00061884065293,-0.753101359604402,-0.621194589688571,-0.259229915021435,0.566611083624619,-0.854136711589688,-1.02243066710091,-0.545398644404763,-0.512353269267586,-0.5780276404475
"4-Thia-1-azabicyclo(3.2.0)heptane-2-carboxylic acid, 6-(2,6-dimethoxybenzamido)-3,3-dimethyl-7-oxo-",-1.38663791727048,-1.27077653408566,-1.04028175865055,-1.13108766665894,-0.625834133175532,-0.676399600834787,-1.06733577237169,-1.09411186292119,-0.631337430747946,-0.865932359491107,-0.961601220002283,1.57476136068609,1.45370749424878,0.908919491059461,0.87268894858677,-0.972889141944716,1.44672911374037,1.45574254047962,1.50773340079008,1.43480883725889,1.06913421130482
4-Undecylbenzenesulfonic acid,0.927974245450702,0.861929391310998,0.481113150395753,1.01686140322359,-2.94380432426135,-2.94380432426135,-2.94380432426135,-2.94380432426135,0.178760459713112,0.688812888670335,-2.94380432426135,1.18917720908389,1.0329549238063,0.817755983272801,1.35129288250106,0.704048944646125,0.875511177921955,1.21479672291792,1.25988649187255,1.26025265177283,0.857893094746816
"4-[(5-Hydroxyadamantan-2-yl)amino]-1H-pyrrolo[2,3-b]pyridine-5-carboxamide",-2.24219190658464,-1.61014027722746,0.279379503986681,0.348948813451863,-0.204768131272349,-0.707186362535893,-0.223074317430288,-0.886888264333828,-0.979931920834815,-0.484689248968938,-0.140401473832667,0.583405040861887,0.821351668784747,0.674871541103775,0.919463629128869,0.0955771284127004,0.360024121473609,-0.377397509834189,1.30538579501824,1.2279737956227,1.24028837500997
"4-[(E)-2-(3,4,5-Trimethoxyphenyl)vinyl]phenol",1.44047003573163,1.77504113766599,0.125276119325194,0.441958833369174,0.545401941093376,-0.351132596600804,0.42675268493414,0.908056747717243,0.489249851872723,0.974082386158001,0.90407086076549,-1.31070567503701,-0.63943953754037,-0.765926027711766,-0.571972918508494,-0.736778069058098,-0.923795615230144,-0.787172600948632,-0.501860248026014,-0.547863280217452,-0.893714029754173
4-[(Z)-(6-Hydroxy-3-oxo-1-benzofuran-2(3H)-ylidene)methyl]phenyl hydrogen sulfate,-2.88116045712774,-1.20056452821914,-0.645762603343869,-1.27747109622482,-0.823085075715555,-0.21817549840493,-0.728249956195438,-0.812746988642128,-0.0717099430768782,-0.483662246965639,-0.5997188732149,1.31229997050934,1.37039702143803,1.11495893045995,1.17006435931058,-1.40203039938203,1.22054453211468,1.27142235022129,1.24862567980322,1.24833690948279,1.18768791317318
4-[Amino(carboxy)methyl]-5-oxoproline,-0.272914362474588,0.165051935492553,0.615119037067605,0.39471919696957,0.428734390267023,0.446766133658819,0.230838731346534,0.149565013116525,0.493430448733662,-0.417318891812163,0.338854735281202,-0.160181044755089,-0.108552244118001,-0.319554473416196,0.0315222468412716,0.294486528017558,-1.8149830175006,-0.356983135860774,-0.0051840640436737,-0.0780680707163956,-0.0553490920948652
4-amino-2-methyl-5-phosphooxymethylpyrimidine,-3.05984259692961,1.1870603414891,1.01568097872234,1.09645265394065,1.23268009069521,0.991010459187799,0.71335241977874,1.06815235626654,1.03761173588219,0.90427659266315,1.09092529273637,-3.05984259692961,0.434966920047081,-3.05984259692961,-3.05984259692961,1.03829274082169,1.08332060439323,0.939253488271331,0.774830778040253,0.691345531712338,-3.05984259692961
4-ethylresorcinol,0.156897201774262,1.04515048557956,0.658391257723521,0.517090770008415,0.679929945888312,-0.238264570092875,1.14546541074752,-1.41171368128007,0.299057729044573,0.722089640767402,1.00412922531566,-0.394417683356589,-1.18715541182945,-1.15678146586759,-0.992653632393094,1.09205120229818,-0.0328342662274936,-1.78069448439852,0.0716293986302453,0.0445249060079993,-0.241891978339996
4-methyl-5-(2-phosphonooxyethyl)thiazole,-0.838571133074669,0.921687683468458,0.256418033977368,0.734668316774761,0.930455328336429,0.765185602605969,0.751695148960879,0.168864536115155,0.218580993952676,0.548873530543681,0.546508999661289,-1.5730924014952,-0.380275328427261,0.0347845621483039,0.576355505824113,0.315139439045331,-1.36305916877951,-1.99796107237874,-0.0874249054624961,-0.39047397833154,-0.138359693464966
4-oxoglutaramic acid,-0.408962741291735,0.590502694412474,0.399856341104359,0.736364824960842,1.07410533633954,0.827830681132437,0.229276832994423,0.290990654471182,0.199678455325664,-0.00327454030383964,0.0815229555917431,-1.00316842303963,-0.197006594412243,-0.226005984978222,-0.0263029884809933,0.322427706873264,-0.34831990258482,-0.788262017296333,-0.407024647050102,-0.638184289816216,-0.706044353951791
"4-{(1R,2R)-3-Oxo-2-[(2Z)-2-penten-1-yl]cyclopentyl}butanoic acid",0.441211712531506,0.643125391436519,0.799560563291376,0.820217717864339,0.75824901644125,0.236421888181602,0.958907929105261,0.497995591254904,1.1983038112479,-4.22264093439853,1.11907976383417,0.345062962582261,-0.540516842041762,-0.678214136715018,0.0543588741879272,1.27688211051631,-0.625423597346672,-1.03922354732641,-0.398483128513576,-0.602267698348543,-1.04260744778482
"5,2′-DIHYDROXYFLAVONE",-0.896299394284867,-1.00586075599839,-0.66791444713033,-0.891058177498136,-0.844276058855373,-0.898137063793287,-0.959960647392955,-0.5208274902667,-0.727131976166571,-0.982479746241761,-0.886097516948371,1.13381492041276,1.16944739339681,1.15085848750194,1.36820052856066,-1.02490126546705,0.81065254026086,1.03185846741708,1.12820688103761,1.2561332008286,1.25577212062744
"5,7,3′-Trihydroxy-6,4′,5′-trimethoxyflavanone",-0.20123504789526,0.154589126884258,1.33237317394871,0.551680768175854,1.09256240581057,1.07928180183881,0.559756565239655,1.60507773435552,1.44826349195114,1.17356408626713,1.27722202695129,-1.27570760624753,-1.05992257402812,-1.56424209962705,-1.22083610069779,1.15785424562221,-0.971019896881425,-1.19208415857398,-1.28973862720026,-1.3270378939355,-1.33040142195822
"5,7-DIHYDROXY-3′,4′,5′-TRIMETHOXYFLAVANONE",-0.026834957467361,0.154230998249986,1.08918216025049,0.196276046820441,0.830192358545079,-0.0545370911181433,0.00609380864317601,1.43063322637796,1.32247861558722,0.589140539115816,0.809821401939153,-1.03874612523559,-0.692125656661885,-0.999580620034492,-0.798105957340853,1.13796538204496,-0.842789229664236,-0.85517963323584,-0.99967633432908,-0.654577415378929,-0.603861517107916
"5,7-Dihydroxy-2-(4-hydroxyphenyl)-8-(3-methyl-2-buten-1-yl)-4-oxo-4H-chromen-3-yl 4-O-acetyl-6-deoxy-α-L-mannopyranoside",-1.58555776137019,-0.943496672796811,-0.694924302697857,-0.698305164674775,-0.674332958241978,-0.717736389068054,-0.980729406856985,-0.477278775782125,-0.733155943752723,-1.58802292634173,-0.848070914837558,1.31135092156796,1.3307943724051,1.07868357421311,1.17935565217086,-1.2195302275188,1.16490353898257,1.36880658834794,1.28419938825856,1.31515837542788,1.1278890325656
"5,7-Dihydroxy-2-(4-methoxyphenyl)-4-oxo-4H-chromen-3-yl hydrogen sulfate",-1.49570034288855,-1.22455087123541,-0.983146440713373,-1.19921733653133,-0.564040714507749,-0.726995946585414,-1.16186179629364,-1.02601965691701,-0.626704147743601,-0.8532957034352,-1.00275226978823,1.31278842351435,1.42540704211646,1.07506410392334,1.0432056100257,-0.748498774063985,1.35037505606958,1.38277399753083,1.48668448444312,1.31163189180245,1.22485339127766
"5,7-Dihydroxy-4-oxo-2-phenyl-4H-chromen-6-yl β-D-glucopyranosiduronic acid",-1.52183455172379,-1.11135069907964,-0.864414850706945,-1.08337609457994,-0.934765431468043,-0.919766820925974,-1.08701169980892,-0.859073651124726,-0.838316052152043,-0.942374871330521,-0.978595283201405,1.34307827399929,1.28945803215713,1.38106535319471,1.47975403709778,-1.0555621566316,1.16010441563452,1.23745251537588,1.34361332329396,1.49654302115299,1.46537319082725
5-(2-Carboxyethyl)-2-hydroxyphenyl β-D-glucopyranosiduronic acid,-0.988711652273822,-1.00421383940703,-0.822697346987383,-1.22190536408173,-1.07082425557034,-1.61260002596125,-1.26790995248488,-0.832125560010407,-0.864216276370045,-1.30425937167706,-0.917379041007474,1.22296602552003,1.56647149305902,1.63432632008422,1.81139407892932,-1.2556647386676,1.44637083074682,1.33021985868888,1.27677725045117,1.36641455560398,1.50756701141556
"5-(3′,4′,5′-Trihydroxyphenyl)-γ-valerolactone-O-methyl-O-sulphate",-1.23976933441549,-1.12186860016461,-0.844359271101068,-0.847952616542859,-0.822552044284191,-0.868678702754995,-1.16669355247758,-0.619321667140028,-0.885218839404663,-1.38330936489896,-1.01156133794454,0.987026477281045,1.56332339605712,1.23577403780107,1.19604117328706,-1.11059429201757,1.2349851357555,1.38070634742518,1.54491624099554,1.41053433683078,1.36857247771324
"5-(3′,5′-Dihydroxyphenyl)-γ-valerolactone 3-O-glucuronide",-1.45828623386612,-0.321511614244639,-1.06618046539698,-0.616057905793165,-0.515530635710324,-0.668134260527869,-1.30074600281759,-0.874694520295675,0.083570298600666,-1.03631816799776,-1.0668567574927,0.833998267383473,1.23699427144896,1.52845500828422,1.60972742221423,-1.12559284609403,0.878575221799588,0.951666451665224,0.58483534210231,1.14428108792716,1.197806038811
"5-(5,7-Dihydroxy-4-oxo-3,4-dihydro-2H-chromen-2-yl)-2-methoxyphenyl hydrogen sulfate",-4.91418796036126,-0.470352519033339,0.0820132447168411,-0.546921257451318,-0.0945307104230544,0.507723245398963,-0.000111963484321438,-0.0842380136689458,0.653545846174122,0.243401961125457,0.127854833788957,0.842709521905326,0.751780907534541,0.637989722844363,0.746435875538703,-1.11947272179713,0.560803986132309,0.632441340048883,0.588006157038387,0.346717138835776,0.508391365136767
"5-(5,7-Dihydroxy-4-oxo-4H-chromen-2-yl)-2-methoxyphenyl hydrogen sulfate",-1.79197629302473,-1.20709950663142,-0.887201514319267,-0.931226657724933,-0.858467186133419,-0.886167902595626,-1.01293995159342,-0.781476193967321,-0.79413852389239,-0.808880268864105,-0.813648259662574,1.27009023921414,1.43031987775375,0.926011608980028,1.17511093327526,-0.981080924704223,1.32860870633622,1.44333421795876,1.57626902775111,1.44115728428876,1.16340128755539
"5-(6-Hydroxy-7,8-dimethoxy-3,4-dihydro-2H-chromen-3-yl)-2,3-dimethoxy-1,4-benzoquinone",-0.951246474144645,-0.202812972614144,1.42624943830603,-0.594407247402692,0.841863843334131,0.839491874582206,0.0651409924881164,-1.23792140189452,1.5479433156869,1.05460209695965,1.20533204696037,-0.754679362557761,-0.545127362139002,-0.719852553184774,-0.583352387923956,1.73850832498969,-0.720888485067836,-0.64210059290338,-0.557745820293478,-0.637201336562034,-0.571795936618895
5-(7-Hydroxy-4-oxo-4H-chromen-2-yl)-2-methoxyphenyl hydrogen sulfate,-0.890336269272982,-1.18993414450862,-1.44569090107763,-0.270184971239543,-0.669843385125668,-1.49582328326282,-1.46826444529117,-1.46031089789143,-1.42199212447525,-1.21905440110869,-0.94499046418655,1.54427639572172,1.56731373062242,1.2370857052012,1.3826612844316,-0.32412126086467,1.40603466994605,1.53576112303958,1.44775505876899,1.38555520307776,1.29410337749568
5-AVA,0.481923880881441,0.628718701413845,0.346055971962911,0.826382008436007,0.964152468536362,0.656678892118795,0.315359565287709,0.254190959966104,0.382866608310344,-0.0762446108313406,0.450788619733666,-0.554391187746673,-0.502971204018026,-0.494977106233139,-0.336555725943804,0.424285726457012,-0.76844078266347,-0.568528121643756,-0.479012928965505,-0.465537312148746,-1.48474442290972
5-Acetyl-4-hydroxy-2-methoxyphenyl hydrogen sulfate,-1.03186040108567,-4.01219675192533,0.868793397798,0.133096200519525,-0.456166395265859,0.967903351123203,-4.01219675192533,-0.560542475929289,1.06241184414578,-0.655912900731417,-1.13873674860896,0.540969528330743,1.27218322245397,1.22810661415231,1.42302213593363,-1.1547670664349,1.18653778835316,0.972270358645704,1.30843869646955,0.996002659802181,1.06264369417903
5-Amino-D-isoleucine,0.498424054291191,0.875546456718667,0.75170246792869,0.857987645146234,1.07863854275672,1.0357781338484,0.462334394550339,1.08722671968683,0.0528356862281992,-0.248683695834152,0.638393144415976,-1.95267371866762,-1.33355600885254,-0.391789109078658,-0.187413026167576,0.620349607190627,-1.02443665589193,-0.88333173289961,-0.539092748448803,-0.728346600595992,-0.669893556324972
5-Deoxy-5-aminoshikimic acid,-0.969034084922914,-1.15579433101904,0.307752220842955,-0.167131694572099,-0.138983035552873,-0.207850905046915,-0.294741437020818,0.0226679172175366,0.068146369739239,-0.00172330516532014,-0.0352634680172424,0.517413263710493,0.50149762515138,0.116421285008159,0.402030474662369,0.158837049599606,-0.13535953022283,0.0269759918669589,0.316509424863785,0.257108267736417,0.41052190114124
5-Hexyl-2-oxotetrahydro-3-furancarboxylic acid,-0.170677238084544,-0.380867436425283,0.681994984407134,0.898319858920968,1.05383585283945,-0.224524474225357,0.177813577954031,0.650740311345837,0.707797459046522,0.622038153862287,0.666476902205465,-1.45885733231233,-0.769323759483481,-0.345184719594218,0.24670809686795,0.962437137485547,-0.993030732094155,-0.931606161899671,-0.204719921851726,-1.10253692752356,-0.0868336314408704
"5-Hydroxy-2-(2-hydroxy-6-methoxyphenyl)-7,8-dimethoxy-2,3-dihydro-4H-chromen-4-one",-0.175607292405835,-0.447218496583382,1.18409087503079,0.13433699668686,0.804250975640603,0.34286416226755,-0.0277621172902778,1.4778523305484,1.44117964041482,0.703826476888475,0.887350232624246,-0.993698348010333,-0.674403107613396,-0.958187466035251,-0.773094769514359,1.08069409865667,-0.967763722066445,-0.825896597965798,-0.981894611221543,-0.639259323192206,-0.591659936859596
5-Hydroxy-2-(3-hydroxy-4-methoxyphenyl)-4-oxo-4H-chromen-7-yl β-D-glucopyranosiduronic acid,-1.08403266398469,-1.02752257041852,-0.706947589841387,-0.800670747582371,-0.776852316233108,-0.786866109337996,-0.945335058019618,-0.685945441450265,-0.609382007071226,-0.583633130205385,-0.659028869974052,0.95730202415903,1.12499169502476,1.11327021218153,1.40514834251382,-1.01540064429083,0.961177358297889,0.450798579888519,1.18923884075305,1.23709531887287,1.24259477671798
"5-Hydroxy-2-(3-hydroxy-4-methoxyphenyl)-6,7-dimethoxy-2,3-dihydro-4H-chromen-4-one",-0.0210177193648888,0.286774591942459,1.34376705074823,0.488254932742581,1.06390016352991,0.820736970286857,-0.081651438771765,1.53918533492613,1.41311179499989,0.923771207208548,1.09158108235663,-1.13342920124067,-0.976238500338901,-1.21095025856905,-1.11931691996919,1.10864137626499,-1.1326826186106,-1.04936419708553,-1.10781311472178,-1.02210193800563,-1.2251585983282
5-Hydroxy-2-(4-hydroxy-3-methoxyphenyl)-7-methoxy-4-oxo-4H-chromen-3-yl hydrogen sulfate,-1.46174975524948,-1.18953811929257,-0.737104406771082,-1.14133108064776,-0.859649679173788,-0.438041267550551,-0.934753279366434,-0.778137962805808,-0.10635168305516,-0.664763375238019,-0.697835896249882,1.33912668846796,1.21147996413163,0.78368462584269,1.0677391495461,-1.32632922211271,1.11120076833925,1.0583341314973,1.44235238531963,1.25797647446672,1.06369153990194
"5-Hydroxy-2-methyl-2,3-dihydro-1,4-naphthalenedione",0.478572396042456,0.429666029937033,0.779020439420649,0.743878813260661,0.703578118343023,0.626933974544264,0.405495135036666,0.825138019102485,0.797303328987319,0.662315165328834,0.794236805853724,-1.49551077891142,-0.949876291376985,-0.666477680822913,-0.0705027054506813,0.810549789307967,-1.65808816959837,-1.44223458548706,-0.552263560959354,-1.24716380013839,0.0254295575801001
5-Hydroxy-DL-tryptophan,-1.06411634665154,0.00182167771425728,-1.4608962247023,0.137466868845914,0.0611591239564093,-0.233571162260305,-1.09379116882098,-0.991439290165328,-1.02151121506595,-1.29402257675761,-1.3825521041523,0.978905065743285,1.16831746848357,1.00658736810117,1.12621721447779,-1.2515216116241,0.880368334351879,0.856775380070734,1.23479776792776,1.16620016756167,1.17480526296595
5-Hydroxyindole-3-acetic acid,0.748667879458192,0.615765467959328,0.717540210433877,0.592489349221516,0.840097085128997,0.532807389859419,0.638376071079264,0.111569900410144,0.843675718328805,0.673456039061597,0.634912092033038,-1.15921239088657,-0.880148814736778,-0.587552427832082,-0.209713401310828,0.928893440975677,-1.74911549080553,-1.59766626450864,-0.624131261569286,-0.413414921651024,-0.657295670649099
5-Methoxy-1H-indol-6-yl β-D-glucopyranosiduronic acid,-0.969754331597829,-0.902043128841737,-0.506925114377485,-0.658308963960366,-0.594634742937499,-0.674074980619257,-0.926877681631521,-0.461478398334073,-0.576278432028722,-0.758918418074549,-0.626201526814428,0.858649841522134,1.03937900013731,1.14638609438792,1.20301936894159,-0.712370660676619,0.432043331883061,0.501581025136746,1.11458217930434,1.03537998241759,1.03684555616337
5-Methyl dCMP,1.11683027250425,1.00666019813874,0.210266117578147,0.927880515747995,0.871570081310076,0.830411448564384,1.19792310301686,-0.629009371769882,0.675326377381648,0.703549959778894,0.768458126297844,-1.32513280892096,-0.932514217767241,-1.30817562056483,-0.969071086031016,1.14890678691177,-0.888107930833295,-0.907308822394712,-0.843128285705624,-0.740785122780262,-0.914549720462786
5-Methylcytidine,-1.01275813510131,-1.02566324842721,-0.137652668156841,-0.987968078788243,-0.860626137290086,-0.088451287999445,-0.538247144337614,0.0753568366179928,-0.0515519369868556,-0.295383702639925,-0.227367676766853,-0.501929577872605,0.881367773656236,-0.541465532869922,1.17257716373702,-1.04750749879986,1.39142678620264,0.743519560222638,0.833563770550918,1.00028777295371,1.21847296209558
5-Nitrilonorvaline,0.874988621226873,0.410944983915102,-0.413302008794694,0.528043121914764,1.13346491335314,1.05823933066409,0.0875293781544127,0.239552954217151,0.212680649960992,0.0542031829299558,-0.557971248730363,0.571059041017431,0.887184254239096,-1.12465531213782,-0.11750592387798,-0.568339855291992,-0.525129598632868,-0.96815778402138,-1.15238593695889,0.189227430479404,-0.819670193626399
5-O-Methylvisamminol,-0.356230284073353,-0.138956076394516,1.05941598289948,-0.0634597294520678,0.132696507894759,0.109340841626581,-0.317582877737039,1.65131847395951,1.58334522020208,-0.103201067814026,0.122028130950693,-0.355000505301211,-0.374964248094511,-0.457727989162783,-0.571519375134257,0.310087571486696,-0.510851320496953,-0.402335480375535,-0.423200286637973,-0.268372466309239,-0.624831022036376
5-Octyl-2-oxotetrahydro-3-furancarboxylic acid,0.576791672314484,0.732633581281749,0.958783298274633,0.847261169544271,0.81112070310873,0.761364200449979,0.673880687410199,0.938272466299294,1.08122212096255,0.857737586139562,0.948861496536301,-1.13902595514776,-0.962985104716367,-1.22224848797739,-1.12387159954753,0.776078384859989,-1.10703498494942,-1.00265484939144,-1.14924084670598,-1.01944828489002,-1.2374972538558
"5-[(E)-2-(3,5-Dihydroxyphenyl)vinyl]-2-methoxyphenyl hydrogen sulfate",0.477514287455196,0.767460212527093,1.0996135202675,0.740507941208788,0.733023903510031,0.660694083535479,0.767775548563192,1.06197549912661,1.10612942984489,1.31674718242372,0.984677335231103,-1.19312796258563,-0.966663767063305,-1.36457825151888,-1.24225445570033,0.950532340145909,-1.14656010875842,-1.33375016252948,-1.12484732536941,-1.07581687901526,-1.21905237129876
5-[(E)-2-Carboxyvinyl]-2-hydroxyphenyl β-D-glucopyranosiduronic acid,-0.950851347705224,-1.09358825011702,-0.831019248865563,-0.694872137772225,-0.680531870878891,-0.915437781902401,-1.06523269064913,-0.806586849842741,-0.78191502703636,-0.818888842170601,-0.738850390895375,1.02387599748336,1.11971624923018,1.33036430254664,1.14288617152642,-0.74926691484823,1.13095944929427,0.889670938908393,1.06151623304578,1.05862719152704,1.36942481912168
5-decanolide,0.051811993671028,0.392443034739743,0.696074173972001,0.52824488744579,1.13996985608178,-0.402312850131437,0.40006453611027,0.446713246416795,0.600016583048404,0.401820588869673,-0.0619982946808028,-4.66784913114808,0.168674875456071,-0.121219718739876,0.0817845680504617,0.993737239960322,-0.151601316083306,-0.0133054098928001,-0.210851917969797,-0.248060451653858,-0.0241564935223872
5-guanidino-2-oxopentanoic acid,-1.05267778384004,-0.0238442293731115,-0.323984043048378,-0.28976327599126,0.199208164194261,0.676015991868942,0.156134363851059,-0.206932610654774,-1.19169714706775,-1.82635168806484,-0.316500739061498,0.255310854092676,0.908864709571074,0.298064808380928,1.46014443940784,-0.650246940498525,-0.691989618644204,-0.443802237417731,1.04712263619701,1.23571264838901,0.781211697709333
5-hydroxypyrrole-2-carboxylic acid,0.188656289477434,0.700766850532791,0.253972810288019,0.754368106710474,0.991788253488529,0.872292894829681,0.440109810183117,0.0253103204372581,0.564476060354248,0.442905288581748,0.452560527985072,-0.831935453247758,-0.708205324383831,-0.651186779122373,-0.152211748238114,0.683575710330135,-0.924687905982295,-0.96533850174289,-0.563744801123051,-0.607154019458083,-0.96631838990014
"5α-Androstane-3α,17β-diol dipropionate",0.430950601692181,0.535305194035229,0.752413046919749,0.663623692751085,0.954438236629776,0.437796012962886,0.671167650740729,1.0162982234676,0.308226372072681,0.994516009006765,0.550076604446747,-1.35402909815834,-0.0348801144967413,-1.26944175902569,-0.871723431273154,1.06850345113795,-0.897880350634449,-1.09520786372656,-1.11109638584353,-0.621496631806453,-1.12755946089846
"5α-Spirostan-3β,6α,23-triol, (23S,25S)-",0.923034676491179,1.32791373554096,1.3579490841123,1.34709241895275,1.4296967985009,0.825211366817595,0.911934590309055,1.61856565731589,1.45250902657499,1.15241058633503,0.991595228417485,-2.28766765747186,0.760247100209509,0.356840768423881,-2.28766765747186,1.55867256430149,-2.28766765747186,-2.28766765747186,-2.28766765747186,-2.28766765747186,-2.28766765747186
"5β-Cholane-3α,7α,24-triol",0.706848710267339,0.785519135752359,1.0122354472942,0.824841602267477,1.05611701946233,0.652845790311771,0.575682548681716,1.11294086904689,1.01214247102843,0.681632591074791,0.742826363117885,-0.735420077635385,-0.211286704544945,-0.742776989848877,-1.71727399319341,0.886635730938791,-1.31665064432998,-1.54055912878173,-0.829304275140501,-1.22110768649859,-1.73588877927056
"5β-Cholestane-3α,7α,12α,25,26-pentol",-4.09204740207122,0.59058248368306,0.943462241318113,1.08689773511431,1.2165971061158,-0.109803140408692,-0.163096522836504,1.21082504718261,0.923835948000467,0.89176048326335,0.10050330363126,-0.820200104701521,-0.226052631775113,-0.0856731835095606,0.0139050907746319,1.10273991115238,-1.21546239136879,-0.360684322005101,-0.256899264759766,-0.105152245994316,-0.646038140805399
"5β-cholestane-3α,7α,12α,26-tetrol",-1.4524210197713,-1.4524210197713,1.94619120422193,2.28192028220882,2.56476543053099,-1.4524210197713,1.00346451352451,2.25152552248952,1.92449090974218,2.50135219532288,0.68313253049368,-1.4524210197713,-1.4524210197713,-1.4524210197713,-1.4524210197713,2.27220964872118,-1.4524210197713,-1.4524210197713,-1.4524210197713,-1.4524210197713,-1.4524210197713
5′-Butyrylphosphoinosine,0.291211822679506,0.434155346960373,-3.85667991218968,-0.863585579229352,-0.867076247584222,-0.815081601434777,-3.85667991218968,0.344923034494232,0.495899508140375,-0.608311922777172,0.452693265526823,0.875097669637996,1.00828699318136,0.94514623417543,1.03847447898976,0.320788165747542,0.791276042101633,0.788618573799891,1.06463984886024,1.02354810355131,0.99265608755841
5′-Dehydroinosine,-1.19134842844291,0.386978597237474,1.25067917861804,-1.10714052231112,-0.247418166632287,-0.490393850998492,-1.62792301022993,1.4175453964517,0.290880461795688,-1.4384075405637,-0.688599633266433,0.168382391597807,0.481392623946513,0.315847420433325,0.494892919047214,0.153280796892199,0.20068336478405,0.166735864461522,0.55234086745344,0.410049952078481,0.501541317647428
"6,7-Dimethoxy-4-oxo-2-(3,4,5-trimethoxyphenyl)-3,4-dihydro-2H-chromen-5-yl 6-deoxy-α-L-mannopyranoside",-1.19276172824734,-1.00462313561307,-0.648723408175718,-0.833190409361878,-0.874960033679903,-0.823645373289161,-1.06425315025743,-0.622578722205978,-0.722249664405278,-0.801090569069522,-0.793622566771192,1.20466699615961,1.29925055066111,1.17509598620849,1.30557290476743,-1.0678898292061,1.01754666501821,1.13480914220708,1.05375644004944,1.12477296948966,1.13411693572153
"6,8-Dihydroxyoctanoic acid",0.0432901423681267,-0.195311973250278,0.40405487211645,0.8710094743417,0.761098669289844,0.00763910625998005,0.189291633678915,0.360814412017822,0.779140321844517,0.0338721487584437,0.24678108376111,-1.23665841595543,-0.795277443473297,-0.537473706122264,-0.408527788135312,0.595381253009452,0.530852837172615,-0.484299363492666,-0.104930819976033,-1.03853075035416,-0.0222156938595189
"6,9,11,13,14-Pentahydroxy-11-isopropyl-3,7,10-trimethyl-15-oxapentacyclo[7.5.1.0~1,6~.0~7,13~.0~10,14~]pentadec-2-yl acetate",-1.64606728475648,-0.702439740022405,-0.154645517873996,-0.541665065154854,-0.494695057492525,-0.627767376996913,-0.703736846187611,-0.0872440591654381,-0.378294098251669,-0.443750338440703,-0.548214884614068,1.77615551735737,-0.0114915528883607,-0.298284652024333,-0.0715856860526696,-0.644130023662829,1.81460875984553,2.17679258718162,0.626295145599382,0.989814370519027,-0.0296541969181066
"6,9a-Dihydroxy-3,4a,5-trimethyl-2-oxo-2,4,4a,5,6,7,8,8a,9,9a-decahydronaphtho[2,3-b]furan-4-yl 3-chloro-2-hydroxy-2-methylbutanoate",0.228581011023613,0.459391593466358,0.741732284068518,0.60910542589269,0.693214378820981,0.62807199171556,0.499681768821702,0.67002167254104,0.757442449272907,0.599098556738387,0.587896790587966,-0.308389004354796,-0.45516714243363,-0.685909868867538,-0.550982079310136,0.490444820363352,-0.574510151780924,-0.550229277226901,-0.501948023975818,-0.474236816100835,-2.86331037926249
6-APA,-1.12207112711502,-0.983959761364482,-0.678006193549929,-0.870711774665851,-0.807895934162927,-0.895820790755084,-1.24138615963691,-0.4717272504419,-0.706431831057316,-1.17090736220558,-0.876401307406438,-0.0891694387175528,0.663379422500157,1.51363342828165,1.28688863353375,-1.06702969345549,1.23492042615225,1.06933884514926,1.68954577977874,1.69636793612477,1.82744415301387
6-Deoxy-3-O-methyl-β-D-galactopyranose,-0.793280591937647,-0.452715150514372,-0.442432111720253,-0.0673475783472911,-0.00222999191223412,-0.353304747250088,-1.13842037508352,0.164733067512418,0.204537251435864,0.342292622532821,-0.369084668683775,0.514126517371325,0.6920704004547,0.268476074340673,0.8244180848715,-1.92966745417316,0.302815894920361,0.40991977435922,0.567476194985737,0.711578782188714,0.546038004649028
6-Desmethylmonacolin J,-0.180416502266,0.61010360009824,0.918152320394797,1.10402062881338,1.16840059065584,0.504749784214003,0.707762148413806,0.943196574350038,0.711372612561365,0.880279767665487,0.968618274722084,-0.0475775907491618,-0.52059742529218,-0.897523579970611,-0.830705827690609,1.31895531829178,-0.800677314599952,-0.900790571155529,-0.152260045043161,-4.45143310412783,-1.05362965928581
"6-Hydroxy-4,9a-dimethoxy-3,4a,5-trimethyl-4a,5,6,7,8,8a,9,9a-octahydronaphtho[2,3-b]furan-2(4H)-one",0.626792356837579,0.443511973656606,0.259676486800706,0.546177090574449,0.192267458250198,0.185113556883989,-0.309070924219696,-0.0853227276084302,0.508062633157826,-0.246853881758578,0.074410237038876,-0.466900814423877,-0.356688484594633,-0.803760223799691,-0.31065294056752,-0.530402119766959,-0.701215174597415,0.323941421734663,-0.0677472168240376,0.110058446379251,0.608602846846672
"6-Hydroxy-5-methyl-4,11-dioxoundecanoic acid",0.73657391593111,0.810885957596849,0.98643598731154,0.851835116112493,0.935219507649774,0.803984275397121,0.80666672040084,1.10790359899247,0.950262653129358,0.866118746545339,0.944741464575268,0.104394900307869,-3.55527076957374,-0.667972734474773,0.395139970341723,0.821597373782864,-3.55527076957374,-0.275291782805757,0.261800229107639,0.22551640881951,-3.55527076957374
6-Hydroxymelatonin,0.612105504160506,0.575737396662132,1.35381612630043,0.446219900208765,0.79878303401692,0.519597311486224,-0.028822575041512,1.67477511377653,1.28582999425302,0.630484288035972,1.1543275769341,-1.38065696010488,-1.18342804128206,-1.00179555301765,-0.531614696393615,0.485291046855526,-1.21816889718754,-1.54799141340575,-0.702984722662118,-1.01308741618314,-0.928417017411833
6-Hydroxypentadecanedioic acid,0.895294380047417,0.863190080688262,0.80284092239888,1.17693325686497,0.807699402614454,0.925796978405707,0.804515821920384,1.05923717235912,0.967065671283016,0.747263135765246,0.883103624681064,-1.2133533688488,-1.22535975599158,-1.27513514090151,-1.34357242086957,1.0661117023633,-1.30708476379849,-1.23788212046985,-0.946693071384147,-1.07433536151676,-1.37563614561109
6-O-Sulfo-α-D-galactopyranose,-0.670518787421201,0.661055429512064,-0.873204230250938,0.436234624363305,-0.321279065133621,-0.51294260916878,0.301881273716818,-0.124669902336433,-0.459575646890949,-0.907733532001686,-0.861967752710004,0.724269366606756,0.515283212699349,-0.129866581781606,0.0435833912524663,0.291518724949111,0.479423101406998,0.799045626786939,0.439756407223284,0.331158288239208,-0.161451339061103
6-Oxohexanoic acid,0.446738611225771,0.721538859894335,0.708034951929053,0.72273175600641,0.827151004223657,0.67916629562362,0.569492799434263,0.805309373213021,0.577068584092702,0.355014881312054,0.534610267960321,0.25780757724331,-0.0873146470017509,-0.097122377015171,0.364509106807475,0.727875143238341,-5.7000268326565,-0.436265955059493,-0.539218027068332,-0.467046253215926,-0.970055120187189
6-Thioxanthine 5′-monophosphate,-0.365835422581732,0.280021782431397,-0.712176178847606,-0.854404070830913,-0.794549473275371,-0.869232214278436,-1.10753315656256,-0.669524437426688,-0.777303183716697,-0.949088504972724,-0.824216483731154,1.10879163102731,1.37050767087019,0.451437148211411,1.01187149445033,-0.907947424711377,1.36546089454833,0.842635497469062,1.23843754755162,0.708573402420823,0.454073481954762
"6-hydroxy-5-methoxy-7-(4-methoxyphenyl)-2,2-dimethyl-8-pyrano[3,2-g][1]benzopyranone",0.835514966967742,1.12152354946639,1.40814456144225,1.14028370972825,1.3893767408397,0.639878990700713,0.528146204433931,0.62061112289368,1.3641663559168,0.569797528344957,0.402036220644812,-2.00641333797036,-0.823397246576089,-1.22747814558073,-0.938974018826418,1.39785651317317,-0.913935407796364,-1.12265318815563,-1.43955992903317,-1.56271773106527,-1.38220745954835
6β-HYDROXYCORTISOL,-0.994849667385467,-0.971257501715998,-0.646499538499005,-0.770648613471993,-0.718395915878654,-0.793237747524901,-0.991763894872557,-0.60927859377659,-0.703341791059066,-0.853329689726321,-0.821026331322838,1.65649249234081,1.77110469480628,0.47826611766462,0.141250836113727,-0.797155435337285,1.65915951449042,1.74297168910252,1.05540080238436,0.936707754861825,0.229430818806108
"7,8-Dihydroxy-1-naphthoic acid",-0.00403102623826927,0.565025191718054,0.852549751554255,0.101402824114799,0.86496105394132,0.778937724286256,0.868727753187253,1.41243997579292,0.589425562408256,1.05207891610141,1.10227169653468,-1.05064262982513,-0.778830827491447,-1.42210800704565,-0.938902194146149,0.987427892802983,-1.07459072757202,-0.944897227767883,-1.06844830856943,-0.772630724193999,-1.12016666959219
7-Hydroxy-4-oxo-2-phenyl-4H-chromen-5-yl (2ξ)-β-D-threo-pentopyranoside,0.954653820147738,0.900078613334113,0.480146986675681,0.81652265018945,0.859646468920432,-0.0459220264427415,0.432908013325255,0.313065915916375,0.171443116698541,0.164182920642342,0.384139735526738,-1.99660506024058,-0.143497493202987,-0.419203371883313,-0.275207861759221,0.83241806840991,-0.50499063436921,-0.433019846063441,-0.769909229570635,-1.11150065859012,-0.609350127664327
7-Mercaptoheptanoylthreonine,-0.757564510929935,-0.779661248634441,-0.850199453295705,-0.827396244645595,-0.855823921658137,-0.757621015067616,-0.574978935590279,-0.936459788581687,-0.644579822257248,-1.03233723333874,-0.834461010706093,1.14755765935475,1.29690653412116,1.05995963269159,1.24052023998364,-0.716381087792849,0.672244350870151,0.82960912960651,1.12512402925505,1.115710355399,1.07983234121646
7-Methylxanthine,-1.3247912255529,-0.601522768357845,-0.674589533609794,-1.13428537359569,-0.581638542943697,-0.81189993454132,-0.920020847926284,-0.59497160174834,-1.25537433778021,-1.26351246931622,-1.05661162943977,1.13900583529316,1.2670277492829,1.40290616886966,1.4850088430875,-1.14518818073587,1.15705519323132,0.927200184746196,1.35405589619692,1.26201402417218,1.37013255066809
7-deoxyloganin,-2.13964731256125,-2.13964731256125,-2.13964731256125,0.242488385381644,0.240140119389172,-2.13964731256125,-2.13964731256125,-2.13964731256125,0.380446306106651,0.423705996205235,-2.13964731256125,1.7745792010721,1.85314591938627,1.8156390362167,1.94483277419138,-2.13964731256125,1.7224547289174,1.69710304443987,1.6273092650334,1.64999896137993,1.74533476277024
7-ketodeoxycholic acid,1.05127590017943,1.00521485298238,0.773248165903718,1.13219813519817,1.7367021853425,0.466098800396221,0.943040054342899,0.702895380091859,0.836047008156909,0.718375168089102,0.788533907065218,-1.50651574393244,-0.915857006120205,-1.32779468210632,-1.21548285342771,1.3654034520234,-1.18596294028246,-1.15662917831515,-1.38149397268804,-1.51216656565747,-1.31713006724199
7α-Hydroxy-3-oxo-4-cholestenoic acid,-0.619182715235786,-0.411585113671582,-0.721578595929899,-0.277198625344726,-0.387825176423774,-0.509648400861011,-0.910632308737664,-0.614779409862123,-0.166464190507597,-0.385825906239173,-0.421462983856155,-0.775815581738483,1.28809888123485,0.825626465127508,1.37602637535582,-0.222507265124793,-1.01170977581407,0.338001393503312,1.56291581555457,1.83608454938112,0.209462569189612
7α-Hydroxy-3-oxochol-4-en-24-oic acid,0.347968382732877,0.589847163559474,0.726962834262756,0.883939137050802,1.08851947933039,0.0052112005136051,0.687309848594066,0.763320374554448,0.652973169241397,0.875908398100558,0.674051636536589,-1.36361328976779,-0.335925962974021,-1.33568094383737,-0.896431364905734,1.49725665975331,-1.02730103754696,-0.959898470304155,-0.409027925872848,-1.2137053062803,-1.25168398274107
"8(R),11(S)-DiHODE",-0.0266315801071019,-0.0988974092704961,-1.27176934368571,0.319317043236646,-0.540453940495839,-0.399099298902329,-0.733442047048143,-1.15025010160166,-0.667576568567217,-0.948846785000725,-0.599420300864801,0.557275531822666,0.682735028851299,0.668877877888506,0.977164814327844,-0.675900862075646,0.475567390898899,0.529718123423889,0.939630067531754,1.18460972516396,0.777392634474217
8-Amino-7-(carboxyamino)nonanoic acid,0.780209833441453,0.547624530293142,1.22237737567339,0.278598864554562,0.700106252272776,0.31388317038994,0.0246723722166784,1.47164521882821,1.13349985482939,0.428910237138284,0.806678999671723,-2.43860432912028,-0.538462467740874,-1.51112914995329,-0.400071466521752,0.645095891618902,-2.38703821745697,-0.637556498117965,-0.0755683903813572,-0.287695053100381,-0.0771770285355582
8-Amino-7-oxononanoic acid,0.649541789475464,0.280796510504974,0.620252834118038,0.307113493848724,0.569365614896804,0.374279894054195,0.0960725853793497,0.619938087281,0.630027268286354,0.272942795153482,0.435396621637927,-5.03643386940125,-0.984127914176047,0.119774070783931,0.54418963374833,0.541654063648855,-0.400723339771065,-0.711807070270978,0.419035615551385,0.27704417329942,0.375667141951109
"8-Azabicyclo[3.2.1]octane-1,2,4,7-tetrol",0.10962827165032,0.201605825190471,0.74945818457409,-0.894169856245588,0.620000641633107,0.498157631410401,-1.01193277782953,0.762329457353156,0.725955039798019,0.278800585655035,0.553034929316676,-0.257239686279202,-0.228331586854135,-2.3582577942346,0.262689407501043,0.315300773771835,-0.283239558248542,-0.44867965409218,0.35602799352764,0.094689923288004,-0.045827750886007
8-Hydroxy-2-[(3E)-5-hydroxy-4-methyl-3-penten-1-yl]-2-methyl-2H-chromene-5-carboxylic acid,-0.529776237376918,-0.414353306026076,1.31359462790692,-0.362371833752434,0.698513257346304,-0.312570764328089,-0.574099705108548,1.37895786949054,1.43254045306278,1.37488128226339,1.17344776587965,-0.789343416630552,-0.775694941380965,-0.814372350003016,-0.713215416812424,1.66574614200795,-0.757257540880516,-0.692766451901127,-0.814045150861904,-0.674122730747691,-0.813691552147304
8-Hydroxyalanylclavam,-2.01809705275207,-0.491756219314389,0.213674764002936,-0.366472131062936,0.0207417247504914,-0.456260188674578,-0.202209202575308,0.558051908381328,0.0988670105994973,0.111412458953356,0.0355070320285272,-0.202558084206668,0.314528808943255,0.207685193234248,0.78516364008865,-0.403009201130829,0.471247487491329,0.0490794186011311,0.101168443115606,0.495290758821698,0.677943430704757
8-Hydroxyhexadecanedioic acid,0.319453801448545,0.546144803322892,0.83917035875317,1.00657008959267,1.01317735937224,0.701453855562605,0.722552711500138,0.957482393739147,0.765204038220892,0.560198421250063,0.782876292992052,-0.973694869978409,-1.39680422936105,-0.212090379011306,0.0536827540937298,0.585395034504683,-1.97649251217768,-1.92692619270683,-0.92517844248949,-0.954469537644893,-0.48770575098315
8-Iso-15-keto-prostaglandin-F2β,0.538640115130792,0.718939007265965,0.921789828563999,1.28560126876848,1.25617318323432,0.717957353725921,0.810775261545517,0.938281250735382,0.789134761969528,0.9117091821614,0.933588781290112,-2.4630040032281,-0.756384490948219,-1.22749478838347,-1.20594084904063,1.25552250842685,-0.954741879270789,-0.934305165181414,-1.2068845077992,-1.10331088187163,-1.22604593709479
"8-[(3,3-Dimethyl-2-oxiranyl)methyl]-7-methoxy-2H-chromen-2-one",0.196054242127713,0.361917727128097,0.515207117171587,0.706376745841387,0.524804941609187,0.216792014241045,0.2413700746264,0.663704212598163,0.673826934652788,0.413312626492817,0.611837281431272,-1.89371799599959,-0.261595536517731,-0.364728648686731,-0.0497958648859997,0.737918526073627,-0.508247698506705,-0.456303536410102,-0.675888201344207,-0.98780512729958,-0.665039834343448
"8-[(4E)-6-Hydroxy-6-methyl-4-hepten-2-yl]-5,9,17,17-tetramethyl-18-oxapentacyclo[10.5.2.0~1,13~.0~4,12~.0~5,9~]nonadec-2-en-16-yl hexopyranoside",-4.297745450383,-0.949425180745189,-0.872474601192069,-0.240495237639945,-0.28555835376934,-0.312227863097949,-0.525758346207935,-0.557719963084836,-0.553729867533228,0.0309800364401848,-0.575681586195417,1.06629929951721,1.17047642504165,0.848731543767426,1.11231317655551,0.0110880200289691,0.405116088389096,1.02228071062115,1.20291999691183,1.18242325700307,1.11818789557279
"9,10,12,13-Tetrahydroxyoctadecanoic acid",0.243233747474389,0.437866031512746,0.705388272715873,0.666898298803453,0.76683450752944,0.796057955472934,0.516550076861961,0.815470893006954,0.582568636613389,0.376852513192457,0.442614860048161,-2.21987970506758,-0.644665652478704,-0.280606822115085,0.0103178238154849,0.582614604656221,-0.847309193410343,-0.832733795094285,-0.90771187605039,-0.863007032082074,-0.347354145405006
"9,10-Dihydroxystearic acid",0.224786095904463,0.451512807336489,1.34455952195878,0.741087367818325,0.861201504896467,0.761856922129439,0.633945242423612,1.70991531149777,0.670335532527145,0.448663590377001,0.521199434593951,-1.47103293277084,-1.18154511230079,-0.632492316520069,-0.182079835462883,0.760614194222036,-1.12207405336556,-2.11294052111741,-1.01871879351144,-0.716652197968242,-0.692141762668219
"9,10-Dioxostearic Acid",0.241240160481543,0.158642205438946,0.517837244591037,0.562516144109001,0.550821518469293,0.246584143671472,0.18987055588461,0.205605397952417,0.568306788904504,0.321654828366934,0.60917017580241,-0.503376947386333,-1.08176817704862,-0.424407835270205,0.0357730792836629,0.407523245665798,-1.54416933204953,-0.644573677571329,-0.257388348705994,0.00841680984606027,-0.168277980435716
"9,17-dioxo-1,2,3,4,10,19-hexanorandrostan-5-oic acid",0.966340552273944,1.0113881811461,1.00405468241661,1.0904045549971,1.05129677979878,0.904610946838847,0.976618451046994,0.961642915621669,1.10329764017521,0.948136690150415,1.02341361009842,0.306702401221328,0.304544653505391,-3.3292274066056,0.163272378999709,1.06042478191637,-3.3292274066056,0.068559995654718,0.372200410560766,-3.3292274066056,-3.3292274066056
9-Hydroxynonanoic acid,0.739272023133958,0.814549401978202,-3.16560260191266,0.472605823107764,0.476934417704214,-3.16560260191266,-3.16560260191266,-3.16560260191266,0.657691007213128,0.520214478590859,0.643819270529447,0.871967121512209,0.827823392592171,0.755858857135183,0.87695513108551,0.556481667695328,1.03439489417651,1.04972929653802,0.887456330515887,0.743002604543572,0.733654689598658
9-Oxo-9-{[(2R)-1-(palmitoyloxy)-3-(phosphonooxy)-2-propanyl]oxy}nonanoic acid,-1.1750508181531,-1.1750508181531,-1.1750508181531,-1.1750508181531,-1.1750508181531,-1.1750508181531,-1.1750508181531,-1.1750508181531,-1.1750508181531,-1.1750508181531,-1.1750508181531,2.65859317799102,2.81671939704988,3.04924487169059,3.17936371393202,-1.1750508181531,-1.1750508181531,-1.1750508181531,2.86764829248423,-1.1750508181531,3.05419281914876
9-Oxononanoic acid,-0.161130498865589,-0.107438211067595,0.591423479259474,0.634354151834713,1.11490031738327,0.584550126579596,-0.0288245822922747,-0.050563898690706,0.743532051015653,0.430504364219676,0.596644202580107,-1.53437096767175,-0.0662887244862079,-0.524658816773296,0.296902578395837,0.718960264005569,-1.77611861432264,-1.00104153823891,-0.324599273180139,0.0103452900922351,-0.147081699777016
"9α,11α-epoxycholest-7-ene-3β,5α,6α,19-tetrol 6-acetate",0.622580828158188,0.802954475567725,0.893518539725047,0.790746788368197,0.740534470562838,0.558687431129737,0.454034339189072,1.20453625019129,0.76248414795884,0.843579728471193,0.671851735865788,0.097696463421945,-0.905501632104047,-1.34721579977267,-1.2090786198473,0.738882467382773,-1.16462024102719,-1.16694717576375,-0.86483615496008,-1.08459593739831,-1.43929210511924
?-Muricholic Acid,0.54604807814067,0.894457117454984,0.91854336255525,1.07550339704705,1.16197891647895,0.656148349708757,0.490016335722534,1.11889557307146,0.761051845279272,0.931337106460529,0.728411211994076,-0.0844707121671547,-1.00704135707752,-1.10066382893533,-1.25482693214643,0.994325820975069,-1.21499994288007,-1.23274752318164,-1.38487596275262,-1.46704368924351,-1.53004716650429
ACETYL PROLINE,-0.380342507641727,-0.00511942364578973,0.544055046887006,0.456413422341919,0.588759739093247,0.37687021261291,-0.0197152564339277,0.472392424397272,0.706343306074963,0.311304147466671,0.52331506705367,-0.84988576290224,-0.498647893536444,-0.804108794162662,-0.251423285542493,0.420118784204773,-0.161885337779495,-0.144899397831772,-0.435418883204302,-0.334365788810227,-0.513759818641365
ALA-PRO,-0.0833121778463845,-0.0196177401031802,1.02710836779502,0.37448829326451,0.1108853491663,0.441301245311221,-0.536871235875362,1.43375541450369,0.921884874670573,0.943917747739381,0.923459414206333,-1.44231408741962,-0.976787752153239,-0.539627023279204,-0.392390669723698,0.846423828519942,-0.348774739637483,-0.719089794344208,-0.870108852787794,-0.747762782470399,-0.346567679536375
APAZIQUONE,0.487679203392716,0.702526157783222,0.863485898851698,0.875006333968072,0.875529758303836,0.76354758250125,0.643528603092457,0.901110262957093,0.944672912535085,0.804566556784492,0.853113921976088,-1.08525535313253,-0.895050352680142,-1.13988852264228,-1.12429182231847,0.771684511240958,-1.01903349243473,-1.22414699852652,-0.995051377647971,-0.940777880819899,-1.0629559031844
ASARYLALDEHYDE,1.6599354619839,0.834545954171402,1.18797163774512,1.13948469405392,0.997864943714497,0.98146365746256,1.35156033085483,0.843716053958857,1.09459563444793,0.848663190661612,1.19311261723684,0.219103551690086,-2.90548055492478,-2.90548055492478,0.529035851657945,1.45390960335375,0.0809881530848225,0.111451438545825,-2.90548055492478,-2.90548055492478,-2.90548055492478
ATPA,-0.907740065835835,-0.791664936611635,-0.131960612425279,-0.116650341688418,-0.13549284670668,-0.34095464249635,-0.213611490237219,-0.538059024974571,-0.142598331850053,-0.502228106491483,-0.336290637555234,-0.767613373912783,1.12824931866891,-0.270063247821999,1.40796619480219,-0.493928641559061,0.95495542028375,0.0599238491015495,0.213753581772581,0.593424727291283,1.33058320824634
Abietin,-1.11716356730298,-0.811519124090866,-0.714693233223711,-0.671582955191098,-0.591076193244174,-0.528647848056066,-0.748095972222173,-0.666204649286248,-0.228467449773226,-0.667063181651173,-0.602955427817982,1.00657191695491,1.25924432254944,1.38788017928621,1.64073508852797,-0.954046939706347,0.810370047288388,1.02076007361738,0.212656824458819,0.798600288836254,0.164697800046673
Acarviosin,-0.713699254374154,-0.802760821009537,-0.372808139951841,-0.580724728793894,-0.708929349094576,-0.605556249043135,-0.624108175836089,-0.285213840949415,-0.564732059647387,-0.409892850529628,-0.430771112787774,1.86197094520119,1.39551884138552,1.88919352860488,1.83793716270068,-0.945620336770869,-0.275479010889431,-0.583136400312403,0.681448988176658,0.442875643429837,-0.205512779508633
Aceglutamide,0.593276645360217,0.815704613351944,0.275290892718283,0.0081564958074997,0.0699085740364919,0.153279856955294,-0.00159096127880649,0.663404963351693,-0.692818420317243,0.0204372513068177,0.352177144081434,-0.722643417157665,0.00108919576964096,-0.548498459400476,0.30037318307797,-0.16307182786624,0.110701870016402,-0.962580454092172,-0.128557951016546,-0.0909783144527657,-0.053060880251709
Acetanilide,-0.156113091401126,-0.35824831276513,0.731859354685832,1.61173213477562,1.08791924795731,-0.257568704843638,0.0919872121902336,0.685755554771719,0.785435001399961,1.12296783563491,0.619104619051911,-1.0681752478959,-0.857164837039779,-1.07261633192501,0.182122891145537,0.339496394319001,-0.324434901923456,-1.04767770347755,-0.667672796970003,-0.693468433378669,-0.755239884311788
Acetic acid,0.207176108487501,0.608509181325494,0.492289257477475,0.552373322360905,0.744262087793494,0.0903405952414957,-0.0195469734191892,0.464106774336713,0.434622365475958,0.227002198122479,0.168561798950557,-1.02969021566289,0.310443766390028,-0.448176224172076,0.225403852788639,0.766669413510183,-1.77316692167522,-1.304458305146,-0.027109751065808,0.0348803469388692,-0.724492678058579
Acetyl-L-methionine,0.967045683189352,-1.48743997023654,-0.579427443248092,1.60452267914148,-0.595194708412636,-1.10485236990258,-2.63535733698438,-0.645180062024776,-0.969566792192485,-1.51576454337032,-1.06752330631621,1.06447551359621,1.25363905223642,1.0768021621269,1.19391282509307,-1.11231618631247,0.714328039667222,0.628647299133245,1.10308046712488,0.953588496587916,1.15258050110379
Acetylcarnitine,1.24808711104053,0.334169520921757,0.226571509895705,0.531941137152487,-0.206632710940436,0.329805632272716,0.164107472614884,0.322354372684068,0.312287454757161,-0.408469365587765,0.149560943811453,-0.847366975829117,-0.125983326496816,-0.0442680958644134,0.518004048777717,0.408399862281923,-0.240224286254221,-2.42651669599466,-0.374872039718855,0.268240536010094,-0.139196105534195
Acrylic acid,1.25440299980003,1.45423286501634,1.14033136525219,0.992255181369302,1.14240071643044,-3.13381984556577,1.22718641243291,1.24014580537801,0.951608658372329,0.911452189145567,0.378052887628059,0.726985698196239,0.731718911457703,-3.13381984556577,0.862734153740053,1.11550781094195,0.78368919801953,0.756394374648196,-3.13381984556577,-3.13381984556577,-3.13381984556577
Adenosine,0.292216649181648,0.656241060805706,0.478658304822062,1.51621466948571,1.55113315062724,1.07326980210982,0.80131090965412,1.02516659857467,0.530827751946177,-0.0818049767281275,0.778686920440134,-1.59596398018742,-1.55364265055004,-0.0469824012923195,0.261401548380792,0.416839776159059,-1.80637777178555,-1.57230205787457,-0.816869013077676,-1.35940003535563,-0.548624255335808
Aderbasib,-1.59459699614061,-0.739261906506601,-1.08639184695232,-1.23084052764411,-0.976871232364087,-0.688108505793351,-0.308012753799857,-1.17335105478321,-0.647710000123061,-0.967870543353948,-0.220472076222293,1.00830174914918,0.863730699534527,1.14974448770052,0.827734587237241,-0.566345005610937,1.08179871254809,1.19439734677384,1.33622024300007,1.40353270554968,1.33437191780124
Afzelin,-2.67728191537929,-2.67728191537929,-2.67728191537929,-0.0202628130260403,-0.394787202516083,-0.678856973898979,-2.67728191537929,-0.554762632979904,-0.0538972957346037,0.0437047184083743,-2.67728191537929,1.69968269865084,1.42586650697246,1.48704443722152,1.47894691201652,0.0267348916930914,2.14337401930273,1.75508867393638,1.5474959336092,1.62851132779734,1.8525263754436
Ala-Tyr,-0.0686066154650247,0.343142022064448,0.318931379737923,0.842036172033325,0.818739730411152,0.329867329376522,0.307166403855619,1.21525373393132,0.697813249964723,1.01258684402812,0.623387068093802,-1.43066269206038,-0.437983613103951,-0.661413670062367,-0.477432645089919,-0.0715247571189728,-0.581987466349041,-0.604416902538296,-0.726431195202398,-0.941639707976467,-0.506824668530135
Aldosterone,-2.03816543828289,-2.03816543828289,-2.03816543828289,0.409628799022487,0.406719170477235,-2.03816543828289,-2.03816543828289,-2.03816543828289,0.573261818683478,0.622411551062362,-2.03816543828289,1.97781167424836,2.18396596069239,0.991808895639523,1.02526741305552,-2.03816543828289,1.67327867832124,1.87786437289862,1.98958406127777,1.98745211843959,0.586268992444552
Aleuritic Acid,0.432844893804797,0.689490509913967,0.948069887841777,0.761435144730008,0.904408215754269,0.58195048895704,0.517869972934782,1.0136088802645,0.982445970367563,0.66112999626744,0.758481311047343,-1.65997752872572,-0.831971524781275,-0.857938367751927,-0.565590225204195,0.515068811650933,-1.02546115118158,-0.956879121296908,-0.920014026706766,-0.922268106430478,-1.02670403145559
Allantoin,-0.840617492151942,-0.798134136588328,-0.782313647106439,-0.0575789275409348,-0.656872217537832,-1.00467045990866,-1.20533816224215,-0.737404200557251,-0.926449722128126,-0.130651824916975,-1.21644809460222,0.952637869198633,1.18173317857011,1.02452606662393,1.50190325313571,-0.816835791061348,1.09377374776744,1.10690336425845,0.172778051448607,1.12624045674212,1.01281868859719
Allyxycarb,1.14927666801048,-2.89996224171808,-2.89996224171808,1.19316718478466,0.027305979615641,-2.89996224171808,0.866027092042206,-2.89996224171808,0.594784943930597,0.329973062585344,0.418145587995815,1.29692506723451,0.862159776047269,0.987796159889235,1.34873406279604,-2.89996224171808,0.824597285605699,1.31293394594891,1.31872976005435,1.29398940711654,0.675265224933046
Aminocaproic acid,-0.180437568546765,-0.554100542396865,-0.805474076295692,-0.0867751512089956,0.186287156391737,-0.0406359183311575,-0.412116186936958,-0.275048931650592,-0.631944880712299,-1.20955943609401,-0.407600166520469,0.797392566448464,0.768889588252057,0.530229914209459,1.37316761111079,-0.273261398225354,-0.68069225683554,-0.262370886465234,0.736893941682888,0.782883256192482,0.644273365932037
Amipylo,-0.0348137266464948,0.812446964705145,1.05442622593905,0.842303585320874,0.941384124168091,1.09846887019188,0.296490976086029,0.873066362131044,0.991738271500081,0.608744929782289,0.699797107672885,-0.572237994385234,-1.06704631365893,-1.20191275176425,-0.959722796276945,0.624659804738544,-1.31002990631953,-1.13988390723182,-1.18521868981892,-0.198363297000429,-1.17429783913334
Amodiaquine,0.333762656690868,0.396881295375821,0.525371382590539,0.418868275803491,0.827123097007404,0.914689724605029,0.505776685245347,0.627910196884866,0.959627435535114,0.889274732622606,0.580573812022303,-1.56346320112519,-0.510642164130324,-0.477533194002923,-0.19435844205798,-0.737164070994978,-0.802463300061754,-0.725759843695699,-0.60596695223964,-0.591232938988744,-0.771275187086115
Arabinosylhypoxanthine,-0.00445667678350977,0.500464788358105,0.443589085584397,0.578491944571326,0.794352234895496,0.473352379562206,-0.731395609824889,1.14545163482156,0.190932775757657,-0.278316774527206,0.0333812247262897,-2.42819114351893,-1.14960451791773,0.160704481530888,0.374783835123153,0.0708752278777974,-0.659370191121795,0.471682105892954,0.0497766735960455,-0.435053697399487,0.398550218795642
Asiatic acid,0.392079081857071,0.670120172456735,0.934163263216309,1.2439584282837,1.04048835203882,0.510861487482954,1.00556398779518,1.18918025317146,0.834490548810179,1.05992386240577,0.935505901989488,-2.01038157621462,-0.772562341873752,-1.01716592112418,-0.930199832463874,0.980223267968741,-0.996894767721202,-0.996572179237924,-1.22949224358546,-1.65307030167704,-1.19021944357836
Asp-lys,0.543586013192097,0.4768947073886,1.25521876619402,0.56888225523725,1.15853900750635,0.309152477875773,-0.350059061945511,1.32253592181435,1.44017357731156,0.38107696254995,0.601584882125739,-0.989054759154826,-0.788142726234366,-0.996447426515201,-0.918959748582566,0.507761261424,-1.04464691870934,-0.83476714220482,-1.07276232884824,-0.822028262070547,-0.748537458354276
Asperulosidic acid,-1.24059675819049,-1.14076258989129,-0.880169536114333,-1.06301692618562,-0.9126497420281,-1.03992773544325,-1.14543514959945,-0.799267414861413,-0.804781136627601,-1.00201759991056,-0.889375479908859,0.523732026294483,0.768909188232815,1.11522542524717,0.794370006237624,-0.986631049549293,1.5905990252018,1.71677523828982,1.8192104522265,1.82536088536443,1.75044887121561
Axitinib,-1.18134986896456,-1.13905833808072,-0.670734068617576,-0.814276745159085,-0.940734196855327,-0.838876068669447,-0.858066690516435,-0.713081239581989,-0.798493444866707,-0.647746444412687,-0.84114442883891,1.01328342041609,1.1961667064701,1.37715699786855,1.3122024461761,-1.00691813732636,0.986381234259367,1.09926195511541,1.14684504280579,1.13934488752007,1.1798369812583
Azapropazone,0.385588529973671,0.400525913382869,0.968891765376862,0.813975587589622,0.789616799892226,0.695052100922998,0.530948343713371,0.86819767084556,0.82570195116955,0.703353875442868,0.662602852610165,-1.44582508802387,-1.32801503231844,-0.654830078909679,-0.0333865707345972,0.725010447205922,-1.72076961411864,-1.40463816737431,-0.113732805883273,-0.779489097184522,-0.888779383578334
Azelaic acid,0.651515796558123,0.694175503370783,0.788211057124715,0.781501500098052,0.820485105931007,0.735145956459999,0.621296520075946,0.783151231487811,0.960556706909382,0.747296739561746,0.832411069734722,-4.63262414961834,-4.63262414961834,0.383689354128154,0.529626704832056,0.668877185750426,0.315499174461521,-0.50819674460988,-0.106492655279408,-0.744885238586562,0.311383331228102
Azelnidipine,-0.0998648677367665,-0.343474186277191,-0.427203374129788,-0.453882359171081,-0.592733705000271,-0.801910601526897,-0.993201583205547,-0.885342377606185,-0.330905213234645,-0.808071856962437,0.102034708656876,1.02707057454904,1.17660580687175,-0.192150597079718,-0.706854061247161,0.383276491050501,1.11030774363497,1.05946827771306,1.03441219953447,0.685435916900624,0.0569830642663813
BIS-FERULAMIDOBUTANE,0.0172014346372063,-0.0176945859898866,-0.739384346905186,-0.455185486526005,0.339543609287619,-0.495722726440597,-1.50455132907973,-2.22233478011541,-0.345323382878543,-0.358792032582661,-0.714744665260192,0.524615726609519,0.60801408120707,0.298989640239358,0.62236912246787,1.07693163601207,0.297686765178268,0.58489587621351,0.766444917312674,1.05332758039355,0.663712946219506
BUTROXYDIM,-0.890187652778123,-0.890187652778123,-0.890187652778123,-0.890187652778123,-0.890187652778123,-0.890187652778123,-0.890187652778123,-0.890187652778123,-0.890187652778123,-0.890187652778123,-0.890187652778123,2.36170379066235,-0.890187652778123,-0.890187652778123,2.93973276465218,-0.890187652778123,-0.890187652778123,3.05473380094363,2.96033854388152,2.92649354431027,-0.890187652778123
Bafilomycin A1,-0.674316545389893,-0.62062172561594,-0.883599798962443,-0.157200814526457,-0.250365315592805,-1.03164208873682,-0.532118336450232,-1.18993519501786,-0.999093379665708,-0.122758246009445,-0.385705936349032,0.469248948483384,0.842385535496727,1.0819276064724,1.28598445536494,0.0368131932524775,-0.147561284943934,0.322058826605938,0.927946936524035,1.10388415935525,0.924669005705427
Bardoxolone,0.652161512913478,0.24438832099574,0.847049346307844,0.56497467577793,0.549949747926391,0.702145665072487,0.629729380412142,0.923218799878818,0.997561039002624,0.570588963616142,0.68251631016677,-2.24548770015586,-0.529054902212006,-0.321297871358203,0.536696768738748,0.770904459286997,-1.69878292116603,-1.04787797767557,-1.16096053545231,-1.14082265209775,-0.527600429978363
Bayer E 39 Soluble,-1.38785021083076,-2.31599764075333,-0.687733906745285,0.406730627457629,-0.216730403954552,0.214693592390536,-0.99811699540523,0.500022963388759,0.42171985095242,0.417968010687699,-0.0841423454771099,0.543714425584674,0.551413343208018,0.278408761325331,0.50554853274363,-0.0385409630833343,0.245476571215019,0.173124455356225,0.578277689550202,0.527798383222844,0.364215259166618
Belnacasan,-1.01691503109697,0.796195858930878,0.761493563927973,1.04135021322913,1.15365581339585,0.347920019239773,0.894622888835614,1.04134403203255,0.175576367493177,0.699851903462579,0.583486663050663,-0.879092312453198,-0.376428386082134,-0.880131402061535,-0.567458436977398,1.02567679897693,-0.556651794565086,-0.706510449660617,-1.0352039467669,-1.27729532269458,-1.22548704021669
Benzoic acid,1.80697442805531,1.64699476361639,1.75383981887708,1.80348694623676,1.84599503640219,-1.95970896595437,1.80694194504053,1.78438576675417,-1.95970896595437,1.81437860151538,1.7182856037783,1.7714008615106,-1.95970896595437,-1.95970896595437,-1.95970896595437,1.84440588775702,-1.95970896595437,-1.95970896595437,-1.95970896595437,-1.95970896595437,-1.95970896595437
Benzoxazolone,0.5580019242639,0.560978089402812,0.785614202228636,0.947210658485658,0.838052544406311,-3.71376401622374,0.727354318326636,0.784091801726262,0.518837931691099,0.846532838347136,0.717770034855229,0.523750352935593,0.397641303711766,-3.71376401622374,0.76286004405757,0.525010709418115,0.415222052664955,0.66100199611017,0.446634532231891,0.12472671380748,-3.71376401622374
Benzyl butyrate,-0.827994046949732,2.60089490970217,2.20624443423854,2.9606161431924,-0.827994046949732,-0.827994046949732,-0.827994046949732,-0.827994046949732,2.79027092266956,2.68987834139302,-0.827994046949732,-0.827994046949732,-0.827994046949732,-0.827994046949732,-0.827994046949732,-0.827994046949732,-0.827994046949732,-0.827994046949732,-0.827994046949732,-0.827994046949732,-0.827994046949732
Berkeleylactone E,-0.345418731180864,0.0306405320786724,0.747625120429793,0.750123614236978,0.581534545556511,0.528176796130425,0.320718232686555,0.775281595526341,0.520469064028698,0.610431398141114,0.556057960374374,-0.537608081116012,-0.251604085969132,-0.895493982990585,0.210551773805914,0.586083095959059,-1.36405950292399,-0.35346371512917,-0.503057813451493,-0.554039797449186,-1.41294801874402
Berkeleylactone F,0.75722333952828,0.673105367580194,0.855593607810271,0.943345545361967,0.939502524498189,0.62907007857603,0.704426663042117,0.876998448010133,0.842622990541498,0.543800235746582,0.838862924060304,-1.30350303883747,-0.880161536838444,-0.620444355554903,-0.595414889405867,0.651713539811201,-1.19357562712819,-1.07279559617619,-0.990930692712239,-1.3008232491185,-1.29861627879496
Bevenopran,-0.890937004299891,-0.540069041018042,0.167269877865963,0.105450194487584,0.339409725569597,-0.0474997383792616,-0.0735065634253511,0.0876635621733646,-0.0489167028330774,-0.0852859348290603,-0.253053327490223,0.623706644729246,0.638462460944407,0.487593224933707,0.732201332351879,0.304436356935831,0.0829891920359958,0.214842246157312,-2.09949813283994,0.161271635297884,0.0934699916320705
Bicine,-1.94503529757832,-0.93982778674703,0.813561360494037,-0.0874331383979394,0.284985923922106,0.621775186119196,0.440992483298627,1.01507782497368,0.226322273944458,0.703259433733001,0.446636782016156,-0.118901510079548,-0.119969849271664,-0.385159356685017,-0.00921481458222817,0.596113794095148,-0.469299572110342,-0.467846876963203,0.0831761137936736,-0.327591851569914,-0.361621122404899
Bis(2-ethylhexyl) phthalate,-0.16289051613239,0.717111127988644,0.83305616271091,0.746809199366385,0.994234863867071,0.0361068805247013,0.621572039816226,0.590533262922819,0.597464903712017,0.579259133621844,0.602449746272512,-0.0925650106421752,-0.525633325436519,-0.837686317823414,-0.710428294304515,1.18774873677856,-1.2410961632808,-0.762688124183223,-1.12047478001806,-1.0339208687125,-1.01896265704806
Bisphenol B,0.397988198384422,0.893541483180679,0.659114171608914,0.894548003242907,1.36830478299394,0.420531968239976,0.509977004855755,0.939807469086591,0.830793383791112,0.852329318174208,0.919515684936955,-1.12328818017106,-1.0856071627839,-1.08556352629332,-0.937813969100444,0.320332082005138,-0.873404353722622,-1.04561010985868,-1.00476909858877,-0.923744292479224,-0.926982857502554
Boc-Asn,0.265463721176649,0.106169189288404,0.934070754981791,-0.173855976832237,0.394322442442232,0.0489983042558219,0.135746290729377,1.52939598971368,0.837200947959785,0.12439652056948,0.828143294751942,-0.364983854768471,-0.331835856777812,-0.256481668816825,0.271710466993927,0.129587922270211,-1.21661401874739,-1.37362304107716,-1.13453398330451,-0.423607092906386,-0.329670351902479
Brassylic acid,0.79845480397087,1.043355094599,1.08002080534849,1.04174170263781,1.01562813767629,0.944853777517869,0.868693988797939,1.07956980145613,1.14548083817843,1.026623043832,1.01997623057072,-1.3677116285725,-1.26640870186914,-1.42929231281701,-1.34701583987007,0.911963621362475,-1.38492165576055,-1.2280320969358,-1.3786901821029,-1.24688483736464,-1.3274045906554
Butopyronoxyl,0.49585812567222,0.391981934503986,0.726541370537069,0.979368364686075,1.03600009337008,0.569892516961457,0.708589808712978,0.949733930589061,0.845152428715575,0.883441917473076,0.77664318597761,0.549371793869846,-0.171870794259785,-0.638521854040819,-0.532291331650486,0.829365301346251,-1.19237424410695,-0.530805095918633,-1.1191583995032,-4.63318901480695,-0.923730038128461
C14-Carnitine,-0.855275919783083,-0.144996153699222,1.21772981180025,0.842910432575337,1.01833546803265,0.718956818395154,-0.699689236324709,2.2341782630828,0.441738791531441,-0.196975285162242,-0.788581446063058,-0.132201526045623,0.0573679629677531,-0.517050102219109,-0.0883848380989786,-0.602752187030326,-0.267550102261004,-0.285520570115506,-0.281969330129262,-0.409770570364762,-1.26050028108851
C2-ceramide,0.316176057434705,-0.46429946740063,0.573942854898588,0.923973899156725,0.867734059208655,0.159995862391983,0.224743850726569,0.878160853402177,1.21462722663897,0.799113550738953,0.783366134368046,-1.61797189674434,-0.31832283871697997,-0.579079004115692,0.140702190216399,0.983237538403618,-1.24283351916757,-1.14226996490562,-1.44557108272471,-0.906759573490983,-0.148666730318845
CLAZOLIMINE,-1.28288896166158,-1.22075763896489,0.230745656686675,-0.622870188793265,-0.994024018424698,-0.700890700688967,-0.95225060757389,0.11297518402164,0.235896365114873,-0.216330256555653,-0.727286885035458,0.932079660487398,0.630840078135474,1.74335153442162,0.158413144484343,-0.107474853922736,0.0675655564149319,-0.0962266986443877,1.32795214963172,0.158911726192272,1.32226975467457
CMPF,-0.722225825437434,-0.535805509334672,-0.276593122910847,-0.455324312286395,-0.307567490020127,-0.375654513507268,-0.28491976403513,-0.540200741498188,-0.0895158448662298,-0.0672469115694741,-0.0632750520763673,0.224879460393731,0.721206382962508,0.689325998928192,1.00755357411059,-0.363368796993672,-0.365662691435143,-0.761429046076759,0.869261327112799,0.868281784669678,0.828281093870261
COUMAFURYL,0.442106833267331,0.673920239543743,0.86875575449475,1.04959719454387,0.87438881711918,0.0993996989300211,0.393223953780939,0.840695045357361,0.134907198202195,0.781205324149621,0.589576937428053,-1.86914472482326,-0.398886916338164,-0.562903627069423,-0.488165878057009,1.21097315491395,-0.703772464728838,-0.684288041721368,-1.04521258240478,-1.33257024136483,-0.873805675223322
CYCLO(-SER-TYR),-0.896317342518252,-1.15222023649947,-0.370858601936286,-0.410814182961482,0.0543923624039127,-0.550627796763422,-1.23265846444778,-0.90108712834981,-0.247370873374836,-0.47782408068346,-1.12497666077821,0.9132157148741,1.07647476790376,1.03152073098102,1.18470839594699,-0.842512698557641,0.539773892525783,0.47586367317169,1.0588590444349,0.783547371352802,1.0889121132757
Caffeic acid,0.646507911044736,0.900853333716485,0.631201920836794,0.497273326618218,0.479804459700775,0.352502855848336,-0.298323586272858,-0.595618588497339,0.564836101599369,-0.247732648913796,0.356512579139062,-0.365940904502685,0.140761229097272,-1.17505509797539,-0.2846670579701,0.530109440523118,-0.749807262960234,-0.783515274010394,-0.195861492058111,-0.0839383257420458,-0.319902919221187
Caffeic acid 3-sulfate,-0.859676814543159,-1.03024191420514,-0.827379779881349,-0.872343488287721,-0.667951084602417,-0.927274527723628,-0.925639599544747,-0.862691996481837,-0.705464116222454,-0.793537934359619,-0.747889344438902,0.494720498464088,1.3220861266677,1.14051260347702,1.43016013494337,-0.659168198125088,1.04941689956879,0.936384814038346,1.23542208275474,1.07331165929814,1.19724397920385
Capryloylglycine,0.599221234597666,0.557907929058057,1.27590655160703,0.594318048075967,0.720884521328032,0.471100389616485,-0.115566412868947,1.46873783763391,0.608076521116145,-0.07627628859414,0.801634373285581,-1.5988617082278,-0.662826787416787,-0.633154335378092,-0.379504695172175,0.450715892800562,-0.867554741161878,-0.834842593939163,-0.748280304610006,-0.735069691188252,-0.89656574056218
Carbocysteine,-1.48341562234797,-1.99517643958609,-0.014216240183474,0.034979719177903,0.158014113552085,0.241694424626885,-0.300901685067362,-0.645018126976934,0.492497408546569,0.181374800374278,0.0882507065041143,-0.114300024588523,0.569449278714068,-0.0704046531806869,0.356379358066643,-0.242017936839871,0.87771541957293,0.707628790164808,0.713145910938145,0.380313242060082,0.0640075564723965
Carlinoside,0.277526853970936,0.725849478735714,0.624310031018437,0.644546110263595,0.950276166863187,0.3948345500103,0.814532277313711,-1.25470261721136,0.575326718977339,1.00196613763761,0.860265417522622,1.20499304318808,-0.587393308241849,-1.04575125235961,-0.902409104344418,0.904559441856669,-0.856275538520865,-0.89999118571135,-1.04487770300842,-1.24628857926169,-1.14129693869864
Cathinone,-1.11525740774732,-0.980824938811342,-0.793524370711046,-0.97184167324609,-0.839983790300865,-0.83985534886085,-1.16264210440251,-0.543613450209807,-0.777063292785874,-1.02411883500811,-0.846278721440284,1.06253581287218,1.33421532553081,1.30473210049798,1.44808019366383,-0.78983015067503,0.862558427510871,0.708188957408622,1.33434182341815,1.24944917241688,1.38073227087978
Cauloside C,-0.80280063810846,-0.146571819628932,-1.15312022531966,-1.42691690080668,-0.734897329445012,-0.939176814355849,-0.604968620373478,-1.95731168281912,-0.464610627527381,-0.278607111304708,-0.122630662624966,0.939375296289704,0.979589466805665,0.814535144157395,0.987420273573889,0.0444878061864567,0.788440476343206,1.00027202007495,1.04635354789612,1.10976300339874,0.921375397588131
Cetilistat,0.521798072345996,0.0454116579623959,0.514831167811357,0.878569605171945,0.615109763994292,0.563700919226708,0.333913682289416,0.615306131789653,0.823881681119604,0.690425106944993,0.510665210213581,-1.05814292050164,-1.01914004434781,-0.191225145992309,0.574390517669967,0.796311200091113,-1.15442919008439,-0.971263479599282,-1.02667431697023,-1.00216272944533,-1.06127688969001
Chaetoglobosin A,0.511370467272656,0.565120808049007,1.06559724029269,1.03425400672259,0.821589161841359,0.709293728246437,1.01538476822047,1.14367534085308,-0.0948198976973892,0.776597351325597,1.11465237472761,-1.36346518382543,-0.79021858967267,-0.995771501478381,-0.832972145547818,0.64259067290983,-1.14803830795168,-1.1386913209711,-0.670308222829885,-0.902207439240809,-1.4636333112462
Chenodeoxycholic Acid,0.300125143785912,0.846322619865532,-0.498332190781194,1.12793663602158,1.56087177397977,0.497280769316109,1.37621841106164,-0.966735436021751,0.849332663929804,1.10117172599618,1.16475361762885,0.369742977055439,-0.87255333079003,-1.31952442707643,-1.08087981149905,1.4913385841307,-0.929816846703164,-1.13131129472888,-1.19845313137918,-1.32344593623407,-1.36404251755774
Cholesterol sulfate,-1.38934269447271,-1.38934269447271,-1.38934269447271,2.94971797416235,-1.38934269447271,-1.38934269447271,-1.38934269447271,-1.38934269447271,-1.38934269447271,2.58523930758287,-1.38934269447271,-1.38934269447271,-1.38934269447271,-1.38934269447271,2.80768907225664,2.61104997212554,-1.38934269447271,2.89394108788066,2.80731211602018,2.79584819258973,-1.38934269447271
Cholic acid,0.204613789532046,1.23923488655565,0.720138191159203,1.40144351727326,1.55302316352396,0.468957711139334,0.700054227606238,0.976624781370233,0.498027977043964,0.833563948528378,0.610686341895964,0.325527919877599,-1.10925448506603,-1.40382700810636,-1.24426269543218,1.17201899804209,-1.35922332626432,-1.35215717920152,-1.42380068400688,-1.27280124781237,-1.53858882765824
Cholic acid glucuronide,-2.13294706674595,-0.306276757059279,-0.13648654822879,0.147165182614352,0.358847983018022,-0.0685132964120911,-0.350701510003369,-0.00397620054098192,-0.104528022544861,-0.0593740167606047,-0.560494761845758,3.20114589636648,0.336091044069612,-0.140063644616887,-0.00547645357002925,0.0241695812168753,0.0388258396454019,0.0617723861301856,-0.070279231977018,0.0278108296490236,-0.256711232404332
Cichorine,-3.23842791036523,-3.23842791036523,0.780269574187841,0.581000983488854,0.902372094863633,0.824957668873778,0.847389154306875,-0.361309655036336,0.655198271021795,0.828295785878231,0.275174312896004,0.837558462125556,1.03954951034529,-3.23842791036523,0.981086966521669,0.886481148578445,0.931801679759516,0.995465896655439,0.992406850773299,-3.23842791036523,0.956012936221012
Citric acid,-0.84871380841477,0.214294604060927,-0.659899452976558,-0.284502895509907,-0.26269827347849,-0.229511506005451,-0.72919365643602,-0.246906000486564,-0.379622209508835,-0.736769947096557,-0.103511045422765,-0.0207601787148169,0.0427181043266989,0.710089642056118,1.23996497458971,-1.12071621191059,0.78980880748611,0.117966837597618,0.924373974129794,0.937549002840311,0.646039238874011
Citronellyl Acetate,0.546612502289382,0.778846620819547,1.06199013968235,0.601455164735069,0.919508776417672,-0.99974323298578,0.172710043633992,1.10978478142197,-0.29411787826135,0.226527374930373,0.436304568299512,1.38569528772837,-0.583314042797765,-0.904524246934463,-0.233334234661327,0.665433051848415,-0.871246495458983,-0.764130712346084,-1.00154262847721,-1.1344628907733,-1.11845194911038
Civetone,0.452614096702986,-0.621760077102119,1.34060437871468,1.06564356233728,1.33701463145131,-0.0624218299164725,1.02548014442837,0.868682176970087,0.436068365390679,1.17986334656329,0.923281023293852,-0.801474990924028,-3.30504895493111,-0.856060564112838,-0.504111184713966,1.96895559310786,-3.30504895493111,-0.465376367881089,-0.188420813259003,-0.035136394286969,-0.453347186901726
Coenzyme M,0.863957165090559,-0.145460856827486,1.08998326211944,1.16387281240917,0.839047377455223,-0.757951299106799,0.875333707494408,1.22645927492369,-0.414636468676453,0.790083313633335,0.5226838115142,-1.19821015573383,-0.792628819841356,-1.18072538544283,-0.830444206626382,1.53023675990196,-0.746683627024422,-0.766551234907331,-0.700134840870448,-0.59418753957733,-0.774043049907331
Corchorifatty acid F,0.126793890610536,0.494655625559801,0.444142470722615,0.947640441696165,0.641431684776038,0.439331387275541,0.35079683503565,0.254347657189722,0.579139992369191,0.316082264560794,0.340706299438805,-1.16516461089547,-0.896946503596996,0.103232599111192,0.297317037770085,0.562568239518127,-0.898221693072935,-1.2824627553663,-0.745589538222646,-0.638386746549185,-0.271414577930693
Coumesterol,0.479232204000049,1.06397271884108,0.842302254601975,0.714869407479048,0.508350206097546,0.670120510029814,0.375708804887744,0.773116011548652,0.759677979939437,0.809418541500916,0.781620338353139,-1.5347397551577,-0.873190507843789,-0.998799306448358,-0.806084719913605,0.820887751122948,-0.879483373995398,-0.993706891212295,-0.736280692378961,-0.782088385862618,-0.994903095589665
Cucurbitacin F,0.0831478297302603,0.970926067674804,1.06899840450656,0.409622331719139,0.923951208281307,0.693944370523589,0.510579887960317,0.610841762195929,0.966287691304914,1.26256208304414,0.766085680010974,-1.54935738314581,-0.68924199066569,-1.12303526822518,-0.810772877258144,0.967752960916139,-0.803786479451177,-0.830312851582988,-1.06254728810161,-1.13450949079598,-1.23113664864146
Cyanohydroxy butene,-0.708137277563337,-0.719089137834807,-0.764880493392863,-0.687102239274845,-0.579103696815523,-0.923977265518822,-1.10610638459275,-0.658895942714612,-0.846343769680504,-0.964433749581247,-1.13447612718991,1.20643098626504,1.16385539827065,0.947956004375361,1.09058769393287,-0.737629616259597,1.02331941429286,1.00726267872805,1.18867065364541,1.15185599911438,1.05023687179417
Cyclohexanecarboxylic acid,0.431482196365772,0.547528803061248,0.33407916055083,0.344408273058132,0.137886723349444,-0.174748234388543,-5.08097425218978,-0.089311753618086,0.230772582660445,0.0675576047762629,-0.169926001923179,0.419610077196208,-0.614040703506364,0.207901034121234,0.602192433348594,0.488126441660047,0.528454850413916,0.615575452211166,0.320565795856801,0.445067659816968,0.407791857178876
Cyclohexapyrazine,-0.834256590293865,-0.664476581297891,0.0491832518144027,-0.11227167164384,-0.356667624832908,-0.478419566033928,-0.596241140720208,-0.341873477019075,-0.26975383037381,-0.408201063951871,0.164906407654911,0.0614043097168042,0.468302721981763,0.281538140585209,0.624217823934402,-0.0959280686301847,-0.270858992277478,-0.341414883940716,1.10582510476908,1.07243865975087,0.942547070808301
Cyclopentanone,0.677071392412747,0.69888223344241,0.85824960112537,0.761997045084218,0.750796922118189,0.749356066590159,0.705509854557414,0.824579344253804,0.89636664228669,0.748360551684509,0.833862679153179,-0.67156609236086,-0.643401290515865,-0.46466044282782,-0.191139368250454,0.729223440635626,-0.890152787022501,-5.24698005968805,-0.367961005065175,-0.348066624448928,-0.410328103164662
Cytidine,-1.24276775773135,-1.38655272816709,-0.68313216066507,0.264632853346735,-0.189291771241708,-0.561711365057281,-0.531119388115087,-0.511029882678242,-0.163449045353192,-0.620877149381075,-0.166926359124359,0.411575137830249,0.746992560846646,0.428591317805785,0.815386888875623,-0.894655120350186,0.727946242835861,0.697534739626152,0.916377569768846,0.963106947930672,0.979368468998064
D-(-)-Fructose,-4.81606341853609,0.309606096848001,0.277711195564537,0.35106162109784,0.526305705559601,-0.0188949945548559,-4.81606341853609,0.365641491200901,0.27943710489856,-0.0286852792511516,0.291246403219779,0.629287446129521,0.732505382531105,0.84699829258843,0.879035140473515,0.282885340570321,0.749819331283912,0.66783009008101,0.846131066964948,0.797043712814493,0.847161689051718
D-(-)-Mannitol,-5.19411252821189,-1.21476645148214,0.626456365696277,-0.406123910553567,-0.260219287470115,-0.474435349296679,-0.702872693094647,0.693288293706306,0.112227128771377,0.148778689654854,-0.140454908459232,0.776913694545372,0.807112624614861,0.643384914943641,0.859164974178738,0.0642522490646771,0.530065743718428,0.800925363427375,0.638050765607735,0.868839179752582,0.823525140886048
D-(-)-Quinic acid,-1.02856311459736,-0.529864603721003,-0.28750520492302,-0.568080761075389,-0.438878037592502,-0.469428116497428,-0.681065650656485,-0.12650612093926,-0.432358505277327,-0.511898197079282,-0.520701360481212,0.107450623239926,0.172488009651503,0.379238868438085,0.181643286948749,-0.608287184474839,1.12872206409874,0.886476272739391,0.679621240438471,1.32778007035877,1.33971642140148
D-(-)-Ribose,-0.0145311330154421,0.32283248613268,0.119534605438989,0.0169602333342319,0.294711506877597,-0.796807808905342,-0.900908643293943,-0.0895514011214286,-0.0208907538280503,-0.514361853021752,-0.485260983335378,-0.0208779146800924,0.00109268072162769,0.25739539235484,0.0105439734032579,0.530204568230269,0.0737019434613758,-0.30842129239342,0.645131054773798,0.39101522362397,0.488488115242291
D-(−)-Arginine,0.570168212465073,0.855686448870017,-0.0167226567217071,1.19665550390753,0.684882026172301,0.992964910079682,0.996239791621098,-0.132725849172089,0.240020536216574,-0.133302904605743,1.01232270339202,-1.05025790007111,0.21303691225473,0.174692504828151,0.456984503069662,0.427113336727989,-1.68108567876363,-1.81045065865831,-1.10094326162957,-1.1029360083349,-0.792342471647743
D-(−)-Erythrose,-0.246518135315877,0.673731151620662,0.748962513484707,0.893460882676573,0.996155823737964,0.461439024175831,0.032990118187241,0.771815836842435,0.654157285464059,0.300353874702887,0.441025366289263,-0.958825001702512,-0.433912802585753,-1.05691093936921,-0.63114487214644,0.858326452554037,-0.474021525160057,-0.541414723785175,-0.631449288583489,-0.884244335467682,-0.973976705619474
D-(−)-ampicillin,-1.58982105779337,-1.5649564638773,-1.30604156340031,-1.49485119670456,-1.27103845677587,-1.35573746760639,-1.44842202522106,-1.39114864485937,-0.0985928833855672,-0.0539724413411764,0.0499911134968577,0.792825349082742,1.20774139153307,1.69093446162059,1.71323114269115,-1.55279136782649,1.44384618332487,1.20022147880641,1.65715770103062,1.65504859913151,1.71637614807367
D-1-Piperideine-2-carboxylic acid,-0.90577308138674,-0.847735112467051,0.041244694263862,-0.82247784336547,-0.617098068918354,-0.978307820988856,-0.0680109231531898,0.656679981972047,-0.176244125587762,0.233237526623751,-0.660010615540707,0.220606452317791,0.792663767282851,0.545995226357936,0.892457684934755,0.0170370107867298,-0.620913536201357,0.0627441317845676,0.71149950680624,0.844117601421234,0.678287543057744
D-Alanyl-D-alanine,0.21063008487251,0.101444246280179,1.14786160466607,-0.266834787456761,-0.230575968039942,-0.0586659098390137,-0.239959440027365,1.47399672171883,0.844773560230587,0.15005421053615,0.508182728757748,0.344314801216788,-0.666778510647565,-0.349798092267649,0.233801026484043,0.251328931447263,-0.946885182266145,-0.777529225465888,-0.160021970099227,-1.11103330579301,-0.458305524307574
D-PANTOTHENIC ACID,-1.21156412377626,-0.851650265210062,-0.337573515251646,0.405603040510976,0.68808749055507,0.490029289995167,0.201208595983639,1.01589791276649,0.811323825296848,0.731708140013985,0.707817018099266,0.316680480904418,0.353591600707438,-0.147336628826957,-0.6012501323165,-0.876894155517189,-1.02659596224242,-1.1410680297641,0.549915577678144,0.259214632212824,-0.33714479181912
DIBOA,-0.160223040770553,0.468058235849954,0.675872857914988,0.315526977496422,0.891843635433649,0.152036553684234,0.788639506066017,-0.173620832640716,0.0681938789863157,0.440676557481771,0.169862762298487,-1.19323485138594,-0.522235570681697,0.553235959582214,-0.0592183296289402,0.966793172946219,-0.430817016474142,-0.92427690830331,-0.700437432704104,-1.02264352299666,-0.3040325921542
DIGITOGENIN,0.168408782160889,0.489501856315529,0.470938383454018,0.481371316701609,0.476944247142843,0.678066754867188,0.55477559513626,0.928302431390305,0.716984450207971,0.504242456926067,0.77507271880393,-1.78478279408604,-0.615899184134527,-0.179100640690707,-0.0736200384423072,1.16462032154004,-1.50122087613454,-1.60015143454534,-0.758843665594083,-0.348517534418361,-0.547093146600746
DIMBOA,-0.191339958324735,0.254788691849037,0.739761815491737,0.599983104326166,0.512267432386788,0.326422565942676,-0.155816009262066,0.596667591840545,0.493744650169247,0.335691141044958,0.33204043634413,-0.447854431014214,-0.506364587361886,-0.293466971892447,-0.00765651095254156,0.331857824102317,-1.10007926151191,-1.25813390141225,-0.316204326170697,-0.183476415300145,-0.0628328802946712
"DL-2,6-Diaminopimelic acid",0.501558930047466,0.346346680506292,1.2268102811752,-0.31775294664308,0.435495013164297,0.153548232741664,0.312403193577816,1.58050237980567,1.05671583587972,0.62652095837594,0.95925615164576,-2.10122594722236,-1.16565511295804,-1.33135179367333,-0.396039188667114,0.674210148851494,-0.570168361667748,-0.289169896319522,-0.720555858311558,-0.570002645648084,-0.411446054660512
DL-Ala-DL-Leu,0.610589671594537,0.220942569538531,1.19894925738238,0.249890815047792,0.391942593497583,0.340867981731449,-0.0199639528534325,1.48442492050771,1.06976179937325,0.382273234261891,0.963636760937318,-2.59851738518079,-0.462909790857331,-0.862485210740627,-0.307724093384328,0.456743713756687,-2.71297713663287,-0.54961181090105,-0.0561016265001168,0.0678689565557191,0.132398732865701
DL-Citrulline,0.786734682793071,1.04135626705448,1.12055388069021,0.848949787741171,1.26464059528548,0.948286429886816,0.518633018210407,1.27638252316008,1.0587042061874,0.808758205962479,0.763681318990545,-0.837592650983981,-1.21288306713607,-1.96693220563888,-1.07428147037284,1.01824764841297,-1.36655941737676,-1.38569180307407,-1.3531016296486,-1.11702886842948,-1.14085745171442
DL-Glutamine,0.301796675376922,0.635881228274123,0.6134249340556,0.88312910952692,0.906696379845135,0.734505297509752,0.520536413596334,0.766270590083371,0.57942364242551,0.409936534372025,0.763854928430925,-1.50541265557441,-1.69678257095214,-0.450870356963543,-0.376429624803347,0.659738907269976,-0.819227940542612,-1.35428575360235,-0.491736110602804,-0.566873963055049,-0.513575664670311
DL-Lactic Acid,1.32867701799142,0.794516083145064,0.492420123938667,0.523904368375387,0.469671077212736,0.369355923686632,0.495133017980367,0.60574516742258,0.417305517139175,-0.20308247009751,0.370275899382175,-1.01864934270283,-1.21696151268006,-0.755386498386036,-0.419822496194219,0.717930675987447,-0.464599721022804,-0.800735093514861,-0.59987258884989,-0.563601590032357,-0.542223558781118
DL-Mevalonic acid,0.448456604067843,0.723293472122993,0.709790329178496,0.724486291398502,0.828893677399239,0.680922631130602,0.571242820533318,0.807055294725375,0.578819624181629,0.356684562069294,0.536354296305266,0.259394256241926,-0.0865137696743355,-0.0963618321262606,0.366184986167859,0.729629330493361,-5.69569548951981,-0.438206827588203,-0.542811898641819,-0.469422777305304,-0.992195581159961
DL-Ornithine,0.627808408513412,0.923659473183497,0.9813703756896,0.800068133387898,1.13685401478222,0.839739906937772,0.453904635742398,1.14209796113861,0.913839059203242,0.659587580053508,0.683442786096991,-1.16756926893115,-0.730193395408658,-0.815584675183014,-0.55207801445673,0.864732823772616,-1.3649854159029,-1.7319295355513,-1.39055480552833,-1.1194818881013,-1.15472815943832
DL-Phenylalanine,0.302314963046854,0.557740845427723,0.486906700971859,0.609536485402007,0.765993906740773,0.604681843801257,0.323674172531109,0.4719008532233,0.115537479848382,0.145960954397856,0.433356231358165,-0.218624533992554,0.028739424165948,0.060801231050382,0.346431776687437,0.410342756912956,-5.39928285160141,-0.294847157990458,0.0295381536581065,0.12846567568609,0.0908310886742361
DL-β-Leucine,0.125251766199352,0.5589433467782,0.260380843781476,0.941435501015898,1.04145549504324,0.72990502341785,0.199749434399589,0.327226742953909,0.114331283713993,-0.651875129227262,0.252068496299541,-0.599329280437082,-0.434293356501098,-0.449989425116156,0.0385759228043919,0.288279400902494,-1.31034735577773,-0.506887797233384,-0.29491874263307,-0.275318755620671,-0.354643414763472
DROMOSTANOLONE TETRAHYDROPYRANYL ETHER,0.625611913021159,0.685075875362593,1.13530331773357,0.948474607418962,1.15032327642785,0.90776531424353,0.803299517016054,1.02569774465856,0.960784789988073,1.06432273650562,0.942916748190007,-0.601825257091138,-0.0856563195729317,-1.46262575351952,-1.52151601032908,0.938803099288407,-2.53121223062443,-1.22048053132158,-1.22325274304333,-1.08080835515785,-1.4610017391945
Daidzein,-1.04456549007799,-1.1020428268966,-1.11400211286435,-1.02490067836209,-1.07517167335303,-1.04460785424058,-0.907617981158433,-1.17690141902574,-0.959833397935333,-1.25040751974805,-1.10220750270663,1.26554098390539,1.20583308643323,1.28831746412177,1.12276599131922,-1.01368508166144,1.47219378622198,1.59749878809265,1.60194574006974,1.63505748200169,1.62679021586462
Daidzin,-0.920825194992772,-0.752210465221557,-0.564350383368382,-0.572211032814957,-0.718430173522027,-0.672551322650632,-0.896926629012654,-0.491719909438739,-0.498388982410955,-0.550588591732406,-0.854211005485857,1.08362895344415,1.40120891903385,1.06666358240707,1.35838138593502,-0.799729830124174,-0.0918240673766757,0.352756364913699,0.89589239446427,1.04270599383915,1.18272999411454
Decyl β-D-threo-hexopyranoside,0.0279064517816125,-0.134804653783411,1.1245002561773,0.297187069957085,0.96441468853185,0.627365523323332,0.671483751551967,0.806060896873736,0.964285677711752,0.936954906598849,0.962551465953061,-1.03264030548042,-0.475965437659135,-1.05451443382398,-0.665983572718373,0.553167308521307,-1.03667994986971,-0.96459355991887,-0.832221769864341,-0.816717291980897,-0.921757021882703
Decylubiquinone,-0.259264263240427,0.39654754603162,0.183296010384445,0.866944173552481,0.60242865231946,0.0990104601034629,0.550519263419592,0.159870454980146,0.209281383773819,0.343844639861448,0.207048321289569,-0.251992249317607,-0.123009195846994,-0.971151169753283,-0.606072510079585,0.600300027892857,-0.675762749435649,-0.608282920991069,0.140196458864344,-0.15481373999907,-0.7089385938095
Deferiprone,0.163649376749585,0.417141940236088,0.43192476033582,0.805565120643019,0.810978268246774,0.544743323455939,0.268513195301598,0.423163306916136,0.682127142558183,0.484132810465757,0.55379528376463,-2.87547034884285,-0.403100135053645,-0.456870402567454,0.162888610619073,0.531135262435615,-0.330696381229571,-0.848120086611734,-0.4351497997815,-0.13018853180726,-0.800162715834203
Dehydroglycine,0.164489615227721,1.01894659860345,0.416290630188951,0.764494100530471,0.945778570547359,0.880772912522985,0.781541253602709,0.504907079784966,0.156153757581369,0.234102855413279,0.491171877620218,-1.09603148365342,-0.447729603072959,-0.336989202467807,0.272256623059806,0.277797286690881,-1.34715374820907,-1.41644093329165,-0.636063301977456,-0.818500586236896,-0.809794302464896
Deidaclin,-0.233957671394503,0.0376090168474878,0.919700109880804,0.714944010625391,0.700680786521988,0.542755775818348,0.221645557093898,0.68467879979844,0.962457173580027,0.512372147807678,0.543327561966608,-0.865258108077963,-0.40764449102771,-0.832351762934502,-0.392394838274868,0.427695278976579,-0.872338013435304,-0.70971151160843,-0.511333413900277,-0.704829773601498,-0.738046634662203
Deoxycholic Acid,1.35698581432683,1.60982231191676,1.64740072573878,1.73050078447499,1.76778579846906,1.51555571655891,1.63399227804604,1.67908202343117,-0.395642482871904,1.60193528829095,1.59086097845012,-0.124790566456538,-3.16661615570016,-0.0336965315888793,-3.16661615570016,1.72885258065094,-3.16661615570016,-0.215447552285534,-1.26011638865094,-3.16661615570016,-3.16661615570016
Deoxycholic acid,0.443964565162136,0.994743700308802,1.10549110735137,1.29785771355432,1.48168249957392,0.728191999015044,0.845682363434659,1.42975721123943,0.799089020997083,1.07919976542488,0.770152299108908,-1.11054074990605,-1.05165428627119,-1.41754546892971,-1.18961495456563,1.26535760806324,-1.18178999287901,-1.29057642505957,-1.60995919875783,-1.71448055109558,-1.6750082257692
Diaveridine,-0.513217916792399,0.120682147272606,0.631777463915749,0.479644321702821,0.588364476581369,0.524925627167307,0.216829671186446,0.660823047287721,0.729315888831081,0.499266713187014,0.497078572921558,-0.611279418751364,-0.339328846214205,-0.718632736940705,-0.482339387250315,0.181616629713009,-0.680122257059122,-0.534371371597657,-0.208945668721481,-0.573363672626746,-0.468723283812699
Dibutyl malate,0.322794670702985,0.443561834545141,0.890894590063327,0.560861431771896,0.672844457628317,0.225688329928361,0.362148906296892,0.883257279898429,0.784231061963337,0.65073032649106,0.749182410143408,-0.429573063452715,-1.26967516385605,-0.755528398029209,-0.704834589946853,0.528472044242414,-1.65490406804313,-1.52333377915402,-0.501326644222827,-0.372852735372953,0.137361098402215
Dibutyl sebacate,-1.47729982861058,-1.47729982861058,-1.47729982861058,-1.47729982861058,1.8136836747758,-1.47729982861058,-1.47729982861058,2.33707045412586,-1.47729982861058,-1.47729982861058,-1.47729982861058,1.94801247298219,1.78846914055477,-1.47729982861058,2.06094293464789,-1.47729982861058,1.6967076498131,2.24689601048619,1.99111586341616,1.84469974252504,-1.47729982861058
Diethyl tartrate,-0.301243716734959,0.063017748731668,0.469089171831628,0.126393058074259,0.270010694782297,0.240482637597019,-0.0960948788278778,0.665968011745499,0.458156949888927,0.191345526353254,0.261994018231517,-0.360534736730913,-0.299128266452138,-0.35409437933781,-0.208980083664505,0.0700698755337922,-1.43267788624908,-1.13460766955414,1.84613466129325,-0.392803343617141,-0.0824973928945062
Digitoxigenin,0.583767444984734,0.7099090349174491,0.800064456262719,0.954836283051971,0.995542512990824,0.506169185364806,0.701785572204437,0.855409658832874,0.775568615156551,0.858981145941129,0.767987740978217,-0.187787086896796,-0.430588672058927,-1.71762601044898,-1.15254182897554,1.28108849675076,-0.678050823687621,-0.606507448893946,-0.860455758370542,-1.96145872076449,-2.1960937973396
Dihydroartemisinin,0.422546880439786,0.506070788985172,1.10487025105187,0.718966518153661,0.750383028867876,0.755586524086877,0.677970069698213,0.719650805405304,1.02067958461869,0.902562345834863,0.865906522345911,-1.15109400172202,-1.00785264946819,-1.18588004442259,-0.640925099253947,0.868261875180711,-1.15460700129732,-1.11375560697474,-1.02486249168896,-0.962478584517356,-1.07199971532376
Dihydrokalafungin dihydroquinone form,0.556274642284279,0.728201210896575,1.13427666786229,0.803594575402991,0.990817610223555,0.899399038421367,0.689606690987788,1.29692093829043,1.17526574813588,0.987444617301705,1.06190778823114,-1.29215063904024,-1.05195982305796,-1.45417137194284,-1.23029549400709,0.870215771870883,-1.29841284679174,-1.19093569396331,-1.29334805807374,-1.04674734968593,-1.33590402334602
Dihydronaringenin-O-sulphate,-1.01077061966556,0.0493004929993377,1.07578168653669,0.224671874358817,0.568586346326484,0.218546258076764,-0.00576916576444882,0.901771382955311,1.14390476232285,1.28817319706978,0.992208637591484,-1.00877820451769,-0.494871410534467,-1.31172139568124,-0.290636027000462,0.911307586261,-1.26325722671175,-0.987405430511986,-0.177924103495729,-0.376742706370562,-0.446375934244613
Dihydrostreptomycin,-0.36372872533107,-0.34455544498567,-1.32842294082213,-0.0201591102541208,0.844917266822157,-0.411901196686027,-1.38772635301436,-1.80891209167574,-0.477058308498221,-0.353802643127987,-0.35614537431491,-0.746260389196312,0.800428479254697,0.431480565892976,1.20278897480816,0.394302065302413,0.267151268377455,0.829331509012965,1.01006644978291,1.08825978624327,0.729946212409567
Dihydroxymandelic acid,-0.62650326515731,-1.49044105317316,-1.26505798467705,-0.234304585441734,-0.0838778560550291,-0.239850535403801,-1.67362297376432,-1.11446590958564,0.133813529192823,-1.47937842328652,0.247102902712986,1.17332172991505,1.40830648317643,0.754066230697729,0.558910791508031,-1.83402180195337,0.838699434833811,0.888737657195594,1.36052620193779,1.36133278709717,1.31670664023054
Diisodecyl phthalate,1.03622908036433,0.974111059015302,0.971669786102288,1.15336697851669,1.15446621024419,0.984874092067993,0.953575986827624,1.08374619664369,1.09264156643724,1.08226375456886,0.999462881774416,-2.89912912349596,-2.89912912349596,-2.89912912349596,-2.89912912349596,1.1672519861416,0.585518064769574,0.230329789616463,0.631689108831107,0.39444907555839,-2.89912912349596
Dimetotiazine,-1.43744724978454,-1.25360620023601,-1.01744582644791,-1.04576877742238,-0.496828203012636,-1.05416578862987,0.0711161602863211,-0.805442046479663,-0.979809091739046,-0.502910556167488,0.161504030794718,1.2564852493526,0.98490967542307,0.802741303208664,0.781350932559854,-0.00134699951690481,1.03424352591848,0.850114056673683,1.06358494563521,1.00500161519533,0.583719244388526
Dinoseb,-0.661886518846925,-0.407535713126026,0.551780693326505,0.376544672010344,0.417871618069324,0.379737497564432,0.0394504296606061,0.743723092816371,0.564244993168196,0.374602421208637,0.448219226442945,-0.482210980136337,-0.0156656629276017,-0.369982799704685,0.0816252193611061,-0.000767479030116612,-0.799465469134045,-0.862791159920275,-0.165626345446669,-0.231434177018783,0.0195664416630442
Diosgenin,1.13555762361089,1.11617863959373,1.22489472010159,1.20087529737875,1.29334435643721,1.12695726780498,1.09088357177699,1.2992789781213,1.30154364882825,1.21170084751921,1.17644628912677,-2.88465973792252,-2.88465973792252,-2.88465973792252,-2.88465973792252,1.24909449238615,-0.0621328316100769,-2.88465973792252,0.0266033365791457,0.175248852041566,-0.143176400083878
Diprenorphine,-0.639089531654676,0.263013254651456,0.37550373938129,0.849567536686819,0.858872586607914,-0.0494649108263169,0.124636990098135,0.658762830553723,0.638736921160547,0.0457541446694368,0.135035302399274,0.194764827023325,0.597226813500388,-0.612111561102316,0.0582454606471136,0.383688412858763,-0.86258307407731,-0.834183768640721,-0.398328201569574,-1.14869939393262,-0.639348378434692
Dipropyltrisulfane,-0.738189272165297,-0.179031330513738,0.679490969377719,-0.398927494856567,0.70289490686347,0.64217688786574,0.100960394578394,0.944639746007999,0.86574742180062,0.514949103617905,0.341499555672222,-0.692447176068143,-0.357505565696568,-2.14048343992775,-0.048305833878282,0.523614971611495,-0.315488062814745,-0.607527323244365,-0.302178698323434,0.147571436764551,0.316538803328764
Docosahexaenoic Acid,-0.00711011842457204,-0.366062300314381,-0.0828149964493742,0.450753129619547,0.299548089292059,-0.344766146830277,-0.354126637656173,-0.698885376459958,-0.470802598092712,-0.383729946101753,-0.399846372927954,0.330484319793948,0.123637208489862,-0.134082602242922,0.518579583018898,0.334579683481315,-0.12355321060193,0.898090290714866,0.827324139664882,0.34616476602135,-0.763380903994753
Dodecanedioic acid,0.644948744665752,0.623889794240617,0.941791564103435,0.947929531473928,1.03029039705076,0.591632572687151,0.883862622856754,1.07474046818665,1.06132646007234,0.976731807317747,0.888961923621888,0.73460897365837,-3.29432049260569,-3.29432049260569,-3.29432049260569,0.812729933549686,0.531384258861442,0.564001495888796,0.494534372668834,0.373917049518602,-3.29432049260569
Droxidopa,-0.105636069964828,0.188556170018264,0.559278111209826,0.340332252527599,0.43158824383379,0.54949564875364,0.380834506291784,0.605381557336169,0.582988186698782,0.38823133195557,0.448264473458978,-0.880372215200551,-0.06873980182033,-1.13259202171859,0.02513880382372,0.242689614991928,-0.83069088750501,-1.19242132932844,-0.391958951855661,0.264379474811339,-0.404747098317933
EPERVUDINE,-1.94407656687793,-1.20334242500673,-0.261754901494885,-1.14013450290218,-1.00210362637741,-0.687107573770248,-0.201199098524454,-0.591563409841553,-0.243343461569382,-0.409533892106803,-0.267948912618733,0.939879303603975,0.936761934413757,0.842964219677823,0.936799719698139,-0.756356592744996,0.782729448431342,0.939905236508542,1.28075641649402,1.14946978657715,0.899198898430579
EUTYLONE,0.451735214329034,0.579979743629548,1.11322240883558,0.907214888033483,0.769340701093373,1.00767511182415,0.664730752646497,1.1251377732553,0.675976583024617,0.268323449029967,0.810459485328645,-1.53076712455344,-0.752552154675409,-1.02637920259097,-0.911176867841763,0.822093983668705,-0.930791683007294,-0.885917740325596,-1.00545541296098,-1.06343753968825,-1.08941236905518
Ecdysone,-1.61863550698165,1.05508350282561,0.94581303464173,1.17211152252853,1.22503849498308,-0.0361494639512371,0.522821786105022,1.03587391384099,0.973261114508524,0.95589095201905,0.604842641928881,-0.134173699639672,-0.428660962431116,-1.20118493871697,0.0916134492945385,1.14780261290775,-0.802825379638477,-0.819784126634976,-1.50080635944011,-1.45646604369275,-1.73146654445676
Ecdysterone,-0.855562588214841,-0.64386596877101,0.817526272613975,1.26934215262684,1.42753739614131,0.729966698714596,0.548934292586229,1.81641302796385,0.914325450106513,0.879518813857174,0.955278374948764,-0.770598160083849,-0.759173096128578,-1.26582966926068,-1.02534458262132,1.17146528432292,-0.836894991543171,-0.884482421845211,-1.07995330660306,-1.15983659283533,-1.24876638597511
Eicosapentanoic acid,0.43667664672843,0.603323399817099,0.702516504640074,0.599537873839202,0.999487020350741,-0.278957068483322,-0.0467980382700275,0.0545360975083195,-0.0405874967057009,0.228185699869243,0.17954945033114,-0.249535839378831,-0.34004165152932,-0.70766298105455,0.226037689285451,0.806138518155597,-0.47143722853798,-0.295390329887376,-0.616691705706681,-0.611027306869606,-1.17785925410188
Elsibucol,0.0135574990045177,0.0674976953797578,-1.60147330793471,0.139647419026647,-0.309676280145959,-1.17938786262971,-0.111948532215928,-1.62141108872536,-0.0653754687753873,0.527380855215885,0.393593091515027,0.468068155747845,0.720875392659169,0.417559048487486,0.971785277563135,-1.32489521533135,-0.431171713644329,0.217735390965682,0.912402299621999,1.04539882726325,0.749838516952347
Endralazine,-1.48738080739088,-1.89539746020031,0.879251678834814,0.709398521974373,0.770597730624899,0.453562891894465,0.748615724821731,0.712199439364142,0.602348920431048,0.859691272836943,0.628576186931113,0.480139084422106,0.499711714631243,0.369144313444055,0.447358262508003,1.06028448262753,0.146588830729928,-0.489264463251571,-2.43132148449123,-1.58838255022006,-1.47572229052231
Enterodiol,0.731800648016904,1.05619869321747,0.984645936681714,0.555967465165878,0.633321470896738,0.535413699575061,0.764872057033255,0.455924626067751,0.557130608713906,0.68808952401629,1.01366604820202,-1.62533916632665,-0.863145361538349,-0.796551067807772,-0.493003778789785,0.704037719709354,-1.11425574031313,-1.01516526086053,-0.850866364612902,-0.912041020831545,-1.01070073621568
Epithienamycin C,-2.28421328956041,-2.14390843701813,-0.193020315200855,0.130732352473852,0.199838903268866,0.230561143531648,-0.0803641765481283,-1.03054686856721,0.586271519423868,0.297179864777804,0.0474754803768272,-0.0884140798884329,0.930991679647787,0.772121491291996,1.00650338097892,-0.345431209365541,0.595303121740138,0.574973855274252,0.0914210021373908,0.0716864464242409,0.630838134801127
Erythorbic acid,-2.01225527657761,-2.01225527657761,-2.01225527657761,-2.01225527657761,-0.0410462840568849,-2.01225527657761,-2.01225527657761,1.01720245696405,0.699902241306061,-2.01225527657761,-2.01225527657761,2.11723328786615,1.99982046619044,1.56278330916416,1.73694765622989,-2.01225527657761,1.93267549548192,1.94799230377839,1.89945457733449,1.60847290591429,1.62885907302556
Erythronolide B,-3.71826775565815,-0.479135423904169,-0.682933495329487,-0.470191244988804,-0.243638410649704,-0.272077000188304,-1.03184411780967,-0.321084590589147,-0.389903577876859,-0.440345785208613,-0.457734174601452,0.848275774707628,0.913274762248771,1.29205544226124,1.4946612005495,-0.977365240947044,-0.342477488244506,0.311639022984308,2.35135703358939,2.22199991103631,0.393735158618741
Estrone sulfate,-1.83174297149623,-1.03711823097039,-0.616123738984655,-0.931568948618856,-0.893285390515763,-1.00174789091724,-1.06366798175889,-0.561187401126606,-0.776117503700535,-0.851762209629445,-0.936907471672205,1.26118916708075,1.54060193924873,1.44790259412995,1.62834937048284,-1.01508451323772,0.836351729901598,0.745612336349572,1.2469672340291,1.29925706145551,1.51008281995049
Ethyl 3-(β-D-glucopyranosyloxy)butanoate,-1.67132089509427,-1.67132089509427,0.804483936867129,-1.67132089509427,-1.67132089509427,-1.67132089509427,-1.67132089509427,1.04237526099618,0.648194149665976,-1.67132089509427,-1.67132089509427,-1.67132089509427,1.13759788742797,0.70004905610683,-1.67132089509427,0.828303053181452,2.20531779847149,2.30659145548614,2.31572661150055,2.33021251944626,2.3943572217928
Ethyl 3-oxohexanoate,0.828805411667499,0.65414754256199,0.371668525744862,0.730640508388073,0.690617270170701,-0.0915029379406039,0.852466256603113,0.0160665857607121,0.664899011320529,-0.899221780196161,1.39540073497695,-0.743918590801687,-0.522633270605013,-0.635883229240974,-0.175972792448479,-0.997988263472033,-0.841501765465754,-0.616285233557148,-0.836856975170369,0.122866438091139,0.0341865536126317
Ethyl acetate,0.873328747480954,-0.0419568565036798,-0.263115010354642,0.274960576156856,0.655352301851386,-0.0773784106314839,0.082096510395219,-0.252242227576635,-0.245259542966416,0.917575861654762,0.470353567188945,-0.150792043726498,0.238849006964118,0.07824343231667,0.721326476900303,1.02988334191068,-1.3149413468827,-1.58465384114284,-0.612967292824579,-0.32207560994871,-0.476587640261701
Ethyl malate,-0.0863767655323247,0.412833582301088,0.78747084846056,0.69969846802896,0.799264066833019,0.67256353826616,0.456954381238762,1.01934233597366,0.877431650379429,0.63157326719784,0.728625083296094,-1.24068157451068,-0.593887555352943,-1.24363698880551,-0.503494481268621,0.487903861950614,-0.864978481331981,-1.36808862989305,-0.453186862918017,-0.618739092334678,-0.600590651978381
Ethyl sulfate,-1.27537939750797,0.416981828837254,-0.482592759202957,0.159635581989474,0.664233080518872,-1.20986331082911,-1.46996023977657,-0.437057940821751,-0.128929016879306,0.386194190016724,-0.878037388250519,-1.57016738951827,0.12677714340102,1.07339652850263,1.47314410659997,0.218734141874929,1.0574636131694,-0.0322229070510109,0.382855279819403,0.902718090620662,0.622076764487147
Ethyl vanillyl ether,0.596040170176125,0.921022387852906,1.04062961536887,0.917378579969519,0.903637819922005,0.77155437257254,0.749400160918413,0.981079379837769,1.10206082425234,0.972765486065804,0.940682824829871,-1.2446655239672,-1.21621734011784,-0.780855447047965,-0.98336777921779,0.840614346146085,-1.37383074280687,-1.28034382045622,-1.28213092647545,-1.21263921144086,-1.36281517638201
Ethyl {2-[(2E)-5-(hexopyranosyloxy)-2-penten-1-yl]-3-oxocyclopentyl}acetate,-2.05808265766358,-1.39033486834082,-1.05542374279204,-1.15183434632311,-0.746834868260307,-0.875599515960105,-1.17489346014579,-0.211386636445368,-0.763079324428278,-0.93146759712284,-0.728101870583965,1.5906830232463,1.38414382493497,1.06451688051164,1.32937921726604,-0.912619439515052,1.14267929457421,1.27582661993662,1.60791074557784,1.66088592526615,0.943632796267482
Ethyl-β-D-glucuronide,-1.03738961193875,-0.318228127444637,-0.22771055320592,-0.523504873867182,-0.33200255622074,-0.355322105043307,-0.473559791277559,0.0181767508250123,-0.301450093257509,-0.203512857630035,-0.319245664188139,0.751262833074786,0.976094045737645,0.225200947315644,0.731324884396901,-0.451046788294423,0.432149490706169,-0.0781764167977929,0.767112606007555,0.235502083767223,0.484325797335132
Ethylene brassylate,0.674377504948204,0.402115189681556,0.938647425436053,0.663053287299115,1.42153875418851,-0.0840336757507638,0.333530246142706,0.548673435516067,0.534589883745112,0.45057910752685,0.62061180716924,-1.10637540589605,-0.582937875055868,-1.01793042248191,-0.0830552782110676,1.30030615000882,-0.764514171396806,-0.882325733583403,-1.08145419777336,-1.15139899872218,-1.13399703279083
Ethylvanillin propylene glycol acetal,0.774461058037996,0.775790860891535,0.880442552047257,0.566153389904211,0.877571620472172,-0.0634866575026504,0.352147790507289,1.15343701917164,0.886399397243747,0.622988453007177,1.07190699290203,-1.13444132924895,-0.895459282386674,-1.18301776322436,-1.04872632310457,0.723423876085265,-0.913466870766698,-0.841148224147963,-0.831643738198073,-0.7134834713823,-1.05984935030807
Etonitazene,-1.36704145677119,-0.92718114193419,-0.172243652417103,0.292319237546033,0.464925221401568,-0.775932121884639,-0.558978000877331,0.0923719800786381,0.071470107104144,0.172856849418626,-0.0510567058618444,1.14688900237401,0.905139300045208,-0.971238423650714,-0.385268302991697,0.259350249315593,0.920910104533764,1.21452095932974,0.33303774681168,0.204553299662824,-0.86940425123312
Evacetrapib,-3.79016090263864,0.0997843998624008,-3.79016090263864,-0.141183350149877,0.380593889040823,-1.39502489811565,0.500780764324285,-1.24652913923126,0.4640682450313,0.686062926901348,0.689472777703668,-0.388599114208809,1.32087716957048,0.997330089234,0.969837975894311,-0.550689708881378,1.16707257417157,1.18875910986481,1.10387717557497,0.965690210060292,0.768140708630006
Fasoracetam,-0.284913015722732,-0.247351479787477,0.232842597077607,0.355391416870642,0.311341974280761,0.244701911618393,0.116566676158277,0.19819637051399,0.325894894915818,0.057730199825394,0.213372334789023,-0.408387011064664,0.621793934434992,-5.45084581280394,0.885918938609707,0.188465189317138,0.545595982718766,0.244475214458704,0.38846500572629,0.606877399889929,0.853867278173388
Ferimzone,0.434562766034623,0.530396677302873,0.777044123501427,0.70694815604489,0.930023645312194,0.762549920707505,0.893065700819338,0.721014878176095,0.812450322431383,0.653805614166774,0.934873715240175,-1.7164261740153,-0.970847340847837,-1.49492828202614,-0.766157262140809,0.120989706405672,-0.726523932760545,-0.811861057960032,-1.31971511695607,-0.377671688783282,-0.0935943706529274
Ferulic acid,0.964348486925708,1.06547175784708,0.709704732074842,0.79914050361771,0.880399578665607,0.654865095703428,0.651824285475487,0.156032061163182,0.749637088716948,0.419349764196192,0.631950691802253,-0.442711678468755,0.10734461380838,-0.501771561974382,-0.175876557124411,0.671854331019335,-0.306933952102417,-5.20248623372747,-0.621261698466509,-0.0383913808027931,-1.1724899283494
Flavokawain C,-0.115644802555074,-0.561978940259109,1.18355447841152,0.19331821448548,0.802426654280252,0.339479162328945,0.0284710182684208,1.47831286213053,1.44151569096404,0.70166199667689,0.804981841854725,-1.00147431719673,-0.68117043692418,-0.965853871726488,-0.780178841930007,1.0798069540801,-0.932831720619381,-0.833148511234543,-0.937175304678736,-0.645913020334498,-0.598159106022176
Flazin,0.330160187467972,0.410033349356248,0.612975918113441,0.824206479423034,0.767257540374688,0.564576480792621,0.527852533142131,0.751926311180781,0.675434699270842,0.809000749913593,0.694710341269824,-0.865161600390162,-0.810758435365214,-0.617612389313005,-0.232621619236796,0.767319603644111,-1.99151146401874,-1.53088874897559,-0.452013804625941,-0.540364308601362,-0.694521823422506
Folinic acid,-0.843625634000063,-1.08697751666194,-0.597009211510673,-0.895968761494955,-0.840033852103944,-0.807857617940823,-3.87922564481908,-0.433762178072149,-0.700542647576703,-1.10559597727112,-0.778567065567134,1.30232374834068,1.49091774422648,1.51445275170398,1.59340045909724,-0.813681413348939,1.16865730890261,1.14298017302353,1.54388847233678,1.45712650776992,1.56910035496628
Formiminoglutamic Acid,0.0919239649605556,-0.206656090924808,-0.0447813467462157,-0.433939249881865,-0.595471951253778,-0.269063637776305,-0.770146072016719,0.0171932545704664,-0.20140380367073,-0.514474767184007,-0.049169605592168,0.187124845332978,0.603711419813976,0.221533025119893,0.84437867842626,-0.378698568805466,-0.117746298049639,-0.31110358369092,0.667921847354653,0.660446150674992,0.598421789338831
Formononetin,-1.34414791678513,-1.22389701658114,-0.948723273394301,-0.206074347285569,-0.822343193446936,-0.640841366297298,-1.10157761521066,0.836292029453095,0.729526027402704,0.366930810158114,0.566093092572922,-0.259567709868098,-0.270937734350556,0.249798457085541,-0.497914599872581,-1.04891273448851,0.604003191045075,-0.0253140507819417,2.07471748779604,1.51778714503479,1.44510331781447
Fortimicin FU-10,-0.263946728736483,1.02038300084572,0.965830310538082,1.42551990464355,1.42657911169262,1.19626472675901,0.868390702293083,0.930027902273221,0.852001017016824,0.677960147120641,0.792145098376207,-1.30582620160656,-1.36124883439421,-1.86777778321836,-1.33845924706947,1.28589327382777,-1.10025634909129,-1.08927430061241,-1.1677432805841,-0.922847347748842,-1.023615122325
Furmecyclox,0.714031355400441,-3.93262613207332,-3.93262613207332,0.880960657221667,0.345211656701102,-0.0789215030015313,0.648015102352292,0.442354161927486,0.676808687535444,0.642948973730029,-3.93262613207332,0.847989853640767,0.780576107494221,0.690739942290808,0.914691714649766,0.770078362467714,0.568388604872735,0.911634748256592,0.789937232837723,0.774292277312543,0.478140460530185
Gabexate,0.942603172745853,0.589038400357682,0.847764605116041,0.728959384480365,1.13287716871238,-0.0021540179295679,-0.927539434417567,1.33045787883254,1.02611519472208,-0.0722751562802575,0.985258485891007,-0.674015346897383,-0.627905340850493,-0.817583690220855,-0.855361094599105,0.575883745538507,-0.952902551320076,-0.881987971560224,-0.793699373437675,-0.626958881106685,-0.92657517777657
Galacturonic acid,0.67024137272582,1.0887226387975,0.785018943209132,0.00621952214342282,0.59422070041266,-0.100625099339356,-0.455530424115976,0.908220758964754,0.357837872723897,0.0803628057786995,0.0541459579573866,-0.400968359356773,0.251606879604603,-0.248003898607776,-0.323862391973539,0.676359244142279,-1.02399330441291,-0.825500227817304,-0.722048918876993,-0.570818453935032,-0.801605618024517
Gaultherin,-0.98130687890053,-1.23321252163588,-0.806353464891383,-0.878794659765477,-0.963527236850259,-0.978597924847989,-1.36568910058398,-0.64669676909888,-0.823298256687964,-1.15368325427758,-0.974065954170396,1.25354550389602,1.34387944813266,1.30412621993841,1.41684296232,-0.95731157456191,1.06301947281255,1.24341741181094,1.36572469633346,1.3710696043338,1.40091227669434
Gemfibrozil,1.28633808242811,-0.655255054882748,-0.758415481752366,-0.343787950037829,0.560169164041119,-0.478221944749209,-0.106279241841728,0.763310801269052,1.04644327199301,0.042357073283726,1.55540910813371,1.76519198968238,-0.0898692868795887,-0.513608440882261,-0.542572733275146,0.242995905383869,-0.505065678073296,-0.429113505379119,-0.840746601761082,-1.10344089671252,-0.895838579988096
Genistein,-0.342172604063728,0.0589136893864327,-1.17274568153993,-0.0122050952095514,-0.0851952696561484,-0.740745843295636,-0.913352180937356,-2.19973421493304,-0.574145982332886,-1.24506137144621,-1.24463095899171,0.963928978225704,0.886966351385972,0.750991946974747,0.924259897023012,0.317391520531137,0.899947815944897,0.720172816608582,1.03208253851952,1.07760636245353,0.897727285352655
Geranyl acetate,0.636562926021952,0.706506602173151,0.615798869871422,0.865238667364541,0.881980264887485,-2.87604536000403,-2.87604536000403,-2.87604536000403,-2.87604536000403,0.680925008663198,0.733095620244233,0.912237774457884,0.855188830471427,-2.87604536000403,1.00822369839612,1.11438477868049,1.06076706755949,1.21501721669586,1.05020991423952,1.00070773935582,1.04338182093755
Germine,0.433132604202286,0.854602901684865,1.15723052165239,0.257503138035585,0.884052515398333,0.871599866624125,0.879060478399812,1.18666683550009,0.833488411974955,1.14773424239279,0.867526725874297,-1.63422407517975,-0.78126584798482,-1.26415339779435,-0.955684306253686,0.759283348552446,-0.951473375850295,-1.15119979571886,-1.12605988715495,-1.11357588654596,-1.1542450178093
Gibberellin A4,0.362619272866351,0.536635143178663,1.02977221429636,0.779846752056503,0.368081552466383,0.586875430911933,0.591350777718262,0.915533320024821,1.01521108719706,0.816880308674017,0.842551757002175,-1.27560021416561,-0.541281923226799,-0.994184315641773,-0.809277386571556,0.679847134967583,-0.731776270636496,-0.693246839611749,-1.17222086599501,-1.17879306424213,-1.12882387126901
Gliclazide,-1.47069306510659,-1.56856401548609,-1.25436388560846,-1.23402965737669,-1.27569010211337,-1.4147978884056,-1.50620604984907,-1.0421699329104,-0.975711772339097,-0.960405306662122,-1.30800495990712,0.910229819938174,1.43540858738377,1.92479372030435,2.0137563622352,-0.0254254779053059,1.28109441579811,0.989782879084227,1.79964408240826,1.70902956182946,1.97232268468838
Gln-Gln,0.470070821485142,0.255017572902206,1.14842222916876,-0.367525653253692,1.27784442873665,-0.230822148355724,-0.135749650391759,1.66638816992634,1.18650593348988,-0.0810497113507424,1.1638277623659,-1.09983972233312,-0.671573365568355,-1.20180400415562,-0.753921299518635,0.330946643198694,-0.622602015531851,-0.643786499475627,-0.578948342295759,-0.45962950175328,-0.6517716472894
Glu-Glu,-1.2862957689714,-0.53350571882397,-0.0145807287327021,-0.214654432711871,0.0471768590040832,-0.136758023283005,-0.568258203345928,0.0367727815879505,-0.0925631535463322,-0.529414237674513,-0.246810667849096,-0.232117488730987,0.524622720330727,0.495040331122537,0.809700233005683,-0.564035958461073,0.119038437066936,0.11398277652659,0.804643920489998,0.718824455718656,0.749191867277755
Glu-Gly,-0.0840476106819193,-0.669022126558546,-0.326543622897637,-0.322941475762943,-0.341606407229753,-0.233061705169875,-0.544185758143834,-0.578430106699342,-0.588604642922031,-1.5589138730079,-0.457573995491481,0.439394143474659,0.910049372335584,0.6711868349279,1.45497661113892,-1.15747840913848,0.45589820027212,0.394662307666228,0.885692342441104,0.84761615209111,0.802933769356134
Glu-Lys,-0.0304455845487535,0.448882102140604,0.936987175446504,0.435798726007778,0.739683977370991,0.701932919016572,0.653514656808623,1.26250193952676,0.753636197453777,0.40187093037926,0.593562077589284,-1.62865500045012,-0.272785161467285,-0.283050517036792,0.359726611187959,0.17935823561661,-0.893310600564714,-1.15353366443759,-1.08033900686781,-0.963547039832806,-1.16178897333884
Glucoheptonic Acid,-3.91765009301872,0.522576190327277,0.34994817060913,0.515316047734675,0.717744381325814,0.0515376223148199,-3.91765009301872,0.552071274224134,0.429870014953934,0.146190991046614,0.492397537317659,-3.91765009301872,0.985639953180943,0.579028250359962,0.714827999541488,0.495264154308688,1.25009111044808,0.862492053071806,1.15099404982072,1.04599318769842,0.890967290771998
Gluconic acid,-0.209419275546659,0.00044040208725751,-0.337475773687473,-0.420121850680087,-0.168428320667286,-0.881501838964989,-1.02410889369384,-0.368969673499937,-0.418222059031977,-0.738297870238548,-0.599341770959399,0.328879544750293,0.543757931603811,0.858892870455451,0.90508595026944,-0.128994384217612,0.652111798020065,0.0794613757432825,0.568404287013555,0.579673917645032,0.778173633599649
Glutaurine,-1.01880910877337,-0.695994687871054,-0.751928051370702,0.201956887746179,-0.10889925313495,0.661667765297228,-0.223474920564297,-1.13020266837582,0.25705561321316,-0.261966673754734,-0.722499605464871,-1.45188163103556,1.41259610198275,0.205699327936661,1.16471076754903,-0.233966241098619,0.696411313583289,-0.218172187553914,0.336160940412502,0.784583468820798,1.0969528424563
Gly-DL-Phe,0.941114921996734,0.904844612938241,1.47159200578886,0.642483164118769,0.903250809602717,0.736796885306007,-2.83852431464184,1.73630547749497,1.35355624465366,1.03143154564106,1.34430441484056,-2.83852431464184,0.701649263614933,-2.83852431464184,-2.83852431464184,1.06717045923191,-2.83852431464184,0.252101652750222,0.688104102060611,0.585138410662278,-0.167222397492328
Gly-Leu,0.397250961971689,0.199690369579668,1.03088631287059,0.550386766184733,0.413679518497708,0.512860723990557,0.338489682416155,1.31035076649283,0.912253498987542,0.462631625780863,0.894420569315713,-1.24810644311314,-0.696656110807302,-0.599314932701457,-0.184946496825501,0.506353180452131,-1.72939170798241,-0.74633075451165,-0.89529247531202,-0.762118970175688,-0.667096085111022
Gly-Trp,1.05667390160276,0.627011272170256,1.40077740323346,-0.580302010684844,0.609447752989429,-0.0470668343457255,-1.40658348685326,1.64329239105193,1.36125245244205,0.47838612370981,1.15491662206486,-0.950217573166601,-0.905685067161239,-0.563323650895585,-0.462363974182015,0.784607601821268,-1.00407445940033,-1.57326425727235,-0.560630953528702,-0.574914760384206,-0.487938493210951
Gly-Tyr,1.12085578455631,1.10299185176001,1.21775108737851,1.05058699692823,1.2768585792618,1.01584344595427,0.826435326365872,1.32197703767968,1.25088542161601,0.956291487664546,1.21194486406223,-3.448467261611,-0.623602979963377,-3.448467261611,-0.695793990199861,1.13591527498591,-1.10013509305426,-3.448467261611,-0.317258195281926,-0.573517372956703,0.167372258075712
Gly-l-pro,0.0481380574136407,-0.165729056441986,0.915634087118056,0.12672042726525,0.636661867960018,0.686541091296881,0.605621112045827,0.94030982152049,0.82392757409345,1.03134718088052,0.992419430498568,-0.835909356996049,-0.472571624859034,-1.42488139948499,-0.937780935421759,0.865848604334497,-0.623192190013866,-0.866423895891894,-0.798453113298426,-0.673430995163885,-0.874796686855287
Glycerophospho-N-palmitoyl ethanolamine,-0.410659166249107,-0.137488814847047,-0.733871168592446,0.0364732452124704,-0.101437448125946,-0.0417446980722524,-0.384598044231912,-0.365062811102159,0.284115361150282,-0.233125993224636,-0.00328678941417542,0.76267657684452,0.646767072190386,-0.146711560367174,0.518712715116542,0.0705527584178516,-0.0964483851002657,0.209629219601834,0.0260601773895863,-0.0304027299353007,0.129850483338993
Glycine,0.601961830872795,0.63878655586269,0.499408470661674,0.838122099110243,0.924007705539862,0.694591440554241,0.499213154222339,0.439734386039408,0.200814347109565,0.0380850455823805,0.533850808840964,-1.11822813662874,-1.78611216622217,-0.261094928494239,0.0529820221791501,0.561426830754566,-1.35544305876437,-0.954927341124161,-0.400156022800675,-0.290320282727499,-0.356702760568022
Glycitein,0.42377431494702,-0.292748294527041,-1.21050186639531,0.250971725762654,-0.100342251130156,-0.760550456697858,1.04876622558644,-1.18507410695773,-0.616854662941619,0.02014865878741,-1.19631797753688,1.50235545207393,1.23446997167317,-0.324317748999386,0.242595757181786,1.16206289083786,0.752240372956042,0.069245649476979,-0.420055776136805,-0.413028582654879,-0.18683929530563
Glycocholic acid,0.946983350309336,0.262656013267301,-0.398277391840879,1.1974171431572,2.09361722611409,0.387599109891849,0.936456478940324,-0.153909808887416,0.0420304377684885,0.0723515978453534,1.06459154888605,-0.960368684427053,-0.495178090678393,-0.989475539588825,-0.811317419743637,1.14082408837071,-0.648543177467528,-0.763150871091585,-0.937762019881066,-1.00114773638671,-0.985396254557618
Glycol oleate,0.24278537041243,0.857127335921296,0.227084311288352,0.86752548022996,1.10005117079401,-0.181971323198489,0.215087034783684,0.988791379721512,0.930380517275296,1.10789768299156,0.712544112515869,-0.99869933361085,-0.865281706983085,-0.537412293374459,-0.617014427777027,0.745391584947688,-0.871629440866664,-1.06416612065943,-1.08778852529621,-1.16177207783304,-0.608930731282386
Glycol stearate,-0.100792200413346,0.776354373726307,-0.371990223815496,0.996633804910263,0.128134215300376,0.309907909688481,0.0823246716821168,0.00503359749660393,0.990198068192062,0.481451940938099,0.805371480626904,-0.804122617617919,-0.602617685240944,-0.582037219104931,0.390516649699276,1.00550447920794,-0.756425233097539,-0.787495023887352,-0.819909279342835,-0.982743266388528,-0.163298442559553
Glycoursodeoxycholic acid,0.527355145890079,0.910187643016912,0.934611393833973,1.25990356299148,1.51908446209919,0.695098226939425,1.02987960166421,0.956774556836821,0.592664770790837,0.721094030777102,0.885918909743138,-1.24164827586881,-0.418086745884806,-0.923942114595553,-0.698616686566521,1.24475407556433,-0.640314647556345,-0.640466263236525,-1.01685144249559,-1.61805121243194,-4.07934899151143
Glycyl-L-leucine,0.658389963383557,0.82526975059114,0.887796921222177,0.658950087707016,0.945770524594057,0.472664251186814,0.209160055290383,0.854256315135437,0.791465497600043,0.492595138696249,0.757286822229948,-1.69423930241159,-0.448737802299682,-0.644350236499568,-0.388639256493962,0.820101060045345,-3.20021810435873,-0.852811974648207,-0.461549637429814,-0.446419849669646,-0.236740223870949
Guanine,0.413002269169447,0.608826190107408,0.39119236570216,1.41358310649926,1.56394314053437,0.863434261854992,0.910225952155449,0.799693409601288,0.660270411644584,0.116244242201215,0.946502885054658,-1.25426325918769,-1.17497173031204,-0.940090877339926,-0.157665622674745,0.689564028386069,-0.905018323419389,-1.39054133365753,-1.46414052389093,-0.886384784418875,-1.20340580800977
Guanosine,-1.02822145236964,0.464923931448308,-0.061841543860291,0.758299243401581,1.06333648014824,0.577634813900391,0.231304925775622,0.750863653588403,0.471392967871693,0.0188503179506424,0.620559772389752,-2.51668903518119,-1.61981821118134,0.491129229726505,0.723023947628188,-0.255777018206312,0.164865671315565,-0.0703704017109001,0.563900682327335,-1.45950994579065,0.112141970828113
H-GLY-MET-OH,0.963869615705876,1.09033082932284,1.2722745694646,0.611790530793907,0.977853621819867,0.672738396068189,0.247662117994382,1.47096055172297,1.16647264345346,0.779576855134789,1.12877592864457,-1.10769268437962,-0.949252562080606,-0.977984780087199,-0.665462382802743,0.921760907874922,-0.914558120584118,-4.38940748120252,-0.694793608884248,-0.853667572344536,-0.751247375634801
HEXAHYDROPYRIDAZINE-3-CARBOXYLIC ACID,0.489508127876432,0.33109861879854,1.23148511108741,-0.342233848949307,0.422056713729005,0.134701143467287,0.29648759693281,1.59380189237535,1.05731057952733,0.617183516055315,0.957543149404536,-1.87483898722923,-1.16538844349489,-1.31369327879873,-0.420741444134652,0.665934133555571,-0.594200046934941,-0.313503345194523,-0.74231763053114,-0.594035869104096,-0.436157688438069
HU-210,0.708710156861542,0.768409152306018,0.948907408373636,0.964791232389885,0.98848041046311,0.73443361863036,0.731524833825918,1.08016744861578,0.950568819565619,0.938051828424793,0.808430537394113,-0.209268458271957,-0.157918895537348,-1.62542208062251,-1.59142058650934,0.95829013949555,-1.03776701862905,-1.58896958791137,-0.697476904954458,-1.73063291726541,-1.94188913664487
Haloperidol,0.0929663839651309,0.395055863411936,-0.12649671546811,0.317775008476919,0.29736443900709,0.336528306234987,0.0986823677656518,-0.0657626334384778,0.492787437527814,0.501224839583326,0.345217802090132,-0.317848754295112,-1.12668487870179,0.151050175032591,0.317286780481883,0.347529286439981,-0.360036251254908,-1.27321357114814,-0.218145734312537,-0.369026161694639,0.163746010296276
Heptenal,0.658863915398388,0.703314749243953,0.850543999785568,0.753459204143455,0.818091125790493,0.721448240346298,0.603891065381815,0.836723469868609,0.949209587421759,0.772672204505769,0.790593834927025,-4.16939501531869,-4.16939501531869,0.184224992957113,0.294005499361821,0.733720303496795,-0.103781516808637,-0.338811189081876,-0.874015662012167,-0.145847197525824,0.13048340343701
Hesperetin,0.811578931050383,1.01864669397277,1.01974288592538,1.02712169060672,1.06844233850204,1.01821542840341,0.764605205956046,1.18415978222129,1.12945124765356,0.954831596757837,0.9946345649722,-1.30194380228763,-1.2004807376786,-1.45281069332841,-1.33667027548788,0.833213247254488,-1.45134964840307,-1.29542911277064,-1.31292330188908,-1.18089808403902,-1.29213795739178
Hexadecanedioic acid,-2.41433090644565,1.23740472972011,-2.41433090644565,0.368837575685295,0.253384100226592,1.15346080776346,-2.41433090644565,-2.41433090644565,-2.41433090644565,-2.41433090644565,-2.41433090644565,1.4344973496085,1.37517726339717,1.41235928341672,1.52413879655326,1.1561058885963,1.24255939986054,1.24247546101036,1.48333049947827,1.60562745007529,1.41095773972765
Hexadecyl β-D-glucopyranosiduronic acid,-1.16164436481888,-0.108488729133461,-1.26342309896904,-0.984794060509278,0.00788115926330881,-0.709949121343241,0.156030831873107,-1.6961226001961,-1.21241520735429,0.473656342203171,-1.63144063354722,0.96309577581312,1.26347351899622,1.41866845054932,1.39427597329226,0.556043097369187,0.298147215022021,0.118093559416872,0.623616992173327,0.82039526706822,0.674899632831365
Hexylresorcinol,0.493967024755302,0.633226204272743,0.860068792365729,0.760824137898372,0.801377598339811,0.7281458028616,0.534918111560648,0.907162432897852,0.985556762476621,0.689005355418585,0.744965432242421,-1.0657135352791,-0.913168266562698,-1.10273318813591,-0.916382168424685,0.653561752492195,-1.06945261166876,-1.01842688670536,-0.879302121885064,-0.864816572017796,-0.96278405690248
Hippuric acid,0.474182468938888,0.406954976578876,0.621959156752444,1.09648991624711,0.781812263091981,0.235262819467697,0.281585345901771,0.411843484006012,0.638728249577358,0.671777534036024,0.427623426274267,-5.12322463196277,-0.344021226402017,-1.02837132782815,0.455689782323808,0.459189743511507,0.261234672386315,0.0724516867917141,-0.148061652530751,-0.087214962993773,-0.565891724168299
His-Leu,0.870056689901694,0.613743237351947,1.27277496313876,0.332685269127933,0.768448629414675,0.564567368701179,-0.411907695131419,1.38553989856588,1.23541081535915,0.355677730635119,1.01771938038363,-1.45773065489928,-1.00939247496758,-1.01677316396697,-0.813959943041283,0.740512400329077,-1.37778122992955,-1.23274255796863,-0.839998256102461,-0.854543248174737,-0.142307158727157
Hispidulin,-0.366803181611392,0.063016420566978,0.366249269034181,-0.29602961982611,0.0637450060207351,-0.23701946558084,-0.359566696460592,-2.47419395859701,-0.705837559222332,-0.131468152895436,0.509978160224452,-0.156927394795886,0.966932260060959,-0.0841083108678793,0.489358795756867,0.433195620920155,0.145781376308935,0.357035369246003,0.687583136568227,0.403225315383583,0.325853609766409
Homovanillic acid,-0.0171431501477974,-0.0886996571593801,0.685956793457189,0.656825589207602,0.53595775963562,0.301904447575863,0.48961847230633,0.590503144706111,0.631876687961319,0.567895927832281,0.653460284952351,-0.881650462614522,-0.822705597038914,-0.499033018558827,0.138779472231649,0.452943259692166,-1.66159519229121,-0.770651995052002,-0.479829504357303,-0.363211874854228,-0.121201387484321
Hostmaniane,-0.0577751144306939,0.558216494206077,0.618346448533014,0.500779271424524,0.780786815883748,0.671815894964786,0.508432765153976,0.577508026063047,0.751725083491259,0.328015851670483,0.395694512292508,-0.863247158695336,-0.39348880368642,-0.365072633461154,0.0191134684637857,0.270719489716733,-1.39891373315136,-1.71123660402176,-0.199363703391671,-0.53406570994622,-0.457990661079344
Hydrocaffeate,0.518339088364786,0.727027462422248,0.863086644208212,0.500023969976675,0.647585818429293,0.681505307996947,0.361197306373688,0.755043848147112,0.926935504702372,1.32636735517341,0.912360159663517,0.267084007225147,0.655135549106384,0.147656108179171,-0.0757675585152853,1.06638952166972,-3.53217363587923,0.388956073407668,-0.0724052588933795,-3.53217363587923,-3.53217363587923
Hydroxynervonic acid,1.32675248419472,-2.70602716890662,1.38351624545469,-2.70602716890662,1.47834298195245,1.47093611556108,1.42706831409629,1.34868577084604,1.28204132877416,1.4597957231952,1.60512438913763,0.920591438823967,-2.70602716890662,-2.70602716890662,-2.70602716890662,1.3022488892096,1.46170832817354,-2.70602716890662,-2.70602716890662,0.97555665846113,1.49982151446585
Hypercalin B,-1.17186357547352,-0.725659262592185,-0.559934791672987,-0.208368783213742,0.14761586678233,-1.3081434610753,-0.398339659008491,-0.343960819381315,-0.274992893287157,0.303851535626437,-0.574815797346501,0.716240526429343,1.03488417176876,0.380066344268323,0.624344081214238,-0.029662817007543,0.631852584943932,0.7017996040076,0.616565637114925,0.402374210183747,0.0361472977191247
Hypoxanthine,0.313480024529592,0.609102922405406,0.956149601356919,0.846840238296681,1.01337818497248,0.645080015617372,0.444389157795549,1.01855313229252,0.708325226140173,0.436662711823892,0.512234030097761,-2.48764509830721,-2.34460350665612,-0.547392743010425,-0.258663025779194,0.672271025417393,-0.447738699045669,-0.246591965806522,-0.801040880642065,-0.396711211308203,-0.646079140190363
INDOLE-3-PYRUVATE,0.299580204138634,0.234839222180557,0.0901362973686424,0.594812210825013,0.347350219384572,-0.562438535845762,-0.281076554767183,0.0158186909232043,0.156731727772552,0.542960757695828,-5.4443012933855,0.549757097335042,0.322588357015021,0.175679870864801,0.569474758432387,0.227379797870785,0.0314946179323667,0.624093075062113,0.75294561680223,0.578528141268247,0.17364572112644
"Icosa-5,8,11,14-tetraenoic acid",-0.181722488985881,0.260783643557117,0.461985715592341,0.187485431670561,1.19873920271825,0.83822583025354,0.487060384689826,0.0468903141126694,-0.0316328736766769,0.138349869542941,-0.664904063470872,-0.789058118150022,-0.802335890845768,-0.109777980919331,-0.175770039443598,0.847826673425797,0.540965412884113,0.677409315070315,-1.63300181283515,-0.353433614279984,-0.944084910910169
Imazapyr,0.509813667350448,0.606568499317413,-0.212333147711923,0.757888160960645,0.761830388407989,0.455208971385951,-0.486195621864718,-0.219980892530319,0.656485240958707,0.742828493309478,-0.161119768087835,-0.896303017644871,-0.502119482946758,-0.830773028326661,-0.0393232098696793,0.761373698458785,0.00131802301571991,-1.03592630956483,-1.06675536016879,-0.169652387981169,0.367167083532445
Imazaquin,0.104567313474378,0.234137730513663,0.601431463698339,0.549836477439838,0.443719147226256,0.344554082254818,0.0740218809883362,0.632616948501661,0.515050172262669,0.682632155502972,0.539297029303207,-0.0115273389959717,-0.894953630613648,-0.717652708816345,-0.247052458054448,0.58057243255339,-1.49634213586912,-0.662814203385196,-0.629500572771313,-0.163183101551783,-0.479410683661706
Imidazolepropionic acid,-0.303002272551591,-0.325265423449765,0.968239509990778,0.552578901774269,0.510205493092134,0.633199713626216,0.447143268218161,0.845304730040885,0.731524603643615,0.595777040819403,0.879209512827325,-0.808802684517075,-0.418501723940972,-1.56611234678635,-1.06105578200921,0.740931239063077,-1.08691553231495,-0.799871937779847,-0.342336936097308,-0.00491586001464124,-0.187333513634144
Imidurea,-0.423825047487694,-1.42569685018357,1.16387515974782,0.801508958464054,1.15371195496367,0.751951927889932,0.20015254340339,0.748013425882002,-0.0725456524018995,-0.568303624536558,0.636159921530885,-0.757232771800365,-0.00779621570353147,-0.613181693590359,-0.449310388836688,1.3488661547187,-0.338507511362835,-0.252642796609799,-0.62726261401475,-0.551207556327235,-0.716727323745152
Imiprothrin,0.192488572157358,0.17723044470717,0.523701547496674,0.772313800787531,0.722060383623883,-0.222228260322319,0.249769686661288,0.572343584132445,0.360755848646421,0.66213580619372,0.0882376486150013,-2.33629566852639,0.00664484886226583,-0.19118281247187,-0.00264813242880439,0.810863348885005,-0.325354211099391,-0.200828040583041,-0.556753519170322,-0.886802104435851,-0.416452771730756
Indole-3-lactic acid,1.34064527667789,1.05967246241714,-2.70787021120073,1.16496120964131,1.11437627467863,1.18852765947786,0.963674699554128,1.09951447615985,1.1262092968453,1.44544090323014,-2.70787021120073,1.00111604375571,-2.70787021120073,0.976348512474703,-2.70787021120073,1.03906113729274,1.35817319838175,0.764357607612172,-2.70787021120073,0.605142509005004,-2.70787021120073
Indole-3-pyruvic acid,0.500443733866238,0.212378112824207,0.0116703316873147,0.793504071257601,0.780019194828741,-0.300110091121517,0.142344065279301,0.0378232391028893,0.19932694319132,0.733585824524093,0.626654164215308,-0.0809991212727102,-0.816387526178585,0.222590851745984,0.1380093402209,0.415180269184403,-0.845345620616411,-0.742330653104001,-1.16335279368548,-1.14735446341148,0.28235012746192
Indoleacetylaspartate,-0.964491276026779,-0.84615830097132,-0.595314368558295,-0.792883325529497,-0.654679028189089,-0.671120171255624,-0.972440189531771,-0.622462986803176,-0.616775027783032,-0.820920842729762,-0.798359716093462,0.949374041201376,1.24536120336871,1.15817083897901,1.33154554291183,-0.936222495602131,0.76902594695977,0.449604119450466,1.12143323049175,1.03073695257297,1.23657585313806
Ipurolic Acid,0.932254268756539,0.542758150560668,0.725442652942203,0.703502819294381,1.33947696337926,0.504194045521903,0.440998915836067,0.985513253341709,0.322613448781672,0.438938695795022,0.820903977581252,-2.09970092639188,-0.550156821337068,-1.079426229123,-0.701540300550732,0.488093262327676,-0.668744496671642,-0.9421251855126,-0.589058635881146,-0.331844787803492,-1.2820930708468
Isovalerylglutamic acid,-0.809879748931934,-0.752461270514641,-0.1378739669586,-0.192594483541832,0.352123013742044,0.0448573887024197,-0.62717145091929,-0.837072691290163,0.031208696559189,-0.823288359060908,-0.676851548645075,0.634308922824001,0.304615325065174,0.427577058177406,0.712598480542903,-0.304204074159852,-0.191033507289088,0.0292589809458396,1.06752062807613,0.930604496330537,0.817758110345743
Ixoside,-1.51927899305016,-0.987189388400802,-0.751139668320071,-0.913722111879047,-0.731542630916399,-0.772843958631273,-1.02243888040975,-0.543781876541443,-0.830253648052651,-1.56484005634666,-1.03384721744454,1.4561301714034,1.64263482295782,1.45889642443745,1.5896410127388,-0.978177552871204,0.944049769530832,0.770426546365454,1.068719413894,1.2943663137676,1.42419150776863
Jervine,0.971389267993057,0.631952436711004,0.993928323014218,1.57057681300887,0.484817699487815,0.681198165385338,0.811126805724262,1.44757708736393,1.14812370508671,0.0431166973450923,1.03751135657798,-0.713256316998654,-0.649157571211906,0.674210626858448,-3.25349260571265,1.19723380807701,-3.25349260571265,-3.25349260571265,-0.0415114982349957,0.0718166334280911,-0.600176222478329
Juniperic acid,0.677835554431408,1.0716390096468,0.860610383612308,0.782475874442373,1.28260994126191,0.98499028363109,0.914319943950189,1.0612827493831,0.905458424586873,1.07855543759743,0.690862659838627,-3.2174690935227,-3.2174690935227,0.167470626214742,-0.106579335671573,0.974843764849502,0.581887555094141,0.357946636971794,-3.2174690935227,-3.2174690935227,0.58366686425009
Kynurenic acid,0.842191648527271,0.992859421949127,1.16906466484449,1.11091377213885,1.13961687155101,1.00274097502684,1.01838497036539,1.16460608642465,1.17706580754095,0.929542063654247,1.14230876801431,-1.25919800274407,-0.98895775375037,-0.8689445483468,-1.17469613288218,1.08138955866504,-1.08726413512874,-4.23020119864358,-1.27312872124717,-0.869139780921065,-1.01915433503821
L-(+)-Valine,0.521974794806369,0.712454575910737,0.508749088568552,0.688877412464786,0.83798027812993,0.661822172439284,0.361699974562178,0.579167114636313,0.588687444534183,0.427304095260748,0.588407882774749,-5.1067676523517,0.211295737391889,-0.194747960702006,0.381975517252373,0.503539182547889,-1.66424148427172,0.111493853218933,0.164362721081887,-1.07967848496518,0.195643736709819
L-(-)-Arabitol,-1.2537176494492,-1.0500563613243,0.336818943477906,-0.463609481439222,-0.535795195053158,-1.16578074989865,-0.879420514192786,-0.220790187536407,-0.241600282897569,-0.296756177585488,-1.23374717126834,0.39266197166973,0.835827016159334,0.33820919807353,0.656929442130999,-0.276381977374787,0.978645279269962,0.860521014981148,1.17037836946964,1.07999483543244,0.967669677355203
L-(−)-Asparagine,-0.651659258633575,-0.541001411759004,0.22358341795278,0.844168661287752,1.02670965854278,0.729574182556241,0.591486332873434,0.560452587131522,0.289449568588173,0.143636999544342,0.687168311919667,-0.261174143760711,-1.52301286606376,0.0441887995466523,-0.749265862586493,0.498967755728576,-0.199920334352904,-1.55728105732237,-0.0306221932027231,-0.0492880873341949,-0.0761610606561877
L-(−)-methionine,-0.0462899413178655,0.432309332180113,0.101593035038878,0.915806063095242,1.61280716423988,0.714403657211925,0.151059315989366,0.777698949881495,0.339939505676663,-0.326172613005885,0.101420160684198,-0.927750850332292,-0.241897430832518,-0.821180467894684,0.0147089975912515,0.131458008097667,-0.606158677074705,-0.871180875186337,-0.279291483872477,-0.490123739307637,-0.683158110862264
L-Ascorbic acid 2-sulfate,-0.930597645581204,-0.896700185233392,-0.937059376330336,-0.272336890510871,-0.324800589214756,-1.07718154150009,-1.25253456182568,-0.843631443762431,-1.00882851025564,-1.11278291208992,-1.26224294916441,0.944719098457268,1.23231272249159,1.1778937295166,1.37369876908848,-0.913042590573026,1.58543756537869,1.54585022047619,1.35180842981874,0.862348572093126,0.757670088721078
L-Aspartic acid,0.164366644528928,1.01892561254749,0.416189038621202,0.764435615472181,0.945746429759241,0.880731095672925,0.781485155679929,0.504815257932019,0.156030277032869,0.233984691285497,0.491078478880078,-1.09582465781044,-0.447832146852723,-0.337106998601897,0.272141481669492,0.277682605629065,-1.34664214845028,-1.41581449214188,-0.636121468950514,-0.818486241269923,-0.809784230633205
L-Glutaminyl-L-Leucine,0.834233045531128,0.518047117532633,1.18450191118909,0.402995422263875,0.6310819186647,0.557858960996084,0.124130404291768,1.48936217976706,1.13916469916778,0.47384986482135,0.867036561742436,-2.13633313316871,-0.382573906700078,-1.23767734597372,-0.347182454309301,0.579235858017103,-1.82201083265901,-2.4251217242574,-0.213684237827227,-0.302911802514303,0.0659974934247574
L-Glutaminyl-L-proline,0.392256625515022,-0.551196252459891,0.946767461263554,0.621792705006817,0.758069218335087,0.479734011987564,0.341536619287615,1.02080340241905,0.926027843342186,0.785853710949485,0.948270469423077,-0.982184368136506,-0.82170372101973,-1.03389596239909,-0.370469746662941,1.10519679048299,-1.02508958720082,-0.883865781823,-1.030483086176,-0.856460284548823,-0.770960067585639
L-Histidine,0.358496416965075,0.693251298597289,0.0179340703728483,1.00231074020287,0.885087705604235,0.871880531258054,0.748124490930526,-0.0012823312643034,0.0771236723991374,-0.063984905380685,0.696649541775757,-1.51327193154699,-0.592746758165202,-0.211556320928461,0.244883931247283,0.510797277176819,-1.25788080787615,-1.01757951683417,-0.495868825147103,-0.476077011852443,-0.476291267534408
L-Proline,0.188755026685152,0.484640510420885,0.570292010701623,0.819624180881691,0.709979823432781,0.68482725388841,0.683546553954587,0.700582721170996,0.619363799440595,0.323355760868351,0.5857948910437,-0.887400996115238,-0.372507081530908,-0.668193363527591,0.461533686904228,0.24996544776451,-1.40040105512061,-0.37337655641375,-0.35131607545641,-1.33516292718315,-1.69390361180982
"L-Proline, 4-hydroxy-5-oxo-4-(tetrahydro-2,3,4-trihydroxy-2-furanyl)-",-1.41823865292729,-0.711108181883215,-0.62502382591779,-0.890198820622003,-0.763592463123982,-0.669641385002097,-0.707723993947665,-0.360711037295636,-0.736284254479016,-0.628798571074258,-0.653229840389769,1.12397862079833,1.10810080090248,0.897814475841226,1.04493925856657,-1.16735127929337,0.954540591718207,0.966421464174235,1.13386371939566,1.11456853459011,0.987674839969243
L-Serine,0.267885799026947,0.7795224159661,0.572237392264864,0.939405478853953,1.05463823756258,0.769352686401214,0.580670694097475,0.612609169611029,0.441633356282009,0.26475463276568,0.569307322439877,-1.42389122578477,-0.995210437748031,-0.376316772472424,-0.074956749221258,0.68228600771133,-0.867191830281778,-1.46778076608018,-0.813136707932016,-0.748632787018074,-0.767185916444526
L-Serine O-phosphate,-0.17277237844712,0.403333984129711,1.33839683321343,0.986274831799302,0.963494643378621,0.791045256350421,-0.238578647580049,1.59423346956565,0.0985894760537363,-0.43798307607706,0.373533066957957,-3.48703674786092,0.00919025332022096,-3.48703674786092,-0.519634836302483,0.81484962118445,0.0774903389910686,0.296434653186114,0.0396174407780895,0.311697933691607,0.244860631528165
L-Tyrosine,-0.133436083691575,0.504885144526373,0.366628513556164,0.901382243022677,0.983943886616639,0.701080778888815,0.186987993833992,0.561365800922185,0.38056709720042,-0.0101947036819289,0.381878203201745,-1.00803125143542,-0.684385012683139,-0.311069980250322,-0.162386426484203,0.331169789393358,-1.15748078090915,-0.933633445802386,-0.245880223058992,-0.47194652070186,-0.181445022463378
L-homoserine lactone,-0.28753400371041,0.570203220996084,0.631098253728972,0.801553651790788,0.837205142931499,0.590240317585424,0.314848403099855,0.55590056866697,0.534564497195425,0.338069996199629,0.296855658922647,-0.582427768703049,-0.881261860603384,-0.620248662407371,-0.160478348318136,0.740931420096425,-0.686493916457722,-0.583909176444049,-0.342574954726601,-0.613066732870805,-1.45347570697218
L-rhamnosyl-3-hydroxydecanoyl-3-hydroxydecanoic acid,-2.49195992350796,-2.49195992350796,-2.49195992350796,-0.18047871226475,0.0733769873617972,0.228765181769417,-0.347556299575177,-2.49195992350796,0.170483784624772,0.278515988013246,-2.49195992350796,1.2679236490278,1.45709277841064,1.70354105968249,1.86845200552624,-0.784543350540329,0.406250017307446,1.09890724689829,1.72346731267293,1.79220141591118,1.70340055271379
L-γ-Glutamyl-L-leucine,0.665846267995331,0.399298215549586,0.479842726295535,0.944812453763452,0.760276146021229,0.973796884669018,1.10483639424071,0.148843736276856,0.487400892114703,0.216282233668515,0.496936250609981,-1.25815935819328,-1.1366494044416,-0.309787183425143,0.0131387550816016,0.807498303268045,-1.51563352884414,-1.78595345826268,-0.530408465625528,0.00410759658217252,-0.966325457344354
L-γ-Glutamyl-L-methionine,-1.97759203365634,-1.81844357740072,0.678878610873474,0.458613426430168,0.611470340006106,0.494228444435368,0.274621786550083,0.396227630968866,0.794691858030663,0.48172234639436,0.464506535899224,-0.0260039153088499,-0.407324627914379,-0.771428575676379,0.288796583211232,0.483627951368131,-0.365639365200081,-0.685755912996122,0.222656923081857,0.349024765468297,0.0531208054350407
L-γ-Glutamyl-L-valine,0.19298231739722,0.517126030988235,0.384802536415083,0.360738162757514,0.360331472077897,0.235581664259995,0.441090124865982,0.426807239560401,0.602905647908725,0.624919736181481,0.190980398482408,0.124373824443239,-5.13799829905696,0.315060073723164,-0.14474090960103,0.621286327668445,-0.485966094341734,-0.521651038958319,0.289593903085002,0.270665959223764,0.331110922919502
Lamioside,-1.03222294569693,-1.00142317245684,-0.659982266444272,-0.739092841363279,-0.914929824599459,-0.835393009428512,-0.99450067128106,-0.558136048191471,-0.748157315983223,-0.796585747796462,-0.918934077317015,1.41075976481355,1.65607331211848,1.24766442730075,1.27569130612066,-0.777964990674252,0.234119596859813,0.720195356889503,1.21397731471418,1.11659427077816,1.10224756163766
Latifolin,0.816136276368236,1.11869517367629,0.971639095957314,1.11325010383377,1.22468260486298,0.797544888056683,0.83667054649178,1.13103732444153,1.09977659221602,1.09876599076217,1.10144559579296,-1.57871555292036,-1.38446053060904,-1.35466460621812,-1.28256256735255,0.75102741846784,-1.2351805444095,-1.27941854723321,-1.32875521230136,-1.3507647370546,-1.26614931282882
Leu-Glu,0.211648262976939,0.292588994000313,0.403863419206968,1.03476372477283,0.980354167379971,0.868081737264335,0.742957429500726,0.406315254882712,0.344104623551821,0.184620453724709,0.440599781958593,-1.33017092790234,-1.3270782345978,0.17801390742978,0.544275286424592,0.667115946786346,-1.11167645038741,-1.40959959337944,-0.862636684831693,-0.562816311265706,-0.695324787496222
Leu-Gly-Pro,0.902460630306198,0.911135749733303,0.931586610594217,0.888622125273487,1.02100416835739,0.967998788044689,0.346294245943676,0.918303601586198,1.00986820275146,0.552028131991336,0.955736102816586,-1.29600933732141,-1.19522335606407,-0.90969425859113,-0.811659353321847,0.8564508150927,-1.35189477635513,-2.03251595117814,-0.907069147282973,-0.921001568202242,-0.836421424174275
Leu-Leu,0.965986226953311,0.732573277572621,1.70839532825087,-0.294609518065993,0.0377824955732827,0.425284494054908,-0.0571828647226394,1.75021091014735,1.23526073156036,0.359219841777705,0.251869910719537,-0.904833068570089,-0.424408820695913,-0.932277305567968,-0.78451300759462,-0.00720212633791686,-0.685211529147426,-0.636523151606032,-0.916509949607501,-0.768355855737758,-1.05495601895607
Leu-Val,0.629226154737961,0.360974007707207,1.30898099217963,-0.0199939885221289,0.40496295960089,-0.0636889828872883,-0.309741360808961,1.61478242890082,1.12221921683731,0.28513204940193,0.712161380277877,-1.1413324416519,-0.68288383625969,-1.09545542719504,-0.814511300716655,0.562797252929256,-1.35790818152396,-0.488531062326125,-0.350423605168109,-0.423134573744884,-0.253631681768091
Leu-pro,0.787623655326823,0.791194787218489,0.122089915685041,1.08570208144431,1.18535665448033,0.713149027111069,0.772441419322585,-0.935230424964843,0.291366984354501,0.501669540196782,0.755274196372487,-4.50968337566517,0.27963260646696,0.293345442318349,0.541077475637025,0.859870037161309,-1.50683652167751,-0.0388220740140653,-0.726548084153662,-1.50727120851389,0.244597865893068
Leucylasparagine,0.0756138228712495,-0.022215154676076,1.07655948513644,0.232678604700356,0.578385057307798,0.296527700138283,0.0959508434220332,1.46993918370713,1.01382930806145,0.399244407696647,0.964207916129632,-0.0591751444661175,0.230363012969327,-1.53926653873329,-1.38554805165683,0.292258144467333,-1.13472037550455,-0.0822990502775207,-0.960821770200689,-0.71526143274779,-0.826249968344814
Leucylmethionine,0.791577865401554,-0.164099741160235,1.15504156722718,0.622827112625654,0.733185374793087,0.788458744587882,-0.00821144535491986,1.51610380401284,1.14010727985423,0.296793260940341,1.03249382244539,-1.02103090926064,-0.831796677530968,-1.07111528398348,-0.508842216699276,0.194739765929311,-1.18039752666959,-1.00269306866812,-0.868000990779883,-0.740528846498806,-0.874611891211543
Leucylproline,0.503969906956996,0.572886597384254,0.945102886273894,0.343089471294749,0.506470710061032,0.155041394926659,0.054083173908496,1.3709310076,0.903409830721948,0.675313225939071,0.821449631520126,-2.64147908460847,-0.120854146367965,-1.94186187251117,-0.60383007950115,0.882596565154422,-0.910264673164967,-0.121899039391003,-0.507720784290103,-0.306047764957748,-0.580386956949043
Leucyltryptophan,0.835157771892306,0.0055907181637204,1.30145800484172,-0.262325503201508,0.184029382359746,-0.308630731618323,-0.640873634130474,1.49295303075419,1.2703694860075,0.0465444484385404,0.942632509284438,-0.771199476096031,-0.777509846666497,-0.475026504214247,-0.850132312243724,0.303018092445848,-0.998900309878504,0.0532302981401109,0.0889726291829415,-0.568962769289498,-0.87039528417224
Levobetaxolol,0.325704772294212,0.010013988637856,0.766344382467186,1.09336926802517,1.04708186594647,0.0986215884705843,0.813759133179629,0.885896350126967,0.506026039808644,0.442619197740879,0.872384923931733,-2.44219915417586,-0.805631006589167,0.166368178302609,0.44999716558841,0.662571940473737,-1.26070079138213,-1.112989332066,-0.805916608884467,-0.982207768090225,-0.731114133806224
Levulinic acid,1.32916130099706,0.699573985780192,0.554124818077341,1.08982417816793,1.29437377486797,0.611317323796141,0.836336149445481,0.40885054936162,0.673429183490807,1.41373165424461,1.0936802350053,0.776171069748308,0.791191064293583,-3.01477500937747,0.991541630453043,1.47248209028108,-3.01477500937747,-3.01477500937747,1.03808603887686,-3.01477500937747,-3.01477500937747
Lexacalcitol,-0.365174543775752,-1.77884216248348,1.18424945958201,1.30938763668298,1.18703419749905,0.540937870587374,0.89817657051081,1.29307834588028,0.751193845019589,0.933283628502683,0.810897580334327,-1.04737745572516,-0.755407192080782,-0.946104726386922,-0.724114912527902,0.791227384374822,-0.93328903222135,-0.549689459628942,-0.64587338760693,-0.671405180413032,-1.28218846612365
Linamarin,-1.47931471027816,-1.24208113286716,-1.01200884213135,-0.138188868558216,-1.15113220215388,-1.18189259547619,-1.49119501112129,-0.0545364440841099,0.0916514742827967,-0.182170394285528,-0.0138957922644923,0.985417239654645,1.10509970563907,1.13971057461064,1.24498935449555,-1.2431307102821,0.531743554314494,0.616722204707027,1.20710453352566,1.04404751418399,1.2230605480886
Linoleic Acid,0.402631441146376,0.219375243066635,0.0438590025319112,0.912395923912531,0.766749752421615,0.420544663295736,0.461116174808349,0.0165910746220818,0.655694408313773,0.513187474807589,0.645404545486042,-0.884594638962395,-0.593187245825713,-0.217231924241951,0.556228672321072,0.823847850962854,-0.957035277160075,-0.689422779950041,-0.857400774173957,-0.949668461112033,-1.28908512627043
Lipoxin E4,-1.63213506450008,-1.26088078371691,-0.797728458663288,-0.724037821569073,-0.460811627784291,-0.136765020041495,-0.788263033222298,-0.919491733994984,0.138751663170894,-0.700072258941537,-1.14277750757343,-0.595778663548617,1.48758258160886,0.538869322717675,0.664161590139754,-0.475684412111341,1.21293953942319,1.21012723114085,1.67394340768119,1.49666062821153,1.2113904215734
Lithocholic Acid,0.395038910233448,0.648707237725864,0.888467532305613,1.09805370780744,1.10004323528171,0.823695246531928,0.80894812922691,1.23744504479765,0.989581995535967,1.04017044274082,0.870180118050734,-1.20487758324881,-0.930085102746352,-1.40930087930427,-1.11188617042242,0.970835368984035,-1.18342174345774,-1.04099249557393,-1.33072689235155,-1.25811011957969,-1.40176598253733
Lunacridine,-0.931877150973688,-0.0262559849152577,0.773555628050671,-0.997296822185555,-0.927427302150576,-0.887764596266719,-4.37284197808666,1.89982448368684,-0.179093877256698,0.277974690762749,-0.851947571733053,0.464588660220721,0.676333791001772,0.417375990873456,0.678422598524267,0.536178059705948,0.536598524137449,0.634058321794937,0.761857545731845,0.776631104021573,0.741105885055975
Lusitanicoside,-1.25195386850018,-0.85220309692182,-0.885614139526626,-0.489049321865192,-0.223489568208492,-0.884051461371513,-0.472364871184538,-1.68109588139252,-0.588580125626539,-0.329726833921957,-0.539408652865549,0.328795791698012,1.10699763878302,1.20647285006037,1.24369864313412,-0.236871890611448,0.161295327515786,0.583532075902677,1.18990184553199,1.20470698531586,1.40900855405453
Luteolin,-1.17056554157906,0.114119349936105,-0.0783085627352565,-0.011171067328273,-0.197072262092391,-0.336923631174914,-1.52463775947477,-0.207847785844727,0.0154920899120109,0.376031162563785,0.163892208812621,-0.363516103061166,0.374178095655718,0.0673386197745947,-0.281564396999507,0.617671956429778,-0.196163929533629,0.614581391190696,0.994337579437949,1.12276462957901,-0.0926360434685559
Luteolin 7-sulfate,-1.36898556467035,0.37711335680571,-0.05703815025845,-2.49566366703824,-0.65383024227698,-0.692620255975108,-0.719299829437874,-0.00514797728159855,0.102667822907391,0.229920976105757,-0.146711155291529,0.451372198311595,1.00746497902461,0.590210716761382,0.697017012108991,-0.63516305194026,0.35292216515083,0.715409607725057,1.05907856017553,0.961122583253501,0.23015991584003
MYRISTOYL-GLY-OH,0.312370629565467,-0.10357568042093,-0.751670799346552,0.15588264221893,0.863549596862617,-0.417907825094214,-0.759377957778433,-0.467871237054524,-0.247585340362883,-0.347042108342131,-0.225393718067742,0.0937019392239563,0.465233458690193,0.138595351214259,0.61728883354145,0.496565997337286,-0.415987995754222,-0.234451332711548,0.429933583994409,0.297689320894607,0.100052641390064
Malabaricone C,-4.11606399784523,-0.810962669561219,-0.341196041669848,-0.414041180863063,-0.197621820905673,-0.260897335144177,-0.684640613277955,-0.603808301298619,-0.179537084926018,-0.202379895105891,-0.434105803273167,1.22728975058416,0.736372623026697,-0.115245624224281,0.0528929937300359,-0.390202453125995,1.05148854493137,1.3534867831705,1.87602589682375,1.96421360506919,0.488932623885421
Maleamic acid,0.286687077191516,0.393779112583939,0.676639969672754,0.529788514567301,0.536402589355911,-0.0731591023541513,0.56038210589659,0.507420119532921,0.569232144507398,0.484026515844394,0.666029278601462,-0.50318406542603,-0.980029129636321,-0.40071615081635,-0.278079228958402,0.513359383716565,-1.6619149451851,-0.333530243966842,-0.0779415243360609,0.0350247178178609,-1.45021713860934
Malonic acid,-0.293634147785462,0.106749257578295,0.00687457901079231,-0.352317752877812,0.0981760003645527,-0.218852056152494,-0.568045865999461,0.216446816795949,-0.313342493907485,-1.54886913519902,-0.509903938402393,1.24989616627531,1.40978277592648,0.845506707811644,1.38918746193753,-0.0905250514016293,-0.476034423161714,-0.720531474120666,-0.353237966435452,-0.176613265097107,0.299287804840124
Marimastat,0.905899866711218,0.712577204721911,1.18058319650395,0.652918710667633,0.919618038989161,0.572284329667961,-0.103480084432227,1.52122031952902,1.19261710011717,0.590071516470708,1.05412392198081,-1.02037404526698,-0.990504344580464,-1.26972436515229,-1.04850690099257,0.640507071211846,-1.36605254413907,-1.13837840607888,-0.986347002623059,-1.01104136821565,-1.0080122150902
Medronic Acid,-0.700378302058348,-1.10357901238692,0.00839244170707572,-1.02965482411404,-1.41225117260595,0.337081758689375,-0.39974373720676,-0.501313349323714,-0.882077029889632,-0.635238531023665,-0.606353594139747,0.564565234588753,0.533310485816301,0.778306232390492,0.719216778343081,0.36232111712313,0.671474840972924,0.743914441023945,0.907339865927142,0.913214469756528,0.731451886410005
Mesalazine,-0.900525220135978,0.287882374614403,0.553850367621738,0.553212470118411,0.715135961928905,0.489003957197181,0.0478792640343407,0.640721009026427,0.588210153490225,0.239630221440989,0.466080686233004,-2.30068168129036,-0.042481756610578,0.142074309599794,0.152477500116725,-0.612160141466787,-0.740757182338468,-0.802207787232896,0.322705468015862,-0.0216778815771466,0.221627907214209
Metalaxyl,1.21873330225787,-2.98239570590909,1.16858057656838,1.08153024806919,0.215343740251277,-2.98239570590909,-2.98239570590909,1.02084057767203,-2.98239570590909,1.35633044091216,-2.98239570590909,1.40295869937897,1.34532132256949,1.29006074110164,1.26810460532768,-2.98239570590909,1.14728344631007,1.42630098257357,1.4637476275457,1.43290953656196,1.05632838835451
Methionylleucine,0.671325706002349,0.406802604989365,1.41134330754735,0.46477038245876,0.570501419909311,0.459018455836654,0.0387059208955416,1.79191542648275,1.17086829760405,0.35534035335574,0.974313219620482,-1.13378648033985,-0.841382694292906,-0.936639592221929,-0.773305121164938,0.363977005501622,-1.28762243635645,-1.15202390993668,-0.878853722763903,-0.880573294841005,-0.79469484828633
"Methyl (2E,4E,6E,8E,10E,12E,14E,16E,18E,20E)-4,8,13,17,21,25-hexamethyl-2,4,6,8,10,12,14,16,18,20,24-hexacosaundecaenoate",0.642187271698867,0.893649065731716,0.988724574969698,1.15162547697265,1.47039160605314,0.514292317486715,0.425788531312269,0.830207544093097,0.234809505440406,1.07385622813675,0.676171753270843,-1.51384904497645,-0.665162450589325,-0.921293844798414,-0.822679579890657,0.112385785301037,-0.908907205045705,-0.91709677654383,-1.07136515776816,-1.09067888519513,-1.10305671565953
"Methyl (2E,6E)-10,11-dihydroxy-3,7,11-trimethyl-2,6-dodecadienoate",0.366337266872771,0.68850657236806,0.286383967772674,1.01888995522539,0.930351144752324,0.863599795963845,0.894642449279565,0.739792858684924,1.0515665710732,0.938875159432797,1.07688233371096,-3.45383367635182,-0.498080626063555,0.377442282041757,0.425253167531344,0.65041356399068,0.135964516215539,0.339884301125735,0.0747957490774294,-3.45383367635182,-3.45383367635182
"Methyl (2E,6R)-6-hydroxy-3-methyl-6-(2-methyl-5-oxotetrahydro-2-furanyl)-2-hexenoate",0.279880421577721,0.374916763107487,0.0737460242144041,0.543222761356326,0.860640941102042,-0.108669871999496,-0.119535829912303,-0.446219031082847,0.656781273811118,0.0820507185098497,0.168398949900571,-0.260595687723951,-1.18830850291508,-0.357554635182009,-0.0718858597906003,-0.063634819524486,-0.161561717887638,0.169153527956326,-0.236508986533286,-0.0957249541625987,-0.0985914848214987
"Methyl (5E,17E)-18-bromo-5,17-octadecadien-15-ynoate",1.22952735080276,1.05418650044936,0.214406915646461,0.807708404224678,-0.040653942330135,0.0456319383492567,-0.325616173474546,-0.317950996607381,0.636484336118414,-0.887887391978845,0.36129329397378,-0.0302369345265807,-0.493651331923726,-1.04018361770134,-0.23296532573184,-1.03363338917766,-0.521277120189193,0.602864994529367,-0.902041316894975,-0.0289774499231009,0.902971256365267
"Methyl (5Z,9α,11α,13E,15S)-9,11,15-triacetoxy-18-oxoprosta-5,13-dien-1-oate",-1.33700829201649,-0.663611833654836,-0.548344237046724,-0.673556977090484,-0.456301359506837,-0.198627183331066,-0.594999212077359,-0.506324864383713,0.175347302117546,-0.458172418539658,-0.43778150893778,1.74866220899026,1.00070136233066,0.130519652471997,0.248533422201174,-0.950411253606106,1.36394861106666,1.3462198286103,0.0331411710225561,0.624655117532139,0.153410463847763
"Methyl 2,3-dihydro-3-hydroxy-2-oxo-1H-indole-3-acetate",0.36156581814158,0.715886502340206,0.832463657728163,0.560906938046278,0.587247665694305,0.536195416880149,0.52553647729751,0.470951688626132,0.893194753566412,0.950583378580548,0.896900789661256,-1.16231051600301,0.00440545240263455,-1.4459030990934,0.173747742027183,0.631720387757538,-1.32708974294732,-1.29691593805533,-0.761456591255632,-0.999454816715723,-1.14817596467945
Methyl 2-O-β-L-arabinofuranosyl-β-L-arabinofuranoside,-1.11870333173601,-0.850969282433995,-0.55461718389662,-0.42422120086213,-0.910101052337965,-0.0558434959799879,-0.46638546729454,-0.862853024388872,-1.19915076578759,-0.412364573205005,-1.50969884165564,0.938254527109628,1.03426139374066,0.934548623253144,1.16213842724764,-0.0958289560740858,0.775087795553774,0.676995343733613,0.957241413074966,0.90555825553414,1.07665139640489
"Methyl 4,5,7,11-tetrahydroxy-2-methyl-2′,10-dioxospiro[9-oxatricyclo[6.3.1.0~1,5~]dodecane-6,3′-oxetane]-7-carboxylate",-1.16649256123475,-1.11707270963848,-0.828424230751452,-0.93905944359493,-0.892530031993289,-0.950578994403588,-1.13520051651846,-0.795202736311616,-0.879114802550729,-1.01256031033081,-0.915598246294046,1.27823577328329,1.54492112474242,1.46788871142507,1.65138895244332,-0.978557618435065,0.87843866811587,0.724196094208468,1.21437088166895,1.32692597603755,1.52402602013227
Methyl O-sulfo-L-tyrosinate,-0.528728673711885,-0.217234809458991,-0.419913347566944,-0.0990985341143135,-0.511711916520977,-0.359277722752376,-2.41260448304602,-0.182880636295091,-0.209505464112906,-0.727785378462657,-1.22271322293978,1.01158332567675,0.991802581215366,0.50167209652321,0.559427494992647,-0.513240340286717,0.899345991493229,0.761359328725413,1.0369635478443,1.10522795085727,0.537312211940467
Methyl acetoacetate,0.42698073108471,0.708704926160533,0.625738471403611,0.684211163205154,0.794763677031576,0.655645665699138,0.519675157768986,0.664569465334271,0.517458219443215,0.293269723543209,0.50277171007393,-5.59845697102532,0.200981257722857,-0.142493924580553,0.370407475503599,0.670429983902131,-0.0532079696819007,-0.591638201169661,-0.476277612311002,0.0275150107240379,-0.801047959832516
Methyl mesylate,0.52768656318509,0.038569831083537,0.624745361714818,1.04988693706774,0.786364474337293,-0.614087725397545,0.44087551536718,0.349832356939719,-0.105796951515834,0.946296650364096,0.87333851525162,-1.10387223764609,-0.653219500498289,-1.21006267520911,-0.740307285847379,1.63069847244749,-0.601357957695513,-0.623798796298565,-0.555087797430976,-0.428448621899622,-0.632255128319661
"Methyl {(1R,2R)-2-[(2E)-5-hydroxy-2-penten-1-yl]-3-oxocyclopentyl}acetate",0.158272694885603,0.044635542825639,-0.102365250353618,0.215005252132638,-0.074508667878604,-0.436684437722482,-0.782119579100022,-0.708600204196986,-0.0251393607840005,-0.146204687408728,-0.00274480099588216,0.106318651385737,0.137513757199938,0.0933008309598404,0.343508937647147,-0.0886573941185635,0.202848237063325,0.536116835725911,0.159996123942914,0.24589086755691,0.123616651233337
Methyl α-aspartylphenylalaninate,0.804851014579427,0.733474727646341,1.32629044712863,0.594933072586989,0.918105244276561,0.648703565998823,0.430210614869565,1.68362901239737,1.36743977244285,1.02532204803707,1.38621517553632,-1.08366050949752,-0.907744555898319,-1.15677774022024,-1.11593394411858,0.64187685029564,-1.03737674554434,-1.92927440159774,-1.85367670247992,-1.60779790982885,-0.868809036610029
Methyldopa,1.37317202181256,1.01204823261007,-2.32515206583951,1.52487256257962,1.19046278664885,-2.32515206583951,-2.32515206583951,-2.32515206583951,-2.32515206583951,1.44186896725959,-2.32515206583951,1.406921082234,-2.32515206583951,-2.32515206583951,1.62566695684839,0.791693589498489,1.70545007891819,1.59476374738903,1.659768580595,1.80657072250667,1.46795719781561
Methylphenobarbital,-0.233114011377805,-0.0496517974763025,0.422710476087685,0.442922705929613,0.346637490664419,0.319203206754682,0.268839651518484,0.626218237471351,0.574202309925873,0.588048814497161,0.375879765387503,-0.715437572028638,-0.438025091433331,-0.566131004246488,-0.285234262755135,0.0512638584162607,-0.858651495742535,-0.55932340905138,-0.0451863069544427,0.0161763140424568,-0.28134787962941
Methylsuccinic acid,1.04497406840638,1.05174748157246,1.03413220851713,0.554976366541541,0.834413527902385,-3.7812804161481,0.803682438786859,1.08006444009105,0.997837038669344,0.712374697236496,1.03423141256193,0.192397730989391,-0.194628830598017,-3.7812804161481,-3.7812804161481,1.05429114956612,0.405162901626153,0.296280601922652,0.122661650788822,0.0823409383679748,0.23690142549562
Metirosine,-2.03294939959805,-2.03294939959805,1.54956926262863,1.5921411640243,1.37419252694491,1.29100369245355,1.55883236842532,1.36480150085889,1.9729051193886,1.90756739636137,1.5160072930277,1.23260684143253,-2.03294939959805,-2.03294939959805,-2.03294939959805,1.7103975506874,-2.03294939959805,1.2265198801492,-2.03294939959805,-2.03294939959805,-2.03294939959805
Milbemectin A3,1.15786409980743,1.1699556848962,1.39435480785366,1.11997227880263,1.35231823598213,1.38687840221761,0.990283426282171,1.50809337761231,1.42585355765082,1.20599459546649,1.47781410526433,-2.74534951980661,0.290012232576852,-2.74534951980661,-2.74534951980661,1.16892099561519,0.585268517168267,-2.74534951980661,-2.74534951980661,-2.74534951980661,0.2385128016435
Mimosine,-0.459774957305928,-0.0778348687176761,-0.134857195064298,0.872505354661169,0.50921712849287,0.999078549911292,-0.991146811757487,1.03925464438262,0.86524407909704,0.55333611142177,1.04844382855166,-0.646780966507839,0.158148792901943,-0.496278721329574,0.233644143162195,-0.884892286878789,-0.981483906523599,-1.07157961034333,-0.228221337881002,0.237209199481652,-0.543231169754709
Mitoxantrone,-1.77493948587097,-1.16911710875303,-1.06686987835531,-1.0695030299042,-1.05083584978806,-1.08463996710995,-1.29019445088388,-0.89763490209207,-1.09665571923922,-1.77698764205794,-1.18632839485761,1.65000820339146,1.71956413148023,1.56518561528216,1.6271842758059,-1.25354393722181,1.51766458849496,1.63979653291334,1.68636437445628,1.7002560440393,1.61122660027044
Mono(3-carboxypropyl) phthalate,0.277723219539975,0.283079115477736,0.24250322846475,0.202486629017572,0.356152448909952,0.383570271024191,0.283112688430692,0.431300929829847,0.656285388751735,0.251416402377515,0.609421659992925,-5.25922086906547,0.133746749736102,-0.0340286443963111,-0.244309404006501,0.336175330678979,0.0982966335719273,0.0648396043385909,0.378604875264316,0.207482249859107,0.34136149220238
Myristic acid,0.129034579017582,0.00556434647908018,-0.262883006465629,0.421027880645262,0.0227476057900941,-0.554622921235191,-0.428956204795046,-0.624530572647245,-0.211304592856372,0.244736347302622,-0.368893110673094,0.169684476232245,-0.00359944540861555,-0.112705204172881,0.696427946378567,-0.286873081519702,-0.392857170700194,0.753277431606984,0.640146538561178,0.520517456158903,-0.355939297698566
Myristoleic acid,-0.863970199112538,-1.28829583839042,-0.554458724255064,-0.505702781904155,-0.45627170512246,-0.242020821152402,-0.0181573585372531,-0.523555379156172,-0.418142272708307,-0.423007163667997,-3.89656123339393,1.07530610939379,1.31159105435634,0.287926529316128,1.46657183846431,-0.388183100155263,0.533503833629258,1.35739126046171,1.29131994771911,1.18258711456369,1.0721288896516
Myristyl sulfate,-1.117511233358,-1.117511233358,-1.117511233358,2.94094025792925,2.97726493938427,-1.117511233358,2.26108912423202,2.81640954426324,-1.117511233358,3.01465909006539,-1.117511233358,-1.117511233358,-1.117511233358,-1.117511233358,-1.117511233358,2.75230554449594,-1.117511233358,-1.117511233358,-1.117511233358,-1.117511233358,-1.117511233358
Myrmicacin,0.425466578171006,0.751695631637267,0.166499857872497,-0.0690737788001847,0.427109927808917,-0.270015472245579,-0.274390215969229,0.247948683617412,0.157781548439734,-4.89366465059972,0.186208425036151,0.259299440377445,-0.145399671530633,0.337922261292746,0.217309106379024,0.655805027086938,0.548784090166604,0.573246951638677,0.111074491288139,0.320735668619219,0.265656099713562
Myxalamid D,0.462488569565615,-4.16575095478352,1.02159012191141,1.10648793041612,0.994207477928145,0.723839250578423,0.540801427049786,0.938250262668874,1.08826847661999,0.986114810678406,0.793464384051321,-0.758525060087276,-0.775266518074167,-0.714157949264557,0.114039478525746,1.13013070377251,-0.696555991239199,-1.11966700088978,-0.432608816324532,-0.511869670914541,-0.725280932188764
"N,N-Dihydroxy-5-(methylsulfanyl)norvaline",0.390229666266723,0.787332761957006,0.300498721962391,0.615330401955633,0.216076944260483,0.808239496935308,-0.128111580182559,-0.843760314876712,1.26123022575461,0.0602266631575365,0.555032816253432,-1.24336141475652,0.103532614307349,-1.37859205224781,0.180490114669201,0.11248036992329,-1.85227974747417,-0.309680586303077,0.0344462924069805,-0.476954032958533,0.807592638989444
N-(1-Carboxy-3-butyn-1-yl)glutamine,0.337828602501686,0.959747651146427,1.04321466977665,1.42522093427636,1.47104633792447,1.15589710520033,0.927752096531038,1.20249353695197,1.05983791498952,0.715007626611148,0.970389724415949,-3.48122326499929,-3.48122326499929,-0.61340691543263,0.401749354039099,1.09248804361377,-0.586361334692911,-0.70573006699648,-3.48122326499929,0.356383533650221,-0.769889019508785
"N-(2,4-Dihydroxy-3-methoxybenzoyl)glycine",-0.600269207634592,0.0556494372726209,0.36183852572725,0.233875227611801,0.40035072338781,0.421361814796786,-0.0162006188566332,0.704954936627435,0.614707910231795,0.167015844468296,0.409481059292598,-0.424470234842309,0.085070614643305,-0.166109196969094,0.308913214424153,-0.375730336039137,-1.00371750543813,-0.995402752489349,-0.0220115283460326,-0.260341371788659,0.101033443920062
N-(2-Sulfoethyl)alanine,-2.52855942137954,-1.21662192818677,0.493564249643791,-0.465206560368817,-0.136131223828639,0.4841684318199,-0.451228306307077,-0.0773458104090148,0.949048372909646,0.217352490019573,-0.0462760864574097,-0.379778654537185,0.315474044693993,0.0302718927873723,0.480125693607193,-0.381815976299873,0.512094267729499,0.36082925087505,0.765361564476849,0.583243526361215,0.491430182850268
"N-(3,5-Dimethoxybenzoyl)glycine",0.579316921525978,0.477167961700628,0.911040742404343,0.723555756997435,0.825638880982634,0.78395828073343,0.864598699016984,0.603704273536166,1.2112893823917,1.06284532331514,0.794018349499028,-0.0202805612600316,0.184721348577629,-1.24681507746229,-0.144786938398404,0.858002571711405,-3.98956618365522,-3.98956618365522,0.00318020700397474,-0.757933362663343,0.265909607698016
N-(3-Carboxypropanoyl)-5-hydroxynorvaline,-0.646004410448581,-0.33447185997446,0.423964334660077,0.409007479662586,0.471076780065302,0.370157126178709,0.0119219708224909,0.57511540112875,0.462136224606591,0.278784774457024,0.405046745897045,0.26690235056297,0.126499819793541,0.0775232677265174,0.584736496544271,0.102498804335622,-2.18650814827666,-0.75639299137318,0.159675609228662,-1.01627578085313,0.21460600525585
N-(3-Hydroxy-15-methylhexadecanoyl)glycyl-L-serine,0.978210766851991,1.28262821282295,0.963379575990336,0.893298876013254,0.885218482405022,0.690688464305236,0.442656215016306,0.933816129519151,0.84889768471252,0.961019135882021,0.409232584614949,-1.97689732300629,-0.652953676510919,-1.0317704257618,-0.509152234544928,0.944289192548548,-2.07611146464474,-1.1871496083437,-1.24134000854394,-0.717474050395216,-0.840486528930728
N-(3-Hydroxy-3-phenylpropanoyl)glycine,0.612387541828748,-0.40082416290407,0.607996740286337,0.397362054908899,0.548572782107078,0.319088631606737,-0.153202078658199,0.680499729576743,0.632012993175984,-0.0201501642093751,0.182221374197715,-0.289031944137705,-0.0517100316050314,-0.954274385565868,-1.4489592692494,0.31676474978468,-0.378169697214761,-0.347978484156353,-0.00759206696045043,-0.287971236759416,0.0429569239477023
N-(4-Amino-1-carboxybutyl)glutamic acid,-1.3487227331439,-1.39261970539658,0.318315693306651,-0.150162435677226,-0.323729002072557,-0.092048654036164,-1.09462854842237,-0.104880589958931,0.124091127882673,-1.67955196396304,-0.274482224131467,-0.413370604023603,0.985945962264386,0.84622893336842,1.13929411039812,-0.170931105364561,0.588210228988556,0.0956240265606827,0.894299024195377,1.00414164765367,1.04897681157186
N-(4-Methoxybenzyl)glutamine,0.461253895364146,0.434224800164379,0.864772889359106,0.6597411547348,0.748698649500253,0.669082551864428,0.451268573063978,1.16556054769332,0.896105129811982,0.696525100739306,0.868383928525811,-0.285303292057263,-0.791196604130917,-0.0769890492190779,0.153579111146978,0.701823172692325,-1.86845849097378,-1.96828682052434,-1.89882653021637,-1.68828415369751,-0.193674563841515
N-(4-Oxobutyl)-L-glutamine,-0.398813623296469,-0.268111409646643,0.763944600183272,0.400747594738541,0.935305086018392,0.384739968472138,-0.574155718117274,0.956595224901281,0.522620887971081,0.390720235915454,0.422919348164523,-0.718470985920172,-0.682169336411122,-0.899442914275808,0.273029822765861,0.475289090603999,0.253057215488121,-1.10080996264275,-0.409036385722218,-0.297565593923763,-0.430393145266464
N-(tert-Butoxycarbonyl)-L-leucine,0.3515878111874,0.249099935016906,0.913159009321183,0.527833794745489,0.599549158568585,0.517722486222292,0.429776198003007,0.610034216716714,0.844002911927815,0.480442110577241,0.629803902323103,-0.915058512089832,-1.31318975395122,-0.0764114463542018,0.075006749031211,0.627810778597111,-1.86039930490774,-2.11147886318659,-0.272898993287375,-0.114578952741753,-0.191813235719324
"N-({(2R,4S,5S)-5-[(4-Phenyl-1-piperazinyl)methyl]-1-azabicyclo[2.2.2]oct-2-yl}methyl)-1,3-benzodioxole-5-carboxamide",-0.467639152480669,-0.790686733081167,-1.01547831203994,-0.247976720799278,-0.0755161106277809,-1.86014382375937,-0.609511978482059,-1.99752537549541,-1.08735238902745,-0.380784591864062,-0.387159533252458,1.00264001024936,1.23640076035585,0.928672013937558,0.995123752820804,-0.745696036004406,0.791276768448551,1.025366848259,1.61715405578852,1.04565142225671,1.02318512479768
N-(β-Ketooctanoyl)-L-homoserine,-1.11151729295264,-0.948481388539137,0.0814137035004968,-0.124864585648206,0.0822308283865405,-0.543040027878716,-0.391301414531612,-0.75413417489102,0.0449200047812329,-0.946258726205273,-0.188979263303722,0.908521867760669,1.65037097984712,1.53814320616724,2.11799900013915,-1.33857587899939,-0.587607772972601,-0.484286868155298,-0.0382732171467898,0.0403117223657095,0.993409298276256
N-(γ-L-glutamyl)-L-alaninol,0.849505556421672,0.843538353002091,1.08240825952267,0.465771525411013,0.725003487528573,0.450924863362906,0.170157339643608,1.35215662083918,1.05380331323674,0.552532250969161,0.876112485450048,-1.30362908936702,-1.03015235168305,-0.764695607508828,-0.40482519571103,0.75663593878517,-2.12813000594819,-1.6808925607845,-0.633727316476514,-0.675156110027736,-0.557341756665969
N-3-oxo-butyryl-L-Homoserine lactone,1.4199703022289,1.62981565840596,1.47689508237057,1.66560782279105,1.67365139218782,1.69246142848227,1.59299679454044,1.82538598687387,1.77840815354929,1.71164115226477,-2.11023542858075,-2.11023542858075,-2.11023542858075,-2.11023542858075,1.00372340621291,1.52156167731892,-2.11023542858075,-2.11023542858075,-2.11023542858075,-2.11023542858075,-2.11023542858075
N-3-oxo-decanoyl-L-Homoserine lactone,-1.58848718314327,-1.27985146027255,-0.593301289676762,0.495414292020931,0.498023984925185,0.37088057138382,-0.981243491530179,0.111466044270034,0.809580182618582,-0.265432655742678,-0.708101511909971,-0.340716735669174,1.03782447082901,0.890217746848434,0.898635412567375,-1.35796935027325,0.627957178197667,0.644436826623856,0.236354026915652,-0.023827652371275,0.518140593388593
N-Acetyl-D-alloisoleucine,0.080863563259776,-0.756098863021246,-0.322392001833408,-0.462904333439077,-0.331932244130927,-0.718375856756199,-0.958050172143579,-0.420402420527768,-0.497334587517879,-1.22519066860816,-0.463227367937546,0.938615530232877,0.982368194356794,0.701459225646407,1.48511784938621,-0.474879169289629,-0.037490718459358,0.0196546481515533,0.818361872786498,0.864879572474247,0.776957947370409
N-Acetyl-D-galactosamine,-1.42299713998446,0.328825028195258,0.393729608195468,0.958631169327833,0.898732571332537,0.397457005732693,-0.221392191495791,0.250250633533905,0.390547478621886,0.118084694253045,0.132720243842511,-0.294977591461422,-0.777807721110563,-0.325005026840103,-0.0579980442831189,0.850512115903552,-0.136526765993169,-0.31936798845513,-0.7708933636723,-0.201255400326277,-0.191269315316362
N-Acetyl-D-quinovosamine,-0.402332153369386,0.10094818596871,1.00891899785929,0.410960386952994,0.398610849600064,0.439057061767252,0.103028686934558,0.718813037939069,0.684558218009414,0.289065390118622,0.587522365903839,-0.672955704907395,-0.46110447197536,-0.704358170610492,-0.28552313192732,0.144380060041433,-1.27143354963063,-1.12939298819096,0.059534880405022,0.160861341820911,-0.179159292709638
N-Acetyl-DL-glutamic acid,-0.264320976648403,0.393987276998591,0.837049099019882,-0.193290207633556,0.255123065770293,-0.0129118924948426,-0.295601966799669,1.54868941663748,0.105822895580024,-0.163986307790353,0.276332060950374,-0.612815645452268,-0.0823578527807274,-0.485303467048808,0.0825714235785846,-0.335054739800412,-0.297996130028402,-0.512601629693327,-0.0313749932086501,-0.0906099117415476,-0.121349517414255
N-Acetyl-DL-tryptophan,-0.359015610019035,-0.957110457573256,-0.428364738904535,-1.82513588691048,-1.69226117057923,-0.614839142037904,-0.313206609031307,-0.890951073791563,-0.811066583617382,-0.462710933597125,-0.347785318885868,0.888630913691333,1.15750251023664,1.09578385456738,1.21837479104758,-0.305340470825878,0.712446738894973,0.681579254904188,1.097885122428,1.0000587204405,1.15552608956295
N-Acetyl-L-Citrulline,0.697302497623279,-0.0217191030464906,0.911827827202382,0.27376759219995,0.611983074148222,0.483702507477664,0.359541688306162,1.67923795281236,1.06929789354678,0.312852948494515,1.06002431087986,-1.36554554678877,-0.880651952481624,-1.46071807315558,-1.04266854065728,0.864364922826539,-0.365397622956524,-0.939869771008297,-0.788363224739399,-0.542098769189288,-0.916870611494453
N-Acetyl-L-aspartic acid,0.255756440937332,0.403073199770102,0.816205270633499,0.157515927686184,0.512665466622501,0.33159164400898,0.503776809830608,1.2788491122836,0.365466927441949,0.0369953031879565,0.441797112705493,-1.19260196812213,-0.52645502819964,-1.02142874395656,-0.624749722752462,0.296538641435808,-0.737143314121129,-0.695696024682477,0.131409056101577,-0.162012983605079,-0.57155312720607
N-Acetyl-L-histidine,0.00783592476754228,-0.00707432013253476,0.937485622277888,0.717196877102384,0.392485550171943,0.590274872293506,0.67555238853857,0.66605910604148,0.974679868027921,0.510436517024946,0.844107495289608,-2.23666704407356,-1.32886388260885,-0.47411052128187,-0.333153659830766,0.687062203201567,-0.612035846573642,-1.32336321741217,-0.671816328343346,0.64601235622339,-0.662103960704017
N-Acetyl-L-methionine,0.440420971776556,0.276498263483211,0.605018936880234,0.443369957760666,0.585259673055876,0.40114086636749,0.108769746232976,0.557543022648941,0.228110535627085,-0.632985255755825,0.0684442497373035,-0.473182128351902,-0.527163765366462,0.37367371276232,0.525122151713449,0.170524275047123,-1.11397115948541,-1.37197534450576,-0.328672187804427,-0.304221911057515,-0.0317246107659589
N-Acetyl-L-phenylalanine,-0.362109133380341,0.0508910994883637,0.0122832126554026,0.108639631630465,0.208875174105524,0.224426846734398,0.405432921948386,-1.2536057413014,0.146438239157225,-5.0177377390901,0.270783661052592,0.553509654124724,0.69376295434592,0.628332404691644,0.78257321433344,-0.142342908445411,0.349434586719413,0.315363544506372,0.715540624778846,0.612246623579726,0.697261128364822
N-Acetyl-β-D-glucosamine,-0.454088997321445,0.700555197009518,0.62912413929705,1.01623000163788,1.00629423871262,0.702342412954602,0.303232703261314,0.533991317582596,0.703883994159607,0.420771759145212,0.420420591333838,-0.531781188245555,-0.489378536700602,-0.872962042878507,-0.48258234675803,0.971789635995577,-0.733485075228145,-1.78264095182136,-0.622835595440601,-0.745540929121385,-0.693340327574238
N-Acetylaspartic acid,0.582246631174551,0.338800403710726,0.775258281386823,0.527454177052719,0.746625082803374,0.436636732871646,0.582694530595741,0.945941721697556,0.541007591037142,0.0940537960186444,0.63692611951162,-2.24580411659989,-0.547250329679468,-0.835481218909359,-0.499580409445602,0.455578873830492,-0.843356897104173,-0.812957998828198,-0.030305547694159,-0.304172729659586,-0.544314693770613
N-Acetylglucosaminitol,-1.58612284827192,-0.950610123208571,-0.294409811192815,-0.677431194759972,-0.662177666256948,-0.320488902158505,-0.766579630729236,-1.07221083830401,0.139629122960804,0.127579878180589,-0.227041204382972,0.759721113963427,0.850115516759936,0.4082082384821,0.686859939290968,-0.0516909201977433,0.940572483542512,0.858769112182951,0.818075035551093,0.667095127506564,0.352137571041781
N-Acetylmuramic acid,0.0831584138467935,0.398228672041618,0.847654495574473,0.685310144143697,0.976850371155632,0.549225406868841,0.210813331654485,0.970216621974613,0.503754950615874,0.245498785245675,0.106048622175634,-0.197385479380742,-0.635573389116823,-0.223654601027521,-0.217280388495729,0.874539489560513,-2.0134220146089,-1.13023199202342,-0.566109188020594,-0.525092849207699,-0.9425494029764
N-Acetylneuraminic acid,0.545758626859768,0.866521463260255,0.29684047048478,0.79308366134985,1.02070220151446,0.929972144479962,0.500940562948208,-0.0783255066377141,0.18350465939517,-0.00189072065091386,0.0838656134992599,-0.373307520493727,-0.340953260678232,-1.07363090522521,-0.566700561349601,0.649731863047503,-0.636590646246444,-0.773466209362719,-0.553173296814997,-0.692156167110006,-0.780726472269599
N-Acetylornithine,0.864721557258975,0.993683379358808,0.845999120222084,0.579096461320572,0.936917875679405,0.601613462895611,0.150093763231351,0.869769799383132,0.867541362112504,0.467857075645037,0.815084995356362,-2.90020404945956,-0.525614094684456,-0.942899651311348,-0.564813505670536,0.833644967977006,-1.3647240286499,-1.21176750566052,-0.439515913473844,-0.490334994278251,-0.38615007725242
N-Acetylsphingosine,0.419119245044511,-0.534724475095693,0.294285872061605,0.822483545426991,0.826899132412544,0.451110374847077,0.0863799599760852,0.62850720303392,0.859664275241685,0.727686753908738,0.45256676582403,-1.16778044805995,-0.406501678055303,-0.574335873602118,0.162128573369064,0.62790629088538,-1.71784620353863,-0.408713198239605,-0.959910322899866,-0.779864274993323,0.190938482452871
N-Acetylvanilalanine,0.0816070493718985,-0.276618615046877,-0.820905169040259,-0.96580783937443,-0.616486948306898,-1.03700195529676,-1.03488100130914,-0.0667330154012373,-0.750234650601968,-0.863887470105748,-0.783833561603344,0.664944576273154,0.772356890866846,0.694211559789423,1.00339862420535,0.0213009322266816,0.578937715122027,0.485393027979671,0.917330402677168,1.05834554983095,0.9385638977435
N-Arachidonoyl taurine,-3.61334841469175,-0.503826892214672,-0.241770828034603,0.294981172950247,1.05450872507101,0.366111160514409,0.0585976867467294,-0.644127527666597,0.27603047664969,0.0903899260767594,-0.427329051493659,-0.126828035977592,0.367561017395555,0.139822035418795,0.193766003366278,0.570102050634987,0.46260037389341,0.800239107025764,0.208756349147779,0.39772880046738,0.276035864720087
N-Butyrylhomoserine,-1.5998176735107,-0.551967748009591,-0.256124302455576,-0.602840815629296,-0.498615420356847,0.0387033033147707,-0.831111440617006,-0.176402956787647,-0.0374466158052932,-0.161755273079601,-0.183924857331738,0.60512452602085,0.796376246900491,0.514475703926733,0.888651012188289,-0.427962637250587,0.214227836428423,0.346937595121284,0.637856858732655,0.624133007899229,0.661483650301181
N-COUMAROYL-L-ASPARTIC ACID,-0.646014335338826,-0.699369989860147,0.9897234731471,0.859475167014606,0.881838833463881,0.915138770763797,0.45323031775055,1.23640072965779,0.442841003938493,0.374749769137743,1.10051275949225,-0.820079405904947,-0.536168612367066,-1.05187971944408,-0.819402520685909,0.59051714330709,-1.00422708037455,-0.832156407618832,-0.869161280292823,0.423653962247933,-0.989622578034057
N-Formylmethionine,0.666207092946303,0.79181893616472,0.814795274338029,1.02145607156628,0.998948885119871,0.822780441831462,0.825404562421916,0.877306022845042,0.853586468801624,0.570418111479057,0.727131658059384,-0.381382741987617,-0.409332323923077,0.0606603336391462,0.284367782065589,0.78397027622975,-4.20661435988543,-4.20661435988543,-0.313084128030135,-0.496030941024547,-0.0857930627719309
N-Glycosyl-L-asparagine,-1.15051911676247,-0.905752290633342,-0.948169598630302,-0.87609293482769,-0.775797170244383,-1.09508428757311,-0.807523546933401,-0.285112799150379,-1.02349280776283,-0.559350674672415,-0.637432805845777,1.25950775298149,0.193119244444166,1.23482716312932,0.399830095654969,-0.933626731766927,1.37286698594886,1.29470179225713,1.44875260948021,1.39115363457504,1.40319548633182
N-Isovalerylglycine,0.450364043683009,0.446759638422262,0.0418919156187534,-0.277969556276336,0.260808849533996,0.189699541559179,-0.229679570732042,-0.0806621547608506,0.328244974811428,-5.36762060157618,0.324368749782076,0.16226513467263,0.1505578911422,0.627139713808662,0.89130799647644,0.450273142772721,0.48734945897718,0.0845306912712647,0.658613702274585,0.36022234762982,0.0415340909091997
N-LINOLEOYL-4-AMINOBUTYRIC ACID,-1.70413552320212,-1.70413552320212,1.69189132508704,1.81453351626274,1.46680481262482,1.21161446725326,1.35645916365796,-1.70413552320212,1.29787261001974,2.4968991574364,1.59760593202462,-1.70413552320212,-1.70413552320212,1.25658953475462,1.58348904557311,1.26759566732689,-1.70413552320212,-1.70413552320212,-1.70413552320212,-1.70413552320212,-1.70413552320212
N-Methyl-L-alanine,-0.0200035556648443,0.517062562594045,0.779554358481001,0.551866666704082,0.718461542594851,0.589084562302867,0.446808703083144,1.06370972557392,0.292341225570775,0.255487222697852,0.283701184995568,-0.955661209016796,-0.599720946565675,-0.442604625457982,0.180728030103954,-0.108689002174426,-0.985580482055106,-1.35101095852296,-0.303713395685269,-0.391432007406039,-0.520389602152941
N-Oleoyl Dopamine,0.0894396229565406,0.136156385198176,1.06641131365866,0.705693843408634,1.07304696786506,1.33626689324005,0.574034285200827,0.571966280246468,0.693582888594613,0.79659980372724,0.180392124598542,-1.00735390063288,-0.96828994196404,-0.752831510851454,-0.107890659584105,1.00763049312022,-0.877790232043038,-0.926289497444324,-1.14682662994171,-1.27543230811127,-1.16851622124222
N-Oleoyl-L-Serine,0.0150811943480738,0.690978724000784,0.387385086799894,-0.804205597840815,0.022714628860034,1.09390901327815,0.588633253460485,0.126487375618074,0.647134071063564,1.23961896292355,0.885584370907843,-1.64005623832472,-0.0651008046727438,-0.23752516774345,0.333397589710548,0.382483497311803,-1.13478562054007,-1.42778943832094,-0.0600411505300484,-1.00975926190387,-0.0341444884061249
N-Oleoyl-L-methionine,0.407875076676947,0.508242274490176,0.537428805160482,0.999361746678026,0.88224276212787,1.09171570210164,0.724253846581155,0.927715081104941,0.861210222153757,1.10212376613033,1.1179129298693,-1.45402410044296,-0.606362677339664,-0.689912854635502,0.294318845681286,0.786675372130113,-2.02553726758322,-1.48716162563046,-1.72984954216502,-1.3939915792107,-0.854236783878504
N-Palmitoyl-L-histidine,-1.3226439179757,-0.830557713103085,-0.613226430201517,-0.384670734140379,-0.313708577943222,-0.808695049305342,-0.924086781328354,-0.594508158952064,-0.588109576314026,-0.849679799904546,-0.691408201419564,0.530705578108885,1.11231443178907,0.727077760343677,1.30824199290565,-0.414127121391313,0.524790102680303,0.403676854398192,1.28186734493805,1.30907715837376,1.13767083844151
N-Palmitoyl-L-methionine,0.002778532543007,0.0285910293189141,0.625427485252267,0.678318152708923,0.866855127279301,0.756445683061941,0.418815810703867,0.955270979827089,0.522062883110552,0.729174082088948,0.643615889458821,-0.780494615739893,-0.0702845523026965,-0.582896693050657,0.0506092125014852,0.627053019286138,-1.80986879644327,-1.27678454859458,-0.701175964185033,-1.12556827903808,-0.55794443778704
N-Palmitoyl-L-phenylalanine,0.169399160361921,-0.189411224893527,0.257535311262554,0.544406433902955,0.565684831996765,0.407648692817139,0.0443146082989257,0.600337885132196,0.803073337294607,0.636483217047322,0.43583314446003,-1.10786672495302,-0.341106181179312,-0.399729494871761,0.259899171676288,0.875040611748086,-1.15927748426096,-0.764826161005597,-0.631285464865872,-0.889705690799661,-0.11644797916906
N-Palmitoyl-L-serine,0.996759472921886,0.968802710087945,0.964835889461168,0.93983656396829,1.04220948076353,0.905852066688685,0.86929718223389,0.959288349248916,0.956753803997438,0.880543909331852,0.77481656766094,-4.07435165930049,-0.493498930977477,-1.63855895044373,-0.754068697274789,1.0971243962597,-4.07435165930049,-0.171771140382023,0.073582229231991,0.226920189747489,-0.450021773924715
N-Palmitoyl-L-threonine,0.180278985547967,-0.0475131721422543,0.131914786900518,0.292998273758756,0.511842875369016,0.27050755645509,0.218103928042046,0.767680465851745,0.712397866765284,0.684682321416157,0.362589847728083,-1.95785654151748,0.178972391722965,-0.18791436140484,0.392473646596186,0.577595206067815,-0.966938431646082,-2.29448760772655,-0.0886789855590648,-0.00594637177145624,0.267297319546096
N-Palmitoyl-L-valine,0.0232226426029251,-0.0205319706445247,0.233036793674148,0.767338535742255,0.666475181784811,0.377764029592643,0.107448860098581,0.645070852549714,0.965019309053263,0.689160424631912,0.400300991308672,-1.28582147887391,-0.231864605875192,-0.640660097464775,0.244696862865996,0.728053404091037,-1.15758148001093,-0.841349461398917,-0.556415348454693,-1.00705850433861,-0.106304940934377
N-Pentadecanoylglycine,0.308647735356755,-0.645323840902175,0.726565547237001,0.832834849765295,0.708109445567024,0.222057976456048,0.385430173427664,0.791855564813182,0.948800820617361,0.668950053055752,0.470192246109717,-0.978336609424601,-0.282835375648121,-0.68699779012063,0.267814708160985,0.92319573004558,-0.764905174040326,-0.593462992977476,-2.67175876619075,-0.510876335784573,-0.119957965523714
N-Phenylacetylglutamic acid,-0.35739716825698,-0.33547862523086,-0.241939026063581,0.305233213187803,0.379917523396641,0.0428204629144152,-1.52204462693328,-0.459701654975312,-0.10842547577615,-0.256257115209635,-0.244678982515051,0.458648656374413,-0.0483238118006652,0.00790820882026071,0.243808719192858,-0.246467166934735,-0.284849121342119,0.205577406246973,1.00531076024134,0.892282127879801,0.564055696783884
N-Stearoyl-L-alanine,0.10036473450057,-0.354869179633553,0.248034032095328,0.767165516280987,0.57147154299004,0.302326340766405,0.128360891777085,0.428547833762609,1.18324052465293,0.669173733515162,0.551026223525961,-1.13892441220079,-0.368471114339379,-0.592229386387667,0.148258572212282,0.763925255247652,-1.09459852934473,-0.721948686868991,-0.779827509092054,-0.864445101865773,0.0534187184059292
N-Stearoyltaurine,-1.27087829249997,-1.27087829249997,-1.27087829249997,-1.27087829249997,2.22294277853163,-1.27087829249997,-1.27087829249997,2.60654235593166,-1.27087829249997,-1.27087829249997,-1.27087829249997,2.40313867873316,2.5999675283648,-1.27087829249997,-1.27087829249997,-1.27087829249997,-1.27087829249997,2.7123505951839,2.68544917475839,2.56190498349607,-1.27087829249997
N-Tridecanoylglycine,-1.15953795492646,-1.15953795492646,-1.15953795492646,-1.15953795492646,-1.15953795492646,-1.15953795492646,-1.15953795492646,-1.15953795492646,-1.15953795492646,-1.15953795492646,-1.15953795492646,2.49102837974335,2.46775329319527,2.34075197701081,2.03778730737871,-1.15953795492646,2.43068089500235,2.0282546704864,-1.15953795492646,-1.15953795492646,2.43727484615351
N-Undecanoylglycine,-1.79935919633855,-1.79935919633855,-1.79935919633855,-1.79935919633855,-1.79935919633855,-1.79935919633855,-1.79935919633855,-1.79935919633855,1.51079095419629,-1.79935919633855,-1.79935919633855,1.74540861958365,2.0891511258747,2.07714212635209,2.04091072776027,-1.79935919633855,2.14779271028248,2.15373753735314,1.93352563887597,2.00038167793051,2.09411004151492
"N-[(10Z)-7-Isobutyl-3-isopropyl-5,8-dioxo-2-oxa-6,9-diazabicyclo[10.2.2]hexadeca-1(14),10,12,15-tetraen-4-yl]-1-methylprolinamide",-1.25382955475186,0.471032692473082,1.08638946071883,1.29254707384592,1.67095382668688,0.482701645218808,0.0905330027311304,0.55807910304001,0.554820810094099,0.849684699595483,0.328642082441053,-0.179091078726676,-0.539552938434376,-0.965389647484545,-0.832582539621892,1.39188879572521,-0.847569649454499,-0.762462216174134,-1.11164941294922,-1.17954195150378,-1.10560420346949
N-[(2S)-2-Hydroxypropanoyl]-L-leucine,-0.960991535446486,-0.949200717589099,-0.207668175804853,-0.913465313005483,-1.05663305494698,-0.480385361047395,-0.889866258264737,-0.873017915813184,-0.60710498016741,-1.18201142132554,-0.987138988194849,1.0451886106906,1.26068064553304,1.04720995911292,1.23949428804616,-0.914924077166092,0.877982010163658,0.939638109345083,1.21229712784399,1.172871875418,1.22704517261864
N-[(2S)-2-Hydroxypropanoyl]methionine,-1.38539126690447,-0.46734958191429,0.0693248472385242,-0.0286520690954625,-0.386023037558708,0.0872354624215205,-0.40746131317215,0.032382444890126,0.120212213044108,-0.455183745052496,0.0580295234218278,0.281887784782656,-0.0224356188482538,0.754377062790129,-0.125219862591071,-0.343179052720995,0.505282354209773,-0.317679789964442,0.723846182927005,0.583767924437345,0.722229537659331
"N-[(2S,3R)-1,3-Dihydroxy-2-octadecanyl]dotriacontanamide",1.19055811465297,0.0873341031323116,-2.1440289107693,0.0701059940243905,-2.1440289107693,-2.1440289107693,-2.1440289107693,-2.1440289107693,-2.1440289107693,1.28507102035213,-2.1440289107693,1.57796643026822,1.2253039516286,1.35434281496303,1.33765506179347,-0.0615360054042415,1.45108131774109,1.47021818864954,1.45580265915908,1.3604457496998,1.20385297472471
"N-[4-(5-Amino-2,2-dimethyl-4-oxo-3,4-dihydro-2H-chromen-6-yl)-1-hydroxy-4-oxo-2-butanyl]formamide",-0.928761780532271,-0.0941766806857131,0.864814974534334,-0.0527992053865804,0.15542750329856,0.382373677535126,0.0384883658110766,0.84683469239493,0.982082504475501,-0.018945281317991,0.702868498981455,-0.571072115387884,-0.0668645343366448,-0.544973536712729,-0.0243074243819016,0.287010385990181,-0.799942669281994,-0.688093831817827,-0.0977749760563869,-0.210320771143645,-0.161867795979637
N-acetyl-D-glucosaminic acid,-1.44558197479415,-0.558342641124614,-0.284311608501557,-1.15139275286139,-0.40722918196636,-0.447723477626278,-1.61632028559998,-0.120511449872334,-1.10868966554327,-0.813489485937266,-0.867460614961904,1.00797255836862,1.13259200159902,0.893937689872127,1.09855890253481,-0.659235755152965,0.967001709587531,0.917189411323675,1.18043183640808,1.15408075577501,1.12852402847318
N-acetyl-L-2-aminoadipic acid,-0.515519609509303,-0.562630498698596,1.52518142689727,1.27758190154556,1.58911077211726,1.03525619876328,-0.50455332010278,1.61098934828483,0.776490879963157,-0.0814492994930883,-0.506897470954948,0.438534990077528,-0.902661218928874,-1.22585753441604,-0.723710783851968,1.41131553550145,-1.23286151016899,-1.10431358845123,-0.747654252180742,-0.761016992711714,-0.795334973682074
"N-acetyl-LL-2,6-diaminopimelic acid",-0.16117971182067,0.425414538432222,0.64459873402377,0.26767180925186,0.467742404737958,0.216369385606399,-0.334800642570915,0.999307548919931,0.609559563853697,-0.195240959568162,0.549890231837506,-1.29038395846563,-0.352871568235191,0.116441414758554,0.605811866924349,-0.00594491246329842,-1.20664777336615,-0.645407964511786,-0.352860305467459,-0.19350350347447,-0.163966198402513
N-feruloylglycine,0.763799739842624,-2.67651955566249,-2.67651955566249,0.986329069646378,-2.67651955566249,0.996148433640577,-2.67651955566249,-2.67651955566249,0.356851118883945,-2.67651955566249,0.927623490895641,1.41291778691096,1.72879510310286,1.60544684233906,1.71424855166084,-0.0175684174845044,1.13425499014578,0.789217843681191,1.15364332596965,1.1729660208316,1.33444343390834
N-formylmaleamic acid,-0.860726981814388,-0.589947390497322,-0.417374916217692,-0.83978351510132,-0.732233493791292,-0.560431625853563,-1.20369141235855,-0.725874320598385,-0.998290037435016,-0.974020696694782,-0.997517935890651,1.20327781153753,1.18080980465235,0.962551424093095,1.10913987130755,-0.890088331706757,0.819160986926776,1.0536032592861,1.21044484720142,1.18389276950562,1.06709988344924
N-glycoloyl-D-mannosaminolactone,-1.9901525380781,-0.128285515028659,0.6510629013025,0.0901938565502296,0.199512477110528,0.275103227825997,-0.0117515887707915,1.06212139617026,0.496880567250285,0.150297519740674,0.240631331071668,0.268372854461352,0.213978565227432,-0.225547405688302,0.115220594505781,-0.265282902641379,-0.394935192230351,-0.453691089676,-0.205105585622507,-0.12439723236854,0.0357737588879
N-lauroylglycine,0.587162373505631,0.654019529566357,0.92078057576944,0.775947307140331,0.805255129932915,0.789776860536912,0.769633114823525,0.938509429453178,0.877724422454472,0.744628436664785,0.830006424162426,-1.02365722570365,-0.974203379876332,-1.19799322925074,-0.827589319414557,0.835915851665947,-1.12785470609013,-1.16201469526274,-1.01182151350005,-0.990108063750176,-1.21411732282752
N-methyl-2-oxoglutaramic acid,-1.5242095517509,-0.766970731491262,-0.0454713076583792,-0.431169229547634,-0.3011314702604,-0.357120186464365,-0.603581531028345,0.0466291439155147,-0.224402758991639,-0.29688847526897,-0.34478822599572,0.732516003748914,0.685286863601139,0.356396087163539,0.604778960993012,-0.44340837248443,0.501188730330668,0.4922733687927,0.725960823377692,0.693624872664616,0.500486986354271
N-octadecanoyl-L-Homoserine lactone,0.546687720001152,-0.337587049869976,0.489605899190385,0.658025184616308,0.434398113032423,0.187322808192087,0.253951195903654,0.411653766176091,0.736356938613208,1.25494035579561,0.523392113514638,-1.53780381379611,-0.241497712546592,-0.422606012372966,0.307795324135871,0.545269660453666,-1.35335269299299,-0.696688896127568,-0.695431852621896,-0.920351847940113,-0.144079201356905
N-oleoyl leucine,0.322123812759094,0.351764616560384,0.525745897003275,0.853146688434731,0.955652020064986,0.797726170114919,0.245243689867668,0.495095539907451,0.923065983270896,0.698418841547204,0.571594590834152,-1.34770096290981,-0.648371556854912,-0.51725767166854,-0.00267328733359224,0.769699948005247,-1.46003480946549,-1.00649898350985,-1.15097782118708,-1.20147636808113,-0.174286337359567
N-oleoylthreonine,0.315195435402117,-0.04654388856772,0.157926747634904,0.939998603560328,0.709573375851067,0.947214403068934,0.263563492712985,0.828189647547217,0.666843882457956,0.605666762318783,0.627339424293727,0.272505221958167,-0.543042006152534,-0.726504848731043,-0.137756801863257,0.497703786903186,-1.39602098809755,-1.02397984799664,-0.958576165336176,-0.74461084206393,-1.25468539490051
N-tetradecanoyl-L-Homoserine Lactone,0.261501021131367,-0.420170177405661,0.537145952016315,0.757916952508342,0.500134157035324,0.151166853642866,0.0548986792534194,0.524585832945284,0.849834197804585,0.561732573606635,0.421413494069249,-0.969301230346338,0.198867265897144,-0.9469609265462,0.468813856750819,0.981039356284898,-0.97732026753027,-0.136804444677446,-2.74389885883422,-0.141744565626039,0.0671502780199072
N1-Acetyl-5-methoxykynuramine,0.892995997972138,0.430332855106603,1.4140741655161,0.538521932433156,0.66331244036606,0.532832255027291,0.166989942874509,1.69505357453237,1.17045219803718,0.579895086544369,1.21006618601091,-1.53894521881297,-0.956670365719934,-1.457990032499,-1.21896854350902,0.646566168939821,-1.41142384254154,-1.91123921435413,-0.500276349622037,-0.22416170059628,-0.721417535705616
N2-Dimethylguanosine,0.71949711230079,0.832821872975475,0.681303867421859,1.31275931404689,0.755552164326323,0.835310494503178,0.701659580513407,0.182283280209774,0.930443079313904,-0.294012187772929,0.696761574780161,-1.12123904341128,-0.498755178708737,-1.64470739237609,-0.539782345699142,1.25196836584156,-1.00066053321544,-1.14269134072815,-0.887400387196487,-0.60966166586893,-1.16145063125612
NP-001134,0.583275464797469,0.760724370962931,1.2291751680986,0.884749098880659,1.14165014718598,1.05742269518578,0.561918826479072,1.22279979044409,1.20996462914499,0.864783611754373,1.02392846721538,-1.18978795179478,-1.28708217632122,-1.32584709850244,-1.2428414082237,0.686050493272111,-1.23100505018277,-1.23497339090663,-1.1846339335825,-1.21029487265247,-1.3199768812549
NP-003039,0.79425472383516,1.06053875480847,0.961003776308069,1.35209473516441,1.17916647957906,0.701466396133038,1.02594150711059,1.34164392914536,0.65184035024435,1.04930320532418,0.982336851168265,-1.69280211196325,-0.99699059127441,-1.44269005275706,-1.21786341920551,1.07128355847054,-1.16324686306819,-1.14798696326955,-1.43045888846922,-1.37701374503203,-1.70182163225224
NP-003535,0.621145578622231,0.696172423794526,0.97513211891052,1.17292244020177,0.572760440624781,0.641472772573078,0.939570353391751,1.06456281104921,0.723970183569021,0.646252383602352,0.639370753375182,-0.0665593122844814,-1.10682553222175,-1.41257817973301,-0.614483488295851,0.969237117327584,-1.34989471888398,-1.27459954976481,-1.16928470228657,-1.0817194318856,-1.58662446168591
NP-003827,-1.08344802376933,-1.15276739761243,-0.877116948976139,-0.996208854239064,-0.794429030984896,-0.980407577811393,-1.06695095491717,-0.836918480920038,-0.670562050971634,-0.882946610766836,-0.723044336729934,0.829623564857706,0.733010198950112,0.839883300103078,0.922592563401473,-0.824455907346713,1.3611433020464,1.50584426569471,1.57070876928524,1.61677681785569,1.50967339285116
NP-005196,-1.08679438575052,-0.911333266655668,-0.287540985112309,-0.108019561312445,-0.0898943806435121,-0.496285507224765,-0.841473228845455,-0.336546438825664,-0.290095080895871,-0.284382440418233,-0.77183317000901,0.599760071083103,0.870873731836938,0.564829506777682,0.962744237974514,-0.778715253410889,0.28300303300844,0.39705253024531,0.882129956076952,0.95046127744757,0.772059354653829
NP-005709,-1.1527513488018,-1.23708137557675,-0.976962223106481,-1.14871715437277,-1.11270869484823,-1.15416581351595,-1.20175178559937,-0.863748655922971,-1.02254226259967,-1.21648920416381,-1.14489890575965,1.46597026654122,1.5054066158234,1.49894500377752,1.62407875655573,-1.25173697292388,1.26125904044949,1.40080633074535,1.49680821546922,1.58954905464328,1.64073111318612
NP-005870,-1.05262053672229,-0.926995979010913,-0.98620904303794,-1.03620164320173,-0.792721264296927,-0.656097299750921,-0.973233636525122,-0.918984673061035,-0.405105593431984,-0.910784266295094,-0.98268674613261,1.36258911917086,1.18003128353622,0.682233752870254,0.55259030751693,-1.02109395245414,0.921783452430934,1.17249239814253,1.8579884001963,1.92643537100485,1.00659054905179
NP-006255,0.0463554817190176,0.772238646937807,0.371845058576512,0.866778428380008,0.254250789728404,0.198810972216835,0.787316874424694,0.25888358443047,0.301882090827573,0.363115787786144,0.47967783704047,-0.237358959284643,-0.15022757794004,-0.746503919155,-1.16323381153751,0.714561109413266,-0.680948233579808,-0.700967178431502,-0.0109788249450957,-0.496294288357207,-1.22920386825037
NP-008309,0.626507321477396,-0.046389095613105,0.406341003395234,0.375393986902509,0.316756758879836,0.320974011749358,-0.025887242396541,0.302699294721312,0.235795732516502,-0.442026853950751,0.495208805621176,-0.21705403310397,-0.0680406351163839,-0.332078322932452,0.4893625379484,0.379486313003651,-1.20260381476568,-1.65299412632719,0.0298964242775178,0.0849261293802935,-0.076274195667136
NP-008993,0.817766316787818,0.771558658740044,0.955995222655132,0.976021067022046,0.966454979033707,0.463399298129889,0.731282494283697,0.996005746389783,0.945201402402413,0.433211938100092,0.727806523191589,0.303547049602936,0.484381059112861,-3.66776081142455,-0.00665106362834056,0.690481410499906,0.428820561331225,0.222228487442306,-3.66776081142455,0.0957712831765414,-3.66776081142455
NP-011199,-0.122226690403864,0.0620061297660273,0.610260607734885,0.634010480398563,0.999773797653125,0.489000696629874,0.406783827429998,-1.11552757287948,0.779722485304002,0.658077349166431,0.138927902534584,0.128312900496899,-0.410376965947833,-0.766810354790694,-0.580735449061237,0.896332821614923,-1.58335636096026,-0.216659313117687,-0.174259948131599,-0.139461099273207,-0.693795244163422
NP-011548,0.0764263612863981,0.361613579592263,0.368015066916516,0.941955683840373,0.89383303183741,0.829202130006602,0.566654940124075,0.502943327527122,0.638867561926234,0.519509313699719,0.642100922034112,-1.21705869813493,-1.02676296813351,-0.0398424834276255,0.487625851477517,0.386461892820744,-1.53603102870149,-1.24634081837157,-0.957888685104669,-0.871905987228051,-0.319378993987165
NP-012768,-4.24496718251563,-1.40548684222036,-1.35783384809546,1.23963969565839,1.48380177431176,-0.442217985513835,1.13977549722637,0.436712310913059,-0.319026313070519,-0.376823009530374,-1.40684736370522,1.35381537152174,0.549213665718962,0.351015391916779,0.393668739149108,1.36372243416413,-0.0344610621661258,0.644295616085244,0.315131432121612,0.463947633076347,-0.147075955045989
NP-013098,-1.51585309047606,-0.302134535880465,-1.18940128292122,-1.37632620780788,-0.347151967034314,-1.42917880779959,-1.63988803154503,-1.14686293418095,-1.3039335418789,-1.37930858776452,-0.375067127516665,1.29139806645302,1.45342441174976,1.31353813637213,1.39185519903769,-0.363080100956748,1.21062178743592,1.27916272194207,1.50113549179719,1.48002102310256,1.44702937787201
NP-014906,-0.819329913659974,-1.10909465582734,-0.822582264658439,-0.903217985277043,-0.955514258011579,-0.996809314709471,-1.06526291564071,-0.675818340768896,-0.879219412091803,-1.03929237393624,-0.911701933115836,1.07985934215258,1.3649769365243,1.41832185077571,1.54263550236868,-1.06174112355445,1.09256123647002,1.14694894494231,1.17462167461209,1.16752171750506,1.25213728590103
NP-015948,-1.32241822460916,-1.23755060935667,-1.01959270669871,-1.02137538248576,-0.90280280688596,-0.751934882198185,-1.20485329958474,-1.07881548635958,-0.714248806727764,-1.03401803490259,-1.0634814316278,1.17613592400001,1.30191640315275,1.52675605268861,1.61637754110255,-1.05018975605932,1.02152929316733,1.09791466896722,1.46054344791366,1.61245893170479,1.58764916479932
NP-016455,-1.03753984679867,-0.964633888446727,-0.0336974480189782,0.203705958862468,0.11837715258707,-0.0107216077692184,-0.258992425287738,-0.100822464370919,0.146568324132241,-0.373014948926092,-0.071419443814829,-0.969390146076302,0.719684765497592,-1.16823682877832,1.23117987770961,-0.119676782044098,0.572111720098223,-0.0111607992608799,0.267770484542503,0.690796311792791,1.16911203437033
NP-016596,-1.77741119062715,-1.47708658358417,-0.548298795875257,-0.221860981752588,-0.678787465460473,-0.499018916375194,-1.20132415312203,-1.20925895095281,-1.33424149319794,-1.20504479485768,-0.364716364675445,1.32026055596825,1.48490746201671,1.18283273375583,1.38058869388806,-0.205915840642759,0.979300896363743,1.00683760868128,1.10617174296801,1.14042902890139,1.12163680858024
NP-018716,0.646623494159181,0.752025526320644,0.822949127324093,0.859030598184138,0.929402887247179,0.690220849240774,0.715790764407888,0.906070563000301,0.812767848408781,0.52490580152306,0.709019804600902,-4.36243826051279,-4.36243826051279,0.0119219273637251,0.0670916953251062,0.51666296553772,-0.0724107556189427,-0.0698366289846536,-0.0460733525453654,-0.0248456738888558,-0.026440920580093
NP-019483,0.269678986805937,0.0173145429978832,0.669397334616189,0.721645766768908,0.819676206947222,0.18098667349657,0.177029544287755,0.500793320339782,0.453183788348922,0.482607677205361,0.593580131921899,-1.29602888176868,-1.12447145167493,-0.707163043807978,0.046371201042775,0.50098991564985,-0.139151900827256,-0.428812898340226,-0.666893870821754,-0.747743233579886,-0.322989809608282
NP-019722,0.0388314044998261,0.134299658832032,0.488013917030413,0.449790689497322,0.445019311066544,0.200123197415157,-0.31691931253603,0.633244150165504,0.657008835025077,0.239434488769686,0.367014716984775,-0.190872439989607,-0.225384636557887,-0.888534623788367,0.262081291952126,0.202552209046765,-0.559871589630915,-1.31494753648768,0.0225948038067609,-0.164459329188982,-0.479019205912468
NP-020190,0.621988325134291,0.772144865568472,1.04730937347048,0.962229168529184,0.974624320000755,0.904413212713762,0.83296267846346,1.10968861738982,1.05734449514315,0.953278649749417,0.979058383449368,-1.73536111886882,-0.957299135866361,-1.18857727887643,-1.03272744566521,0.799721923429211,-1.22436321816022,-1.13585320298886,-1.3124845987942,-1.28849838769716,-1.13959962612407
NP-020238,0.515494811494354,1.08291270880436,0.8705789071,1.16540346007289,0.989413100016024,-0.606708012051199,-0.228965961849302,-0.841049280986213,0.982642928009241,-0.512813973135529,-0.716570706409859,-0.575145688516939,0.53332307902505,0.115826341305192,0.569828790148726,0.926585179421285,-0.240346507317176,-1.67405187330234,-0.631937255652772,-0.958328053801915,-0.766091992373877
NP-020283,0.256435906331256,0.775371200077946,0.817066731660301,1.11838710128027,1.1184875883339,0.593492421191815,0.682019987991469,1.34019870450042,0.599256937333714,0.968182008135393,0.68736325444897,-1.56091199661487,-0.780179370342739,-1.03758374634658,-0.980536453973725,0.713152279358608,-1.00026463108366,-0.949539890719059,-1.06939955733941,-1.14258188106143,-1.14841659316256
NP-020353,-1.52904537549104,-1.24640550093588,-1.10064649569548,-1.13823131404209,-0.67482074839839,-0.975502018239878,-1.1474915019617,-1.28653173791336,-0.868516258234269,-0.971061246249553,-0.344238021698986,1.69732992501017,1.61789104743809,1.00984633321239,0.944371502950289,-0.89346364143058,1.24199045324058,1.40760552744571,1.47697482541112,1.49593313823017,1.28401110735267
NP-020534,-3.97316464657726,0.0996670133447439,-3.97316464657726,0.314605500854585,0.493410242475106,-0.254264131218815,-0.649927227656242,-1.8239507157762,0.311242428658908,0.343236332807327,-0.00693154476791948,0.493425747068165,1.19500062002426,0.622088628442186,0.690339448503474,0.514214167649658,1.11901720500086,1.13077531258003,1.27208949340884,1.24119130449939,0.841099467256149
NP-021866,1.00978186171867,1.03588360950023,1.00731005480335,1.34796523002063,1.27019371405035,0.236616902716236,1.01228891816022,1.20168081893414,0.848207358613599,1.1617542040272,1.09783501134745,-1.67645310206633,-1.19973350936799,-1.36617449019698,-1.23409532165863,1.16197052491492,-1.31318710141286,-1.48427917759339,-1.08720835105702,-1.29000510467371,-1.7403520507801
N^5^-formyl-N^5^-hydroxy-L-ornithine,0.370895199793221,0.487965684930816,1.00000818716223,0.413998719100333,0.69396303708203,0.223891689410263,0.233794506542306,1.24685081224132,0.468960569414794,0.366679023404726,0.62909450127083,-0.403187919949493,-2.0720164166535,-1.40470425282708,-0.771759345059272,0.621109033785476,-0.474053996599278,-0.351004919162252,-0.474353733480771,-0.656862968081241,-0.149267412325448
Nalmefene,-1.10640490178424,-1.01160424814678,-0.730404979619732,-0.898541990400608,-0.348804186715779,-0.810395585210552,-0.540832244975472,-0.690281017965971,-0.345530682677625,-0.434807163753434,-0.773458351271158,-0.750896814844997,1.39568621623025,0.328733060185931,1.57949363851827,-1.06002765474991,1.2419501930026,0.992910029190183,1.15052054123792,1.26698619275874,1.54570995099235
Naringenin,0.646086945128777,0.795075187392614,0.715169222986044,0.926149555811761,0.963639658798291,0.498132393136842,0.917240429923169,0.187152589735861,0.473526938241232,0.823433642790345,0.736149729590638,-1.39552806588054,-0.692268989815396,-0.636576564794229,-0.314899066732602,1.32249739718792,-1.56135490204974,-1.50457763950119,-0.976730408828578,-0.573370664861581,-1.34894738825961
Nefazodone,-1.60249729221034,-1.00900188364698,-0.986835950051766,-0.46415744542334,-0.38777419821415,-0.989843806669701,-0.608182542687994,-1.67403868945279,-0.721370494738524,-0.481871595166586,-0.667538427707979,0.491471904766774,1.04884900060145,1.10191276450415,1.31734046634091,-0.399628119124389,0.850298109164129,0.929915883789878,1.43130491928645,1.43422299800648,1.38742439863431
Nifedipine,-0.318987760292872,0.488282773145599,0.259644507753142,0.576341512839775,0.320155150037486,-0.0671934922802924,0.222211494790838,0.420254679302301,0.275520579380099,-0.0500674280305423,0.569095445250876,-0.858286401900208,0.0408602336655577,0.133129089841332,0.120810403542843,-0.00724901447036546,-0.936089990051542,-0.718759204905436,-0.171771527998977,-0.318443376189844,0.0205423265702349
Nimodipine,-0.772621170753902,0.359021971405805,0.817469260206958,0.865054090816856,0.726260000976725,0.266441038459981,0.496116607857679,0.812273458292413,0.151696250507007,0.576587791147761,0.590595353904739,-0.247510361366414,-0.284720631094523,-0.568885493836544,-0.556835994080104,0.383634469636261,-0.883932531135272,-0.51258684836778,-1.03201811256136,-0.227274853817273,-0.95876429619902
Nutriacholic acid,0.443752490803127,0.983750485459565,0.982766955694274,1.39395536485026,1.37263878839913,0.287746738954395,0.850470851639619,1.19337142011095,0.621910267818674,0.941930759872675,0.905187225650905,-1.54219660812253,-0.910476329076412,-1.22869745197541,-1.23371187030651,1.13403141274806,-1.10335247303923,-1.11013116021091,-1.3771477080628,-1.44695984638088,-1.15883931482692
N~2~-(3-Hydroxy-14-methylpentadecanoyl)ornithine,1.5713345010071,0.277233193443924,0.549468896637309,0.143906196188796,1.60014477310702,1.01027682786267,0.385540191212009,1.37797991968262,-1.18020516043375,0.346142483561279,1.41732396787948,-2.11373999855134,-0.0140224846645325,-0.968251063765386,-0.663450879120213,0.344482456024088,-0.697988918902207,-0.620437965358561,-0.585647263823053,-1.09883508716353,-1.08125458482373
N~2~-Tetradecanoyl-L-glutamine,-0.122241394923376,-0.669902036462488,-0.787640600223247,0.400866425313003,0.42446048361915,-0.0572096989740322,-0.557368231344451,-1.60951003422271,-1.03985992595827,-0.471985766690054,-0.298132214670539,0.413729478019382,0.45148412033285,0.338180885833561,0.977435431972093,0.31283500005465,-0.338743045159596,-0.795634356333712,1.2085517370522,1.39862941665617,0.822054326109415
N~2~-[(9Z)-9-Octadecenoyl]-L-asparagine,0.456165879740685,0.596482391908395,0.41280493208243,0.448266105147175,0.290324765270434,0.918088402051876,0.943271890588623,0.378614489413476,0.385188946755248,0.787170394430232,1.0847162214571,-1.74027714929962,0.0644345685802483,-0.246927860840994,0.14858410352125,0.801711826418061,-1.14742273682685,-0.685384936706977,-4.54328792347105,0.229175247771283,0.418300442008963
N~6~-(5-Oxo-D-isoleucyl)-L-lysine,0.774273909480682,0.762119894943265,1.01018361030212,0.693983743982953,0.980529190534473,0.436297843038993,0.277197300424257,1.1984173281375,0.898980437287397,0.590086821397772,0.867920440456916,-3.13416275739629,-0.706483637142355,-0.776466880456129,-0.345064508837971,0.653825564781751,-2.11378548411373,-1.01773249071738,-0.376343283415406,-0.184150725058043,-0.489626317630762
N~6~-Tetradecanoyl-L-lysine,-3.49228794874905,-0.836442593649609,0.42722937025697,1.41728296678623,0.801054204801515,1.56324039102852,0.914655733214455,-0.337373306515149,0.977133579083993,0.312597368841443,1.36997400324613,-3.49228794874905,0.246416912441137,-0.172640079946975,0.440869269281258,0.387107079954082,0.0862051061549986,0.0466060163989915,-0.165319689069876,-0.28004572708399,-0.213974707726029
"O-(4,8-dimethylnonanoyl)carnitine",0.840962824261865,0.650188272314525,0.730450197457054,1.05263567463819,1.0807785711572,0.822072084005343,0.641811928700622,0.615111324910611,0.879900911557829,0.761058318309811,0.559853305031741,-1.53718275978064,-0.892444707450012,-1.55304117541805,-0.0496262768008275,1.06521926178771,-1.69492164173988,-1.48133527853524,-1.41807101420083,-0.766209383080082,-0.307210437126922
O-(Hydroxy{(2R)-2-hydroxy-3-[(2-methoxyicosyl)oxy]propoxy}phosphoryl)-L-serine,0.0180414570590011,0.230201852454892,0.379134912183074,0.396002814238069,0.415511056340486,-0.436943435614245,0.125254623909384,0.157213410179069,0.234641680962589,0.34985803963626,-5.30986639924417,0.499399631039659,0.530468292040934,-1.23522467398382,0.503170534113831,0.536513821966837,0.60379822806263,0.736665312740593,0.547251857185828,0.41727568652688,0.301631298202211
O-(Hydroxy{(2R)-2-hydroxy-3-[(2-methoxynonadecyl)oxy]propoxy}phosphoryl)-L-serine,-0.756929307409934,0.770812241258293,0.36496139796676,1.08265060895685,1.17032427991905,0.0938351419303047,0.55241162987865,1.26351775282315,-0.258038743309738,1.41383236495646,-0.631893544813036,-0.896267879321631,-0.424309998230208,-0.772571376719745,-0.502223359526729,1.59804261004713,-1.17112831817558,-0.819351891605129,-0.626982270123222,-0.691707141020925,-0.758984197480816
O-Acetylserine,0.501828279450699,0.745506197562686,0.756817509007449,0.61645453586184,0.754883190272146,0.608008770732862,0.484657766047216,1.03793342616887,0.346154637089599,0.190958210546399,0.505552308875393,-1.37994557556024,-0.908100842618401,-0.428930522348183,0.0499909631375266,0.307878179051528,-1.13117247218457,-1.17887389718237,-0.696581158102455,-0.529013423588902,-0.654006082219072
O-heptadecanoylcarnitine,1.39139960846429,1.35215809031492,1.73273156200241,1.2257426864257,1.63282571488842,1.20512597569024,0.964214109588947,1.88927891035191,1.53907952958911,0.82438906133964,1.23785195609872,-2.15105629942056,-2.15105629942056,0.681065096039023,-2.15105629942056,1.53258809457113,-2.15105629942056,-2.15105629942056,-2.15105629942056,-2.15105629942056,-2.15105629942056
O-pentadecanoylcarnitine,0.256651146873024,0.545010960515702,0.386154466300715,0.966975257413562,0.829701010592074,0.489973035807215,0.0618272884278663,0.973107510426158,0.86636618533245,0.759698520701388,0.716027315679992,-1.57944529607873,-0.282321154245065,-1.04886094017719,0.0201811892875994,0.601232639283141,-1.28536068208731,-1.84297549114135,-0.780463976104258,-0.332864634825245,-0.320614351981714
O-{(R)-Hydroxy[(2R)-2-hydroxy-3-(pentadecanoyloxy)propoxy]phosphoryl}-L-serine,0.994254550678932,0.96469852523411,0.67573993584186,1.20044919822396,1.18528779734486,1.23081945592088,1.07815255399154,0.836519755065558,1.22784934785099,0.880991422699972,1.11522602276324,-1.65185358985252,-1.0775301862345,-1.69142413053918,-1.12541548073608,1.13786841386175,-1.32660057381362,-1.39759254759436,-1.31488270054041,-1.29762202293246,-1.64493574723451
OLEOYL PROLINE,0.525220587059451,0.298416972204307,0.589139176769787,0.627979138817137,0.396429962627569,0.66819442032625,0.479234615789934,0.293518469045019,0.956744603830133,0.782891249521004,0.612001509513306,-1.65007080099625,-0.597885300664528,-0.19698330563433,0.483255600090283,0.496562630729665,-1.30193042727005,-1.00961450222206,-1.07268065626548,-1.15892646287915,-0.221497480391968
Octyl gallate,0.168082172711374,0.136139892266919,1.16767434221063,0.864427702560767,1.05943895627961,0.623203654755278,0.622401999547411,0.674662278514377,0.868740200093499,0.72960457448909,0.820514131612718,-0.87107171221775,-0.30969560969878,-0.395380213996293,-0.186621698750647,0.942473187281695,-1.49317868644911,-1.44811985709576,-1.37503481459558,-1.35361193751902,-1.2446485620004
Oglufanide,0.776509871553054,1.19606700776611,1.30285554011978,0.516959360588424,0.776838506250216,0.346173484000905,0.317791563279635,0.204524650289512,0.810751018118683,1.04003389872015,1.14107701652321,-1.20043194870852,-1.16374918252791,-1.40603126087502,0.525483243231158,1.25708237592294,-1.44470937464738,-1.29160557089181,-1.25559899506207,-1.20190558840928,-1.2481156152418
Olean,0.155150354114441,0.166130466418236,0.863157537717789,0.741557345957241,0.707736863134472,0.59468462189191,0.53472567111524,0.812118883119042,0.935314594883614,0.670974854622154,0.86320260667459,-1.64703274523905,-0.460047554338917,-0.673317248093374,-0.406454025230315,0.678471357822153,-0.82584679642383,-0.717703035141853,-0.970286050705935,-1.11653114024041,-0.906006562057196
"Olean-12-ene-3,16,21,22,23,28-hexol",0.773432004639465,0.658829204151009,0.926672425094867,0.906301125564252,0.963200905222876,0.686552331326749,0.552155810472737,0.986269661730743,1.04417681122861,0.982990167874996,0.735626153816747,-1.27787120128501,-0.80354284108153,-1.07701986960613,-0.654107065046316,1.04555345919185,-1.20284979962304,-1.10789061457839,-1.24499283508009,-1.38575502232926,-1.5077308116851
Oleic Acid,0.418152046938521,0.404353273430179,-0.00353506878958744,0.896493064687174,0.764988358502028,0.644869786488485,0.353860326697386,-0.0145053382090016,0.692678001859266,0.632095767273028,0.719255150063167,-1.59997401455125,-0.484578374464218,-0.0903387432237012,0.459351226245031,0.904407357221138,-1.14374218457043,-1.41814069727889,-0.95606470364879,-1.02414470280589,-0.155480531863655
Ormetoprim,0.8503266474049,0.587288640887696,1.25904053777837,1.35972862541155,1.22058780677344,1.16058246741773,-1.21282481531578,1.3778703803901,1.41381431972608,0.872234228971114,1.05973548543692,-0.852922934459826,-0.306734623304426,-0.335685978984309,-0.471216227480514,0.185466566356216,-0.395345699676822,-3.4380963558098,-0.55249876121453,-3.4380963558098,-0.343253954498332
Oxaceprol,-1.30455764767353,-0.597245608928384,0.330697219747124,-0.471629645595431,-0.515572041755585,-0.469086208019635,-0.214915905109817,-0.0746085142245321,-0.272861697792502,0.0210083898523752,-0.276849363054145,0.552916904004451,0.44780425054075,0.135197904667509,0.598001762284151,0.28592478750237,0.204054768087121,0.198711756964854,0.627627867576229,0.53497553274099,0.260405488185605
PALGLY,-0.0419232553838036,-0.557904894096038,0.0407302672568086,0.480942278518815,0.424511055706895,0.0591120985505196,-0.0953108389984642,0.696752225194346,0.903481870444479,0.421722302532672,0.2952055127957,-1.01358708832023,0.026354716612187,-0.586748635946027,0.23339203350579,1.02197607162073,-0.635300118657122,-0.456822704294645,-0.562339082661936,-0.713990224975401,0.0597464105947268
PALMITOYL ALANINE,0.105216766284309,-0.464094120518557,0.265659841673532,0.698373928233667,0.323858027837514,-0.0118035554399329,0.078065606741254,0.351883848888993,0.859778653935264,0.546607699455468,0.302945468892253,-1.04018819292178,-0.170128215072768,-0.534358839343361,0.504110984982485,0.587786930482256,-1.07622154494036,-0.417727556973799,-0.410590637936578,-0.463136754771567,-0.0360383394882603
PALMITOYL PROLINE,0.356176595494257,0.207599400597473,0.310108355307991,0.512748495854717,0.510381866088504,0.519558464178713,0.439146811056954,0.430924750146162,0.664822860421545,0.956763918914699,0.769384550267377,-1.38949282584759,-0.432256883358689,-0.739683228658393,0.170226528340473,0.77748879880806,-1.1062469850885,-0.665903280058197,-1.22356950780498,-0.942014959407647,-0.12616372525288
PETROMYZONOL SULFATE,-1.08127326686099,-0.788373926982727,-0.244794312060001,0.11460909550033,0.136107311369681,-0.36145952211,-0.514083923814185,-0.158180932220884,-0.0188890560859556,0.240509609280919,-0.199415543608732,1.22312855904351,0.927048062673699,0.21206702771323,0.238591360353984,0.49565276056446,1.12608062661679,-0.450207048290386,0.142084857176803,-0.21481208279129,-0.824389655468295
PIVOPRIL,-0.460125641929597,-0.600161933427356,-0.994536510919977,-0.517780461842104,0.0780189295787965,-1.05296104869091,-1.00376632001343,-0.885484828704655,-1.03791315534062,-0.994875046345365,-0.765613946755791,0.947296550698038,1.15672757706977,1.26287427682399,1.46345284870174,0.337518512457408,0.865004571877626,1.2309524597951,0.0345244786410738,0.413741563448293,0.523107124877971
PROPYLENE GLYCOL DILAURATE,-1.39087106883352,-1.39087106883352,-1.39087106883352,1.78129920378761,-1.39087106883352,2.28802937501967,-1.39087106883352,-1.39087106883352,-1.39087106883352,-1.39087106883352,-1.39087106883352,1.8173827249157,2.58729454236357,-1.39087106883352,2.71207214661299,2.42825715983062,-1.39087106883352,2.30613142373436,2.16085731857125,-1.39087106883352,-1.39087106883352
Palmatoside G,-1.13181773093238,-0.782705046428131,-0.730504023329267,-0.612070564570178,-0.342802228584105,-0.756643827676961,-0.609927732619479,-0.789878291259641,-0.558995643480147,-0.433434327108872,-0.62299292577133,0.231359138670802,0.308370914596143,1.11753160629958,1.30484622925649,-0.327520650188423,0.445003253429089,0.396464653195115,1.1399291994143,1.44245381878764,1.31333417829974
Palmitic Acid,0.160248483436711,0.42236349071292,-0.21003994400218,0.0240343786635377,0.705612124449811,0.501437865254731,0.0333069837419671,0.428426215221365,0.703614020249695,0.715581156623551,0.552095768358306,-1.05743614970979,-0.220948474157422,-0.716451735118605,0.496827905463826,0.743665954347597,-0.804125794625245,-1.31446659427119,-0.460480842479912,-0.688557598278907,-0.0147072138807235
Palmitoleyl homoserine lactone,0.69770010822298,-1.80506167351507,1.53976332087119,1.85016986612074,1.87021537394222,1.74497558629487,1.23247057557169,-1.80506167351507,1.79401945492498,1.9382355782369,1.74615170147762,-1.80506167351507,-1.80506167351507,-1.80506167351507,1.68765559092628,1.94925957856123,-1.80506167351507,-1.80506167351507,-1.80506167351507,-1.80506167351507,-1.80506167351507
Pantothenic acid,-0.592651945712862,0.127314127766044,1.20512163526705,0.41649237273793,0.804230719820219,0.267947139560708,-0.218736301726826,1.28597656200527,0.336263890779626,-0.119528484281397,-0.209201249934247,-0.516852004463137,-0.679472340156664,-0.524837263296677,0.0551188474549513,0.554343512388389,-1.21226380524309,-0.625613102329557,-0.0791459006102785,-0.258003052028319,-0.0165033579971308
Peltatoside,-1.49960630086693,-1.06698543910352,-0.809299682060871,-1.03773313303419,-1.01560658497715,-0.866972486046526,-1.04153373472415,-0.805078803474416,-0.782120227213697,-0.890540923006032,-0.928316736889841,1.33878983433648,1.38172103686594,1.26520103138169,1.26675842650952,-1.00866679336134,1.11215660134593,1.23082518913141,1.37555659565429,1.41683291489932,1.36461921463411
Pentadecanedioic acid,0.598040235749938,0.725994832929068,1.02712200673292,0.924309966319987,1.09311685599191,0.767123144218916,0.780206277392986,0.936042247156897,1.07002141045732,0.869168157104583,0.876661630419295,-1.37936713476047,-0.790278379925896,-1.20827252104027,-1.11594183873555,0.784253315474983,-1.04816868040124,-0.986708183535242,-1.2807614596026,-1.25084709339364,-1.39171478855388
Pentyl acetate,0.536258794624224,0.586042102346521,0.752239702435493,0.64244406383104,0.715460894843491,0.606410796363583,0.475017970322591,0.736568284700298,0.864442190778943,0.664114808578291,0.684356327158001,-0.779382976711292,-0.500578373979063,-0.10334264636383,0.0212368673220592,0.620213719098136,-0.23362589321115,-5.04432675074952,-0.313126048029492,-0.266978440830569,-0.663445392527749
Petromyzonol,-0.63480968505557,0.298688347077039,1.22859600646408,0.552403264997139,1.29248985298754,-0.37514243353536,-0.199095602442199,1.56946000100598,0.759718028925776,0.858836695051694,-0.422946840268818,-0.356491572731722,-0.473756892121081,-0.729171263229979,-0.498680492751487,0.80354231811589,-1.05390183817743,-0.687675160847719,-0.675888749583008,-0.547070385583582,-0.709103598297187
Phaseic acid,-1.93696590167489,-1.56769209314948,1.18341702909251,0.874054021568557,1.07579577939156,0.402776668485069,0.324074403125151,0.414927316936045,0.710057602159576,0.568863777482534,0.689654303987526,-1.14645921561453,-0.186825670402541,-0.163006061402794,0.0742214978451969,0.369000504275898,-0.459874776903807,-0.352128944064712,-0.25758489956783,-0.269030952621172,-0.347274388947833
Phenaceturic Acid,0.440412936734345,0.245808291276168,-0.397395093825645,0.581076338640174,0.318459994775442,-5.21295926586263,-0.581662958485291,-0.649565345768172,-0.346946664406363,0.499871790820912,-0.0622739309744468,0.468711246690164,0.0613363576120271,0.126358992650883,0.691869809142294,0.20017350336212,0.787447742971581,0.656614616074249,0.731963037457949,0.916368327619842,0.524330273494394
Phenyl β-D-glucopyranoside,0.679651869203086,0.377450839948896,1.27180852302973,0.803742924369159,0.350177953300801,1.158667395512,0.660870426679097,-0.894358491651297,1.1877040314157,0.394208976049174,0.851697316709524,-0.833922850529503,-0.216531814350121,-1.64596703953404,-0.839240142262156,0.732564493828837,-1.33079888046906,-0.62643854457956,-0.213466193940911,-1.22889069902434,-0.638930093705008
Phenylacetaldehyde,0.943218738841982,0.814536458606421,0.642596930238983,0.915037015422339,0.827004506741934,0.870872110401845,1.11048537017199,0.303671993326413,1.06918433190962,0.687388593363374,0.909167374333736,-1.16343427851832,-0.55511863726199,-1.21865938880015,0.536434746597221,1.09033688191958,-1.33515671311713,-1.12265964870316,-4.59630544146354,-0.270819986001452,-0.457780958009709
Phenylbutazone,0.35505795489476,0.225900894913145,0.842218838486706,0.735705721938382,0.699061797351173,0.293370440452996,0.598409690214056,0.562359057911349,0.55669024093352,0.556194150593675,0.690959409114738,-0.189473141955766,-1.00481835755891,-1.43137786608052,-1.31035980426803,0.981519209661707,-1.34786808224521,0.428296207185066,-1.46285724552542,-0.168630129383663,-0.610358986633724
Phenylpyruvic acid,0.394663887949805,0.667898211493233,0.756685058742982,0.627082297096646,0.878553619574625,0.581901873807625,0.443462016403537,0.940703333946994,0.556672741220314,0.461152228244873,0.641892803233967,0.300151856018503,0.347354910528044,-0.0601957591551322,0.477798685769418,0.782488020058634,-4.38330933815244,-4.38330933815244,-0.174197096328564,0.138251360653914,0.00429862704546493
Phloionolic acid,0.788349121536448,0.873119394263612,1.34624069232814,1.13755465109413,0.903016293929317,0.919455124758228,0.996945692086443,1.32066914789764,1.23729393914594,0.643000611983614,0.911957353368836,-1.40238916859908,-1.06001918259894,-1.37441625727507,-1.2107742311338,0.659583712336328,-1.31301463111603,-1.21525136500422,-1.36270914468732,-1.40020511894659,-1.3984066353676
Phloretin,1.19744896460344,1.38077190148293,1.60985314714852,1.22567132191575,1.42630694041379,0.962600996824579,1.44795761063002,1.62722264735906,1.48134947232059,1.59321711825997,1.69769376966859,-2.31486402891651,-2.31486402891651,-2.31486402891651,-2.31486402891651,1.94528672956018,0.923531611144632,-2.31486402891651,-2.31486402891651,-2.31486402891651,-2.31486402891651
Piceid,-0.742193704791204,-0.764778757177972,-0.836926362437163,-0.813594004232909,-0.842682725360519,-0.742251448620307,-0.555809970607436,-0.94744318755248,-0.62681369576406,-1.02365972387051,-0.820821765082235,1.08308305251896,1.13040599810026,0.944615593178944,1.21858749626679,-0.700118424362929,0.768293141078588,0.793489553283755,1.30191927549153,1.22088753327054,0.955812126670323
Picolinic acid,2.6314497060842,-1.78524672536848,2.07256670688533,-1.78524672536848,1.7723816143719,2.01117231047077,1.40102749689293,2.10283788461305,2.04369558224156,1.9592736552494,1.99448709941831,-1.78524672536848,-1.78524672536848,-1.78524672536848,-1.78524672536848,1.64882192282584,-1.78524672536848,-1.78524672536848,-1.78524672536848,-1.78524672536848,-1.78524672536848
Picrocrocin,-5.0482573586843,-0.391096257497042,-0.145089689487237,0.223362005672636,0.27940842142179,0.277319788298965,-0.251229619136242,-0.313886418616056,0.423851644434965,-0.0376861617395302,-0.134257747212385,0.824503642410109,0.522836521767629,0.408194441635203,0.517446217647907,-0.0968852766449159,0.330592416624899,0.402611309448981,0.748186611754538,0.817526340300041,0.642549167600054
Pipecolic acid,-1.030585647289,-0.951173787752478,-0.0828726673139303,-0.151251538317675,-0.740496824270182,-0.467347236004916,0.395720289635901,-0.400355218347289,0.126244664908279,0.0858790547434464,-0.0259390097281157,0.735483801034251,0.590028254796344,0.514468494136105,0.81621742862397,0.315829081375059,-1.24293967806997,-0.581204046472497,0.721988308933877,0.843891989746526,0.528414285632288
Pitrazepin,1.14351575637137,-0.0175391757956294,1.34455339573852,0.285142645547995,0.291393039147829,0.079104110211043,1.29047271856647,0.487699850081291,0.357724869777902,0.390121570650304,0.296473525075165,-1.66045201801067,-0.805600564430797,-0.955216254181378,-0.740877078303376,0.159595669702538,-1.05450977307581,-0.953249740772962,0.0293660076898809,0.112401522703802,-0.0801200766935255
Propapyriogenin A2,0.700055417681712,0.978273744057259,0.992242076282479,1.25575688604154,1.10084179824539,0.672409278029443,0.971522776242298,1.26528975832799,0.811643431834315,0.967572895730826,1.01148136243944,-1.56218804160025,-1.06241497718472,-1.31748805544866,-1.11990190541628,1.18775885643529,-1.66036327699489,-1.35129517686707,-1.2114958942636,-1.25875097466186,-1.37094997891063
Propionic acid,0.225461358331884,0.618897009606541,0.193628402740262,0.603384735872156,0.934838437657102,0.0508471475963346,0.53283869771823,-0.228681990893869,0.0481183209295307,0.248399308548265,0.0669057711691635,0.0872601053182442,-1.00140496612249,-0.912674563655581,-0.201656583853216,0.792338831791965,-0.919639348000372,-0.397838143664933,0.0193060087700304,-0.246638946152302,-0.513689593706917
Prostaglandin D2 Ethanolamide,-0.682128585450037,0.25591212057039,-0.848437340359167,-0.812122301960691,-0.104436723518085,-0.879526156474932,-0.478670874873855,-0.72286355796775,-0.510061123898136,-0.0819143806907617,0.212437375480533,-0.0106326216908118,0.776772057354892,0.61017980796487,1.04749172794378,-0.587376757948176,-0.290419348313942,-0.42516850092076,1.04974000049113,1.41917720371866,1.06204798054284
Prostaglandin E1 Alcohol,0.199565156354819,0.604096094566391,0.949839697418319,1.14712699616756,1.12539954327626,0.921700583060704,0.916811426897583,1.01841351783305,1.02247830858361,0.818228906994297,0.774315337762296,-1.38513551781127,-1.44115324398346,-0.287966142318015,-0.619253856662049,0.946861570773287,-1.47857792797748,-1.11941560761455,-1.20143625233481,-1.22296090463984,-1.68893768634668
Prostaglandin G2,-0.419191653497831,0.0754353772135651,0.863215730767463,0.823455184711573,0.954144891805689,0.100336439908563,0.387118963427627,0.8815272704226,0.939427993409315,0.848288868065137,0.553888180741328,-0.260975512999014,-1.2859046802267,-0.462115204298708,0.0238611058527338,0.548964718922142,-1.60565673677363,-1.55512537779298,-0.853796048800224,0.0767164935594733,-0.633616004418094
Prostaglandin K2,0.683852392973558,1.00565508457632,0.891250608918642,0.996465201501753,1.07510962618143,0.351526915354304,0.690301332148861,0.80603073369959,0.628138213103423,0.829033384646033,0.743609591511603,-0.212635710999749,-0.97115488590545,-1.30229418266644,-1.30743961674613,1.47168779199394,-1.16730884522689,-0.922384519717569,-1.53602053048272,-1.52309360102502,-1.23032898383946
Protoporphyrin IX,-0.607837863271745,-0.624074026712328,-0.703025732492842,-0.605851808278123,-0.671482261421271,-0.626908826513636,-0.733925737461197,-0.788983516252666,-0.715033980634893,-0.623837536689709,-0.794431823300599,0.919952718672719,0.853641784659429,1.0232682405335,0.593445793509783,-0.705609357485614,1.33217923145219,1.25974366377075,1.02745589623082,1.1028524813683,0.0884626603171219
Prunasin,-1.35990647973678,-1.05937651806789,-0.952430078001627,-1.10214040491234,-1.10321791388067,-0.873708508173084,-0.883097644246306,-0.118630807343124,-0.950052292083588,-0.230215219570223,0.116812036422231,1.00902547935583,1.22637682456068,1.11514812450573,1.30272176036813,-1.16879035413399,0.684468625814935,0.584865095669758,1.32929407038729,1.21161467077027,1.22123953229475
Prunin,-0.88744993044435,-1.03572443083393,-0.76166452277893,-0.617672888946673,-0.602451747119527,-0.850385403843874,-1.00642712028228,-0.735900160277089,-0.709847519306564,-0.748877342297373,-0.664292109373344,1.2261998302653,1.44494460048523,0.928677008116494,1.20989887725459,-0.67532010409898,0.959537081682946,0.821281521006952,0.90871294687223,0.921506975245354,0.87525443867382
Purinol,0.450627035472138,0.677171866715415,1.11033249148728,0.834962276095243,1.01194367444096,0.690156814644206,0.517707519536524,1.18769645766684,0.771046999227197,0.588965807209109,0.596563139152017,-1.88687481878262,-1.50573414705744,-1.00521220498193,-0.387887481784244,0.744865737497047,-0.553998612183044,-0.518246548302046,-0.516181121290574,-1.3196100598871,-1.48829482487497
Pyraclostrobin,-0.967878984186013,-0.764860212711788,-0.549452924680365,-0.703251447809021,-0.746008376157667,-0.639481328665319,-0.823296130178423,-0.438161698005753,-0.369317852187419,-0.638206632305793,-0.627190492029126,1.21172190264254,1.55708621553062,1.44663944959134,0.724639754507829,-0.916624115930168,0.127274543272454,0.0446565479881288,0.594232521419609,1.05401466155802,1.42346459833629
Pyrene,2.21318184071485,-0.0174680335033441,0.188180690561241,0.127700785745901,0.939266397831017,-0.0661965087559149,-0.458311818223664,0.183856780989731,0.964647725320427,-0.543718540873357,-0.00819781115229375,0.392633687440468,-0.125852755870744,-0.881347600237674,-0.322050237693098,0.0448998022700791,-0.619056312905407,-0.662517384361375,-0.771959115429996,-0.421709013033547,-0.155982578833273
"Pyrimidine, 2-[[2-(dimethylamino)ethyl](p-methoxybenzyl)amino]-",0.380709471636217,0.535244017646075,0.737504313630984,0.619199029711118,0.287579676345205,0.450848552499343,0.493541992588582,0.741238395267338,0.69246042305112,0.592358736479723,0.592020928596348,0.249094759785652,-0.21362412824371,-0.355810940608307,-0.357070154993666,0.688742860733318,-1.08204727820537,-0.224956161590213,0.263531467524772,-0.0805551632268684,-5.01001079862766
Queen Bee Acid,-0.222166380932183,-0.190424319374146,0.211569362649477,-0.260050502918008,1.73606857829477,-0.133934985297247,-0.0491282503819352,0.827478134391697,1.0124434594036,0.539994329789462,-0.225680016949683,-0.478165749722463,-0.303139616645409,-0.780785616161369,-0.537780765422159,1.09428040105232,-0.623503111466608,-0.38950757079646,-0.497031766214372,-0.269232355536552,-0.46130325776273
Quillaic Acid,0.784242897301306,0.932019264633298,0.937970026991839,1.24797394698056,1.04101365006756,0.70875622966796,0.934538326412026,1.24261285779174,0.588414569802914,1.0281277328414,0.937255738897955,-1.08638591955853,-0.951960099354918,-1.47961863549677,-1.26604541195626,0.958578321908614,-1.13754375779251,-1.18334493253445,-1.34933042414253,-1.6066801094807,-1.28059427298048
Quingestrone,0.598548124462177,0.320852418620478,0.36197547512531,1.05117301620042,1.14281827576515,0.425253175999233,-0.151800895943453,0.798659565164835,0.66101568895598,-0.276523245917317,0.716874747588074,-0.725902476190222,-0.84354111917395,-0.894904968566063,-0.523277778753288,0.729506603620267,-1.02057645483243,-0.509354672876885,-0.526272205200295,-0.502140333412364,-0.832382940635645
Resveratrol-4′-O-Glucuronide,0.940775266917525,0.698635127392586,0.256328083283833,-1.43530316800609,0.684922438201117,0.437617862054354,0.68053403545372,-0.835282022033717,0.562592234670594,-0.385855076318569,0.151691724115659,-0.30651200725657,-0.0196181230735697,-0.18530486407154,-0.154878560747573,0.73731855488647,-0.974975303945494,-0.718348153163987,-0.0332993841211495,-0.100084625952524,-0.000954038285099037
Rhapontigenin,0.996312715285665,1.01532368000587,1.16551611901536,1.12979297578141,1.05029619969253,1.12592419511638,0.803486466001191,0.953333171835429,1.18969777288904,1.22122064189097,1.00565580654973,-1.56211025477264,-1.16213779068245,-1.43086269478754,-1.36760356675338,1.15266312240247,-1.28516373342466,-1.36507817417153,-1.50038110490964,-1.59974160668948,-1.53614394027472
Ricinoleic Acid,-2.25673524099642,0.972785649562287,-2.25673524099642,1.3648649432785,-2.25673524099642,0.062916942257988,0.845248345374476,-2.25673524099642,0.281559924633441,1.21358098583325,1.14209677096356,-2.25673524099642,1.24092422377305,1.53319313173276,1.81309519539681,-2.25673524099642,0.70285267032192,-2.25673524099642,1.31639913293396,1.81270566230604,1.49492310860692
Rosaprostol,0.346842313221478,0.398577009832811,0.3392407488789,0.568978624500484,0.780648215907204,0.529885923457961,0.120337464142805,0.593539444313611,0.705946424958476,0.589504135849367,0.370726947976765,-0.830553800526032,-0.372473214796629,-0.4318007653677,0.0944006798011846,0.418544137840056,-0.273809775648922,-0.651018075016998,-0.498706796701636,-2.4880665535031,-0.310743089120054
Rosmarinine,-0.722438137252513,-0.477768588032633,0.315023466613698,-0.153456550970167,-0.187093353991396,-0.630515155075992,0.352301909460214,-1.64962727055774,-0.631217996706049,-0.000384852884868549,0.649450150170477,0.628574706729357,0.0639149003489657,0.436130751703079,0.569619902863729,0.383971900144908,-0.0566408466538239,-0.581467200000635,0.800712813772907,0.188965889039346,0.701943561279151
Rotenone,1.0268940905096,1.225334259052,1.3106776985521,1.21463216131731,1.40275714100038,0.77113175929988,0.50736454725813,0.497678093724695,0.959101521031224,0.641023026779498,0.60982983803324,-4.31119753078358,-0.678421946110238,-0.950710570230649,-0.768873044698918,1.22203036544958,-0.877804721975866,-0.763494574069325,-0.959176500425443,-0.95606078034987,-1.12271483336377
Roxatidine,-1.77003106250094,-0.571887057965991,0.529331154493349,0.428909649668627,1.12467148003508,-0.928536049169807,0.648475786913699,1.05539543164106,0.520995041741123,1.30223671836573,1.31072057277271,-0.697874101484941,-0.100624861867697,-0.403369952974461,-0.291196101307873,0.398314646961007,-0.501216297348185,-0.344615099366908,-0.632670947675746,-0.549618914050881,-0.527410036878934
S-(Formylmethyl)glutathione,-0.616016071745143,-0.918332197583149,-0.822565768013615,-0.739257615359485,-0.762937154723848,-1.00454333571,-1.1004228318954,-0.712258269675663,-0.872220837816349,-1.04906762827735,-0.915538789043188,1.49707894319941,1.57040787702266,0.929456685466567,0.786837173879312,-0.691023464206847,1.84660211555502,0.138345060300438,1.7786080292317,0.454463526081928,1.20238455331299
S-Allyl 1-propanesulfinothioate,-0.717075794961487,-0.759126181217509,-0.689658003502621,-0.677118558379512,-0.686167555646263,-0.795299018495186,-0.70441608162276,-0.685380143883497,-0.798201231150148,-1.03502067852819,-0.707122114756336,0.914938731295461,1.15221422788004,1.06663372981822,1.18270221105993,-0.732732322029188,0.679701059536546,0.666459997754969,1.26609067455585,0.999430790506901,1.05914626176477
S-Methyl-L-Cysteine-S-oxide,-2.58079256660447,-1.19560165170851,0.492500606783153,-0.457241852274078,-0.131717656096172,0.483179422742053,-0.443430389123282,-0.0735001666971132,0.944499915518191,0.218553572791463,-0.0427243199870258,-0.372807991670345,0.31585211261129,0.0331164394977412,0.479168841524306,-0.374822283007865,0.510883849652432,0.360834314295641,0.762191964163015,0.581474358628774,0.490383478960801
S-[(1Z)-N-Hydroxy-8-(methylsulfanyl)octanimidoyl]cysteine,-1.30418693145172,-0.704617601666623,-0.0719381825401276,-0.664779223087315,-0.558538112992929,-0.95768267072462,-0.989142448161628,-0.468022699368626,-0.459453860848563,-0.0105665416778185,0.141770237433749,1.07646137558401,0.760828212438005,0.180732741642909,1.10122491968242,-0.74201622950838,1.0034995487915,0.449416562829787,0.711036634595708,0.593878741726587,0.912095527303665
"S-[(2E,6E,10E)-3,7,11,15-Tetramethyl-2,6,10,14-hexadecatetraen-1-yl]cysteine",-0.0418922554726853,0.303977048168152,0.194568878075141,0.578497114264742,0.647919586424424,0.407294437546549,-0.0660636601694548,1.04011231125604,0.613941443731426,0.761403696613585,0.294276639309755,0.0402709598892396,0.0816730713288239,-1.12820993682317,-1.35061305701251,0.733283686880629,-0.688354115871958,-0.864302433405822,0.0119391833591094,-0.182844285855197,-1.38687831223683
SEPRILOSE,0.0872814002541563,0.290921510369987,0.742187018364879,0.621808459416354,0.786889205948375,0.588055656425579,0.571546896813148,0.536299342128648,0.474449621983033,0.5257315223068,0.568215555619428,-1.35988677336819,-1.37472435702804,-0.31693688545946,-0.340934120521695,0.598673275207102,-1.64223397353353,-1.57191791494018,-0.0271977357343477,0.314257380720693,-0.07248508497271
STEAROYL PROLINE,0.0608114436309906,0.519138890408788,0.564373319009575,0.838338495633242,0.93942021605569,0.825957324504862,0.224850056005242,0.815169391384905,0.805938813434304,0.570209090933166,0.367429859643285,-0.798676020013087,-1.17087240253447,-0.88281794707272,-0.300073993557719,0.66173093255922,-0.687141639898088,-0.20317167752262,-0.316843623511581,-2.45353068652022,-0.380239842572754
Salicyl acyl glucuronide,-1.28002568976136,-1.14145987186357,-0.843905965870379,-1.00643556867987,-0.969084661142301,-1.05199705610454,-1.29202587003824,-0.64725900700689,-0.871191056115906,-1.15423180840839,-1.00429843664206,1.25793467719933,1.37054741711068,1.5816442393759,1.56394077913807,-1.11423178220395,1.17281038482529,1.07533244676803,1.49432859996984,1.41653163262145,1.44307659682886
Salmeterol,-0.992211798367908,-1.23373944066662,-0.581273570487676,-0.254121081795484,0.673021213267782,-0.352040571958268,-1.53719304606259,-0.342308087913623,-0.585584046381035,-0.216058669119423,-0.692280707592602,-0.587207092221367,-0.101527977984108,0.798437402029272,1.26774681170668,0.881704277373371,-0.533966480659253,-0.313775040215326,2.67682230175286,2.52632428743686,-0.500768682141564
Sarcostin,-0.651860075272914,-0.81427680323438,-0.297627482048817,0.187875813679205,0.388944428801262,-0.489742384218449,-0.75608974470729,-0.42637947453436,-0.331415065548056,-0.0378996941926629,-0.560791075065829,1.24572247368108,0.672564455874679,-0.160458776427763,-0.176989324476209,0.298885491706994,0.879290707397904,0.99823255881491,0.292970341055553,0.229388271991273,-0.49034464327612
Sarmentosin,-1.04800503384049,-1.37144605524402,-0.719436238042768,-0.659405484635673,-1.04322387394075,-1.00038599172728,-0.13547981670689,-0.501730450239363,-0.857435488647184,-1.39613845715549,-0.701495740672943,0.884938336490178,1.43495317202151,1.31234671473786,1.50617139781962,-1.0081403954744,1.1802580739797,0.908396797657553,1.01800106376384,0.965875833542213,1.23138163631478
Sebacic acid,1.15043358035777,-4.9145405815141,0.857037337334663,0.63953847286728,0.64610919299972,0.617463087983173,-0.0766654507601727,0.833023758692483,0.503129343959558,-0.526831396180327,0.389498171545815,-0.0908465893994495,-0.288707583304272,-0.882922375483581,0.156302768820054,0.846988311014023,0.0309805811226031,-0.236454826823337,0.233244189793998,0.0981518332947134,0.01506817367938
Selenic acid,-2.134972729114,-0.581413055878932,-2.134972729114,-0.765634495548556,-2.134972729114,0.692303649778272,-2.134972729114,-2.134972729114,0.494957438962125,0.131793912283443,-2.134972729114,1.78081761019329,1.59162133877522,1.71535419341261,1.73130883713214,-2.134972729114,1.49953982946482,1.47302566988315,1.73121891053652,1.69866396247534,1.75125130232859
Ser-Leu,0.479568473410372,0.441502735032773,1.21900894484478,0.303778004895391,0.652096271325721,0.311619457601702,0.0610424166281735,1.51943786284271,1.06583921068275,0.605294399417349,0.865981953378721,-0.735277710026775,-1.57202757094273,-1.3348986629678,-0.503444012509301,0.794949090927859,-1.07503138291577,-0.813717211218553,-0.816402022944812,-0.917289810753705,-0.552030436708844
Ser-met,-0.0588934447529726,0.336083247077272,1.6036802493607,-0.0741070497389881,0.437515579058348,0.365582627002188,-0.228838870412349,2.04567117938048,1.30051223394705,0.558309458418179,1.03830809904531,-1.50070022617375,-1.1106777495647,-1.06805991332251,-0.464837199511107,0.499901699336897,-1.13564941216436,-0.87441934923021,-0.49061561043067903,-0.636818771525816,-0.541946775798964
Sinapyl alcohol,-0.0702024336892863,0.889839012356207,0.90593878471183,0.792991849576619,1.08422552890727,0.596684571598425,0.935047868876678,0.764006934219047,0.824152181099097,0.957231618019047,0.865019013867426,-1.25076392705929,-0.99656701460923,-1.45120690943326,-0.244163457113708,1.06506472203368,-1.29159977851185,-1.15225466825921,-0.597018576256836,-1.3112315250764,-1.31519379525623
Sorbic acid,-0.355983696498523,-0.175778837020507,0.225006635929945,-0.150434646602091,-4.71579214426713,-0.113539844902594,-0.49527994889435,0.397597464485847,0.309122047609698,0.0106690723438977,-0.275284972046054,1.42665239309196,1.51761288991656,0.855397512965522,1.30619028635828,-0.190465671178426,0.041602256738091,-0.344379494362113,0.59069441064371,0.0448975342381082,0.0914967514501663
"Sorbitan, monododecanoate",0.144821622300768,0.311749992821113,0.643642910893467,0.500347242187355,0.631726207073072,0.339229828773401,0.344760703261733,0.644189264532378,0.569499544683797,0.596431430310056,0.48179722484297,-0.652551731233398,-0.458464417525095,-0.959435487987678,-0.128937164383956,0.403199925982431,-0.965743476998003,-1.6577025243797,-0.156251212674099,-0.203358259194596,-0.42895162328598
Sphingosine 1-phosphate,0.375987860008232,0.520379968073191,0.760091528861422,0.876353108614689,0.304941710033246,0.136237727088097,0.17783199728996,0.711148082672698,0.523585754561018,0.792638880393414,0.545056479003768,-1.72030866131737,-0.248281261242754,-0.383954388587369,-0.207562129061449,0.699574077772687,-0.862817615681347,-0.722700809588052,-0.354022668033096,-0.953690716956782,-0.970488923904196
Stercobilin,0.792532154624853,0.84760793189235,0.909518805793298,0.98465831831886,1.19479267620481,0.840631923896955,0.855489540850296,1.10159150082389,0.445899947343809,1.28129848659294,1.17709491626605,-1.73505373220667,-1.03778606785875,-1.02931675367869,-0.855793668787677,-0.0236866939542963,-1.21579738871637,-1.13386248403372,-1.11104268996235,-1.13030324022597,-1.15847348318359
Stigmatellin Y,-2.17520558895007,1.32775088293798,-2.17520558895007,1.52706634368717,-2.17520558895007,-2.17520558895007,-2.17520558895007,-2.17520558895007,1.62252222842039,1.58279754583232,-2.17520558895007,-2.17520558895007,1.69081110013161,-2.17520558895007,1.79891465956852,1.41094020872328,1.74996347722112,1.78153327644332,1.9334154348404,1.89215741549908,1.25897772724544
Suberic acid,1.08415834943235,1.17147971887767,1.29147613956317,1.2209455050064,1.26758442192286,1.19556879592471,1.12934054561995,1.28610009918068,1.38180636713063,1.21588683884845,1.2537225749919,-3.14731716177755,-3.14731716177755,-3.14731716177755,0.635408793422222,1.16873552026242,0.29099602615077,-0.424081422836934,-3.14731716177755,-3.14731716177755,0.567457535390445
Succinic acid,0.382747309649971,0.237787275559656,0.0818401731904259,0.716070514495922,0.911582210283415,0.031491148571249,0.733480987333533,-0.571426521845969,-0.0401549987558439,0.453517667364691,0.268404200571504,-1.98572497155303,-1.51852992573636,-0.727706687839516,-0.0547744399143583,0.767426874009482,-0.229579861212903,0.0581691768157478,0.317321650248641,0.175509249950429,-0.0074510311867027
Succinic anhydride,-0.881615426317944,-0.118915084401558,-0.193976392966309,0.199920149678716,0.538129230096808,-1.58866406840871,0.240595192382708,-0.269865837470466,-1.98366727410799,0.251853210151987,0.00737116331205725,0.102333692875745,0.417789841871938,0.395373641717548,0.563428920336411,0.184671135407644,0.295992416412434,0.333831722521689,0.640381498643406,0.486684577707268,0.378347690556623
Succinyl proline,-0.29278184246332,0.239519787629623,0.542423058394278,0.508389607327442,0.791914244371499,0.45879570881501,0.076274184713562,0.849838876108665,0.600910552806965,0.200169534370367,0.427145217066982,-0.586243944654526,-0.352495665222725,-0.301028145177528,0.371971524844852,0.123434095441197,-2.05217162399821,-0.9417119004757,0.34839345589367,-0.069121804887492,-0.943624920904601
Sucrose,-1.37891978799848,-0.0667792375669533,-0.447016306735131,-0.265701563144232,0.160789779551551,-0.678313398715554,-0.557244674071677,-0.274013671272105,-0.374259103329816,-0.391533704636575,-0.31862662448374,0.141016894012794,0.82171469582701,0.0732295923281001,0.295664624855259,-0.330596498360465,0.536991058962347,0.975429315910056,0.696329929656739,0.639393686302991,0.742444992907869
Sulfoglycolithocholic acid,-0.472621946280877,-0.171038148419997,-0.843280946251226,-0.284503950880323,0.983216374603897,-0.538385437372078,-0.937662468823836,-1.0598472770427,0.00503524889496601,-0.236301615849414,-0.347058585851935,-1.10948547184737,0.240283160450242,0.720143261439422,0.962264517026157,0.229215977980156,-0.233454519302078,0.386274865766772,1.07365243171027,1.21123539284501,0.422319137204963
Sulfolithocholic acid,0.277019833038615,-0.532154008151974,0.491072806775991,1.56346846502981,1.40440357387437,1.27017794687857,1.45444255454889,0.379932041930136,-1.0161599347937,1.35663273624249,-1.11641133262939,-1.96191915968185,-0.412179237419867,-0.668544551091078,-0.514196890830112,1.6354959807895,-0.547630437818773,-0.472573667383411,-0.734443856177762,-0.936780383417857,-0.919652479712592
Sulfuric acid,-2.87325429510968,0.730336383413246,1.00887070935995,0.625899260685511,1.00732396359971,-2.87325429510968,0.670218314643971,-2.87325429510968,-2.87325429510968,1.20492601051594,1.17180535025102,-2.87325429510968,1.67099687370544,1.3968488100057,1.41023668767709,-2.87325429510968,1.56130749015324,1.55951800288832,1.12824718753697,0.975114857725351,1.11787586849659
TAGORIZINE,-0.780956016103007,-0.57651823184854,0.892370029771366,1.24760198558524,1.47686307136557,0.657895653341572,0.745375367412812,1.20660007077847,0.883966926829377,0.914332565034889,0.89531413682381,-1.85205793190705,-0.649037955961634,-1.14553007586225,-0.913391410947635,1.20778387530867,-0.726732260407642,-0.343756157610618,-0.966653659800315,-1.04413911347502,-1.12933086832806
Taurochenodeoxycholic acid,0.0994212052583261,0.10664822070754,0.340960615909321,0.842638053856138,1.70593479658542,0.334102447430518,0.302169190725105,-0.0846568761881044,0.946600432692701,0.901052390286249,0.647420033652997,-1.90523088939673,-0.976339913480585,-0.327850711342628,0.052877685119715,1.16092567825289,-1.3604398145376,-1.02917659008812,-0.573972212003048,-0.560912544578572,-0.62217119886152
Taurocholic Acid 3-sulfate,-2.59726404940881,-2.59726404940881,-2.59726404940881,-2.59726404940881,-2.59726404940881,1.46410913166951,0.684175646246145,0.873953149447051,1.48310971381083,1.35289851948787,0.667152291044064,-2.59726404940881,1.87069073955905,1.73857209542436,1.69467951872519,-2.59726404940881,1.80127577018861,1.43960722212305,0.790165563650712,1.12753707709431,1.1929219073909
Taurocholic acid,-0.607008067422886,-0.657363669396331,-0.715600746710806,-0.623414712229203,1.11657712032754,-0.800245232199291,-0.501732745114279,-0.608444290244794,-0.602160147874385,-0.922832992153385,-0.874412306604942,-1.08500244495346,1.5635856187019,0.44714864442652,0.704553512545773,-0.590789635938333,0.599307524949816,0.841722183052407,1.04875673532885,1.46234332993437,0.805012321574912
Tautomycetin,-2.95246383298976,-1.05063540752523,-0.285054113496232,-0.111514888947637,0.0352572121289826,-0.138359685138201,-2.95246383298976,0.0888701202654366,0.11430622447213,0.00476001269209878,-2.95246383298976,1.28738496536961,1.75659582805204,0.220843352329175,1.34013244535333,-0.11981453031942,0.905531881035818,1.06443417665794,1.32041671401186,1.45790448741072,0.96633270461683
Temodox,0.669851865066261,0.833643602221317,0.998016264249844,0.991524590899174,0.964784916898645,0.950268688451458,0.848919294058828,1.04916392993809,1.07986044835939,0.970534752477383,0.962212208250479,-1.34012541709649,-1.26601440549073,-1.14379412442432,-1.0621932706909,0.860363043651401,-1.51006364375716,-1.53564133799349,-1.1098334418243,-1.18989131131873,-1.02158665192612
Tephrosin,0.949546759680599,1.13114837090664,1.34715982095887,1.25806185987521,1.49677892005573,1.07184986575665,0.315305334542392,0.380563429090316,0.89549165341933,0.157357589825815,0.162398036704823,-0.703281640540605,-0.473781983598027,-0.702355208631531,-1.10661702185232,1.25187371674765,-0.664770043604147,-0.700238731957188,-1.04554272362101,-4.15291540648006,-0.868032597279143
Testosterone propionate,-0.968058981801146,0.186921692032085,0.682401282556984,0.949175645105775,1.2067199773699,-0.102738510332796,0.776777524260993,0.035691980229178,0.431206638844161,1.20208262619233,-0.170495422062464,0.108108738557451,0.0974513564433805,-1.25224295736118,-0.523774488155411,1.29007465299282,-0.622537255058078,-0.82208931773564,-0.819876366917751,-0.453888363287269,-1.23091045187334
Tetradecanedioic acid,-0.0263582824923061,0.387892237741791,0.938267785576519,0.871155497503202,0.634595459308585,0.0622790791308047,0.379502020160405,1.04824375360701,0.512012636787743,0.278091483285112,0.376921668616638,0.25783898493182,-0.590255598038601,-1.20081093737222,-0.594442145343152,0.111205741650937,-1.00623003157543,-0.606611685077697,-0.372276270989475,-0.44755749928119,-1.01346389813045
Tetragastrin,0.811974368950882,0.735848546225124,1.14759377354092,1.18062457500601,1.16430134047728,0.875560053869657,0.932482714967267,1.36074709280088,1.09714282365459,1.12950276820058,1.1183951397113,-0.740010486793481,-1.31139939515216,-1.56680980202674,-1.49411839491559,1.2519625769357,-1.54122569406393,-1.45722522929717,-1.56192292632902,-1.45858573905523,-1.67483810670687
Thapsic acid,1.22881070200692,0.900238334433654,0.388342397738233,0.4921074245762,0.0126536219261099,0.623142326343979,0.259297072925192,0.266765491865677,0.444322828730962,-0.115939679275857,0.442627854772551,-0.383187187992025,-0.616396921925027,-1.1391397954044,-1.93376523012363,-0.0687546573787988,0.0674567630893549,-0.295704231439431,0.0233720017858848,0.299945350586251,-0.8961944672418
Thiocyanic acid,0.344660883044955,-0.346073503103511,1.04122808562418,0.22177924680602,0.138401319255835,0.382089860909864,-0.100967683247684,0.758689647680311,0.626328519333658,-0.167798839007534,1.30393391870638,-2.21419519627931,-1.23560226305428,0.32777159102468,-0.220715754850038,0.386269348309468,-0.745486443571446,1.49177968420442,-1.62265147327679,-1.51288529379101,1.14344434528182
Threonine,0.207452880423672,0.741894623003634,0.637449175938232,0.987901216720971,1.09255600912032,0.813913977859592,0.566419174305786,0.640906175471841,0.407749761169867,0.304582764939373,0.556459842507995,-1.31296441049939,-0.895911024398813,-0.343878900518618,0.0395190355535414,0.795820136029055,-1.57859717971678,-1.17662125668623,-0.83309346080439,-0.815327771788578,-0.836230768631071
Threonylglutamine,0.519300300823476,0.390608350002424,1.16745862257925,0.455228597173768,0.881635244770699,0.275704769386688,0.174000140746472,1.53997206202152,1.16818591229437,0.638551945298739,1.06985806244979,-1.3458055102128,-0.960334949486618,-1.43799500455676,-1.02637749454607,0.740743195952684,-0.916378909415996,-0.935391609155579,-0.877210528171162,-0.770212439654206,-0.751540758300722
Thymine,0.363318059196007,0.807427500649728,0.953499250336742,1.25862382516179,1.26029784153779,1.02443577671477,0.605422813494744,1.42080678597326,0.291515875084411,0.203039099026267,0.569126347361076,-1.83418382744669,-1.6759761368945,-0.228638595630207,-0.0132773136664149,0.660718838832377,-2.27955066634687,-1.4473367512184,-0.851422435760226,-0.566244161591415,-0.521602124814224
Toloxatone,2.23196423206359,-1.18334837360224,2.17478054592894,2.75385101454717,2.42227705861588,-1.18334837360224,-1.18334837360224,-1.18334837360224,-1.18334837360224,2.08481558993947,2.1008756282596,-1.18334837360224,-1.18334837360224,2.79831316107681,-1.18334837360224,-1.18334837360224,-1.18334837360224,-1.18334837360224,-1.18334837360224,-1.18334837360224,-1.18334837360224
Toluene,0.333749096881694,0.634268674205364,0.729120150531896,0.570375021662109,0.900234602793734,0.531841815363218,0.392520060978998,0.884849339667571,0.500648981190703,-5.18415182828952,0.602248486312641,0.27697515006162,0.220961069442342,-0.246283154300311,0.23264032683945,0.771519951962946,-1.27190000203739,-0.330347558524932,-0.162688768140196,-0.150971531376428,-0.235609885225517
Traumatic Acid,0.700663306926486,0.722253924527973,0.880010509110475,0.78473113005914,0.77364418823038,0.772217892042146,0.728814614166691,0.846680777190182,0.917741943978134,0.771232436329557,0.855870234449914,-0.635265438030352,-0.60730324734806,-0.429989431480697,-0.158946727015604,0.752288674376976,-1.48665790044686,-5.16330179342439,-0.334136454414358,-0.314420914921411,-0.376127724306314
Tricetamide,1.11474831202785,1.14936729481356,0.825560100116773,0.959870141961814,0.450723930223288,1.03282895899269,0.827073550086858,1.25825071306766,0.98391338603051,1.27697143898294,1.25020843801847,-1.40259312685102,-1.14022617261425,-1.5237560638925,-1.32333474364741,0.598104071944826,-1.28475767850668,-1.25783189975576,-1.25867660333503,-1.20678199848957,-1.329662049175
Trihydroxycoprostanic acid,-1.04963840206129,0.0918886253890023,0.319192836542478,0.623719636844533,0.737296842633295,-0.011940866992794,0.17616775655149,0.792362087190009,0.21406557388767,0.672930227461744,0.00280560214826228,-0.150012582667226,0.415993356983064,-0.381329373302645,0.00203165734130491,0.779648482659448,-2.20782145645428,-0.382803466698092,-0.0379950845880987,-0.0669844423773092,-0.539577010490552
Tripropionin,1.17662376672122,-0.420900478912803,-0.139288705468906,-0.0628116017258568,-0.026775168453943,-0.546505170500385,-0.766820986649885,0.046188618997753,-0.0389595936912004,-0.873709398915812,-0.129724850932716,0.229259720766988,0.527966052913588,0.498985864231912,0.561954741741912,-0.480634079390202,0.109126304261721,-0.896549958424375,0.571392985134571,0.154257852785346,0.506924085511121
Trolox,-3.29063209899966,-3.29063209899966,0.960971661130318,1.16068862531642,1.30795706467643,0.744702288164309,1.00440329555491,-3.29063209899966,1.34300442943637,1.28406796205253,0.822268523083182,0.012920704538104,0.357015953583827,-0.053882400346489,0.380656607788365,0.427949920235602,0.0601637717689384,0.188270404933156,-0.0902828290993372,0.0325351738068743,-0.0715148596245364
Troxipide,0.816018245529828,0.569778478717871,1.1031599594138,0.554399749706595,0.664380248572942,0.580105721174181,0.361528508943646,1.38404905276502,1.06317391555234,0.659126553363049,0.907684853467003,-1.49695844110524,-1.32876341703588,-1.27334423501002,-0.823869283842961,0.680191320512908,-1.68904130606446,-0.910066816261929,-0.879705271487701,-0.745901392414766,-0.195946444496215
Trp-Gly,0.999263718645705,1.09410657773281,0.689762247333441,0.797927111018623,1.0327078372002,0.739631065781327,0.207403223295164,0.5857443046823,0.781594255182303,0.326444443857813,0.814123208214391,-1.31741031699238,-0.289446144756685,-1.20210851139654,-0.904383357532974,0.782447482458088,-1.33711978360424,-1.27023058281043,-1.04587548111384,-1.00292964801276,-0.481651649182296
Trp-Leu,0.959300643311362,0.260768051873776,0.987216050484154,0.34677355438637,0.445652502171683,0.165431069041612,-0.465101603119621,1.22440378766109,0.9356453845431,0.384015176817676,0.582237287425461,-1.23679583246654,-0.0506783616402223,-0.965512948280871,-0.591142209495623,0.789196507450445,-2.18648106943936,-0.480684012333401,-0.447853660146787,-0.413498467002739,-0.242891851241553
Tyrosol,0.531753874943376,0.801193854177318,1.26856816499405,0.429442045446791,0.816957371512638,0.544688721286935,0.483154536409373,1.22192805801619,1.38724940508869,1.23752371852038,1.33794268938612,-1.27880777562714,-1.16622591790596,-1.56479938543203,-1.2759267949284,1.19063005415118,-1.44153187787777,-1.34256704909615,-1.12232543844316,-0.810985373743197,-1.24786288087921
Tyrosylalanine,0.71913913835933,0.51563210611971,1.03347379125408,0.452047760603758,0.635014545963347,0.463862285431574,0.204890454493311,1.25346519677657,1.06181798002328,0.662963649874332,0.99135597752593,-4.85515860520037,-0.489493881519001,-0.763993782825651,-0.209623020911507,0.612019661279154,-0.784878456681349,-0.359024070041636,-0.328841385970397,-0.674743625093726,-0.139925719460764
UDP-N-acetylglucosamine,0.338865227922676,0.613677338975882,0.828752833808853,0.663820709754284,0.803579684677299,0.471437906373249,0.287979738945619,0.950282064825936,0.519331535874738,0.272095478052632,0.331038059037516,0.198418371157707,-5.47514239119792,-0.856616024080077,-0.0679187516652373,0.530002404772694,0.186579076935632,-0.132384664508332,-0.0432178642634176,0.0168869285823441,-0.437467663982088
Ubiquinone Q4,1.11533101811717,0.31274267843826,1.19331904833988,0.620754309433202,0.708463340280167,1.1469473119502,1.0726901471212,0.803892691451316,1.08294948305174,0.609354609088198,0.201855401015784,-4.26818466775583,-0.488828222092816,-0.856200597397868,-0.672826386463994,1.30920196035545,-0.539159793141939,-0.586479960560975,-0.945295927454549,-0.89158929291724,-0.928937150857391
Uracil,0.576626432029515,0.827237843203507,0.971826056975371,0.867466746430478,1.00330992749141,0.841046166637991,0.638464150853798,1.0795781217447,0.809502914972774,0.593469224779412,0.642027675421046,-3.92598866622719,-0.0874744355213304,0.24165730018853,0.45363980199088,0.809971134131417,-3.92598866622719,-3.92598866622719,0.526362739566798,0.543877410183371,0.439376787601897
Uridine,0.0744777530264088,0.108012409039871,0.666032430504898,0.462740372997366,0.855521975341355,0.563498701256748,0.365951598951232,0.656692464520065,0.560483460920729,0.490183091401666,0.606779122296656,0.317356588526787,-0.419655654216412,0.531462454658768,0.205753789199796,-0.267235357497443,-0.488585942623123,-4.93609210535671,0.139357016883682,0.185247997576002,-0.677982167408335
Val-Met,1.22104532809197,0.997979412260241,1.4102018668371,1.13358124792503,1.08171859317088,1.06739667548171,0.918609007717071,1.74711520740356,1.37452183089535,0.956855819599576,1.23649309386218,-2.71139707980546,-0.0852630648067526,-2.71139707980546,-2.71139707980546,1.04306424128995,-0.23975026290391,-0.269028742699818,-2.71139707980546,-2.71139707980546,-0.0375548550968603
Val-Ser,0.214430549213387,0.509905865181887,1.28764537621501,0.438208665274071,0.147390982518802,0.552914485583421,0.19068955709884,1.70274566307319,1.23722829515009,0.739408082446779,0.727938037453864,-1.45329678038552,-0.839766944336193,-0.760496990943441,-0.576038960248763,0.832990489551258,-1.0189028649716,-1.03822457279487,-0.979079740661694,-0.870182304478434,-1.04550688994006
Val-lys,0.699086076524687,0.330047141661656,1.28858830767195,0.100422598950748,0.584869381890423,0.383983721779794,0.208878225422268,1.50414620126785,1.2695036803452,0.709559268036044,1.09726210129354,-3.71228924361175,-0.397751991133731,-3.71228924361175,-0.444923216828598,0.644714320674084,-0.0921820555732515,-0.0827041646467639,-0.178809032149096,0.00266379203904725,-0.202775870002358
Valyl-4-hydroxyproline,-0.24862334854729,-0.465325708660224,0.649003956289085,0.511260224647467,0.471628835982164,0.562111444572705,0.398029555202631,0.654109722929636,0.885071249006358,0.371114789912885,0.548429179151109,-0.642417457991645,-0.124232595836491,-1.09371055742574,0.00431097667311649,0.483519809595155,-1.89775942870059,-0.698368688620744,-0.00436229075354042,-0.432534789534958,0.0687451221088608
Valylglutamine,0.723750326015856,0.506721789124099,0.801438506020725,0.543829804559447,0.715766315179216,0.434342271377642,-0.030439452907821,1.21961508916306,0.833935525478994,0.480211608219976,0.722567433593599,-0.954124544996942,-0.666007810526409,-0.886984496328255,-0.440283170603787,0.675237004230559,-2.08696329874802,-0.977258510059984,-0.630434900588681,-0.595593454614327,-0.38932603358892
Valyltyrosine,0.99432171570055,0.868756369187723,1.3296517818431,0.618655762905262,0.808080022189634,0.579174010126275,0.287461605353024,1.6573598255843,1.32148988906278,0.737957966096469,1.19126219677078,-1.21883216799904,-1.05966631595581,-2.10439078623619,-0.990752224056246,0.828219808797629,-1.31810412918923,-1.01263761679983,-1.15169270590363,-1.39609650538537,-0.970218502092167
Valylvaline,0.635935830887994,0.504196924883339,1.2258977039812,0.126789713905521,0.596577010351977,-0.0359188331024489,-0.177627414221936,1.51770814556705,1.14611666892424,0.5102726261229,0.863062531666359,-2.89551534568931,-0.50927143749149,-1.13414666959038,-0.559462391762729,0.706297454128612,-1.45598198225005,-0.611760116653942,-0.193195144076821,-0.238981867157551,-0.0209934084225113
Vanillic acid 4-sulfate,-0.1107952421119,-0.807511204951839,-0.171784837370897,-2.86985330640551,-2.86985330640551,-2.86985330640551,-0.19773507250809,-0.00879644772140029,-0.69030418597664,-2.86985330640551,-0.624346138753875,1.25170157408851,1.66545258640667,1.64972039429179,1.83154385682307,-0.405466647822272,1.64204904206357,1.51056735902979,1.73151200952175,1.5540276093498,1.65957857126399
Vernadigin,-2.24056604604331,-2.24056604604331,-0.0285379188788714,-2.24056604604331,-2.24056604604331,0.312047755660163,0.263141833472663,-2.24056604604331,0.216343346800471,-2.24056604604331,-2.24056604604331,1.93000710330714,1.67430486622298,2.03144068905596,2.0835938372881,-0.484973642357099,1.48761543687967,1.57242511454527,1.42119035866663,1.50275007646646,1.70261346517363
WIN I(S),0.41044640287141,-0.304015492417674,1.12975602276466,0.88668313914345,0.733246877739652,0.186564655434149,0.699817832010523,1.58543359720511,-0.00276735642591058,-0.448567198508481,1.59311879599403,-1.32110507623344,-0.933409116974114,-0.844543459560659,-1.11339304368218,1.06264505489856,-0.849031840838902,-0.941316729316898,-1.03926481559472,-1.02408594560678,0.533787697098205
Warburganal,0.961458713652137,1.25100614767491,-2.52674318105608,0.926363441603693,0.734200175678899,-2.52674318105608,-2.52674318105608,-2.52674318105608,0.517911734346648,0.776059049386513,-2.52674318105608,1.06502540286899,0.973907757108987,0.716133298840286,1.24968773107908,0.899828190764921,1.35520122889436,1.44234353149917,-2.52674318105608,1.16905836690524,1.12227431603262
Withaferine,0.741993648411881,0.512869799838863,0.449975835409182,0.438387167255569,0.659468760535756,0.796877088816276,0.344465857772655,0.631993226587425,0.865857805009083,0.470670644924624,0.830469220378262,-0.26192980568613,-0.497302053064033,-1.5957945362407,-1.54135274499028,0.270035352089627,-0.782325451431021,-0.952955709633598,-0.628982850625091,-0.514754906807568,-0.237666348550783
Xanthine,0.50848514791047,0.786070544164662,0.890179186213702,0.577165521063084,0.714259485567303,0.648169576875196,0.199490643928691,0.977002496892293,0.362184904736021,-0.0513888094172422,-0.111285830835762,0.00377478388995401,-0.503257638226951,-1.26472107739195,-0.828010140028244,0.542264533380234,-0.14241500937018,-0.122178171964453,-0.647633931294262,-0.984986831788437,-1.55316938430408
Xanthurenic acid,1.0350053485916,0.594573359584091,0.410260750287933,0.986227216501537,0.921190209687924,0.669322858662861,0.867231811718154,-0.54952429563295,0.404585973324685,0.447270589490365,0.556334839340462,-0.480370891718967,-0.332973942611822,0.0813607051787777,0.244722257863762,0.83767908360234,-2.0903009257973,-2.12073910224949,-0.33264626250158,-1.17999619522852,-0.969213388093844
Yakkasterone,-0.286307043133478,-0.621310738466467,0.770598054816157,1.26285860434444,1.17871958959724,-0.341557778109048,-0.257380238670742,0.734121180697621,0.922600442512188,-0.0197674857163414,0.473600475484164,-0.556694795404372,-0.603145382388211,-0.434504708849332,-0.207205632725916,1.29970035709838,-0.842765489274057,-0.593365982940022,-0.719185149125746,-0.771428819424787,-0.387579460321664
Z-Leu-OH,-0.938042744773814,-0.546104370993478,1.09082099476213,0.732778406867017,1.13356833042489,0.823381428822763,0.789168018276688,1.20074927096458,1.09004056496213,0.981317857462554,0.871863346532476,-0.993852507557195,-0.738426108315409,-1.00103027014008,-1.17440082745136,1.13499179615216,-0.985666338754253,-0.889892920880392,-0.985739334326207,-0.732696710967423,-0.862827881067813
Z-Maleylacetic acid,0.284722572803624,1.05595323228848,0.766393966750277,-0.0986120993397538,0.460166074858128,0.300370649885429,0.0196487758367712,0.722978171807605,0.41571997020501,0.254476094721399,0.0188549860456315,0.0398327268327209,-0.235668049614423,-1.1857239901419,-0.268219153504407,0.82272668125806,-1.10202482566751,-1.09715459699264,-0.130570568581721,-0.209518334765598,-0.834352284685168
Zearalenone,0.0710403308131528,0.529897446018115,1.13397431907456,0.41138114033035,0.332296567758596,0.313796309667676,0.432761085041801,0.784552524997697,1.04118813781621,0.823746563461204,1.03243501225592,-1.00666905041016,-0.833120788083207,-1.02772091933286,-0.829205998143488,1.23900730919244,-1.02887531716996,-0.941100131599439,-0.813245447893256,-0.803328414321409,-0.862810679473929
Zeatin 7-glucoside,-1.97772872871252,-1.97772872871252,0.247273430205454,-1.97772872871252,-1.97772872871252,-1.97772872871252,-1.97772872871252,0.456114250624862,0.117822445945866,-1.97772872871252,-1.97772872871252,2.06298001994868,2.20614238442312,2.17134030517331,2.27126897005638,-1.97772872871252,1.28702703342789,1.02320141436068,1.92266006189361,1.92610805687979,2.10762018547305
Zopiclone N-oxide,-0.741422410454522,-0.684448251870848,-0.454440695659828,-0.612676957525591,-0.354253061700856,-0.460943138477841,-0.808013358556704,-0.298538957623075,-0.723415064333102,-0.746152071810873,-0.561983070655381,-0.896461182461951,-0.352137804836185,1.93452869486176,1.69469203208662,-0.623474431212074,1.08525603505318,-0.739827176602341,1.20971870353048,1.49589011312109,1.63810205512802
"[(2-{4-[(1Z)-1,2-Diphenyl-1-buten-1-yl]phenoxy}ethyl)(methyl)amino]methyl β-D-glucopyranosiduronic acid",-4.34837688480933,-1.17161084369096,-0.80163044303507,-0.599349287287317,0.668877548844389,-0.624206849339473,0.68289170922302,-1.01361877211472,0.222467174980001,0.307707154901558,0.68701855219048,-0.744569537745221,0.762060637171273,0.010367542674194,0.528817619379429,-0.660399502563579,1.19015182132004,1.44249836298235,1.5982069647148,1.53284032765838,0.329856704545751
"[17-Hydroxy-12-(hydroxymethyl)-10-oxo-8-oxapentacyclo[14.2.1.0~1,13~.0~4,12~.0~5,9~]nonadeca-5(9),6-dien-17-yl]methyl hexopyranoside",-1.66430324776174,-0.940824183055954,-0.956468531686682,-0.64139445662756,-0.505658741107674,-0.98879119223242,-0.759511127016737,-1.01488677969335,-0.967482615530066,-0.890506248363265,-1.08521393928661,1.30737309220317,1.19041827528275,1.38559675137368,1.52199261722275,-0.591688552462793,0.948188689809558,1.1121550555569,1.1285082746038,1.17334068850376,1.23915617026846
[3-(2-Hydroxyphenyl)-2-oxiranyl]methyl hydrogen sulfate,0.379975409018769,0.651439927710313,0.930327037038274,0.818854562268991,0.843361272094434,0.794181065409664,0.535295082350028,0.886991823658472,0.906521390981446,0.906694294741238,0.798695527092148,-1.39256670400386,-0.993437488264898,-1.37530758604207,-1.03056755442845,0.932359188382318,-0.948341408826463,-0.967839727372763,-0.902669671898038,-0.798773325722553,-0.975193114187023
[3-(Sulfooxy)phenyl]acetic acid,-0.637895781763327,-0.414530616561695,0.0868654109954137,0.353804022011626,0.00279339456486209,-0.638846790596873,-4.85653290054982,0.212278899536253,0.0700271194910094,-0.901730346538132,-0.472604727436387,1.02111513617932,1.00884924255528,0.999151644812889,1.17366630906249,-1.55576572093563,1.03976010238609,0.717839932939477,1.15578654984389,0.880264072372864,0.75570504763038
a-MMT,0.310610885850242,-3.10107898840989,0.128680371214369,1.0531957630305,1.06001743411139,-3.10107898840989,0.68505637276427,-3.10107898840989,-3.10107898840989,0.985373366072962,-3.10107898840989,1.29117577123376,1.22188718104601,-0.0299615264735677,1.21256534630115,0.993924751650107,1.22665191112254,1.3356743568204,1.45404318976432,1.29397433793909,1.28252542960188
acetyltaurine,-2.08073159156333,-0.0855023117677042,0.653687026525327,-0.728532207300176,0.166019014673966,0.780880199531229,-1.85356199603686,-1.03612855056215,1.05127760047589,-0.0784851534129497,-0.64509678095917,-0.105176390786583,0.520315595623151,0.157204352253649,0.483330709092083,-1.30366815069288,0.596656584118759,0.656408600139618,1.15196758631393,1.10903957949016,0.590096284844049
ala-met,-1.124582628628,-1.124582628628,-1.124582628628,-1.124582628628,2.65249318269227,-1.124582628628,-1.124582628628,-1.124582628628,-1.124582628628,-1.124582628628,-1.124582628628,3.16811333016009,2.54731116891765,-1.124582628628,-1.124582628628,2.45733901928623,-1.124582628628,3.0202423906986,-1.124582628628,-1.124582628628,3.02324033766518
alpha-Ketoglutaric acid,0.1114842503276,0.767201467633436,1.00471322416165,0.386754520106274,0.823676296755416,0.641932440035788,0.525752325999383,1.44984621335168,0.377880684050269,-0.0205159883818869,0.286750938451045,-1.32239661452553,-0.163230162702492,-0.503974102568339,0.163054634160704,0.502930905663636,-0.758621699879368,-1.86803997537794,-0.866482572595488,-0.735941317779829,-0.802775466886023
alpha-ketoadipic acid,0.476716987748425,0.356204048698842,0.211054860282403,-0.158270542042183,-0.00112096021250918,-0.233184913321951,-5.39532638335174,0.262810703246458,-0.0347771376564244,-0.148949742684547,-0.274061449059399,0.692056332925569,0.663589141606587,0.668006425520903,0.602502215363759,0.0531661679488408,0.512452591144481,0.46667140271721,0.606453077123552,0.362936693913669,0.311070480088042
altiratinib,-0.670558974809549,-0.91358299172145,-0.616727364305125,-0.647012135903687,-0.786741414907967,-0.800471879552023,-0.989753455460846,-0.675096500321454,-0.595774555619384,-0.915843083723137,-0.926711116940947,0.986273420147666,1.16657027725604,0.868815334611622,0.950137095023461,-0.619357713450176,0.843624034051469,0.993186479274989,1.08574224793033,1.09249793122434,1.17078436719583
ambruticin,0.838976201007697,1.24955160305459,1.19113347255448,1.2428332541002,1.38045089342462,1.05546010936269,0.94204502229697,1.25411486511355,1.16685961840969,1.34770945532323,1.11216613343335,-2.97157242969129,-0.0886099545901984,-1.25218348955238,-0.364918129550812,1.3355114512338,-0.448956565564704,-0.0758542212916425,-2.97157242969129,-2.97157242969129,-2.97157242969129
anacardic acid,0.866049500457019,0.437844534288622,1.11267644075244,0.883974010690909,1.54963256726457,1.22188763372938,0.0913893675596726,1.39080472977449,0.704241001468003,0.303938471889762,0.404031950716297,-2.77971042893762,-2.77971042893762,-2.77971042893762,0.216690655633985,1.38311354430132,-0.0111961356776269,-2.77971042893762,0.483642665208617,0.402299841745658,-0.322179064052642
anthramycin,-1.09769433380569,-1.06763844719081,-0.513165819577458,-1.03634355337599,-1.015918223175,-0.867988237704084,-0.926833939653203,-0.868033495879722,-0.708062721416181,-1.08822066176067,-0.915940828804121,0.267043187149222,0.937786816838883,1.57884725984244,1.61372194418636,-1.12782023287315,1.21480246419986,0.951125752956838,1.52852616387096,1.53836041719635,1.60344648897518
anticapsin,-0.20887591962241,0.532783571433728,0.809416701950271,0.691526784782924,0.744533122206156,0.726271121658172,0.469853912142347,0.784587543158601,0.903515163273737,0.791794354820594,0.760689458676326,-1.19884469728292,-1.780407669324,-0.651705095466032,-0.501866190660445,0.629482092211765,-0.798049460278816,-0.703246508804478,-0.861374421200079,-0.288992808294171,-0.851091055381264
arg-leu,0.616098810921829,0.469673461762325,1.08564041553357,0.803192581775112,0.634650419216808,0.582617819282121,0.427735744407547,1.28080436857314,1.03310710334507,0.665048676129412,0.884316957986873,-1.23033740069461,-1.08118476772751,-1.27901474379443,-0.219334249068577,0.811742479605482,-1.27070058088323,-1.13865202802996,-1.2757913849783,-1.1132727462602099,-0.68634093710246
ascr#1,0.355485425399519,0.383924015869904,0.910831848446963,0.881722352137995,0.852534158922041,0.741368948656729,0.707716262583108,1.03810961310194,1.04336479944116,0.92996176623441,0.679588336621602,-1.17097845437007,-1.15869311106282,-1.15972998681509,-1.23796703227074,0.388697495582839,-1.22299749851186,-1.11476162677582,-0.628309334281856,-0.611325984257847,-0.608541994652067
ascr#11,-1.17333379396361,-0.924667136841775,-0.110919881080364,-0.00537989360689592,0.00543896799939356,-0.443161583709931,0.406136068886134,-1.26131191901562,-0.011193016318694,0.109527535518149,-0.198250489543237,0.289941836290738,0.404180293235874,0.404566371238745,0.626367379351076,-0.606903252040777,0.375075038325575,-0.235580195628528,0.941114136159267,0.616364920118067,0.791988614626443
ascr#13,-0.229651096511182,0.358464349962121,0.766085468211567,0.555471389904153,0.69118152927282,0.479563021350262,0.784872757125848,0.750605062703151,0.737559891920872,0.514670484143196,0.891456835320038,-0.645642030353633,-0.572986660486041,-1.02174004362618,-0.159870784210123,0.518438803566388,-1.4250823420192,-1.45544213899125,-0.0289221968982177,-1.06845359731348,-0.440578703071065
ascr#14,-0.476993769711741,0.393763241107848,0.714057388403793,0.306085112982804,0.433410527147704,0.37172369908404,-0.0756788815774829,0.548434574946074,0.633270764969338,0.321609059851486,0.258820395615839,-0.141791748384752,-0.0112659540220473,-0.494757252717055,-0.88533758837235,0.0372403658459839,-0.799282866583324,-0.413781827519613,-0.115521268763643,-0.305588624539697,-0.298415347763213
ascr#19,0.264313540445571,0.430179484062829,0.729831666136529,0.645652841191739,0.815275239649891,0.587254930061421,0.592316368384334,0.726129980206707,0.597939835611734,0.574783614495883,0.582900357385825,-1.29879914713264,-1.45997908693877,0.0944330616315257,0.23484821675228,0.603180301744619,-1.7337109442177,-1.61008552758658,-0.914801396703636,-0.570365478961295,0.108702143779756
ascr#22,1.29580648273826,0.12479421060423,1.73420824587913,0.261075132674307,0.892751897284387,0.919016620599335,0.14411838739145,1.82984544389538,1.32060946198658,0.926867700278485,0.0465931831063019,-2.86841551920526,0.36236719622766,-2.86841551920526,-0.41327815077008,1.27449153426858,0.00412703353574777,0.0386512038046398,-2.86841551920526,-2.86841551920526,0.711616493316641
ascr#24,-0.270864675088159,0.279516036706401,0.742881810994206,0.536879658319047,0.486146856458072,0.790030848848808,0.230947964340435,1.15135700849547,0.750970448932407,0.373695086588297,0.418987864450393,-0.329044295944122,-0.964905214141204,-0.0903066790326751,0.110912600475137,0.445864556231819,-1.54760693273818,-1.88648923526553,-0.617337993343256,-0.40245375372671,-0.209181961560642
ascr#7,-0.0180185699148701,0.26959156207649,0.556568117168142,0.550197801894237,0.620232763473355,0.374739925128411,0.361731592661352,0.672847516977119,0.706112108467506,0.509552024627269,0.500539403874809,-2.63070519108498,-0.25730794101255,-0.0107944515913936,0.218912734437166,0.206987573679558,-1.43699266601829,-1.463567028956,0.113484075209265,0.00977220073179247,0.146116448171616
ascr#9,-1.1167905210762,-0.699659914931589,-0.168404072775996,-0.475883809576124,-0.259894116786906,-0.708871663975267,0.522562938853971,-0.911748617021362,-0.63781564815486,0.14704511682957,-0.372874550054249,0.470687595319967,0.633106256431039,0.577683399310282,0.726139811948524,-0.674924887090329,0.525532469617722,-0.294511943974008,1.05256763263569,0.758951584538066,0.907102939932071
asn-leu,0.662988546257167,0.541442917076966,1.28468442173182,0.660692324913214,0.551576732341826,0.760767781734657,0.352058180434644,1.57258550787271,1.22306377385341,0.541548998372882,1.15243509777598,-1.5351391330451,-1.37373052734563,-1.92827811281461,0.0568264846781702,0.574975920162737,-1.58893884446035,-1.86198913245373,-1.57097364703173,-0.243371864874157,0.166774574819122
asn-pro,0.227250691545578,0.493738526233052,0.990478003675726,0.271962301166108,0.801429293842889,0.58831776266126,0.536919387698804,0.939706561756483,0.749904546088252,0.717250733341572,0.819175742722323,-0.688670735884461,0.040699404112794,-0.726280569865725,-4.71886612061476,0.814186795995416,-0.580497986646922,-0.37697630708489,-0.109234489118449,-0.253717313107215,-0.536776228517837
asn-val,0.708513328989434,0.790770668011641,1.05668775899351,0.599866166865768,0.7107478434349,0.602593455319843,0.204021060198559,1.53346721410131,0.942744484711626,0.464699307888467,0.828678201797621,-1.04818619791117,-1.29703192730394,-1.3040696206771,0.172132847199194,0.550154802321255,-1.60639437050968,-1.50890725448522,-1.13499789583937,-1.14894514389927,-0.116544729207352
asp-ile,0.510222270460534,0.599267913420811,1.01836575640206,0.344524174544904,0.746991451814023,0.279016420020041,0.102949680844295,1.47252047821313,0.929818676042218,0.272259310401403,0.759355251881413,-0.64321564898399,-0.644653923620345,-0.699623113283362,-0.557983937927775,0.209084440483125,-1.24980224722756,-1.54174749266068,-0.650492001171588,-0.682554463083014,-0.574302996569646
asp-leu,0.523658875997154,0.579552676879752,0.884411334482356,0.372572908202189,0.701321769875837,0.483732505850305,0.0873139269803268,1.13532989229528,0.746646938287532,0.407771078687199,0.819433242527077,-2.03926123650028,-0.108994200854773,-0.201821676977322,0.0946670570422525,0.358710229998452,-2.29633321435051,-2.40326223633463,-0.157402706344147,-0.085230466997922,0.097183301253886
bendiocarb,0.802953759499127,0.663411577891776,0.9607708688913,0.923150677124795,0.76018478186297,0.397443489938125,0.611387621788814,0.872987747627977,1.04493435671781,0.844530608216819,0.956399969396655,-0.103374329330783,-1.04480498664263,-1.30535091147877,-1.35537292089265,0.718341345782005,-1.82885839967097,0.0417968867751111,-1.35775171580862,-1.23215590236184,-1.37062452532701
bentazone [JMAF],-1.01340538109241,-0.600254517033921,0.784242853139865,0.533813616693342,0.448537643859515,0.408767436723608,-0.0993678219466109,0.781413644541738,0.197120593436668,0.310873622173602,0.417037649657299,0.0115488415513069,-0.0221483908416691,-0.564896516886712,0.102647198876931,0.583442808859655,-0.340946409470025,-0.204394423992528,-0.596326704978453,-0.540244260416761,-0.597461482854399
bhas#16,0.179087020297903,0.529337663253294,0.47032005142603,0.440587011058624,0.79030156517275,0.36774764176002,0.2362990910194,0.881608360181869,0.899855769958487,0.425684594234579,0.68261483742497,-0.347127671477956,-0.351309518654739,-1.20019680293702,-1.25958172848645,0.488269443388595,-1.29328226011313,-0.622303389891364,-0.122960924651555,-0.673481926685389,-0.521468826278929
bhas#18,0.311777668577579,-2.18662212974674,-0.337370244938064,-2.18662212974674,-2.18662212974674,0.439005632434219,-2.18662212974674,-2.18662212974674,0.47762249895344,0.0554729025219091,-2.18662212974674,1.82544677593279,1.92669439608098,1.90415450848287,1.93548279212068,-2.18662212974674,1.62438678602055,1.76018741278777,0.739540334554622,1.39492633554927,1.24902710914859
bhas#20,-0.395159618027836,-0.00252142884351363,0.569872285547461,0.335895464944276,0.527475779144926,0.3220669224805,0.0750311391470608,0.498928872818479,0.610640858721676,0.357573536314849,0.297117699630704,-0.735942109852213,0.0438349432943315,-0.303521752581671,-0.29917121189336,0.0835694221624262,-0.985816100296365,-0.702192902316269,-0.0548144265167347,-0.1295634644864,-0.113303909392294
bhas#24,-3.27059005612506,-0.500710242933019,-0.37139397148232,-0.525337767098936,0.770905024619004,-0.281784597952674,-0.679596435277565,-0.174649700924145,-0.292733262119143,-0.323865594613139,-3.27059005612506,0.796148999149686,0.731329627768628,1.00708935841114,1.35261759291462,-0.134818311346785,0.123212364033215,0.453800772945569,2.61624744740283,2.47800970547867,-0.503290896725509
bhos#16,-0.521794292573658,0.180329379212256,0.789202304471498,0.691193326784399,0.704448688601959,0.786336874301109,0.542006695226958,0.695981025894064,0.509490993611497,0.571798173502838,0.585536663021157,-0.975212558718003,-0.802249040639245,-0.740140850961436,-0.546843899741567,0.429989409787758,-1.33248638750598,-1.24971535103672,0.109088180122689,-0.118281597297568,-0.308677736064008
bhos#20,0.472593149010853,0.676580890351102,0.91825585451479,0.728702659691612,0.82582939123505,0.783894162574308,0.593805733852337,1.01897885856792,0.997263928423065,0.682381073907469,0.722858434744062,-1.16376135192316,-0.491417766154459,-1.51897648183334,-0.602113730111184,0.570988068257372,-1.36587241908487,-1.24295340490484,-0.521494022432696,-1.08314693034726,-1.00239609833811
"bis-β-D-fructofuranose 1,2′:2,3′-dianhydride",-0.860062948091763,0.435397879597972,-0.149275232966078,0.0439485097484314,-0.239827490357813,-0.255290358052887,-1.46406763999121,-1.44145473942214,-0.708146172502109,-0.425044320603829,-0.18489577930127,0.0272465119614978,0.375916155940555,0.287161404749068,0.900148853624641,-0.74103298100085,0.590526268439173,0.748502965915781,1.07873245212766,0.986360251910473,0.995156408274689
butyrolactone,0.129671649358975,0.405495136059497,0.335746091909601,0.0526579293533685,0.917508918276659,-0.817197343184378,0.135515394575881,0.251877889960428,0.617165571027479,0.50162713868887,-0.60531086131622,-0.801573209781875,-0.0532116136468742,-0.412973673531408,0.151693032967073,0.743273129845601,-0.0898004568661629,-1.14599735508795,-0.019435729088718198,-0.105782039151283,-0.190949600368519
callystatin A,0.888531208480077,0.952502692952627,0.960265266186521,0.911088606093588,1.15702301298347,0.911840864561749,0.833526365820222,0.981008411606875,0.862491648596141,0.95879826323163,0.701311009022532,-4.31892129719674,-0.638133902959996,-0.992626483272336,-0.8156811131655,1.07285298940995,-0.686700837941545,-0.732361960484527,-0.917227106797629,-1.02677454111016,-1.06281309601693
cartazolate,-0.251628358713272,0.0810149356392795,0.653058523159359,0.438416600525965,0.552737519408373,0.315348250538432,0.225926747663328,0.678953236666666,0.599461601287854,0.391197360201879,0.410939393594592,-0.802233409393372,-0.608732692188343,-0.294320241318026,-0.0643149450544258,0.257332941617902,-1.27076533285919,-1.43088762939274,0.208455671047775,0.150815128122141,-0.240775300554141
cholic acid,0.135661795759906,0.989511297674529,0.835788956083502,1.19410009208772,1.58920650895483,0.734394782954416,1.0334150626067,1.07904980410735,0.679844980030761,1.0136136295314,0.989836920562619,0.441936692557296,-0.833064866217692,-3.79343505640391,-0.752451935926767,1.22834404624984,-0.56573321439711,-0.520501834585832,-0.920245505253574,-3.79343505640391,-0.765837099972109
cis-2-Carboxycyclohexyl-acetic acid,0.894207134022324,0.934224246074187,-3.20488110858263,1.15799247320078,1.16000988424163,1.01034089360044,0.826860736857519,1.16822458621044,1.11265113691168,1.08795821225882,-3.20488110858263,0.126250860590219,-3.20488110858263,0.790809086938399,0.155467653791438,1.03583968428647,-3.20488110858263,0.14831254251627,0.0721484900128501,0.318014309222796,0.820212503594255
clavulanic acid,-0.491610397668075,0.270419163039826,0.784327863003721,0.389895066875518,0.570294859850932,0.511446292010448,0.202775935703313,0.807717462935146,0.688017680291674,0.59570524659774,0.555850634323839,-0.471469233102001,-0.516236799669801,-0.480121260095478,-0.186833437817995,0.346719165605759,-0.601735963640811,-1.09758021724047,-0.122257079183417,-0.283330328362549,-1.4719946534573
cyclo(dehydrophenylalanyl-L-leucyl),0.567830845234291,0.743191279288355,0.759607100487739,0.815578207999675,0.790615174063174,0.175948977377479,0.448064234138079,0.789987578327728,0.845910007089808,0.876777565673356,0.520602256887009,-1.54969841225129,-0.596052581583387,-0.740217761138229,-0.508518163417754,0.849612074323646,-0.825881053543127,-0.764971438755158,-0.986992322608027,-1.1969220396536,-1.01447152793975
cys-val,0.658922648104279,0.479666876069137,0.611182087456903,0.661698254259479,0.61047130212346,0.806678720474578,0.653833223004042,0.692934620120815,0.666178261606586,0.519894942524135,0.699893454526421,0.0816569381499622,0.187691400625971,0.403039978024458,0.31656767555074,0.641726733361988,-4.14787331586214,-1.0627250151067,-4.14787331586214,0.0958984614691595,0.570536069378866
danegaptide,0.62429393220276,0.340097204483343,1.04472745815229,0.493173151669274,0.833707600804544,-0.0287744532770248,0.223704059367862,1.26437138078553,0.973736334319661,0.662969377250512,0.735958367748809,-1.30020988651498,-0.32863412059259,-1.01766287098379,-0.294653636088665,0.583458628884018,-1.68545651395055,-1.61638643836573,-0.467929049336077,-0.387758984523676,-0.652731542035503
daprodustat,0.215895994188207,0.639045563587212,1.61201927631294,-0.328649459478552,0.742255066606392,0.124327025912554,-1.08121219336418,2.1121447713036,1.76655045183173,-0.823548295240436,0.967449598111884,-0.565351734038689,-0.382280737898815,-0.843534966934192,-0.655448436866304,-0.82208040239393,-0.557891036951299,-0.574235232263496,-0.526327366099495,-0.463349972416191,-0.55577791390895
decanoylcarnitine,1.35486116044541,1.02720579055515,0.77797001455579,1.05318449682227,0.916529662599817,0.840252890595673,0.603426379709716,0.114700232259746,0.856383485651429,0.426477222310715,0.118429843660633,-1.44825881946395,-0.833658773161164,-0.872416014558949,-0.808838107026563,0.990963924036974,-1.34990792156111,-0.875097918686457,-1.04393667473275,-0.92235735989675,-0.92591351411561
deoxyuridine,-0.612015067999186,0.133655026432863,0.512749098702777,0.944248752780905,1.18283594404259,0.474186452999551,-0.0500179117238015,0.75458184196575,0.627765434111705,-0.500108270006713,0.173810493899721,-0.554371858799452,-0.291449087907998,-0.569891661565842,-0.00561490026563543,0.160879385197189,-1.08785854482777,-0.982140301456735,0.0147565769380746,-0.0837988200428686,-0.24220258247513
devapamil,0.50758472888022,0.354416754257636,1.24017934441531,1.13253477524662,0.203040071536575,0.866807234100221,0.428917442367064,0.93381501675699,1.39128592374409,0.731631906923052,1.02749263643011,-0.980691394609917,-0.756691981234722,-3.41457926276525,-0.388310200675389,1.05019671123142,-3.41457926276525,-0.817949557105988,0.191617744576803,0.346495143270789,-0.633213774580401
diacetyl trimer,-0.00316682607304477,0.339424324494659,0.540420962083027,0.527280576870088,0.556400654612966,0.493849091251341,0.285032091594336,0.810116796196113,0.743278001712081,0.555488526603193,0.602959974344038,-0.26870558367248,-0.981342884000048,-0.385541551388031,-0.80097251544977,0.29919113556778,-0.00781367152213758,-0.94245644636097,0.0681549420791173,-0.493173148717291,-1.93842445022494
dictyoquinazol B,0.920751530238975,0.0934147071227013,1.31500506900795,0.409341309093962,0.627003161983885,0.426198995476037,-0.841519306043604,1.67546028122413,1.4094742056617,-0.556785846069509,1.1150883413771,-0.742623007780368,-0.554550809257491,-0.735388113060476,-0.896432156207411,0.555505247749963,-0.983363705893806,-0.883652296451152,-0.766418561664703,-0.708725986249025,-0.877783060258874
diethylmaleate,0.628246809255239,0.680983253408841,0.83983307963734,0.767687692631157,0.830338553181759,0.77984491832679,0.651073418833226,0.811736522560832,0.936080132375759,0.791502410627317,0.838961062048524,0.274157811630575,-3.69450002469519,-3.69450002469519,0.356468361740226,0.756039117690692,-3.69450002469519,0.0376169077701778,0.333265476446382,0.352760033685658,0.416904512235083
dihydroxyphenylalanine,-0.0108882483547581,0.156903017169564,0.699925072802583,0.504042506637472,0.429151592069895,0.476178436395304,0.204091853185012,0.639237550403616,0.577531282524599,0.439767891223391,0.519161847392669,-0.205234534137574,-0.466620266615326,-0.563905869231417,-0.220146288254531,0.24287350463766,0.195936749404438,0.0901987584973821,-1.08856155964714,-1.64204131316518,-0.97760198293765
dokdolipid B,-3.18652888814194,-0.640242317048499,-3.18652888814194,-0.1299056881458,-0.242696061274803,-0.459501866418794,-3.18652888814194,-0.0981554079710369,-0.313016699724663,0.704370828189645,0.133666020284477,1.01885758367379,1.28610371604524,1.34146967584917,1.53348745402944,0.204987047215688,1.18531274598778,0.993603863874473,0.776081383019638,0.959035909170843,1.3061284776692
elymoclavine,-1.86125648211913,-0.844470300350468,-0.761429224582523,-0.305200304091089,-0.514023308214991,-0.53976358413478,-0.704682950734065,-1.04405116198889,-0.495240607025851,-0.592515285223772,-0.657807339359588,0.86743612876269,1.32151176664937,0.261333955127646,0.569493442538627,-0.390603677512526,1.30401495183726,1.43889578970048,1.46931440811404,1.40603874123928,0.0730050413682706
enoxolone,-0.557781223761574,-0.728679757951208,-0.377546117891359,-0.446081680791957,-0.435339495707897,-0.733951078167839,-0.254551854304868,0.536530188026903,-0.757608823914342,0.23987233086306,-0.157413166647177,0.0619848717722254,0.508281709351119,0.673543354951973,1.04746616895625,0.7880326796159,-0.390194198949085,-0.163213685504732,0.282314719857646,0.544666272894541,0.319668787302375
erectusfuranone B,0.505914271993309,1.00462420831131,0.529221220673141,0.883135370290619,1.32376592026168,0.53844568582089,0.193941745806207,0.797590280118589,0.795882099560993,1.01836934539613,0.55764517586329,-1.03396403148028,-0.901539428698327,-0.804883254188788,-0.714386124981915,0.715979600482417,-1.10773172820966,-1.11790426625443,-1.13937944981242,-1.28578806440601,-0.758938576546753
etofylline,-1.4449662287201,-0.200581078543165,0.715253865585062,0.209549922894806,0.455811573527007,0.310610246889454,-0.294976674987188,0.816451481385931,0.184105019924239,0.317029573307142,0.355172596454952,-0.312861588431467,-0.325015066586029,-0.470681171826258,0.0152040470262607,0.773526069236191,-0.272477702690882,-0.261986384638114,0.0784158501634268,-0.538404223406714,-0.109180126564523
eurysterol B sulfonic acid,-1.29312319035892,-0.818783286686251,-0.229632120540311,-0.00533636287385637,0.193654374725567,-0.951377253471478,-0.132353392363783,-0.491594499598056,-0.485259667408696,0.0496258811470273,-0.345383463206613,1.03008815616979,0.921198113216401,0.325963007073493,0.215931518077061,0.190191627878216,0.429057315326643,0.785689817409208,0.46023557531258,0.310716801683343,-0.159508951511342
felbamate,-0.45133516311169,1.00834075687225,-0.0273928258766872,1.01825959055895,1.07966693304331,-0.118608070623319,-0.304846155576922,1.56339567726522,1.74078061645982,1.3283820203516,-0.106155203394377,-0.745193958200531,-0.536583576823078,-0.753483305017194,-0.952688273218517,-0.399404550974708,-0.735746931933176,-0.786371197306395,-0.694027164901746,-0.532209711312838,-0.594779506279967
galactosylhydroxylysine,0.454959249613508,0.57528126535921,0.874976168545918,0.890749184162793,1.00498588472549,0.880319390512418,0.215979887507271,1.05500404735657,1.36667653306153,0.466008803540158,0.870366635203442,-1.10163178469629,-1.08864930709237,-1.12541150321221,-1.02909081398409,1.01172030019739,-1.07109520924083,-1.00955530619587,-1.12510087400186,-0.991727376468116,-1.12476517489406
ganoderic acid B,0.433603525942934,0.947963413558725,0.885641721797446,0.792798733275257,0.918623159437113,0.664176505873428,0.682047337766209,0.935641467410144,0.684911158929909,0.946931300901453,0.406194548583614,-2.36754966852912,-0.889575408283341,-1.80418884518479,-1.72276034058091,0.800822174829356,-0.621026904970385,-0.383432885440341,-0.672341655148129,-0.239655375281529,-0.398823964887003
gemeprost,-1.49746774140065,0.785003837668873,-0.233341294789299,1.04685797369227,1.04312406121188,-0.504743947816131,0.396642890954427,0.684943469953942,0.195908487105586,0.608418135483796,0.632471097792588,-1.3689704272168,-0.902831848038159,0.471092981770098,0.609312330317009,0.879780369145975,-1.24821861537396,-1.11528144916545,-0.701841340971321,-0.0638064673319162,0.282947497007252
gibberellin A1,0.162239490700263,0.432284135943219,1.00025992197525,0.712699061651286,0.680053499271631,0.56910124652949,-0.157027319211972,0.952159350507318,0.850063043450565,0.759270770053299,0.617841528502018,-1.60810831956621,-0.400350372380575,-0.696968373784239,-0.513426852541017,0.58291743532212,-0.748108215937668,-0.622626833080815,-0.912923958149627,-0.906858192870597,-0.752491046383719
gitogenin,0.668137850122264,0.734707848109247,0.799307709151965,0.920755979363463,0.957849731977581,0.616557838400052,0.705246211670346,0.84249851924566,0.882069653805684,1.00378458980066,0.68891686957743,-1.24201372025634,-1.0823604473477,-1.26630505855644,-0.942841420328059,1.00355701351778,-1.18711546257248,-1.47971360933325,-0.525194184608714,-0.943240733959555,-1.15460517777959
glu-asp,-1.84916836838697,-0.180311470063442,-0.0791215498960066,-0.560963533406717,-0.649802597945103,-0.0469731052220106,-0.0520707314478769,0.55204563610482,-0.0511162905218754,0.174289148607478,0.185731676534648,0.215800895390125,-0.459739333319105,1.25860388346693,1.03147638850035,-1.58803016137521,-0.428080049641843,0.54428237387946,0.123302425705686,1.02006409993974,0.839780663096904
glu-leu,0.6889690204922,0.772489826162329,1.23341076205511,0.548923654052198,0.791604016159232,0.686887541210981,0.405529903114542,1.41539196584847,1.20581951897895,0.652606437819867,1.10992788932606,-4.15527513182024,-0.0416565115358421,-4.15527513182024,-0.0158183734194376,0.552032511480153,-1.4741043799584,-0.391417646925859,-0.141300157986344,0.00781238763147692,0.303441899134783
glu-thr,-0.564464955946147,0.0639781288053021,0.743388405973436,0.154367131507153,0.46826712700761,0.416933729958061,0.0868380103965355,1.30122634901296,0.287648405831616,-0.0252349599925176,0.377079613519767,-1.45395221937016,-0.0991344532646769,-0.570387428414269,0.0561994257080382,-0.404970946889718,-0.094333512535077,-0.580773789557966,-0.078923606989527,-0.0613197243060155,-0.0224307304544051
gly-val-tyr,0.46797944652708,0.598575828429056,1.44278108810645,0.0858655636408879,1.15422844495416,-0.462052538711057,-0.760977581424993,1.78196295139082,1.36886687149551,0.653727547369026,1.1232155869475,-0.501229735910525,-0.344191155886483,-0.516783608340429,-0.62295394065098,0.741231126468332,-0.405229457999051,-4.033378408097,-0.67649966438054,-0.691686573125714,-0.403451790802085
guaietolin,0.301970073203527,0.702974441389424,0.864261594601548,0.590661339107431,0.674381287527766,0.814253062634502,0.385177805214086,0.824470994824528,0.889091697584315,0.593190753831183,0.694224541297472,-1.56405793447993,-1.48705894361647,-0.363648500924561,0.0664739331341204,0.523547352538314,-1.83828560230523,-1.18179331390098,-0.502866824879242,-0.674992928379614,-0.31197482840216
his-met,-0.0344075240983093,0.932053677064904,0.408983740647695,1.36455671396973,1.35849591356638,1.12863063031096,0.978998582409122,0.662679427492441,-0.118768288089853,-3.05444018105163,0.864086409172074,-3.05444018105163,0.124152227860649,-3.05444018105163,-0.691253232352022,1.04418622497507,0.184883048783857,0.335992962639526,0.0788240056169774,0.370632857355185,0.170593165830484
hydroxyprogesterone caproate,-1.54009906411269,-1.41801484183681,-0.48890880213569,-0.771281297258514,-0.715321081726692,-0.335679022676008,-1.28668245780962,-0.0829251907810587,-0.123041598781237,-0.806062637459264,-0.506105090535416,1.76179225553145,1.82194745267513,1.35474333916458,1.31748580667883,-0.202919287331333,1.35033309227867,1.43365566551421,-0.361234704651931,-0.0357298506982587,-0.365952684048341
hydroxystilbamidine,0.369396921165171,0.535434427427097,0.894106066621278,0.900888005107268,0.850844953282303,0.727405921729493,0.565719222179423,0.947978299276886,0.866541460475126,0.77790709895444,0.763959319749683,-1.5344133785899,-0.585954417339677,-0.962530816853937,-0.88122796964308,0.70353344548724,-0.918753145465702,-0.923574869879996,-1.0200842570144,-1.05937875304579,-1.0177975336229
ile-tyr,0.80225450431533,0.208148550629114,1.34295319744031,0.454765165968996,0.656379625063254,0.277831778409328,-0.0422844990870161,1.56618827025111,1.29157140090469,0.316350089230319,0.858935376366508,-1.20314358093948,-0.982009759616243,-0.778362897242672,-0.668204223090048,0.572884455619896,-1.02096132328653,-1.39075985889023,-0.775422200778469,-0.791023362586998,-0.696090708681171
imazamethabenz-methyl,2.53824300646553,2.77501796038025,-1.25588162826388,2.6472764562408,2.25474972353026,-1.25588162826388,-1.25588162826388,2.40320115043961,-1.25588162826388,2.82101288277315,-1.25588162826388,-1.25588162826388,-1.25588162826388,-1.25588162826388,-1.25588162826388,-1.25588162826388,-1.25588162826388,2.14284161586473,-1.25588162826388,-1.25588162826388,-1.25588162826388
imolamine,0.647755894787239,0.39299645045417,1.10630544926196,0.839385810767844,0.725436491868782,1.08153348302524,0.573082391354943,1.06873365589156,0.466879729943048,0.746099253522483,0.914077112544642,-1.20725401121396,-0.766170581591578,-1.03187524932544,-0.832534988030042,0.66387450817244,-1.2894760446613,-1.45512337244751,-0.974589151046874,-0.85489100557714,-0.814245827700511
isoquercetin,-0.892468610395133,-0.870967572024533,-0.81897778282772,-0.7224962267098,-0.732924911951464,-0.892523575227198,-0.715193549300095,-0.732537971508888,-0.782697246926306,-1.00497222875959,-0.967342394384853,1.09016106524307,1.24421550230532,1.13473268399414,1.29410855300752,-0.852426084488476,0.792913003911164,0.869066711456795,1.2368149121636,1.1824916053062,1.14102411711623
isoxazolin-5-one,-0.957560098285242,-0.957560098285242,-0.957560098285242,-0.957560098285242,-0.957560098285242,-0.957560098285242,-0.957560098285242,-0.957560098285242,-0.957560098285242,-0.957560098285242,-0.957560098285242,2.76351313313454,2.93333083095289,-0.957560098285242,3.72345640425518,-0.957560098285242,-0.957560098285242,3.03703041142799,2.86363079279327,-0.957560098285242,-0.957560098285242
lactide,-2.42722725460038,-2.42722725460038,1.37861662256719,-2.42722725460038,1.28089428378063,-2.42722725460038,-2.42722725460038,1.26556232034048,-2.42722725460038,-2.42722725460038,-2.42722725460038,1.54987813637211,1.95537843638538,1.56483001660964,1.62913460465302,1.1427416848605,1.54191058882192,1.44108243684675,1.46314635699921,1.38720937026948,1.81743317829672
leu-gln,0.98028128109229,0.816607245215578,1.38244946157943,0.984327268561685,1.20002998509657,0.539968403423784,-0.128731448092395,1.51637064350383,1.38453798140918,0.999127224721243,1.14222018319145,-0.923885364902642,-0.804589840439819,-0.982179629571087,-3.89875148768453,0.95446120165197,-0.778969487493132,-1.53373490150358,-1.43976768579004,-0.692153914845332,-0.717617119124446
leu-lys,0.47829407182365,0.334730606274868,1.0012746003412,0.730106426355975,0.807660130927521,0.55173054724116,0.409357301762263,1.29828284924152,1.1482064493455,0.791725108688077,0.839805701468187,-1.18255460802737,-1.0335661199165,-1.23104468574096,-0.62377454482751,0.920792135093102,-1.22276782788642,-1.136920044295,-1.05816789672223,-1.06566498145129,-0.757505219695695
linarin,-0.810323949261216,-0.663718822203036,-0.411285466655385,-0.597539480611239,-0.425449144077115,-0.534059122029471,-0.866475135277251,-0.385261511356073,-0.446607412629372,-0.671647577560253,-0.619536187542516,0.90530116177579,0.627004159968749,1.07274786971345,1.27797251305593,-0.775355248013314,0.27719914594003,0.798881881084728,0.780367693912593,0.507656791457819,0.960127840307154
linatine,0.0592568764104325,-0.606227963342902,0.0944252616681626,0.629945936152581,1.28316834772406,0.151281893137179,0.0373735373991065,1.2083435495408,1.25464708170712,0.122893441056281,0.31416575394442,-1.12617710140875,0.0527889389078135,-0.928222138531189,-1.01869089441127,0.41272139613859,-0.757581557876527,-1.00575606259435,0.175585422323051,0.0889629806331158,-0.442904698577746
lodelaben,0.954772473368917,0.95568441462328,1.06740327202477,1.05921352016086,1.0613570865147,0.967584747250947,0.60209833884283,1.22665839155967,1.1439376381797,0.9940873519024,0.929045409428556,-0.638769310900789,0.607915242157026,-3.43313985964581,-0.750239824838989,1.19533348830021,-3.43313985964581,-0.877158631829432,-2.16384275265581,-0.544132718675417,-0.924668416121824
"lysophosphatidylethanolamine (22:6(4Z,7Z,10Z,13Z,16Z,19Z)/0:0)",-0.447970220459631,-0.208240649240185,-0.452381524368445,-0.168335180210418,-0.227315958567038,-0.295526031713748,-0.712257026929972,-0.616318891346398,-0.310110430180914,-0.759184319435437,-0.60969196821451,1.32910074889325,0.315240429168828,-0.221348181637566,0.181733437754928,0.0519863616360202,1.07381678977513,1.16768184689798,0.637449568586089,0.145635583014407,0.126035616577629
lysophosphatidylserine,-1.02470837742229,-0.187774156593084,-0.0286221262709487,-0.434414878444008,-0.0820812510845676,-0.495896509611438,-0.439835921190173,-0.632786943037324,-0.450760089970538,-0.352139424572157,-0.689689294526393,0.866487883248609,0.57128797080583,0.0763286534632357,0.600620646023098,-0.277531890453429,0.93865368632248,1.19699984726015,0.807067647939381,0.377474352061775,-0.338679823948186
medicagenic acid,0.745550366205514,0.736596858977097,0.784886272663892,1.28581803108303,0.74695344486953,0.694950490751353,0.964262222483645,0.775343877191776,0.70413173182118,0.841961993097507,0.655939243011295,-1.32492329606662,-1.36779968235139,-0.626652211626371,-0.47343692649378,0.98572814715532,-1.66497187904213,-1.04514156647616,-1.76233046475498,-0.944998066058075,-0.711868586441606
methadone-d9,-0.296351427916099,0.184122298935635,-1.04414566444838,-0.144320611488382,0.221465244006397,-0.283638356924365,-0.0845696754868968,-1.27639126379627,-0.0273757628665172,0.700658433019909,-0.033393934217797,0.486968378416911,0.174307018649975,0.240998627308425,0.40777995920904,-0.255614865910511,0.178015746134431,0.0270817467552024,0.303506099191857,0.202482168429896,0.31841584299755
methyl 3-hydroxypalmitate,0.564269135681262,0.796606525006315,0.841171174091572,0.306576631922187,1.045723577789,0.429532221732941,0.343765346712935,0.913499838093627,0.811160120477332,0.913852421785647,0.212906126855783,-0.77615372613195,-0.654347497393875,-0.715503769029026,-0.6807310104731,-0.503153137443918,-0.749438677058352,-0.757084513041963,-0.80270948433338,-0.736514254260895,-0.803427050982122
methyl 4-[2-(2-formyl-vinyl)-3-hydroxy-5-oxo-cyclopentyl]-butanoate,-0.938338552342473,-0.739489037534255,-0.502978329921258,-0.490423143360109,-0.455020150930982,-0.666360891053697,-0.293172692575538,-1.17887877974086,-0.547791903017454,-0.450729359692457,-0.51994291768979,0.610166566080761,0.884762614502548,0.808106478677318,0.968920617747752,-0.218953906787268,0.461231063495131,0.405824124670911,1.01759465629451,0.908001776813195,0.937471766363995
monoheptadecanoin,0.16201515705148,0.373886946370104,-0.132699420405226,0.551978192404128,0.644590246334737,-0.0702279875369486,-0.352305864494507,0.706186406590575,0.953392025563176,0.717157339655689,0.817465057563862,-1.11333845204413,-0.828641925046599,-0.833775092644919,0.608435237990052,0.722619557537942,-1.16294156862417,-0.707409987249845,-0.230023308904234,-1.09569151140152,0.269328951290377
mycenolide A,0.251979084196702,0.506876959580215,0.633844075028542,0.513287333732694,0.615738826562715,0.360909041352252,0.551010859266019,0.697594267472102,0.712623138405096,0.629781899338309,0.671124271972041,-1.2917043032304,-1.09103364315478,-0.419262460997708,0.0503583949633787,0.504093314065396,-1.18652692391376,-1.41012874155566,-0.510499563411278,-0.468495933950299,-0.321569895721549
n-Octyl α-glucoside,-0.0666394814793805,0.520553378320884,1.07104201919546,0.449484393244882,0.878765865417937,0.365196726795117,0.217702374787106,1.01026623585089,1.09717336553699,0.802343536702495,0.787884532828365,-0.890441701802828,-0.51295944439191,-1.15872302847428,-0.892423130002344,0.637706840072346,-0.52623830508915,-1.70667969930335,-0.554301177023192,-0.855677649866021,-0.67403565132004
nicotianamine,-1.35471089604848,-0.909795347281051,-0.223176589787938,-0.664450287635673,-0.348337308666526,-0.663738093045891,-0.773104401273773,0.164611411531326,-0.190000672888117,-0.245119159125292,-0.391020380906129,0.423990082496989,0.879661913137379,0.681864657502707,0.918264132398608,-0.521267057490943,0.587403656707084,0.551758316531369,0.295558691391066,1.00415812945929,0.77744920299403
noradrenaline,0.782298046468163,0.0875774428412445,0.643317821494624,0.478453003058526,0.719896869983362,0.836873252980838,0.23572264671615,0.558097525500088,1.02288556623974,0.822964192150712,0.858053585701869,-0.325092659295096,-0.0536245209843021,-4.70043339555203,-0.624417885709492,0.347812255144259,0.0643505163782113,-0.501805099843936,-0.430953992688438,-0.311089444645885,-0.510885725938597
oleandolide,-0.174348461709117,-0.855891524519809,-0.970816151871187,-0.858364854451223,-0.421658459615083,-1.27364139785774,-1.36043951768041,-1.34309461944599,-0.905913034778504,-0.650869852059738,-0.41549355367066,1.34478442224963,1.38302179656951,1.19621260079495,1.81232228009445,0.0155983737835327,0.397447882066419,0.988713072794217,0.669596021725517,0.932967755018804,0.489867222562449
oleoylglycine,0.101587237568303,-0.047361301968538,0.199486648205269,0.942636023361849,0.569508852814728,0.0168704453784464,-0.025506804540586,0.412912055047763,0.512002348073219,1.04130594625145,0.166475374334026,-0.959807976754389,-0.410611251674265,-0.663635390912427,0.61852636406128,0.37301040726585,-1.29304026912674,-0.265229938614349,-0.230931857126162,-0.675921397813804,-0.382275513830925
oscr#3,0.987680497919901,1.05687726838522,1.24199385597774,1.11230867498712,1.20954349485773,1.16326967703439,0.975590129365063,1.23410122398962,1.23486970428674,1.10904739035055,1.15583365992473,-1.32276148891513,-1.30820403951446,-1.17495398615619,-1.52719554592601,1.03444950295735,-1.48897425767966,-0.995016637807762,-1.84221226955083,-1.67597723831457,-2.18026961617156
oxazolidinone,-0.593489644196502,0.0810426910284479,1.00519420600907,0.125772130708942,0.245022687509927,1.02522612965568,0.818840144892235,1.12196862954795,0.315541508680026,0.630997914197266,-0.527707293535501,-1.30576869245261,-0.494954092497942,-1.28722770146605,-0.426887370726541,0.293709678295442,-0.280168109351994,-0.220869645943871,-0.31395635822201,0.0120680871067552,-0.224354899238779
oxiracetam,-0.0496729481260916,-0.172402062409483,1.07378190174763,0.154139990872018,1.08951533746051,0.00325848688043454,-0.142806823459109,1.37706539649874,1.13258011790692,0.981715852658492,-0.414355890325812,-0.810027582936123,-0.452749147911665,-1.19747805834464,-0.687631171197825,0.88824997288467,-0.589160281126367,-0.61254575221062,-0.540961099664072,-0.409156580344687,-0.621359658852916
p-Cresol,0.941242820710354,0.966665247814435,0.951017077154087,1.08837219793937,1.06786678706354,0.868892465744758,0.81665155604679,0.940116900320511,1.23045300012188,0.710796503323671,1.05974882724139,-1.17686117767257,-1.05863226507161,-1.47686040431832,-1.17383639788623,0.27782224195629,-1.34763004445248,-1.24379175815687,-1.15201064141462,-1.10870772621649,-1.18131521024781
peiminine,0.465989997171205,0.650643839153807,0.493977060422759,0.914258882653847,1.00745744913541,0.854098519618771,0.168861774215055,0.849072311893851,0.831363742983415,0.700770440147026,0.641208710310747,-1.42230235793238,-0.582742716768251,-0.488315202605423,0.073459319154267,0.827304984687176,-1.46837081359492,-0.722800217004555,-1.40979937835974,-1.52804077372573,-0.856095571556324
persin,0.353213836255259,-0.135818706081545,1.01916227546315,1.18771028402501,1.01488892444643,-0.344708650768693,-2.11715896768243,1.3033464193857,0.89952609923506,1.12136505260957,0.637118529556407,-1.19578372332945,-0.371796380429306,-0.699933304624564,-0.68588054668934,1.11502158132435,-0.759322351705853,-0.660613774791681,-0.37206902241538,-0.538979288804416,-0.769288284978334
phe-asn,0.879389032189353,0.923527607788464,0.901660252649838,0.993859942096038,1.38733461023566,0.00530400313123933,-1.56474824343947,1.09978395653915,0.935245966200208,0.419949291465374,1.03368308561895,-1.10876042922293,-0.757191361473898,-0.72218861772326,-0.621313105976513,0.548682446856174,-1.16257255637108,-1.73129195662979,-0.719498164692548,-0.73377006643079,-0.00708569281016367
porfiromycin,-0.886653182543342,-1.04506631996185,-1.12441408718259,-0.647335261626109,-1.08628024222106,-0.633307176342315,-0.854545664655015,-0.85616588165049,-0.917111664229878,-0.888309689679792,-1.03525166399623,1.61946831793387,1.45735062517729,1.00129522418799,1.53673836097887,-0.865493331759903,1.24177869934638,1.31407410303061,0.931182505572585,1.05210746879947,0.685938860821509
porphobilinogen,-1.28163065181186,-1.28929804894515,-0.317466366509802,-0.172618563053774,-0.325961340143991,-0.365662690824646,-0.500747487309259,-0.0987190406864981,-0.234434384279901,-0.751106135753756,-0.270395517587256,0.889185242442923,1.20994680423713,0.976219163212756,1.28794852000138,-0.354083808099385,0.443619900674736,-0.280520361887283,0.144903367880356,0.295979724934674,0.994841673508644
pro-phe,0.771324887518955,0.427940706656084,1.08468305477678,0.678059910528609,0.542458601135138,0.417969559080244,0.39463461631275,1.27986516993542,0.750089521988964,0.61334628378841,0.737637248649835,-1.21403977601263,0.0715850878585045,-1.39108661622876,-1.2449527536428,0.982648309811699,-1.52030408122699,-0.351928649270432,-0.625673156096747,-1.20379173401366,-1.20046619154935
prohydrojasmon,0.712187076104506,0.574596587274271,1.09457433074383,0.520849125708644,1.08583509479042,0.269789708519495,0.374510242048713,0.841228832240536,0.642319071722412,0.833535144395239,0.868854910673292,-1.92320042165921,-0.930720082988035,-0.834315417637777,0.397920723405049,1.45411102961843,-1.42866432381906,-1.16428862414358,-0.974001543661781,-1.23356764458147,-1.18155381875392
propionylcarnitine,0.0100986646780248,-1.38635783220777,1.50279772973564,0.736564371902753,0.883786302487461,0.497868164754159,-0.0816175203030383,1.58512224237865,1.10019647598697,0.536409225809855,0.51899290476991,-1.14974361616874,-0.938357142324289,-0.742719800107894,-0.636627926895668,0.991283069210438,-1.1340774963194,-1.32779118919993,-0.203597866443638,-0.0987294869117478,-0.663499274831716
psychosine sulfate,0.698311155343627,0.616540414266493,0.967750195231079,0.884156095155365,0.775116105816761,0.84520148958146,0.643438918464013,0.982551995563291,0.862801763292415,0.94411921006438,0.715450719750483,-1.30916088033535,-0.768875798360259,-1.03027896463119,-0.979723547377399,0.784139436943552,-0.964656346660279,-1.04696469568328,-1.10957752403602,-1.28099801618943,-1.22934172619967
pyr-gln-OH,-1.04380333932991,-0.833711065925447,-1.20754309931175,-0.174436029428888,-0.311055288004277,-0.47686295215678,-0.994833479980861,-0.562095814958342,-0.317549123340733,-0.770238626492635,-0.728885853017649,0.233151751511558,1.18171652315011,0.113631753065557,1.36941286255552,-0.669504757646864,1.29625127871065,0.711140440025694,0.701130227601363,1.03559319298022,1.44849139999348
pyroglutamylglycine,-1.47575438796296,-0.371771812289978,0.38584824396232,-0.347374621136747,0.0862513540546678,-0.033477355543094,-0.393371351001588,0.890648227068517,-0.544323040220873,-0.109577214958789,0.0942707790566589,-0.277602453654252,0.292511418460028,0.346677057845566,0.832215773890506,-0.279370378382702,0.079971864189546,-0.156376751519032,0.163891329653388,0.413055558540496,0.403657759948347
quizalofop,0.676363828765457,0.730756456223423,1.00132310660844,1.02016286421762,1.03811967342563,0.879096893700997,0.722857940344717,1.10060552064826,0.998704758653537,0.826832872219819,1.01264069800513,-1.26087674752769,-1.09889574267713,-1.30896744382317,-1.17585825386157,0.981610153552883,-1.20560584602541,-1.35322021321566,-1.18506170696264,-1.15738417171416,-1.24320464055847
revefenacin,0.621205722943015,0.786009497421672,0.909297459542196,1.20948527167152,1.06264199438045,0.735435990501457,0.887899378261608,0.847349426753437,0.342233241015069,1.10399341410972,0.790245303117662,-1.20376230713487,-0.780005563596978,-1.20463828349885,-0.941048008060578,1.06443634115088,-0.931937773612535,-1.04726442966032,-1.33536806289899,-1.4204272168799,-1.49578139552565
samaderin A,-0.447965515149969,0.364575100612899,0.542492599776996,0.644309531592808,0.475568163683871,0.26857542895003,0.576512862043,0.928338514783825,0.355828515492917,1.62607545843825,1.12278945789861,-0.615758974726188,-0.517338079177131,-0.839487220228085,-0.484783317596566,-0.174763173551476,-0.962978646372118,-0.793199219445908,-0.690953167521499,-0.525395411255855,-0.852442908248414
suberoretisteroid A,0.487503960620326,0.887677400980432,0.924971673245995,0.973009720058349,0.650087923915402,0.663839166551647,0.493150819236235,1.06991580765176,0.72277826197346,1.08366384691973,0.985474515326639,-2.01655547448093,-1.21654852880804,-1.05605703535246,-0.772104292338013,0.754213861079787,-1.41224929143851,-1.39435514014235,-0.543519485572909,-0.357141428368364,-0.927756281058175
suberoretisteroid D,0.532643725406381,0.264733676542269,0.400665155617923,0.742766662800293,1.14090444890329,0.707442738779327,0.637288436293238,1.30618599364093,0.749181984440597,1.04645454452131,0.100415572172441,-1.70433259072637,-0.550552584617038,-0.846741911593755,-0.637586231559587,0.571626659483015,-0.879831835412584,-0.798551270912896,-0.965487598573201,-0.998571651946157,-0.818653923259449
suberylglycine,-1.24599091973584,-0.885786825935361,0.263798533405469,-0.119787930114991,0.696951392440541,-0.076213201994471,-0.468579597225293,-1.28342196501157,0.413086505534119,-0.810484421241803,-0.315930256519059,0.640402011355008,0.288506163301147,0.473736150726798,0.768409879463669,-0.40762734677329,-0.476996740419078,-0.032503289922908,1.00348215334713,0.810607014845655,0.764342690474152
sulukast,-1.82846168500814,-1.2375726666292,-0.243376680357674,-0.117880789343066,0.204151820381938,-0.387135123381312,-0.567806486878459,-0.301069331629862,-0.243117628472622,-0.152876160355783,-0.220108342814864,0.836885022288869,0.8298554182405,0.469217109179337,0.395149236274945,-0.00443987921834412,0.779394353795365,0.794330038345598,0.638352525670473,0.621133855015515,-0.264624605103208
taleranol,-1.98556786622808,-0.731321011210214,0.781420932223982,1.19990433915771,0.945832402982628,0.529317792319246,0.465667761974565,0.897191125526415,0.830757610317991,0.759698763298768,0.655392754712138,0.808480068841174,-0.389766863327488,-0.741952704376858,-0.609737012696752,0.413249224077115,-0.669749816886893,-0.583019934993917,-0.76703084975617,-0.866336226106261,-0.942430489849118
tebuconazole,-1.039093884737,-0.899770114254299,-0.480547489089523,-0.641007697352074,-0.573496401813588,-0.154232277230137,-0.926173620584755,-0.432404524641286,-0.554039396587154,-0.747747893302397,-0.606961624706108,0.557578651379002,0.970884781623445,0.871551114907271,1.0554037511202,-0.811735339247791,0.511017119562937,0.884507353840491,0.989256772601303,0.988894082788139,1.03811663572334
tensyuic acid B,0.393808924417364,0.603534473948122,0.811976388367479,0.655891269220712,0.683025381070253,0.708731716777807,0.601679506671799,1.04098375045921,0.91954483350421,0.635793259622429,0.81206813237942,-0.620056446539144,-0.972374264205813,-1.26086072694178,-0.611786961568379,0.489164244823082,-0.42144607846367,-1.30464869230287,-0.436549572058132,-2.17768725586548,-0.550791883316596
tensyuic acid C,0.45774624851473,0.646613264270432,0.974725448241651,0.907366656596209,0.888239986103676,0.859645946871132,0.752859565695747,1.0292609985944,1.02127611723325,0.840328112057125,0.878558774163631,-1.71111736382102,-1.35236752921813,-0.752528748519481,-0.408964729218037,0.714309500927052,-1.47752979787197,-1.66935013218867,-0.465901855611249,-0.737340206355643,-1.39583025646482
tensyuic acid E,-0.372680801841021,0.0832919499045806,0.327706786739404,0.576477581901541,0.634016286824339,0.40169012412057,0.180534265442018,0.565757434014114,0.599276977213767,-0.123149963298738,0.241855692406673,-0.249242341410528,-0.265148389477642,-0.133749332123891,-0.0579195382426382,0.0450475911728814,-0.800267365652966,-1.94622162346959,0.115799789648546,0.10429183188733,0.0726330442412523
tetrahydrocortisol,-0.0381990497031842,0.566005311313748,0.722117252737929,0.865732029350014,1.15603341765554,0.580626640963334,0.815614945968194,1.02020440928261,0.922861918640123,1.06859298470785,0.567103790866813,-1.79617977962413,-0.497659599185142,-0.771896903774587,-0.990340248025424,1.10645758239199,-0.744829266137538,-0.74465955918147,-1.43542465060114,-1.08195440100913,-1.29020682663641
trans-Aconitic acid,-1.22819933860202,0.018946592041218,-0.679760974429598,-0.523349811599735,-0.0304625927621501,-0.695165317054404,-1.80326786179515,-0.560977897399545,-0.537360662067981,-0.883627021659774,-0.561419823559625,0.614296840571918,0.976513409020264,1.05660019607993,1.25362055801815,-0.601695641740926,0.765590655042878,0.437344342316067,1.01338370827325,0.915411941413298,1.05357869989395
trans-Cinnamic acid,0.00772717429702403,0.434449424023109,0.651999200100497,0.746714689688427,0.461953828212482,0.490509358687377,0.587148600258487,0.855980988561454,0.352046032513265,-0.0416706718430305,0.435174118440661,-0.407521533563005,0.00567069666699515,-1.83966227545808,1.18604340439993,0.898429982880896,-1.46873020147463,-0.92605985803159,-0.591249697690855,-0.0409063807455925,-1.79804687992384
trans-Glutaconic acid,-2.22750833715658,-2.22750833715658,1.52711464767844,-2.22750833715658,-2.22750833715658,-2.22750833715658,-2.22750833715658,1.7085770346016,-2.22750833715658,-2.22750833715658,-2.22750833715658,1.86335910176433,1.78315437773916,1.68936732899267,1.81830532110946,1.01874845038311,1.75495697518684,1.64095136222857,1.79750871526723,1.72001956685399,1.72551215260375
trans-geranic acid,0.345696190137617,0.390973984320142,0.593999397616455,0.482961005952163,0.678286167185161,0.380415937769278,-0.203204732078087,0.34649754141921,0.525592656113191,0.545677606421521,0.758689686327109,-0.827570722315302,-0.393051225652128,-0.444236637191966,-0.90086220694159,0.469632160158997,-1.60958588185983,-0.837640825951685,0.0323976335262944,0.00665770109517675,-0.341325436051719
trilobolide,-1.21447155961991,-1.10718349209694,-0.867199883552369,-0.882878352163109,-0.748916246023276,-0.586979834612593,-0.998049868516358,-0.87544637651633,-0.558304730555565,-0.790029177843944,-0.962202887335267,1.51690230586741,1.360191214372,0.71547323506393,0.687174063869144,-1.01044451076335,1.18557783979883,1.86543291606941,1.31518829563474,1.31751174436847,0.638655304555083
trimethadione,-0.263035549226001,0.529993413090502,0.793383855534249,0.736626277982987,0.853322071110135,0.611785155921617,0.30776558483614,0.896374180377654,0.661867141669545,0.491300385069572,0.374064750425063,-0.513000243147303,-0.924003483844825,-1.21608773164857,0.267244532271943,0.767021166282968,-0.698034351772472,-1.60858919566384,-0.166471704234357,0.100428393486198,-2.00195464852122
tyr-thr,-1.84320813971104,-1.60180159808069,-1.25599150619174,0.391940318784872,0.499173160462874,-0.0315769035051325,-1.56176735058129,-0.717593646135105,-0.416586135694369,-0.207385321112936,-0.977235681356502,0.969491953849787,1.12464249233525,1.13996346458688,1.32711190567151,-0.328097715460064,1.08027846507847,0.847615389576867,0.687770968384523,0.300095841063713,0.573160038034127
undec-10-ynoic acid,0.614437053698539,0.719965696178542,0.905156339419227,0.845989306817304,0.872985138557074,0.690677079819759,0.616284640874317,0.946848352497463,0.956743489546306,0.800424879345242,0.80393203227582,-0.297924054986096,-0.614613488184722,-1.94242698111747,0.0441427995745618,0.814654118041625,-1.32278076097048,-4.49295257467146,0.0291595654952929,0.464265993480719,-1.45496862569156
val-phe,0.873490143535599,0.528609352297899,1.04493159770874,0.2257786911818,0.309522421034317,0.242342423038243,0.0183358901339774,1.32067112457693,0.993730147972515,0.262556237564689,0.794210298781047,-1.63140433284676,-0.559991839366201,-0.593822050066558,-0.424689728025435,0.418062856861817,-2.27884920820451,-0.338249063653184,-0.436214783806323,-0.52269698055471,-0.246323198163887
xilobam,-1.16528515404677,-1.27576243463316,-0.920109867904458,-1.05188939609055,-0.944323014125738,-1.1020449972473,-1.41596822476491,-0.678868984613626,-0.956770911010289,-0.863879581950042,-0.980997447187913,0.51546952734018,1.19919773913973,1.8058424717652,1.92109988923594,-0.953527777273171,1.08541335687228,0.71729416151232,1.66156214951829,1.53810177486755,1.86544672059645
zinniol,0.577578076364453,0.427549824675492,0.939406107214757,0.82000334811835,0.679510535631567,-0.0133066424728447,0.121895032433205,0.411489628267479,0.361678750451556,0.0406772749325136,0.676777191497628,-0.346172899640163,0.43731672944959,-0.680776718429586,-0.938574818460789,0.904014111926218,-1.71485871161006,-0.908402607408219,-0.139984439735741,-1.06024122390866,-0.595578549296707
"{(1R,2R)-2-[(2Z)-5-(Hexopyranosyloxy)-2-penten-1-yl]-3-oxocyclopentyl}acetic acid",-1.68369286087285,0.467577449329676,-1.18140290971036,-0.0557473702937218,-0.0478018905198261,-0.977985867813847,-0.656273850011893,-1.11575160461325,-0.732935183090339,-1.46202546977847,-0.192624222542999,0.653070540761968,1.10511793888779,1.28527989427815,1.69383689129647,-0.319962038832795,0.741102797792498,-0.00164369090244081,0.607046190274737,0.517463984814372,1.35735127154713
"{(3R,6R)-6-[(4-{[Benzyl(methyl)amino]methyl}-1H-1,2,3-triazol-1-yl)methyl]-1-azabicyclo[2.2.2]oct-3-yl}(1-pyrrolidinyl)methanone",-0.143415744332418,0.161176004067676,-0.000325897211614247,1.51086305488764,1.2817706174931,0.196405767686985,-0.574610952836601,0.734038315107679,0.862271754752649,1.4607500103847,0.514887132944839,-1.12653986079616,-0.996854545017068,-0.985019323401323,-0.888165602846436,1.20143913074857,-1.22168189476887,-1.06095206485519,0.0812754933509599,-0.0490117354255071,-0.95829965993359
"{2,4-Dihydroxy-3-[(1E)-3-methyl-1-buten-1-yl]phenyl}[6-(2,4-dihydroxyphenyl)-2-(2,6-dihydroxyphenyl)-6-hydroxy-4-methyl-3-cyclohexen-1-yl]methanone",0.602994351915145,1.03901279089302,0.962038701936895,0.401538454830856,0.65085087341302,0.793776981777731,1.04340631588604,1.13421190150483,0.405839270952585,0.784377768521372,0.921278909509086,-1.71352232795656,-0.698584082813421,-1.2953535360856,-0.906358813889731,1.13347131622408,-0.91862916444537,-1.0322312838192,-1.0816862943824,-0.993101411507287,-1.23333072246507
α-Apocholic acid,1.05828383121766,0.926312739143487,1.05464474793086,1.20380949730114,1.25200149188019,0.874232965657244,0.981577567322141,1.14232337749422,1.18761112016854,1.03969760742726,1.09109745445929,-3.36030087269039,-0.504486082427384,-3.36030087269039,-0.441760853935591,1.0961561679459,-0.388040928092045,-0.246900962536372,-0.568425160699953,-3.36030087269039,-0.677231962185485
α-Aspartyl-4-hydroxyproline,-0.657442675720439,-0.147497593922771,-0.0310735340660249,-0.100412611389065,0.412204503894987,-0.854384885132866,-0.551917619507662,0.156836910366398,-0.688351139500972,-0.378110585504535,0.182930345156244,0.112449598740525,-0.710635088807094,0.815806182728238,0.712521549350988,-1.17719579718361,0.0636558613300547,0.0179160538810419,0.839760664510357,0.829018555462559,1.15392130531366
α-Lactose,-1.15480483083554,-0.0813939213854337,-0.802991868955578,-0.172936601166833,0.243582887324442,-0.698257071248787,-0.0479361052207988,-0.429470181541646,-0.480463100411141,-0.407874898635528,-0.15624641336172,-0.44063463563125,0.984778971869821,-0.541982932071706,-0.325887192230513,-0.271476568388081,0.851030502394602,1.2219101737821,0.894714608928459,0.926313293407363,0.890025883377809
α-Ribazole,0.562116458829294,0.341870988420489,0.880277125783459,0.735846376059132,0.613556302204702,0.533026279673038,0.423974302626193,1.07259471983448,0.742988611704049,0.556633201966573,0.688386125121961,-2.90441535462971,0.030916947955044,-1.61858053148469,-0.227906331214912,0.841104939711026,-1.14914327547657,-0.407552410946918,-0.445944601172395,-0.512493860886478,-0.75725601407778
β-D-Ethyl glucuronide,-1.69801811217342,-1.69801811217342,-1.69801811217342,-1.69801811217342,-1.69801811217342,-1.69801811217342,0.777733575662381,-1.69801811217342,-1.69801811217342,-1.69801811217342,-1.69801811217342,1.9182629179604,1.80195269942114,1.99702434702628,1.90015053301176,-1.69801811217342,1.99469943179848,2.02836856942988,2.08804938454748,2.11001805895477,2.06193971609511
γ-Hydroxy-3-pyridinebutanoate,-1.57380950506577,-0.720581496124849,0.579978515475323,-0.256714957544098,-1.04590863152495,-0.305610270379976,-0.806347734926912,-0.37203799099244,-0.340993754887208,-0.268678931927183,-0.831211104848051,0.749574602670453,0.801781436851098,0.520712977043677,0.892081443447166,-0.393339346782426,0.329789020290593,0.791073614482927,0.511125126330018,0.908904196830815,0.830212791581784
γ-glutamyltyramine,1.05621815555841,0.440151635957459,1.44790683329481,0.455353342793663,0.746982164340718,0.29584409301287,-0.0172688529395871,1.69702572055164,1.31482403256925,0.299768515585242,0.96563946506805,-1.67368977805265,-1.18649049440371,-1.38663255750119,-1.23438176097974,0.371824325163798,-1.52306768960024,-0.719407177199453,-0.781699775483066,-0.387922031223267,-0.180978166513013
ε-(γ-Glutamyl)-lysine,0.73445249464707,0.795945324711648,1.38804544114531,0.76857473072736,1.08760226255788,0.652345108486027,0.171664077533403,1.36515228928795,0.992343233608719,0.414477264989372,0.928393262469729,-1.86091509742352,-0.279457566811565,-1.46794284774702,-0.922429690111387,0.670873179683257,-1.52919182664783,-1.29264911729403,-0.945716368323192,-1.07781752376075,-0.593748631728418
,-0.576444626600135,-0.117174527474254,0.751812072586746,0.191362025473576,-0.0961274864043615,-0.0192137425538775,-0.564213850927769,-0.238316763344009,0.0259259468203063,-0.408872760545583,-0.529471252729907,-0.0498193538565057,0.108415029047676,0.611059778553668,0.297335574090539,-0.286336563856915,-0.376242027074978,0.149113768817554,0.377995011399366,0.35311386638286,0.396099882196112
