Label,C03_0w,C04_0w,C05_0w,C06_0w,C07_0w,C08_0w,C09_0w,C10_0w,C11_0w,V05_0w,V06_0w,V07_0w,V08_0w,V09_0w,V10_0w
Group,Control,Control,Control,Control,Control,Control,Control,Control,Control,VNAM,VNAM,VNAM,VNAM,VNAM,VNAM
(+)-Catechin-7-O-glucoside,0.215553413402105,0.402007274950109,-0.0328148087261233,0.495793720076437,0.772803624614449,-0.327704165500858,0.897793763087272,0.735950290687222,0.532215895968017,-0.559391587837627,0.593362750423351,-0.528412501023888,-0.26941153297738,-0.433579295635902,-2.49416684150718
(+)-[6]-Gingerol,1.63339587448317,-2.06794514720449,-2.06794514720449,-2.06794514720449,1.53809083470482,-2.06794514720449,-2.06794514720449,-2.06794514720449,-2.06794514720449,2.02071622895017,1.97627856283699,1.86540473118984,1.82599304016528,1.81300881012905,1.8027279479721
(+)-sesamin dicatechol,0.507778166998064,0.513527462309181,0.603111046858184,0.933800185239943,1.08109988000004,0.675548593856122,0.903627064583105,0.944306005418019,1.04070417658385,-0.0715609711994818,0.632021271912702,-1.81266664562993,-1.72360519834097,-1.99283440671222,-2.2348566318766
(+/-)12(13)-DiHOME,0.115811276033985,0.44817000191691,0.0491875090261769,0.0923864433884946,0.0551939284499759,0.324754526626247,0.981197793757046,0.373242288024219,0.428532227062886,0.046809193739391,0.143414905413201,-0.916385620477858,-0.766234206457518,-0.137544364015055,-1.23853590248809
"(+/-)9,10-dihydroxy-12Z-octadecenoic acid",0.305206550865144,0.585150540981148,0.0641647075413574,0.144742785939406,0.0750891022162232,0.0878895169370313,1.08065384733605,0.418631295006023,0.289171957788214,-0.0281994052890791,0.145078291812801,-1.10858750707941,-0.469306661576586,-0.285037974346273,-1.30464704813205
"(10E)-9-Hydroperoxy-12,13-dihydroxy-10-octadecenoic acid",0.578642215343108,0.557916645829693,-0.202104729660841,0.352706867525096,0.478577044406685,0.11303664053644,0.584490774153161,0.636995471700616,0.162635989898758,0.0970127652035315,-0.00692269758613575,-0.746461361873192,-1.82013218831916,0.0131681613137876,-0.799561598471591
"(10E,15Z)-9,12,13-Trihydroxy-10,15-octadecadienoic acid",0.551422515919,0.511082310650675,0.390536983119303,0.605224370949659,0.500366273451236,0.504048069167343,0.85539442579549,0.602721228273501,0.373651330416997,0.322751318446701,0.473732303192765,-1.00969997735164,-0.792760014637526,0.34369326311708,-4.23216440051058
"(11S,12E,14Z)-11-Hydroxy-12,14-icosadienoic acid",0.6055073295065,0.531949313607906,-0.0463853386666864,0.587734776679405,-0.364772184258792,-0.615359245795333,0.980908630220564,0.38915275406596,0.927366023500005,-0.372155325362266,0.52898931768792,-1.08057778272156,-0.549244999507669,-0.630265646907315,-0.892847622048633
"(11α)-3,26-Dioxo-22,26-epoxycholest-4-en-11-yl acetate",0.772042858153346,0.604831745561595,0.795704666509048,0.810573299566056,0.85332476153373,0.748229326208693,0.783198685067717,0.741500876572193,0.769947258251381,0.728780591807081,0.679344377939146,-3.38590456623556,-0.711137765635017,-0.804531549063831,-3.38590456623556
"(12E)-9,10-Dihydroxy-12-octadecenoic acid",0.58958044042828,0.350454925929029,0.586576555364817,0.255632061875624,0.568656820714488,0.436605426491189,0.662914275492696,0.65542210568548,0.629163197705762,0.45426854870879,0.584880139631252,-1.10098886673136,-0.665296724154268,0.217357869647252,-4.22522677678902
"(15Z)-9,12,13-Trihydroxy-15-octadecenoic acid",0.623639098961681,0.640797220989763,0.49476404289218,0.261097795683424,0.237183359678196,0.310151335984657,0.91583475835857,0.619593051993443,0.253226694457585,0.425062591637948,0.165294567517023,-1.61408801959947,-1.15737323212294,-0.210136446117385,-1.96504682031465
"(1R,3S,4S,5R,7R)-4-(3-hydroxybutyl)-5-methyl-10-methylidene-8-oxatricyclo[5.3.0.0Âl,âµ]decan-9-one",0.897992947745058,0.494017269909878,0.743959086112788,0.432974438263246,0.842202713977941,0.536762429835826,0.632033120109333,0.571684001033245,0.638603333183831,0.632142440924298,0.38942484804097,-0.892744576361454,-0.641297044116484,-0.876927123855925,-4.40082788480256
"(1R,3S,5Z)-5-[(2E)-2-{(1R,3aS,7aR)-1-[(2R,3S)-3,7-Dihydroxy-7-methyl-4-octyn-2-yl]-7a-methyloctahydro-4H-inden-4-ylidene}ethylidene]-4-methylene-1,3-cyclohexanediol",0.868833123211452,0.534237933702524,0.700468883004622,0.773276339975394,0.681622838258262,0.574406755585584,0.902871844467766,0.784179454874792,0.770698272535015,-2.0940673595231,0.108251168321885,-0.714981988604449,-0.671942737218575,-1.89992179655671,-1.31793273203445
"(1R,4R,5R,7R,9R,10S,13S,15S)-15-Hydroxy-9-methyl-14-methylene-7-{[2-O-(3-methylpentanoyl)-β-D-glucopyranosyl]oxy}tetracyclo[11.2.1.0~1,10~.0~4,9~]hexadecane-5-carboxylic acid",-0.73788500901531,-1.34532776002922,-0.118513185523615,-1.14657360014051,-1.41408314835416,0.490006421027694,-0.270222752860086,-1.16771799386702,0.411006581014814,0.648754982954705,-0.955619628092688,1.37785477357786,1.17863770313729,1.79966541487596,1.25001720129428
"(1S,2R,5R,6R,10R,13S,15S)-5-[(2R,3E,5R)-5,6-Dimethyl-3-hepten-2-yl]-6,10-dimethyl-16,17-dioxapentacyclo[13.2.2.0~1,9~.0~2,6~.0~10,15~]nonadeca-8,18-dien-13-ol",0.385982698179765,0.163298892104256,0.330669181236795,1.06036178914993,0.813593685352044,-0.584977846824642,1.26908070722879,0.99307489066273,0.840816894079886,-0.896011149407009,0.726987457026335,-1.83680937328744,-0.69114098472599,-1.36701107273877,-1.2079157680367
"(1S,2R,5R,6R,7S,8R,10S,12R,13S)-8,12-Dihydroxy-6,12-bis(hydroxymethyl)-2,6-dimethyltetracyclo[11.2.1.0~1,10~.0~2,7~]hexadec-5-yl 3-methylbutanoate",0.98996841530618,0.291859075896844,0.829449273246677,0.529838633299676,0.590072587269814,0.612667588090778,0.510923793597154,0.470235962422459,0.600773814022585,0.212402607199923,0.598641344397155,-1.06434167524785,-1.01960128670379,-2.44353992212939,-1.70935021066819
"(1S,2R,5S)-2-Isopropyl-5-methylcyclohexyl 3-oxobutanoate",0.429210584899608,0.785233214994329,0.617543437993493,0.81055165730972,0.858126595113251,0.516480141541573,0.820886042193856,0.835698297965355,0.829354092532224,0.294125108366008,0.713858066206435,-0.313520219050639,-3.55023928919568,-0.0970684416738383,-3.55023928919568
"(2E)-2-[(2E)-2-{(1R,3aS,7aR)-1-[(2R)-6-Hydroxy-6-methyl-2-heptanyl]-7a-methyloctahydro-4H-inden-4-ylidene}ethylidene]-3-methylene-1,4-butanediol",0.590097889552956,0.91512971472557,0.669116067174228,0.882764780141637,0.614236622212476,0.382615874747176,1.06265991711523,0.96857867061002,0.0788936522753556,-0.528055134133685,0.730145516690292,-3.82424694849571,-0.636377564984319,-0.381286885320381,-1.52427217231084
"(2E)-3-Phenyl-1-{2,4,6-trihydroxy-3,5-bis[(1R,6R)-6-isopropyl-3-methyl-2-cyclohexen-1-yl]phenyl}-2-propen-1-one",-0.343297038590545,-0.808879095614587,-0.994222083343792,-1.00502600960517,-0.88021866413701,0.335706456002576,-0.516125973672954,-0.791026596022973,0.0447775682697848,1.06276183124386,-0.978934912770908,1.3115247240061,1.35459218221972,1.39764042599941,0.810727186016478
(2E)-3-[4-Methoxy-3-(sulfooxy)phenyl]acrylic acid,-1.05664505586733,-0.973478730499106,-0.0541306810845768,-1.00533875449574,-1.03509300081425,0.689503836386344,-1.25807043851246,-1.26347386477474,-0.76386819754375,0.735686764105242,-1.0494778317856,1.86581501674898,1.87388183337176,1.87299259410426,1.421696510661
(2E)-Nonenal,0.467494392020239,0.639527199884013,0.265805146154827,0.584904737651229,0.68303555845569,-0.182388795285626,0.906456798739072,0.86412219998456,0.561888606936336,-0.0767208499228737,0.3180347449514,-1.10258815885265,-0.706163312582671,-1.32269130367393,-1.90071696445961
"(2E,4E)-7-Hydroxy-2,4,7-trimethyl-2,4-octadienoic acid",0.130801299819884,0.450020169372222,-0.0387414473095379,0.581429142075302,0.69277164189414,-0.245716027121765,0.758134375402618,0.723791772151368,0.558299194780404,-0.40977731270182,0.479839887149442,-1.0561818773816,-0.722828694731296,-0.49548854930316,-1.40635357409619
"(2E,6E)-farnesyl monophosphate",0.289847815192487,0.715824529196399,0.57514093697672,0.510111898560412,0.637247835151682,-0.38379005646089,1.10885012469685,1.02314241968205,0.836941388998218,-1.23230826278262,0.548633874105797,-0.925413603653184,-0.645996447892897,-1.16263698835201,-1.89559546341902
(2R)-2-[(5-Oxopentanoyl)oxy]-3-(phosphonooxy)propyl palmitate,-0.0394262237081625,0.1296844125295,-0.106880642602689,0.485566802966309,0.410961479977708,0.254287888384698,0.664773443342512,0.782996021178482,0.584088347382872,0.147885788541494,0.235794607996962,-1.20970052881375,-0.698672301333692,-0.433626301672358,-1.20773279416986
(2R)-3-(Hexadecyloxy)-2-hydroxypropyl methyl hydrogen phosphate,-0.356971561609662,0.694214777931113,0.0936810184218037,0.801490911399283,0.754923054546998,-0.113020740113823,0.693029168176262,0.817860914417151,0.939533615787688,-0.1440463057777,0.0231982810364111,-1.01960847149326,-0.295728784037546,-0.752587002551672,-2.13596887613304
"(2R)-3-({[(2S)-2,3-Dihydroxypropoxy](hydroxy)phosphoryl}oxy)-2-hydroxypropyl (5Z,8Z,11Z,14Z)-5,8,11,14-icosatetraenoate",0.380666567062248,0.439961112725181,0.296727321135582,0.270364936523394,0.502371130023572,0.260627653164017,0.909346518690409,0.928075876890844,0.584395015403055,0.460512539740164,0.103715412787459,-2.39921939138514,-1.49598538916508,-0.229804333540404,-1.0117549700553
"(2R)-3-({[(2S)-2,3-Dihydroxypropoxy](hydroxy)phosphoryl}oxy)-2-hydroxypropyl (6Z,9Z,12Z)-6,9,12-octadecatrienoate",0.767235225591904,0.547890380804731,0.725877224098121,0.663875521867728,0.593282648206473,0.813274504802205,0.677119245742602,0.399074492306799,0.543959271979212,0.417278637176488,0.598134625418314,-1.44271818747896,-1.24425371809598,-1.38447745495252,-2.67555241746708
"(2R)-3-({[(2S)-2,3-Dihydroxypropoxy](hydroxy)phosphoryl}oxy)-2-hydroxypropyl (9Z)-9-pentadecenoate",0.819280098522907,1.00442883793181,0.727616296405592,0.907258681562618,0.845952499070471,0.801132957130302,1.37526906562447,1.47254400491273,1.01728131381989,-2.67468143585226,0.969046763721139,-2.67468143585226,-2.67468143585226,-2.67468143585226,0.758915224707083
"(2R)-3-({[(2S)-2,3-Dihydroxypropoxy](hydroxy)phosphoryl}oxy)-2-hydroxypropyl (9Z,12Z,15Z)-9,12,15-octadecatrienoate",0.308291423441977,0.588045480705999,0.282553537465186,0.525772807085345,0.56732720273011,0.597587854686357,0.836120272429679,0.843993787931104,0.744002075445925,0.465488297022251,0.554192094542994,-1.26831960875739,-0.988285898918711,0.0274735594945729,-4.08424288530539
"(2R)-3-({[(2S)-2,3-Dihydroxypropoxy](hydroxy)phosphoryl}oxy)-2-hydroxypropyl laurate",0.807752259647703,1.00164023279356,1.07616433716045,1.0730661388258,1.1438249796363,0.716833150780452,1.51695549058718,1.60022863164352,1.16257828948048,-2.28592960214842,1.33060450018662,-2.28592960214842,-2.28592960214842,-2.28592960214842,-2.28592960214842
"(2R)-3-({[(2S)-2,3-Dihydroxypropoxy](hydroxy)phosphoryl}oxy)-2-hydroxypropyl palmitate",-0.229090454682556,-0.088143904394806,-0.120988773910519,0.311254742638819,0.504581839901109,0.352660311363346,0.458850526631007,0.899591028854945,0.687958176415135,0.0341865022593656,0.111892368314859,-1.05457180734444,-0.472613455280343,-0.173097869789884,-1.22246923097605
"(2R,5R)-5-Hydroxy-2-hexanyl 3,6-dideoxy-α-L-arabino-hexopyranoside",0.343178898243028,0.491318574705441,-0.283822596213756,0.648896433161948,0.652366984776118,0.0527547479621926,0.707112257971336,0.813916841695565,0.647269579302232,-0.114187752112873,0.552352298771019,-1.12357533021134,-1.92518263314668,-0.100487804558104,-1.36191050034612
"(2S)-2,3-Dihydroxypropyl (2R)-3-(hexadecyloxy)-2-hydroxypropyl hydrogen phosphate",-0.149055315806328,0.376744640576484,0.333741003650301,0.71462267623586,1.00791620703871,0.536827353883697,0.769566689606636,1.29176566252866,0.649856776120751,0.281371548767303,0.432189928065234,-0.813439298788836,-0.746337144594601,-0.659311771157595,-4.02645895612629
"(2S)-3-Hydroxy-1,2-propanediyl dibutanoate",0.521885914327584,0.580293548587281,0.368984986888571,0.762516858345524,0.710182293504061,0.288855875151403,0.719552191600103,0.850820427490844,0.775488148563337,0.198215451413504,0.550092854911657,-1.68931365299786,-1.62003063569197,-1.07386770221661,-1.9436765598774
"(2S,3R,4R,5S,6E,14R)-2-Amino-3,4,5,14-tetrahydroxy-6-icosenoic acid",0.402039314822741,0.630484938129913,0.304023426701958,0.627708356866558,0.544154022033005,-0.0415348789016967,0.741469695118973,0.448906640689694,0.467301505228235,-0.154071685394964,0.578684553445887,-1.25043597540816,-0.950691753845589,-0.610688809021074,-1.73734935046545
"(2Z,4E)-2,4-Octadien-1-ol",0.4912748604645,0.496413929476721,0.314173118397953,0.694222064208252,0.548536453221854,0.365001626485676,0.76912406752852,0.748641181972401,0.639401672620576,0.305730218206012,0.461517316611695,-4.51076151329537,-0.486067941455577,-0.117871611314603,-0.719335443128617
"(2α,3β,5ξ,6β,9ξ)-2,3,6,23-Tetrahydroxyurs-12-en-28-oic acid",0.900555617151025,0.838326435977039,0.311009571274017,1.06096147025567,0.690581222971775,-0.119227189390985,0.732096765659532,0.464244539176197,0.641132971924927,-1.01472610096405,0.694341701060013,-0.384677639171012,-0.206330664559326,-0.582023343604145,-4.02626535776067
"(2β,3β,5β,22R)-2,14,22-Trihydroxy-6-oxocholest-7-en-3-yl β-D-glucopyranoside",-0.24162069160103,-0.389683731389676,-0.0929608683316955,-0.597364952452094,-0.432693345017975,-0.227833544440698,-0.256348694138536,-0.494669328770983,-0.676286446468975,0.146535025919829,-0.54027769660579,0.945736914256368,0.258902913809002,1.61325561870477,0.985308826527493
(3E)-4-(pyridin-3-yl)but-3-enoic acid,0.276713890112392,0.677276965866122,0.285948872011622,0.517713567265547,0.663884609968399,0.200212143280555,0.298591547283438,0.328386818450422,0.737370851276146,-0.0414432472112288,0.420806090264571,-1.14826575884234,-1.15524698089231,-0.621524613831127,-1.4404247550022
"(3R,4R)-4-(3,4-Dihydroxybenzyl)-3-(3-hydroxybenzyl)dihydro-2(3H)-furanone",-0.558106648670028,0.751315354771956,0.35450489243936,0.908170406337746,0.806513002064816,0.534040141514497,1.02873504098933,1.00399236255296,0.953415833927151,0.0140123399341249,0.770237090144328,-1.49663208069841,-1.31467041263838,-1.67954535132823,-2.07598197134122
(3S)-3-{(Z)-[(3S)-3-{(Z)-[(3R)-3-Amino-1-hydroxy-4-methylpentylidene]amino}-1-hydroxybutylidene]amino}-5-methylhexanoic acid,-0.982177628436501,1.21336462151493,-0.322278543727789,0.824998070298957,0.733102825533816,-0.967702212446098,1.55011333881225,1.4852408031859,1.0591293072765,-0.245497262737261,0.750533779307686,-1.19904870691948,-1.09692616787537,-1.29532347852587,-1.50752874526167
"(3S,5S,6S,8R,9S,10R,13R,14S,15R,17R)-17-[(2R,3E)-7-Hydroxy-5-methyl-3-hepten-2-yl]-10,13-dimethylhexadecahydro-1H-cyclopenta[a]phenanthrene-3,4,6,15-tetrol",0.666207171632185,0.789249997197291,0.668733186945704,0.887085538946888,0.774976337214975,0.432226617624743,1.04221845008374,0.890009283381928,0.759922551118432,-0.57723623887652,0.754079968529626,-3.20471988471034,-0.0859919366922713,-0.59204115768605,-3.20471988471034
"(3S,7R,11R)-3,7,11,15-Tetramethyl-2-oxohexadecanoic acid",0.761727603701467,1.0379270097777,0.673614693955268,1.01893644749802,0.818353741260298,0.671202287590678,1.32126495619391,1.12096985135499,1.03793569031149,-0.291957159969968,0.955484161104132,-2.76832115660783,-0.820495812954505,-2.76832115660783,-2.76832115660783
(3Z)-3-Dodecenedioic acid,0.644793682058519,0.51769685135452,0.601744089963941,0.530075012844507,0.484511104882827,0.388796647544835,0.530379994336891,0.604576607724765,0.537921151442339,0.547221350941232,0.345678285803247,-4.69355459522124,-0.512097673198804,-0.265306868589065,-0.262435641888516
"(3aR,4R,5R,6aS)-5-Hydroxy-4-[(1E,3S)-3-hydroxyoct-1-en-1-yl]hexahydro-2H-cyclopenta[b]furan-2-one",0.89870883350147,0.877890259194552,0.613842683098206,0.865805359317685,0.939399262785426,0.455186353943873,0.908255134449076,1.03228720355398,0.628944104010518,0.161800969946448,0.38734365554145,-0.497481502874337,-0.545942309340816,-3.36302000356377,-3.36302000356377
"(3α,4α,5β,11β,12β)-4,11,12-Trihydroxycholestane-3,21-diyl bis(hydrogen sulfate)",0.411068909754434,0.31706205134118,0.10526819448294,0.454402667745036,0.501618613388047,0.195347507787898,0.25916478954857,0.574816785882303,0.442092401492879,0.0581447715770351,0.338161274538852,-1.06597661223167,-0.994845716922008,-0.398790300095738,-1.19753533828975
"(3α,5α,7β,12α)-3,7,12-Trihydroxy-6-oxocholan-24-oic acid",0.569515105317303,0.379688020446567,0.557281405322333,0.49980220767587,0.640293136119463,0.954268408154654,0.723180962041133,0.446497599424835,0.468569942748326,-0.0931224853408899,0.270272352207708,-1.14183153295177,-0.96246542762225,-1.31973309517308,-1.9922165983702
"(3α,5β,7α)-3,7-Dihydroxy-11-oxocholan-24-oic acid",0.779390036552645,0.368433595342607,0.66331291808427,0.616283854933427,0.674295468566997,0.952286397416166,0.179526686700249,0.583093042334736,0.645011828391804,-0.0616043401768537,0.434138831262556,-0.821406149601774,-0.617162359899334,-1.19072575587633,-3.20487405403115
"(3β,22E)-20,25-Dihydroxy-24-oxocholesta-5,22-dien-3-yl acetate",0.565072166506644,0.003680575026062,0.439529645174352,0.820538135813946,0.933730319714168,0.214796046995277,0.81835235498974,0.717476686406633,1.019820830626,0.314427525978305,0.717593026204161,-1.52429764495457,-0.649594247383475,-0.682337614327972,-3.70878780676926
"(3β,5α,6α,23S,25R)-3-(β-D-Glucopyranosyloxy)-23-hydroxyspirostan-6-yl β-D-glucopyranoside",-0.329627748323838,-1.8996239723194,-0.383829585748539,-0.377524653443755,-0.772726581875917,-0.440220476560186,-0.131758140423696,-0.707961590043296,-0.185187060014496,-0.368185247693573,-0.154121355533837,1.74326796012492,1.49717681770907,1.82141848171034,0.688903152436207
"(3β,5α,6α,7α,14β,22E)-3,7,14-Trihydroxy-5,6-epoxyergosta-8,22-dien-15-one",0.495814851626995,0.484688729772875,0.352004348329478,0.684979293235862,0.612979775661184,0.433502005306866,0.673040265233434,0.659945668684446,0.841549053050324,0.414078914746202,0.56467435132105,-1.32429759741665,-1.11481058893726,-1.56426290682312,-2.21388616379166
"(3β,5ξ,9ξ)-3-{[2-O-(β-D-Glucopyranosyl)-β-D-glucopyranosyl]oxy}-23-hydroxyolean-12-en-28-oic acid",-0.717579545610703,-1.91691798923044,-0.0962334056109054,-0.716950285398188,-0.750438082799548,0.596713885112566,-0.554814200776449,-0.447981563648795,0.60964670566743,0.53890156642638,-0.449545756340053,0.966679117752403,1.12130689415865,1.0752594429587,0.741953217338964
"(4Z)-4-Methyl-6-(3-methyl-1,4-dioxo-1,4-dihydro-2-naphthalenyl)-4-hexenoic acid",0.511899421420845,0.759867189507593,0.591150234715949,0.839347635975032,0.777658635011453,0.766756344531533,0.877359591447111,0.892450296302869,0.960990872320055,0.5314682571883,0.750580313392487,-1.85971376379496,-1.7049664998782,-2.19063902014398,-2.5042095079961
"(5E)-2,10-Diamino-5-{[(5-amino-5-carboxypentyl)amino]methyl}-5-undecenedioic acid (non-preferred name)",-0.142108948936735,1.35030735304111,-0.870158681498431,1.09509215807893,0.619776038865494,-0.269681472464603,1.79210600163689,1.69816467987167,0.645572672653302,-0.869589700978491,-0.190136604744563,-1.19104187594149,-0.998157305013429,-1.20810197295093,-1.46204234161875
"(5R)-5-[(3R,5S,7S,8R,9S,10S,13R,14S,17R)-3,7-Dihydroxy-10,13-dimethylhexadecahydro-1H-cyclopenta[a]phenanthren-17-yl]hexanoic acid",0.615720932914308,0.650226132206303,0.476418597382979,0.492664986265005,0.542301573514216,-0.00959610479318862,0.877187061810234,0.733946348322885,0.510962173759203,-0.139217807102514,0.362460930771062,-1.12119332096773,-1.13609319462107,-0.686235661543181,-2.1695526479185
"(5R,6Z,8E,10E,14Z)-5-Hydroxy-12-oxo-6,8,10,14-icosatetraenedioic acid",0.210319124564025,0.486277886358087,0.0897600073794272,0.393408757675366,0.629317309481046,-0.0424573961153982,0.61526048657036,0.486240305867166,0.484722791397195,-0.374028370059595,0.480636431202805,-0.535464877429566,-0.644272698670318,-0.443329591956867,-1.8363901662637
"(5R,8R,9R,10R,12R,13R,14R,17S)-12-Hydroxy-17-[(2S,4E)-2-hydroxy-6-oxo-4-hepten-2-yl]-4,4,8,10,14-pentamethylhexadecahydro-3H-cyclopenta[a]phenanthren-3-one (non-preferred name)",1.16243997449219,-0.586271714701024,1.2049501918005,1.00201803846141,1.12913794235097,0.844891484742459,-0.114793096872664,0.637982328145144,0.124786031903187,0.024709511831117,0.683724184861312,-1.3631916620664,-1.13989086608895,-1.70630978402221,-1.90418256483702
"(6R,8Z)-6-Hydroxy-3-oxo-8-tetradecenoic acid",0.684209365686948,0.967500262467928,0.537170149390574,0.464736482697373,0.367333398542643,0.374045252950538,0.841896383519893,0.722930056723226,0.260824933812684,0.401377218211833,0.0656823950612769,-0.980116059492609,-1.83410420239581,-1.47889640565936,-1.39458923151711
(S)-2-hydrazino-3-(4-hydroxy-3-methoxyphenyl)-2-methylpropionic acid,-0.213073776425912,0.729126282744451,0.0369982519095604,1.04180225967469,0.708101438951634,0.610397081203736,0.576853770012946,0.831954555425269,0.488839503915748,-0.416210909139043,0.714226624335824,-0.940002078676377,-1.90911906400262,-0.883640020641937,-1.37625391928797
(±)-Camphoric acid,0.40995613328822,0.620794980866745,0.224608888082144,0.618323303368112,0.67852395018375,0.161882889078855,0.748050126621754,0.816665229011321,0.625508085642898,0.15122369515578,0.45679641790021,-1.1645310817272,-1.24720634875783,-1.09916093130779,-2.00143533740695
(±)13-HODE,0.649010515785159,0.323117092595846,0.544118477776183,0.512651313987321,0.529952120670976,0.66500219056328,0.396955038280059,0.573694636098372,0.802182547061338,0.416463719864067,0.324898378688224,-0.736011276386631,-0.446869432061483,-0.105246403836494,-4.44991891908622
(−)-Chorismic acid,0.354424702107961,0.563404733647639,0.243552040641897,0.720092866564555,0.711688320414183,0.111974106624203,0.777768661748608,0.898047819792317,0.708843826338939,-0.151931654262496,0.64106925542648,-1.30846792928092,-1.50220021639163,-0.348134908948111,-2.4201316244236
(−)-Prostaglandin E1,-0.0456069041841468,0.298003607463663,-0.0406833102949061,0.528745151417252,0.701520636127392,0.0246759133975111,0.676290353498471,0.607710343634341,0.399214608093637,-0.519042951351951,0.525258503037531,-0.254910731679868,-0.0526252539232122,-0.882470066463463,-1.96607989877223
(−)-trans-Methyl dihydrojasmonate,-0.725477333223085,0.906712602384598,0.333633139764355,1.11842219274624,0.676203557198393,0.0593192591691649,0.513039117545425,0.684363094332249,1.11454899938931,-0.71620104061006,0.607782079942451,-0.789108652673922,-0.516454270515199,-1.07386745394558,-2.19291529150435
"1,2,3,4-tetrahydroisoquinoline-4,6,7-triol",0.289416861804037,0.3362483397128,-4.42489200904297,0.230394147816654,0.150131011474473,0.0804409236013299,0.0808244949282797,0.213135648322984,0.14422908944653,0.355889723670767,0.151348464917855,0.770201322620158,0.452745103236288,0.696115143651774,0.473771733839038
"1,2-Dihydro-2,4-quinolinediol",0.687202081910712,0.829776111285833,0.506322056372023,0.789994179114599,0.951552199606165,0.304137883529507,0.801179014473319,0.837864514285235,0.72967308193967,0.31296240734396,0.688481147397092,-1.74174670709706,-0.999552098173194,-3.38067703300381,-1.31716883898405
"1,2-dihexanoyl-sn-glycero-3-phosphate",-1.25188671110666,-0.772446199163802,-1.574099715665,-0.0505156047280837,-0.10900935288223,0.15728021077425,-0.723838805391245,-0.725401085575026,-0.149959717902538,0.722767911609154,-0.974064625385877,1.43854686124938,1.51821857605278,1.49845116386397,0.995957094250899
"1,5-Dimethyl-5-(7-oxabicyclo[4.1.0]hept-1-yl)-2,4,6(1H,3H,5H)-pyrimidinetrione",0.59221557345803,1.19595463520684,-1.07810608861136,1.15447655724123,0.933247483662097,0.632866421132733,1.44395812904128,1.39679516706148,1.06170568874027,-0.482307058347712,0.891671733636414,-0.954736174449823,-3.15940822463921,-3.15940822463921,-0.468925618493085
"1-(2,5-Dihydroxy-3,4,6-trimethoxyphenyl)-3-phenyl-1-propanone",0.436002688809354,0.724253096297564,0.320907286445367,0.941523263031224,0.277933117746452,0.615199800046335,0.913852507969865,0.989766262932215,0.240209960147672,0.0365576825055421,0.843445601925849,-1.59339981039063,-1.47488537136224,-1.54387513358617,-1.72749095251838
"1-(2-Ethoxyethyl)-2-(4-methyl-1,4-diazepan-1-yl)-1H-benzimidazol-5-ol",0.212584875150895,0.301615936756079,-0.158024044641491,0.483104073871524,0.569328123607326,-0.266962400409519,0.586437664550292,0.68936388121369,0.503303143126698,-0.647639932717762,0.357188773412587,-0.81187835147102,-0.455763644854779,0.0972871190510057,-1.45994521664549
"1-(3,5-Dihydroxyphenyl)-2-heptadecanone",0.289268345274207,0.7663939774415,0.377973198461578,0.474299706890242,0.499450785433538,-0.0387770620364928,1.02872809812459,0.734540557268792,0.412343333410127,-0.18750029358325,0.348450098603373,-0.843062373557249,-0.880572433999386,-0.449680896990721,-2.53185504074084
"1-(4-Hydroxy-3-methoxyphenyl)-3,5-decanediyl diacetate",-0.934227704373937,-0.447328526867069,-1.32707960509037,-0.374293444979752,-0.580149422129676,-0.90390857613859,-0.338252807812856,-0.453875320639078,-0.0524413804758351,0.387448348392142,-0.503114221690973,1.55460400225606,1.2669787770911,1.65141504994105,1.05422483251777
1-(9Z-octadecenoyl)-sn-glycero-3-phospho-(1′-sn-glycerol),0.374397862322406,0.726924320375533,0.743251873790419,0.906542069856299,0.982472857696064,0.757705853707762,0.670125529963145,0.968576168215444,0.803019061888414,0.77149162097487,0.605909812650348,-0.166085259775929,-4.00651161950389,-4.00651161950389,-0.131308532656991
1-(malonylamino)cyclopropane-1-carboxylic acid,0.253321810443664,0.228761776963725,0.0117585800153297,0.537256249945164,0.629365791740903,-0.148817072962128,0.748910332701181,0.802608269029744,0.617788398449292,-0.244256776491458,0.47229123423473,-0.659230279944174,-1.12239403635249,-0.232915892727105,-1.89444838504634
"1-Deoxy-1-{[(7R)-4,7-dihydroxy-4-oxido-10-oxo-3,5,9-trioxa-4λ~5~-phosphapentacos-1-yl]amino}-β-D-fructopyranose",-0.0806154640119259,0.849838093435712,0.109468105662539,0.715650218083377,0.619294797170719,0.0934555447946044,1.02819563951803,1.2830387377758,0.566499029852892,-0.185130556369723,0.761535628369829,-0.999788738356263,-0.706568391016136,-0.0368613812701898,-4.01801126363928
1-Myristoyl-2-hydroxy-sn-glycero-3-PE,0.205228488199946,-0.528248503835908,0.0877030690129723,0.581375731797705,0.536947743607275,0.390721253585856,-0.185347277235734,0.612884922064551,0.902019779234135,-0.646191414093212,0.0116044660684218,-0.429471513578188,-0.135045482523974,0.0213570312064927,-1.42553829351034
1-O-(4-Hydroxybenzoyl)-β-D-glucopyranose,-1.31409457013953,-0.708999860895833,-1.05417711731512,0.329937829110465,0.215738091623065,-0.0473153698044712,-0.337519801751198,-1.84034870338306,-0.175152981238644,0.4750759175208,-0.897787735510221,1.50796190771039,1.03774265009557,1.74792306815383,1.06101667582396
"1-O-[(3Z,8R)-8-Hydroxy-8-methyl-3,9-decadienoyl]-β-D-glucopyranose",-1.09515682005559,-0.535916572865203,-1.11776515622089,-0.677325243222096,-0.266220656918478,-0.155706671344723,-0.267311793743415,-0.55800753619848,-0.599090099690396,0.541417290756352,-0.774101237986255,1.46279535791002,1.62194903533901,1.58965494097056,0.830785163269584
"1-Oxo-1,2,4-butanetricarboxylic acid",-0.822316100158967,-0.635564941999834,-0.718270301173627,-0.374308463638444,-0.754416503473167,-0.722762200179359,-0.437630421555938,-0.630489048580492,-0.822326574517802,-0.682359663707043,0.112940508858149,1.66128836641773,1.72108162962101,1.85994634519759,1.24518736889018
1-U,-0.680654907310904,-0.665469678750036,-0.66570044634985,-0.575399799775933,-0.963802114527405,0.628633798697184,-0.494928506507238,-0.712392295320409,-0.94989006275576,0.809461017508684,-0.90397790772859,1.46857769923164,1.45097864653543,1.52370796010001,0.730856596953163
1-decanoyl-sn-glycero-3-phosphocholine,0.949008712642953,0.0783631106376362,0.616867311065473,0.912365288423156,0.89049105964369,0.723182274952909,0.747656329787654,0.963730889742116,0.928795923404512,-3.2761590130894,0.841853790322362,-0.292863906244989,-0.153503791722535,-0.653628966476141,-3.2761590130894
1-palmitylglycerone 3-phosphate,0.360549037017781,0.747596887202356,0.309145834242174,0.636859152105959,0.365245151732928,0.303510362055474,0.969863759581963,0.855195187431108,0.773383642612509,0.431047200988999,-0.111644460586404,-1.09365164135539,-0.834424922549458,-1.38148550994182,-2.33118968053817
1-tetradecanoyl-sn-glycero-3-phospho-(1′-sn-glycerol),0.532851310177454,0.695990164269477,0.546858416328875,0.674995940457303,0.607208223575502,0.77151656572232,0.90114567490716,0.99589713533152,0.888763333670926,0.500377841303911,0.473975324942458,-3.7849188477873,-0.440630641578256,0.42088840646596,-3.7849188477873
"10,16-Dihydroxyhexadecanoic acid",0.823555383134268,0.566521192909815,0.584952540847397,0.32888076466538,0.310222871030131,0.274576075784547,0.643515140298917,0.50733262026162,0.348594220725415,0.282142660512079,0.344063401313395,-1.29220056531631,-1.32094829680586,-0.655607980650545,-1.74560002871023
10-GINGEROL,1.06813934184452,1.17510036474539,0.597177759349143,-0.0190942733955664,-0.00794080376627142,-0.609089779502698,0.512175123333726,0.586519146295881,1.15330846660525,-1.1310174692429,0.15408123699527,-0.531908853559987,-0.225419361290542,-0.775707436362907,-1.94632346204831
10-Oxohexadecanoic acid,0.462162298789755,0.862811126363214,-0.387846727423337,0.80882136557575,1.05302814577267,0.304977583045893,1.27406460942209,1.41181674910308,1.651914355758,-2.74704509095185,0.618266419881714,-2.74704509095185,-0.238201835167747,0.41932118173445,-2.74704509095185
10-Oxoundecanoic acid,0.345790564317837,0.586879280783755,0.225680541733797,0.649261743447225,0.757912303035609,0.149508707103472,0.897208345970387,0.848747259135255,0.832867092907426,-0.386532388498588,0.634756780420025,-1.24133768108849,-0.876965722448886,-1.44406145734379,-1.97971536947502
11-dehydro Thromboxane B2,0.61354345287285,0.764316784832162,0.562437171440763,0.786169409061058,0.753502917613878,0.391488072462096,0.879250505213393,0.844171691360329,0.731550285286228,0.391827259327254,0.601611445191386,-0.950676396386565,-0.85098848289825,-1.33995412744972,-4.17824998792685
12-HSA,0.217989572723593,0.632610075792661,0.533839497538915,0.77990896353479,0.696475643662585,0.354583965523597,0.949563030995472,0.808364930329992,0.352330729076182,-0.199482719731171,0.785677807192475,-1.56997239462803,-0.64227555325806,-2.16587225480493,-1.53374129394805
12-hydroxyjasmonic acid,0.530219508136079,0.790348211849726,0.401242472622837,0.659664657781187,0.76005187817107,0.365352651321435,0.700873815723756,0.805506551682679,0.663784498231552,0.384226075339853,0.502519590861253,-1.99561401714275,-1.71072453693276,-1.80129821298572,-1.05615314466018
13-KODE,1.09020000655258,0.607234953794244,0.841503865118563,0.0897904798053714,0.488124673190674,0.933292405620389,0.235393447971649,0.336670610038133,0.706071205042144,-0.61420166780221,0.409650457121517,-1.29269348570744,-0.940391624463621,-0.460457749353801,-2.43018757692819
13S-hydroxyoctadecadienoic acid,0.774208644935659,-0.603784274420549,0.131083438822511,0.37705088891953,0.437084505783881,0.331608390826175,0.390285263423747,0.160489990496662,1.03756365330812,0.0361692512164981,0.084398942038157,-1.08166833745692,-0.523775797989609,-0.674274354136049,-0.876440205767806
15-Hydroxypentadecanoic acid,0.762600605897882,0.561295800850256,0.62666181159412,0.752243291512062,0.67770399558271,0.766103215038658,0.288336919815438,0.590623401405332,0.889175341182681,0.52598397253937,0.605666747166672,-3.29725432114797,-0.423897619889454,-0.0279888403997884,-3.29725432114797
"16-Heptadecyne-1,2,4-triol",-0.623490686255345,0.0763717620724804,-0.78489573032213,0.637978856892249,0.804574458970619,0.732391298214633,0.715863507166444,0.656564749212623,0.943955569039297,0.0345286429054544,0.382309427947097,-1.50076852687486,-1.00907945733549,-0.00680721522590025,-1.05949665640715
"18-acetoxy-1α,25-dihydroxyvitamin D3",0.685838146557706,0.731796862776225,0.536677732413772,0.991677878500727,0.796033967672599,0.524547549578261,0.766571995860025,0.558223609429778,0.904914634273594,-1.04147947744195,0.580723266796875,-1.20060457291047,-0.978889134754789,-1.46249360059673,-2.3935388581556
"1a,1b-Dihomo prostaglandin E1",0.468212126357412,0.532178613527631,0.344613651323729,0.238932059471254,-0.0867871601788917,0.0486242120727754,1.30116667268773,0.488495499524438,0.0434908825986127,-0.00702601902372538,0.0811836857432605,-0.879537103746876,-0.557796165225343,-0.475390678325987,-1.54036027680602
1β-Hydroxycholic acid,0.809181106065152,0.0940618710826886,0.647166904952975,0.453763395356161,0.719375156960714,1.11420240916245,-0.26609857337204,0.108159448847337,0.631150783289334,0.101789703956135,0.421181062288276,-0.776264141844496,-1.07724248272776,-0.576175759329534,-2.4042508846874
2'-Deoxyinosine,0.688165291256308,0.707584753761509,0.656007073531265,0.793608666023801,0.12354364546182,0.734812518222733,1.05735028426671,0.896136121991096,-0.061739257086208,0.311246447262787,-0.249284995066927,-0.221690756994049,-0.944732473752685,-1.54048831301672,-2.95051900586144
"2,3,4,5-tetrahydrodipicolinic acid",-0.124428988139104,0.361221870471311,0.0194380396176484,0.602157470497984,0.161570158698353,-0.0164503457403523,1.05346643554437,0.59601302102337,0.0812286428165056,-0.546675998182415,0.0611242585745428,-0.604641339078249,-0.459752477312466,-0.0997833669055895,-1.08448738188591
"2,3,6-trihydroxypyridine",0.919823758235855,0.312556340104086,0.902920553534122,0.3663731878368,0.640899413435586,0.751042992865661,-0.652385653854051,0.283791232810036,0.396202790970217,0.252391641955351,0.508448212885266,-1.20344890808203,-1.16689813406374,-0.989780686964772,-1.32193674166838
"2,3-Dideoxy-3-(ethanimidoylamino)-2-[(Z)-(1-hydroxyethylidene)amino]-α-D-mannopyranuronic acid",-0.10243940610338,0.519332367154561,-0.113289439602473,0.646515732328977,0.479504657006739,0.103293689713018,0.851641652547635,0.94387319275393,0.313395667203301,0.00831540199376145,0.185816006696459,-1.03598225211467,-1.03851487223383,-0.507875532940044,-1.25358686440396
"2,3-Dimethoxy-5-(7-methoxy-3,4-dihydro-2H-chromen-2-yl)phenol",0.581565921272433,0.550189582557857,0.589092958111271,0.921715616235813,1.01518967642238,0.53893922438446,0.905080685889426,0.906238374144676,0.957966046835859,-0.0109306521969259,0.744228863695138,-1.7530111322244,-1.51131968367205,-2.01532494301652,-2.41962053843938
"2,3-Dimethoxy-5-methyl-6-(3-methyl-2-buten-1-yl)-1,4-benzenediol",0.235275133279701,0.1103585031481,-0.6197244095469,0.964055336816832,1.44951161413162,-0.314257318092555,0.433288971246591,0.533491104411815,1.05287469772944,-0.49936750403099,-0.250474884544938,-0.707077640966809,-0.704386515097141,-0.481395874509851,-1.20217121397493
"2,3-Dinor-6-oxoprostaglandin F1α",0.667093263407063,0.409240551801613,-0.22031646624839,0.466107729860972,0.299029291116426,0.137503415745274,0.79891170090278,0.703474332135046,0.34042623927284,0.0885440399439424,0.16679634370889,-0.591711498820153,-1.66340951859805,-0.128718150195645,-1.47297127403258
"2,4-Quinolinediol",0.357742229177863,0.728744917093346,0.254363721578975,0.55943403809346,0.70835063662971,0.218974621032642,0.458635709597539,0.462186874676029,0.695224391636548,-0.0392386105084208,0.475284931301142,-1.22094385830648,-1.24314708245546,-0.863862360442973,-1.55175015910391
"2,4-diacetamido-2,4,6-trideoxy-β-L-altrose",-0.369516729618802,0.831693812091809,-0.427143074025641,0.902813450485099,0.53899446486337,0.044460938532833,0.951619148040584,0.960026587153126,0.422201129454255,-0.467385767742446,0.39509771987121,-0.59654275121351,-0.470354194971988,-1.48318026216018,-1.23278447075969
"2,5-di-tert-Butylhydroquinone",1.6028550707639,-1.8534523930488,-1.8534523930488,-1.8534523930488,0.817788727840441,-1.8534523930488,-1.8534523930488,-1.8534523930488,-1.8534523930488,1.89664097390035,1.85050702575949,1.72802033211123,1.76909894882148,1.64472232103697,1.66453335110775
"2,6,9-Trihydroxy-11-(1-hydroxy-2-propanyl)-1,5,10-trimethyl-8-oxatetracyclo[7.4.1.1~7,10~.0~2,7~]pentadec-11-ene-13,15-dione",0.500441123739029,0.561847833150398,0.29213051976799,0.613834413732758,0.800513069601471,0.151371032871091,0.711849834010684,0.735548443217708,0.623876468769579,-0.0894010683771794,0.694286443780439,-1.63074607877185,-1.5034550559537,-0.452341775915231,-2.00975520362316
"2,6-Dideoxy-D-arabino-hexopyranose",0.293053279200211,0.421293191305555,0.166527113867586,0.543910265068817,0.44066201700842,-0.211159706135849,0.504211380175436,0.780015678971186,0.431546844309737,0.0926954992883,0.346010139266708,-1.5719671001884,-0.261582839361879,-1.91702443523062,-0.058191327545206
"2-(3,4-Dimethoxyphenyl)propanoic acid",0.349096465739556,0.681797497507289,-1.47584903528992,0.83596593250035,1.36469147003862,-0.488857525626942,1.10293288619162,1.06249116683147,0.941385897855095,-1.13633543328547,0.214480144557362,-0.809661056909585,-0.701528305597623,-0.548386975899263,-1.39222312861256
"2-(3-Hydroxy-4,5-dimethoxyphenyl)-7-methoxy-8-chromanol",0.476514292999651,0.414806542139553,0.590767621679303,0.993881720267032,1.0910923273337,0.596399873666574,0.810022594108494,0.896019724737876,1.02046472660621,-0.137564560384432,0.675114628202248,-1.68436794598289,-1.54017660487136,-1.88003789748735,-2.3229370430146
"2-(4-Isopropyl-4-methyl-5-oxo-4,5-dihydro-1H-imidazol-2-yl)-4-methylbenzoic acid",-1.04494019143691,-0.393703857205939,0.374733167888749,1.23814088940558,1.12442779161108,0.992558605461353,0.0660511376902601,0.920303201058249,0.693420514723352,-1.16064983757953,0.61641271823034,-0.712795772301637,-0.529038396888761,-0.718838586616252,-1.46608138403993
2-(6-Chloro-3-pyridinyl)-7-azabicyclo[2.2.1]heptane,-0.243809953164457,0.456899656006205,-0.0680452723068727,0.912610877399098,1.15823675409294,0.0333371689069693,0.857200535384298,1.22715791088243,0.927045779735502,-1.75160294187993,0.368759312850069,-0.957339684310547,-0.639247879507599,-0.791944725083213,-1.48925753900491
2-(Benzoyloxy)succinic acid,-0.18005735578965,-0.656647708342569,-0.721575037171672,-0.889766509117072,-0.51250747889601,-0.987573751186144,-0.104654996260743,-0.0561444229351164,-0.222278525100678,-0.170772127261529,-0.448700657851193,1.29718489878763,1.30841850618646,1.68936707834753,0.655708086590757
2-Aminoethyl (2R)-2-hydroxy-3-{[(6Z)-2-methoxy-6-tetradecen-1-yl]oxy}propyl hydrogen phosphate,0.533173687524553,-0.324913784140378,0.382028153219175,0.747121232707958,0.890258857795182,0.842396723673207,-0.280118625750332,0.584400218408371,0.812846134863764,-0.328834826780055,0.0671252985268581,-0.906702571500402,-0.601940091104503,-0.576517144024929,-1.84032326341848
2-Ethylhexyl sulfate,0.319011640160412,0.488676109196398,0.110373096017353,0.753621323689059,0.976692256234209,0.221127318588586,0.583475318736593,0.898883495015519,0.668632347062173,-0.317847607601606,0.223994501172353,-1.20495008889495,-0.888604782675508,-1.0923162828919,-1.7407686438087
2-Hydroxy-7-methyloctanedioic acid,-0.0223770756844488,0.149493618044819,-0.374673576872412,0.680932242680234,0.638600730765165,-0.177295458007953,0.472644969426331,0.871944066365283,0.621132311223114,-0.500802841491841,0.187757872524376,-0.895228313749429,-0.317976299086286,-0.0893148390056249,-1.2448374071313
2-Hydroxyethyl 2-isopropyl-5-methylcyclohexyl carbonate,0.546348991633085,0.799501750324741,0.40791161421731,0.750729093713411,0.822998238025137,0.290248408895622,0.843916355014851,0.863625093156873,0.773916736622723,-0.346696104131102,0.747221327242906,-1.47366505613264,-1.39427396762324,-1.59175368947025,-2.04002879148938
2-Oxoglutaric acid,-0.0858786556553495,0.708799849523488,0.329625258654308,0.515228818258799,0.499171760324796,0.210121545570672,1.43849939702133,0.804148782493863,0.395811246336906,0.0135030387754671,0.579659476501421,-0.958768764804347,-1.11075502431942,-0.725691282239825,-2.6134754464421
2-Oxosuberate,0.333940180078505,0.269378984292305,-0.147332112323367,0.197540607601886,0.669130610933047,-0.0526709854326548,0.571587326188263,0.581644675823088,0.246477239289613,-0.648211455580793,0.139144689678608,-0.519018928012982,-0.787989554677575,0.0464977745574012,-0.900119052415371
2-Phenylethyl 6-O-β-D-xylopyranosyl-β-D-glucopyranoside,-0.452347655897918,-0.234578768124824,-0.754034128630312,-0.243217749516593,-0.207384229910597,-0.545035364118222,-0.124835580281339,-3.4369756257479,-0.269735859795354,0.91756549020761,-0.409568060973447,1.52562348324132,1.51965621369759,1.60458354489885,1.11028429095114
2-[(4-Nitrophenoxy)methyl]oxirane,0.415369692931092,0.389492324676014,0.104799183766821,0.632309014880231,0.691454443268397,-0.400776131415345,0.69618663320056,0.683365579142414,0.489079660286383,0.00508326295041451,0.484280693888683,-0.449776152533604,-0.231267669444492,-1.24664419942564,-2.26295633617194
"2-amino-2,3,7-trideoxy-D-lyxo-hept-6-ulosonic acid",0.0817377963924838,0.13811449029098,-0.661585629805187,0.40741048880413,0.637563125557058,-0.141169410353802,0.593889803296464,0.748961579711377,0.488976428871902,-0.191522704334471,-0.31245117988383,-0.783380019263673,0.00829170949757893,0.0939096734592311,-1.10874615224023
2-amino-3-carboxymuconic acid semialdehyde,-0.457428753226424,0.867026943408775,-0.445512064691142,0.000843734655020002,0.932031086533737,-0.415450918088132,1.14053225835076,1.15312781096977,0.526490183913747,-0.692387487284516,-0.768016885608469,-0.816314417880618,-0.152345469055361,0.143720355100765,-1.01631637709792
2-arachidonoylglycerol,0.527679961552869,0.595036185843814,0.367168278605305,0.362955961384695,0.165254395868969,0.00746454358256039,1.16286070329318,0.545780166475084,0.174320886962618,-0.0688047956029924,0.233136160782592,-1.06457546164773,-0.775815284784204,-0.632681616794914,-1.59978008552186
2-arachidonyl glyceryl ether,0.386406353775169,0.793181545053608,0.442769301726721,0.722988800928466,0.575866932023454,0.069110765450174,0.952872152872148,0.804473038666596,0.284463239341129,-0.258456686558551,0.422943230258463,-1.08142473959984,-1.20479375147003,-0.514671858550603,-2.3957283239169
2-hydroxybutyric acid,0.377180772638448,0.525116200803691,0.519734548221572,0.967090628399056,0.693030949102046,0.396613136411272,0.440815177817237,0.734252234738884,0.543387193204241,0.251751519221811,0.704653681115744,-4.47424099211127,-0.0728133517319759,-0.59997998899287,-1.00659170883788
"2-{(1R,2R,5R)-2-[(4S,4aS,6S,8aS)-4,6-Dihydroxy-8a-methyl-1-oxo-1,4,4a,5,6,7,8,8a-octahydro-2-naphthalenyl]-1-methyl-5-[(2R,3E)-5-methyl-3-hexen-2-yl]cyclopentyl}ethyl acetate",0.492555286294964,-0.154910365064936,0.2003602045167,0.922434574247689,1.05357230528093,0.14019630633145,0.480765800100896,0.799217176474639,0.928334839480133,0.0637947226318196,0.719841041775489,-1.17900631714653,-0.968036902713635,-1.42422710349438,-2.07489156871522
"2-{[(3α,5β,7α,8ξ,12α)-3,7,12-Trihydroxy-24-oxocholan-24-yl]amino}ethyl hydrogen sulfate",-0.898147305208052,-0.555762851273021,-0.960630010160416,-0.659275547415195,-0.51328415355606,0.601988978782926,-0.262801872117617,-0.324734376921989,-0.672136729222139,0.646320760490492,-0.638862486588748,0.906593852302313,0.759933688246807,1.72459853545326,0.846199517187429
"3,10-Dihydroxydecanoic acid",0.551911497901321,0.542471942894479,0.54057369239791,0.576389299635508,0.487800170029516,0.647994083154687,0.933782133000792,0.482428810069357,0.805397050105031,-0.094537281400469,0.509108829127841,-1.36830650982493,-1.30087668988535,-1.49681932433849,-1.81731770286719
"3,3′-(3,7,12,17-Tetramethyl-8,13-divinyl-1,2,3,4,5,6,7,8,9,10,13,15,16,17,18,19,20,24-octadecahydroporphyrin-2,18-diyl)dipropanoic acid",-0.0349650353761917,-1.97000949042904,-0.0853378838083914,-1.08114532072786,-0.264387607512771,0.700658461758146,-1.06402914738329,-0.273779074568486,0.52689497170038,0.667486069858422,-0.321802907444663,0.835597067519863,0.719652342738319,0.759642111293854,0.885525442381722
"3,4,5-Trihydroxy-1-cyclohexenecarboxylic acid",0.26399442757967,0.411422756272152,-0.0611791833004597,0.462482623635181,0.739905830246005,-0.239596170837606,0.519143561891701,0.768296075128373,0.312880928470122,-0.434059151985929,0.41264987380431,-0.880652026643753,-0.744301533913448,-0.263802774949368,-1.26718523539695
"3,8,9-trihydroxy-10-propyl-3,4,5,8,9,10-hexahydro-2H-oxecin-2-one",0.145211526850988,0.438023752341345,-0.0845768669949743,0.434128515204192,0.706883589103086,-0.308499489415213,0.635740150061785,0.622052055731024,0.500150420894632,-0.444627620555757,0.425398629479578,-1.10320008582687,-0.822248416825096,-0.688369733001835,-0.45606642704688
3-Hydroxybutyric acid,0.0749130596569222,1.24726778378808,-0.186687261992503,1.00311309424093,-0.36928357064606,0.438543438844722,1.28088112497492,0.515578936925655,-0.242424433809176,0.247268815121912,-0.329493101602232,-0.615214800541137,-0.943041524231331,-0.714527652723325,-1.4068939080074
3-Hydroxycarbofuran,0.425191027964893,0.607044716264413,0.171438316558642,0.657071954688143,0.720106639389638,0.116712653436645,0.63180418038545,0.651837904880871,0.674659943561788,0.294013843446431,0.55137024760435,-1.98302063570304,-1.50310474731636,-0.671101104971097,-1.34402494019073
3-Hydroxydodecanedioic acid,0.561427968514259,0.667983904885047,0.238619275755136,0.709074298752871,0.883485376201592,0.126350484076305,0.910818516475108,0.850755403952159,0.644341512001896,-0.0722300838433695,0.612154716848057,-1.44395769886861,-1.40046937582529,-1.10648200947456,-2.18187228945058
3-Hydroxymyristic Acid,-0.0904931884757507,0.199813203663424,0.103939976090995,0.241925930224997,0.160693053441185,-0.232547553384198,0.634582541178508,0.422811834662798,0.453517490617818,-0.52923885316045,0.438330296479634,-0.242749077040182,-0.397559042098507,-0.830922415664275,-0.332104196535996
3-Hydroxysebacic acid,0.161195364062774,0.535108636865612,-0.113978648266804,0.425152549618179,0.648685689148995,-0.265641008560803,0.678749464707659,0.656206457844755,0.401531470546792,-0.426281803601375,0.398726824935391,-0.800261075983715,-0.807985901606927,-0.308733194725672,-1.18247482498483
3-Hydroxytetradecanedioic acid,0.78309389438196,0.604530747143616,0.229872925128884,0.542259238861081,0.629072377866848,0.303625425441598,0.544121955988641,0.575653761660551,0.913198077333602,0.133408855506901,0.410773142192586,-0.433045502514276,-0.3122964158899,-4.26010754694951,-0.664160936152579
3-Methyl-5-pentyl-2-furanpentadecanoic acid,0.614244850132872,0.668445752760627,0.316542212879078,0.619449311399406,0.489318844768956,-0.0848549849365526,0.844498375584614,0.684345284367462,0.804734475207132,-0.529869591087029,0.515923905105828,-1.530254057932,-0.731636223603062,-1.26616389683889,-1.41472425780845
3-Oxotetradecanoic acid,0.975429679925651,0.171572207881894,0.529581515061642,0.555589637390614,0.362354044646878,0.621926196984595,0.319052766153457,0.775535147593086,0.978991286123267,0.479732311461086,-0.421795152310592,-1.23455556943167,-0.75563052624916,-0.910854132357115,-2.44692941287363
3-[(3-Hydroxyheptanoyl)oxy]-4-(trimethylammonio)butanoate,0.041138891714797,0.916259198870615,0.093869416350376,0.953493402603057,0.674912159925374,-0.0535552081823835,1.09911655203948,0.884235441311722,0.728641802192319,-0.439593953931112,0.801872445410675,-1.41440961787181,-1.19279176582877,-1.28613255795891,-1.80705620664542
3-[(3-Hydroxypentadecanoyl)oxy]-4-(trimethylammonio)butanoate,-0.370778623098648,0.454863448312954,0.762500835569493,0.82568133064489,0.834863667184105,0.591492540861709,0.812550803076386,0.806581458144504,0.670558810251904,-0.147163527102258,0.64745999103611,-0.931420031120898,-0.20800289404989,-1.02982965962663,-3.71935815008372
3-[(3-Hydroxyundecanoyl)oxy]-4-(trimethylammonio)butanoate,0.196246441862636,0.234095562241703,0.00802474822814473,0.740457520780799,0.63674231025387,0.418821612913735,0.80591999255945,0.822064977243694,0.720764480885596,-0.121774903569735,0.124099444367644,-1.33816642744629,-0.716392856268954,-0.862000520101948,-1.66890238395031
3-[(3-Sulfanyl-2-butanyl)sulfanyl]-2-butanol,-0.709224015749173,-0.279531127147637,-0.883461387877916,-0.312964782910702,-0.239648709673847,-0.634833521527948,-0.176087380530846,-0.121715738831453,-0.502041909482405,0.261956254213058,-0.404687574513803,0.980489133807522,1.14615221721073,1.37020491239682,0.505393630617609
"3-[2-(1,3-Benzodioxol-5-yl)-7-methoxy-1-benzofuran-5-yl]-3-hydroxypropyl hexopyranoside",-1.0051900476311,-0.993280655202431,-0.315404956483803,-1.05353585488112,-1.34003206528681,0.608619245948224,-0.18288062305352,-0.144573920632145,-0.501833665251496,0.553310284246644,-0.816625295832592,1.69285273768755,1.342676191648,1.47625308934368,0.679645535380931
"3-[2-(2,3-Dihydroxy-5,6,8a-trimethyloctahydro-2H-spiro[naphthalene-1,2'-oxiran]-5-yl)ethyl]-5-hydroxy-2(5H)-furanone",0.609748914475846,0.714413643603845,0.458736967090483,0.775266777298855,0.841998304799535,0.257965318841427,0.912373954923101,0.894818658501,0.716742763098222,0.0603045029720201,0.558296528378099,-1.14781131165898,-1.06819227332911,-1.75212206662927,-2.83254068236504
3-[4-(Sulfooxy)phenyl]acrylic acid,-0.841831695991174,-0.642452587682919,-0.767439862910131,-0.601947321781142,-0.633375372394863,-0.613756252938117,-0.726553923445276,-0.848100878209667,-0.39942901989071,-0.227625639891145,-0.762602202813986,1.92740135281746,1.90769846956308,1.88116876837546,1.34884616719311
3-[4-(Sulfooxy)phenyl]propanoic acid,0.607621977092705,0.468691792859774,0.397448584473289,0.752951829155712,0.773151365027184,0.258075089135444,0.734053142624459,0.832127097839175,0.729461271206995,0.257857270890721,0.676664951766379,-1.68343950320815,-1.8613202777536,-0.914316246420982,-2.02902834468911
3-hydroxy-cis-5-octenoylcarnitine,-0.666215264032309,0.772652103305779,-0.254249984713658,1.11147555788347,1.18635841343299,0.57140410152914,1.08362399569417,0.940568399856111,0.780350058666355,-1.40661750567374,0.755734592910366,-0.988601769381396,-0.939779207298298,-1.21253999495681,-1.73416349722219
3-hydroxyarachidonoylcarnitine,0.941963068697359,0.876343710844475,0.801521783010918,1.08741626706197,0.784690860549827,-0.225815390265062,1.04500172058742,0.786847841440438,0.340944866061726,-0.828815278614464,0.813137617148823,-1.2573105488406,-0.696501466718549,-0.80962622180663,-3.65979882915764
3-hydroxydodecanoylcarnitine,0.978722303682595,-1.3335190140944,0.756448633449551,0.724963476397768,0.397250643094519,0.933385434503804,1.2871665253735,0.437899564809646,0.420201457191714,0.342717389715169,0.25369430586885,-1.23645474480999,-0.916151225255227,-0.986779009952087,-2.0595457399754
3-tert-Butyladipic acid,0.595982663487518,0.737174595255448,0.482866031850912,0.699634491916526,0.685882060584863,0.355908807227997,0.867999733542825,0.81833564344101,0.62987398095741,0.314590034301025,0.506379204875954,-4.84882656916028,-0.624046241948857,-0.53960063996385,-0.682153796368503
"3a,7a-Dihydroxycholanoic acid",0.66289803989691,0.603158510427048,0.701823549251882,0.711173003460092,0.79524972035616,0.879085113849517,0.722323212547589,0.754933731733169,0.691970964653195,0.309050704123495,0.532377481424704,-1.08631191201101,-0.818434758714778,-1.40146927060783,-4.05782809039014
"3α,7α-dihydroxy-5β-cholestan-26-oic acid",0.254566750121919,0.770303452758088,0.264551858188125,0.304418732157202,0.0323746537124956,-0.0289844873808368,0.983837087662826,0.64546922568257,0.28867621017869,-0.38601285658496,0.456387299243585,-0.91159689114669,-0.581504924136308,-0.32408001549522,-1.76840609496148
"3β,17β-Diacetoxy-5α-androstane",0.466196915626976,0.494957314123047,0.371376863262313,0.311210608310485,0.016768656544122,0.134618573339522,1.03093262003593,0.430651147624157,0.175226973805951,0.102898234214918,0.232577864645902,-0.962994896540495,-0.547479897978878,-0.40743795690104,-1.8495030201129
"4,6-Dihydroxy-4-methyltetrahydro-2H-pyran-2-one",0.757622693523094,0.888076922615953,0.4579346219765,0.875539941297598,0.931595108180243,0.914172763643453,0.87605830132015,0.845570162660215,0.876560920303835,0.0562055081154002,0.824108768695067,-3.01640418330938,-3.01640418330938,0.745766837596632,-3.01640418330938
"4,7-Dioxooctanoic acid",0.276775970529425,0.331364464220196,-0.0619269630424409,0.163429980164349,0.190165642127604,-4.59558232836673,0.529203315028971,0.303148647080932,0.132174966883269,0.467886477899246,0.416209316231014,0.344851056105946,0.571792949432688,0.332966836134534,0.597539669571005
"4-(2-Aminophenyl)-2,4-dioxobutanoic acid",0.674394086507758,0.726547447675842,0.494020384733386,0.781078736758753,0.881287726720435,0.417939443857895,0.756725308615452,0.788995400624935,0.809995561294179,0.337417915767328,0.70906213379123,-2.28252555327211,-1.10205113812862,-0.673029499081636,-3.31985795586483
4-(3-Butoxy-4-methoxybenzyl)imidazolidin-2-one,0.215601695250458,0.828305966324817,-0.182792437624834,0.682031816732457,0.268136488872433,-0.096124814535358,1.07749174666912,0.979275773701206,0.562130403689703,-0.251246470324949,0.374217747093456,-1.10264138451685,-0.431677667810918,-1.03954720226512,-1.88316166125561
"4-(5,7-Dihydroxy-4-oxo-4H-chromen-3-yl)phenyl hydrogen sulfate",-1.00049912226778,-0.128403395593651,-1.09029186158055,-0.207581095054537,-1.25354586124949,0.0294299099301536,-0.171424924508662,-1.34311910145921,-0.0253328856854583,0.113996926469062,-0.159560926009291,1.4132445768069,1.1992720144204,1.63388909538737,0.989926650394767
4-Acetyl-2(3H)-benzoxazolone,0.792887245011189,0.987243844161698,0.404806426101062,0.869089976275125,0.985889484142704,0.715611934510404,0.887120386515576,0.887586283168148,0.939723253352645,0.614656149416668,0.831476414913328,-3.05778253161479,-3.05778253161479,0.257256197275846,-3.05778253161479
4-Hydroxy-3-nitrophenylacetic acid,0.0495454559108714,0.253953534335866,-0.0402103878613765,1.82017510009198,0.745561861261347,0.926701337181462,0.876107399509599,1.15053133970734,-0.5127195642111,-0.500803591770538,-0.182096305209686,-1.08843237934929,-1.11429975398812,-0.703196897656187,-1.68081714795216
4-Hydroxyprolyl-4-hydroxyproline,0.262572852548704,0.665513769932781,-0.23635057995586,0.607422782368485,0.566718575938142,0.742149846314455,0.630897375831913,0.654826363478122,0.271054367795868,-0.919264687006567,0.278482165074029,-0.80980655928092,-0.342562049914657,-0.120097589263477,-2.251556633861
4-Hydroxyprolyllysine,0.113445572920701,0.804450530076641,0.0485416129614696,0.882692869861119,0.724016325958361,0.424472927655748,0.964349348247988,0.905837831708216,0.674534760966364,0.0361510588177231,0.595043374645943,-0.0182964177436453,-4.17294168250261,-0.269077911187918,-1.71322020238609
4-Indolecarbaldehyde,0.694145956888431,0.753362404734111,0.475114589064238,0.85394992566084,0.944793442688795,0.445188593613728,0.708568117502872,0.791495208523556,0.830534263980971,0.337334808392041,0.714809639881563,-2.08556278705072,-1.45413224993935,-1.71598244567336,-2.29361946826769
"4-Methyl-5-{(2E)-3-methyl-5-[(1R,2R,4S,5S,6R,8aS)-2,4,6-trihydroxy-5-(hydroxymethyl)-2,5,8a-trimethyldecahydro-1-naphthalenyl]-2-penten-1-yl}-2(5H)-furanone",0.63618948161383,0.805562629346428,0.75041089227496,1.10467311451607,0.90624134051644,0.907281151823062,1.13314766456003,0.855529418297078,0.944272337777615,0.274519037501553,0.825997363096987,-1.31434535457492,-0.882759891748168,-3.47335959250048,-3.47335959250048
4-O-Methyl-α-D-glucopyranuronosyl-(1->2)-β-D-xylopyranosyl-(1->4)-β-D-xylopyranosyl-(1->4)-D-xylopyranose,-0.528151201356388,-0.382399506023244,-0.517189307894704,-0.310480042424029,-0.808264674101987,-0.522186009615586,-0.338856204024019,-0.304603988061351,-0.859286768018845,-0.744504845224189,0.83568816409743,1.44974981565361,1.4262830142284,1.02756770234421,0.576633850420682
4-Oxoproline,0.405827541278211,-0.0151622625171284,0.565342812651761,0.568753722243556,0.797301963463251,-0.164988117489828,0.682805670370332,0.658955172879688,-0.552497904986579,-0.630175564294696,-0.0482149702637865,-0.416758854503249,-0.361126010169511,0.142413948097506,-1.63247714675953
4-Pyridoxic acid,0.636242472237208,0.354361897843413,0.18455434061718,0.572735001265658,0.632873198669309,0.184889745463764,0.53177711667256,0.686708525894903,-0.568424495606938,-0.0529429181229027,0.0177112327895098,-1.0652674101942,-0.669049452486077,-0.196984544952543,-1.24918471009083
"4-[(5-Hydroxyadamantan-2-yl)amino]-1H-pyrrolo[2,3-b]pyridine-5-carboxamide",-0.191665309669215,0.614083757633363,-1.31253104415606,-0.433402432754383,-0.731967453685473,-0.795169120482982,0.0892979132441752,-0.484221499584684,-0.025581087460922,-0.282836178743956,0.134010086470268,0.742654055907765,0.274422874140856,1.74640732517105,0.656498113970196
4-[(Z)-(6-Hydroxy-3-oxo-1-benzofuran-2(3H)-ylidene)methyl]phenyl hydrogen sulfate,-0.698373351197256,-1.67191249396061,-0.834942454221761,-1.13747837742193,-0.890123990111083,0.691777515078589,-0.927104867967859,-0.908058705143837,0.0670709274093235,0.507455074154035,-0.784544930140796,1.68977116149159,1.79669713586793,1.72920608875011,1.37056126741355
4-oxoglutaramic acid,0.227642610976078,0.174535871687536,0.457226635530532,0.412492580583061,0.139504908569936,0.272250403056345,0.0931060221717929,0.13618393241004,0.436899776674594,-0.111051163577786,0.212587109765782,-0.173944130421097,-0.206802888437168,0.0258111420184076,-2.09644281100805
"4-{(1R,2R)-3-Oxo-2-[(2Z)-2-penten-1-yl]cyclopentyl}butanoic acid",-0.712710840692159,0.361223166691733,0.629896915879091,0.235565444774317,0.90920311739542,0.904234381907659,0.41028700544315,1.21330981860931,1.30429049648294,0.0056767772971977,0.480576274869059,-0.813215489493249,-0.6716702428449,-0.627257560757958,-3.62940926556161
"5,7,3′-Trihydroxy-6,4′,5′-trimethoxyflavanone",-0.0968773891133614,0.986871810797143,0.177886149203863,1.226239143642,0.722198662090565,-0.123328384089568,1.16723016239745,1.22211183348049,0.891418601728444,-0.259392231282851,0.941036882913287,-1.67663438510053,-1.60462482225992,-1.37728399527826,-2.19685203912875
"5,7-DIHYDROXY-3′,4′,5′-TRIMETHOXYFLAVANONE",-0.133565955637419,0.608940429453628,-0.334622509720556,1.07522044290587,0.956460215318715,-0.36604206689296,0.947514654304925,1.21694803930432,0.78770973867711,-0.585902650590754,0.776693108282597,-1.07389623003091,-1.27742871307979,-0.97648189596121,-1.62154660633355
"5-(5,7-Dihydroxy-4-oxo-4H-chromen-2-yl)-2-methoxyphenyl hydrogen sulfate",-0.868416074139742,-0.615165017970453,-0.854013102589438,-0.626411543901028,-0.600549993552591,-0.981740612445488,-0.519545018192452,-0.508321998349831,-0.746144391346481,0.376960843736168,-0.816110153801194,1.71950803723827,1.81078352143052,1.96723769756539,1.26192780631832
5-(7-Hydroxy-4-oxo-4H-chromen-2-yl)-2-methoxyphenyl hydrogen sulfate,-0.886551337051462,-1.26349283032273,-1.48337591039726,-0.885492524841334,-1.14783205474069,0.64805736207553,-0.992536329693987,-1.08431422949177,0.258923160478461,0.655853438320392,-0.826214802168288,1.82906104963719,1.99404819837673,1.78067990280046,1.40318690701875
5-AVA,0.644508491810169,0.288328278055306,0.539109195409998,0.644465558358232,0.222521889554849,0.714106610573756,-0.147547726906314,0.0640172748016666,-0.200920659390794,0.392269589985854,-0.0165629912755424,-0.648427365343353,-0.861383496806927,-0.49959278284788,-1.13489186597903
5-Amino-D-isoleucine,0.725095324990091,0.542577208463192,0.708798469876908,0.738993150250266,0.177913018775411,0.394452750514791,0.990130500189519,0.693601080687124,0.0510602696134992,0.527415264606237,0.22382388506092,-0.328311236483022,-0.645671907761177,-0.704451115878852,-4.0954266629049
5-Hexyl-2-oxotetrahydro-3-furancarboxylic acid,0.32331923534438,0.585450756951357,0.0133458829711153,0.428521965454956,0.164312206714932,0.179933187476798,0.78792715437036,0.487914416580194,0.342001443461742,0.203115493230624,0.243412410587512,-1.22853815298885,-0.980314675181585,-0.449300124902501,-1.10110120007101
"5-Hydroxy-2-(3-hydroxy-4-methoxyphenyl)-6,7-dimethoxy-2,3-dihydro-4H-chromen-4-one",-0.195284261039057,1.02084556136431,0.152178700167868,1.13788029051968,0.996282298905567,-0.411341262811035,1.19247325184117,1.23094417567151,0.937754181170671,-1.73225878693153,1.00518475919358,-1.25266669837997,-1.15044745718251,-1.3330311318273,-1.59851362066295
"5-Hydroxy-2-methyl-2,3-dihydro-1,4-naphthalenedione",0.426011991509874,0.543069215148472,0.213272318127389,0.735484512243575,0.765449038861453,0.121128564515085,0.507438742209753,0.682511536525221,0.6982451381936,0.0352036634078948,0.533741680258535,-1.62498460220071,-1.46978071458426,-0.341312285056306,-1.82547879915956
5-Hydroxyindole-3-acetic acid,0.652546924737126,0.516258508381383,0.390262793809982,0.452837900931654,0.628201296801245,0.38226400885229,-0.141351398440779,-0.0912112010901679,0.753627233195746,0.503796923956255,0.367146964529355,-1.13631236860851,-1.5244869495774,-0.411389560783261,-1.34219107669489
5-Octyl-2-oxotetrahydro-3-furancarboxylic acid,0.53268604704543,0.636302131249542,0.208047837678596,0.628073134980115,0.802227778461488,0.2322247290655,0.737744587463873,0.802137381338076,0.726895182789136,0.157021042297856,0.566618809818918,-1.43069393853082,-1.23296097400873,-1.52599472524449,-1.84032902440447
5-decanolide,0.490937458762523,0.543201346548477,0.431535669104442,0.805303177881219,0.265066090782422,0.436179412195273,0.507132583551021,0.58368574807807,0.755094569612643,-3.92616437638552,0.226303096332161,-0.00588333814243115,0.198635145063539,-0.271674551435093,-1.03935203194874
5-hydroxypyrrole-2-carboxylic acid,0.405398973838488,0.234606529142894,0.60493081189201,0.400183451855857,0.515974573524646,0.308318944387208,0.377517030023411,0.37906484945197,0.381585752015907,-0.0346405993558518,0.339091372729046,-0.484464832129841,-1.07059187141902,-0.333219925586545,-2.02375506037016
"5α-Androstane-3α,17β-diol dipropionate",0.531528847058181,0.559125555398507,0.264229613296353,0.621210905250553,0.579413891103938,0.350294425193106,0.74331026264023,0.723737142484434,0.734325822010211,0.195660857530527,0.525614704078861,-1.11291555799755,-0.235205335201132,-0.467675097422084,-4.01265603542413
"5α-Spirostan-3β,6α,23-triol, (23S,25S)-",0.857812283672859,1.15034011227072,0.824173021191154,0.73579094320359,0.774440458631191,0.105165299109612,1.47042297813373,1.01083333941841,0.575594698282148,0.0759539608183702,0.653624455163958,-2.83716965251782,-2.83716965251782,0.27735740765772,-2.83716965251782
"5β-Cholane-3α,7α,24-triol",0.360534263120257,0.748200676555201,0.566325808914761,0.766533217899745,0.742528239353098,0.173642866521582,0.918874503632041,0.918887972871826,0.68825546071215,-0.0254050858422039,0.595070577858192,-1.2718162874465,-1.68959001338203,-1.30850593182995,-2.18353626893817
"5β-cholestane-3α,7α,12α,26-tetrol",0.675322205390661,0.889033608701178,0.734647586940566,0.882843110308196,0.800459359703295,0.155536863430047,1.25024101988991,1.04137886440102,0.809755773676859,-0.949941637210345,0.791530861372728,-3.03332153817308,-0.522346823785758,-0.491817716472207,-3.03332153817308
6-Desmethylmonacolin J,0.458069487392136,0.517949901286134,0.287256061367036,0.41054354750325,0.456441086063315,1.22489207622783,0.308201889518122,0.616200213488301,0.927929037851808,0.704926985894554,0.0710936187161738,-1.80261235796073,-0.751243340867776,-1.22742279927028,-2.20222540720987
"6-Hydroxy-5-methyl-4,11-dioxoundecanoic acid",0.436629809940197,0.499362762445546,0.139972939297227,0.509552145613467,0.645283426548864,0.177050304011091,0.588132858503484,0.612966003365318,0.486395008911719,0.144737124432856,0.514413697395824,-0.203295514134504,0.00895313910709638,0.052069992309406,-4.61222369774757
6-Hydroxymelatonin,-0.11261589152542,1.11669888013196,-0.275458999078469,1.06793420265791,0.678069684953615,0.149466005518954,1.29102579697201,1.22535957571831,0.666044243896428,-0.443385877154351,0.428098146456484,-1.50561674914545,-1.29489319422214,-1.37314112669931,-1.61758469848053
6-Hydroxypentadecanedioic acid,0.83117408998747,0.717065857152178,0.315482932304043,0.623647731364962,0.573950887887822,0.337015194453177,0.920478524459601,0.871086666096364,0.552194470184822,-0.193876592215264,-0.406122554032334,-1.10527936749258,-0.848718236459317,-1.32244975426237,-1.86564984942857
6-Oxohexanoic acid,0.19129983045221,0.557193360547385,0.474209835397706,0.69479664299936,0.642577969956813,0.465474112002847,0.748891627700048,0.61683425607129,0.454164413583692,0.129820551381619,0.607235209333033,-1.69447688243308,-1.23087244345992,-1.39791372215923,-1.25923476137377
6β-HYDROXYCORTISOL,-0.667119845431456,-0.527590622015644,-1.062842950216,-0.54668744206027,-0.569988858606315,-0.855832241982821,-0.333310285412531,-0.43930162303046,-0.482121287282634,-0.412991105602582,-0.640080276859862,2.13722356820074,2.18157563923894,1.25892354963455,0.960143781426339
7-Hydroxy-4-oxo-2-phenyl-4H-chromen-5-yl (2ξ)-β-D-threo-pentopyranoside,0.221696312234891,-0.237753338524407,0.477537377337979,0.59035354338691,0.313108256384475,0.397939430855062,0.62252146492133,0.695703384677147,0.447813909229958,-0.000417753584714653,0.509721830207657,-0.418095188667554,-0.271194939396002,-1.17444890335789,-2.17448538570483
7-Methylxanthine,-1.15979675046632,-0.467584452017708,-1.09888374987967,-0.475217796100954,-0.700228665779335,-0.551032461029278,-0.0321445872978297,-0.296920242077345,-0.870437252661137,-0.421574504319579,-0.609737362653478,1.72116936316452,1.71585500817942,1.9637490717499,1.2827843811888
7-deoxyloganin,-1.21237181630883,0.492377490486308,-1.21237181630883,-1.21237181630883,-1.21237181630883,-1.21237181630883,-1.21237181630883,-1.21237181630883,-1.21237181630883,-1.21237181630883,0.55623379512994,2.57944358634578,2.68314402841092,2.52662750060503,2.07351994580148
7-ketodeoxycholic acid,1.02495740899008,0.257310054667367,0.429773473683976,0.894319818599553,0.145033107655351,0.984662607836628,0.602453836013634,0.182085437391376,0.721828932048083,-0.233509122487026,0.000212947699749478,-0.887662773186868,-0.617121191275586,-1.47582302911455,-2.02852150852175
7α-Hydroxy-3-oxo-4-cholestenoic acid,-0.25346998184583,-0.785642698280567,-0.439489107995771,-0.490175389275704,-0.398957972095302,-0.214641581086964,-0.394007810157836,-0.486112027747023,-0.156717693922836,-0.462032934532062,-0.0901039237625017,1.0244240635938,0.517078690798953,1.50958340501935,1.1202649612903
"8(R),11(S)-DiHODE",0.844591808030625,0.298891453535659,0.631086930669861,0.0564908314129767,-0.277791600699705,0.401483573592161,1.30231454863599,0.0565909160105172,-0.426462244128441,0.0470221731309907,-0.320259044212077,-0.722173436003313,-0.711972085912082,-0.000210258314633962,-1.17960356574849
8-Amino-7-(carboxyamino)nonanoic acid,-0.234287442497878,0.91266456606259,-0.0963012122332565,0.947841678104238,0.550497173177584,0.198973439580194,0.974852363251944,1.08591483094567,0.506962266583883,-0.416789396433938,0.528718204609095,-0.66640146913219,-0.655248956429291,-0.867878152503877,-2.76951789308475
8-Amino-7-oxononanoic acid,0.194810620933026,0.621454108402467,0.144801778395932,0.710311186190443,0.586752741570967,0.284062304144369,0.78609199328284,0.548497992081622,0.501793666715456,0.269062864210093,0.410820923888564,0.0962267396917003,-1.11691003268828,0.283290586385484,-4.32106747320468
"8-Azabicyclo[3.2.1]octane-1,2,4,7-tetrol",0.0763227841627594,0.421698877292412,-0.244647112473598,0.376192853744048,0.538012426245656,-0.327262180087961,0.72042916800611,0.686438285221554,0.375063516012723,-0.457407136721605,0.205910446181159,-0.382922662424062,-0.199304582294041,-0.045025197907172,-1.74349948495796
8-Hydroxy-2-[(3E)-5-hydroxy-4-methyl-3-penten-1-yl]-2-methyl-2H-chromene-5-carboxylic acid,-0.532521978429818,0.863212333302438,-0.726768487127962,0.963283904668744,1.09244175111273,-0.908695513074574,0.920462751260234,1.15319149743209,1.22377491391964,-1.0907731775555,1.06963192081219,-1.03885679936308,-0.806758770106483,-1.02318523832101,-1.15843910852964
8-Hydroxyhexadecanedioic acid,0.673572301212673,0.746384779468745,0.544107602924414,0.637931536140246,0.342036516246448,0.364149708617376,1.27016651608422,0.643291514432694,0.230849008330861,0.203144691575723,0.272229214571073,-1.11233787538371,-1.91797667783648,-0.730671985680203,-2.16687685070405
8-Iso-15-keto-prostaglandin-F2β,0.77721584991227,0.256856051443335,0.770105367402219,0.688793575902345,0.781436776623416,0.796453035913071,0.253681631265224,0.580016499128359,0.700847752213567,0.529716536445743,0.610196437864561,-1.31751141848083,-1.10991911153923,-1.88233213943291,-2.43555684466112
"8-[(3,3-Dimethyl-2-oxiranyl)methyl]-7-methoxy-2H-chromen-2-one",0.360845495773836,0.362971220229053,-0.125633427414225,0.398780861026451,0.820438541257991,0.410342885052292,0.623655604727454,0.642413653118022,0.563375455925237,-0.557765450281333,0.326973023709635,-0.536777069665335,-0.317666523421121,-1.02407879321763,-1.94787547682031
"8-[(4E)-6-Hydroxy-6-methyl-4-hepten-2-yl]-5,9,17,17-tetramethyl-18-oxapentacyclo[10.5.2.0~1,13~.0~4,12~.0~5,9~]nonadec-2-en-16-yl hexopyranoside",-0.446878578530825,-0.827370033258363,-0.49255284595296,-0.890119216985145,-0.854111940388301,-0.55366990518075,-0.5386575083041,-0.601494439346608,0.222597534283842,0.0465362936165934,-0.769184478195114,1.5568649622573,1.65201502211132,1.59375190097575,0.902273232897351
"9,10,12,13-Tetrahydroxyoctadecanoic acid",0.446569291784273,0.688140870954642,0.293778926632003,0.606084663321077,0.460579388705192,0.058625537015099,0.916255379869082,0.631105026577512,0.220513715118705,-0.00304884815959182,0.360864350756677,-0.995971692699843,-0.755240608462288,-0.72848839964159,-2.19976760177092
"9,10-Dihydroxystearic acid",0.733016680580683,0.603980957995083,0.381002972674152,0.464044131373796,0.550214647212507,0.385239710043017,0.95492842919927,0.909362953837659,0.8669026037286,-0.58529101988167,0.379610363022633,-1.95016644845328,-0.654967120331141,-1.29205119471584,-1.74582766628545
"9,17-dioxo-1,2,3,4,10,19-hexanorandrostan-5-oic acid",0.949151038596124,0.880267719238465,0.864949805893274,0.822188124561034,0.79407232304061,0.797226082868067,0.978731983044077,0.896935375461669,0.729908829196449,0.815061059967283,0.708629948253157,-3.15277693289315,-3.15277693289315,0.221208508559249,-3.15277693289315
9-Hydroxynonanoic acid,0.584538699993949,0.381329979978798,0.311087373534269,0.0186492469420797,0.490055288201882,-3.41201274335335,0.514614771180587,-3.41201274335335,0.250071246134299,0.79867742566008,0.832951205394925,0.714555322109544,0.640075402571748,0.665624476414115,0.621795048590434
9-Oxo-9-{[(2R)-1-(palmitoyloxy)-3-(phosphonooxy)-2-propanyl]oxy}nonanoic acid,-1.24253966863094,-1.24253966863094,-1.24253966863094,-1.24253966863094,-1.24253966863094,-1.24253966863094,-1.24253966863094,-1.24253966863094,-1.24253966863094,2.24187190708381,-1.24253966863094,2.71672908322217,2.57976790098777,2.24300291165256,2.64402488336315
9-Oxononanoic acid,0.289295388891726,0.44932060482035,0.891116791350463,0.503125220328269,0.623328799525449,0.580456778100771,0.199945013265429,0.588926170584573,1.05977932923235,0.0247620940747327,0.357936832189697,-1.5093185472277,-1.03485119600535,-1.09671748607441,-1.92710579305632
"9α,11α-epoxycholest-7-ene-3β,5α,6α,19-tetrol 6-acetate",0.528229343965205,0.623301940266192,0.557148249142719,0.810450985196432,0.724106689180243,-0.14326445239685,0.893797199341863,0.811295389612614,0.817646986579635,0.0689838872627806,0.711820124518454,-1.14014814372275,-1.01522978959264,-1.59888521719519,-2.64925319215869
?-Muricholic Acid,0.742159034753481,0.607718701583555,0.520722362628083,0.673268181487546,0.753136385536539,0.72132788938903,0.592619623357001,0.702994199106079,0.610606369865016,0.542706719959348,0.555116466326981,-1.47296765693473,-1.26164695599496,-1.71061014862595,-2.57715117243699
ALA-PRO,-0.16198984228831,0.751613868114932,-0.528921283273743,0.675240449156198,0.882174994324249,-0.453318176296969,0.534518563637131,1.05006033172066,0.81448489498889,-0.247977545092463,0.59500474911525,-0.709844951934432,-0.683544229945809,-0.874905411460741,-1.64259641076483
ASARYLALDEHYDE,0.814966136682389,0.835080142213494,0.777629266829503,0.8256338806182,0.846531229175257,0.671872212037778,0.912936239647605,0.941370200583824,0.969907827443215,0.627161558595776,0.758528606220764,-3.07412688751537,-3.07412688751537,0.240763362498321,-3.07412688751537
Acetic acid,0.582822146185657,0.704019808673973,0.701760761219764,0.73229583603648,0.511640540593434,0.659900010326138,0.708692141757413,0.792193450191923,0.629314335159537,0.602140785588362,0.608420494559306,0.227720815213799,0.472852374351654,-3.96688674992871,-3.96688674992871
Acetyl-L-methionine,-0.414959451858516,-0.133582772850288,-3.29419027432363,-0.049478919846852,-0.4524974466329,-1.35269653342632,0.115512261034941,0.157233068991523,-0.44183938408449,0.447193641904475,-0.599559022775628,1.49991581075397,1.55270785411744,1.83146871244746,1.13477245654881
Acrylic acid,0.405522535960799,0.433547323518547,0.286342954931671,0.449146202595602,0.304004611709204,0.37642763261577,0.47464368095625,0.539450337738442,0.424103649094364,0.202691710394637,0.310214822637718,0.390529043078466,0.0747178091080145,-5.00336753146255,0.332025217123073
Adenosine,1.10552358553737,0.369288251013713,1.05314192609858,0.763274413697225,0.0286462825889433,1.13615432244597,0.942776846821413,0.835916189158272,-0.230540208009195,0.784348239179916,-4.0929684293858,0.196826804702374,-0.953275087225542,-0.630933039636608,-1.30818009698663
Aldosterone,-1.19874641295761,0.505080017158085,-1.19874641295761,-1.19874641295761,-1.19874641295761,-1.19874641295761,-1.19874641295761,-1.19874641295761,-1.19874641295761,-1.19874641295761,0.184179306473391,2.83015709880153,2.52067844507672,2.61629572138327,2.13232712772553
Aleuritic Acid,0.423120097940735,0.724957186796823,0.17243786596432,0.410335810346865,0.716975974783285,0.145692216173975,0.968826318018705,0.757224197262771,0.520161927689035,0.0281888780047556,0.509932301589888,-1.26316453815841,-1.03325884302318,-1.19877307484577,-1.88265631854379
Aminocaproic acid,0.4449090746201,0.502080178934692,-0.109151749378014,0.239859036783201,-3.50525497156597,0.315128685490312,0.644578039458703,-3.50525497156597,0.510331399523187,0.682499276297496,0.307308902370454,0.640329011399256,0.734399082820767,1.00455924023315,1.09367976457862
Amipylo,0.267719296774939,0.74735784134099,0.0936940792758309,0.886937089675614,0.997887723550881,0.116441123041499,0.702265397170073,0.579059037446353,0.4488987871322,-0.527335821701776,0.844799137070964,-1.46730170930601,-0.822935470246482,-1.1765242677014,-1.69096224352368
Amodiaquine,0.709160623729791,0.228961302693022,0.139230477462701,0.664802566737161,0.649144712991325,0.31642512219567,0.574636734081304,0.605798897287165,0.407793155057576,-0.934034501130832,0.241606095583786,-0.810021073874579,-0.601055735678146,-0.746063915038361,-1.44638446209759
Asp-lys,-0.166825753963725,1.08141710515707,-0.313160017480269,1.0544412498804001,0.625102556369751,0.479551870523774,0.712108799645487,1.29070017709083,-0.111004157273775,-0.714171610925576,0.528629533213512,-0.965046340593717,-1.02708765901831,-1.1247759485538,-1.34987980407165
Azapropazone,0.503884375317246,0.621160006204635,0.262858729966929,0.630754912229849,0.852877510727071,0.0288127550437894,0.735710124577283,0.710934606507008,0.686123174002426,-0.381984592134643,0.630006403998144,-1.49088095511577,-1.37753969182109,-0.397805082298729,-2.01491227720412
Azelaic acid,0.744075215520206,0.766689495320596,0.606656257417213,0.902026607446246,0.785498623852679,0.641043050030558,0.969920602272562,0.947456189548869,0.845266038133925,0.595983099688105,0.738963418930749,-3.97295779278494,-3.97295779278494,0.096094854546005,-0.693757867137838
Azelnidipine,-0.862079991505398,-1.14714853643891,-1.09081378925437,-1.05731991150446,0.000366701031595056,0.632169551552828,-1.06159674882796,-1.31514068256339,0.228367969145993,0.338030954164001,0.556296356825927,1.42252877757919,1.33958699089988,1.44307757455684,0.573674784338233
Bafilomycin A1,-0.403812193821719,-1.47868345841291,0.148141966163754,-0.751244388259072,0.256254691128414,-0.65942816520269,-1.2305068095378,-0.565727187330202,0.566337499115995,0.499288679161317,0.00495247890309503,0.17875351442757,1.34682238499445,1.3562166202131,0.732634368456697
Belnacasan,0.672674857368139,0.802869804099039,0.778322590084769,0.572653496191527,0.617861100292663,1.03458004600905,0.718315337414352,0.621873611612831,0.53658197695894,-1.13679173556772,0.529980904127794,-0.298804800981587,-0.123249552322648,-1.75037258150946,-3.57649505377769
Benzoic acid,0.264857354285661,-0.0819201980618224,0.146869794636442,0.231378816389594,0.402325303588254,0.356585550303439,0.726548728226769,0.214935505291595,0.312339711541756,-0.122970292655999,-0.10930132994307,0.264688602993145,0.172085881841044,-0.993812265182315,-1.78461116325449
Berkeleylactone E,0.348204945009082,0.462568741200136,-0.129384619097411,0.539302558265568,0.70382322275416,-0.0610009292390078,0.574430604264851,0.426178334167744,0.697983987531535,-0.257630804168267,0.481302292784834,-0.555961405994779,-0.422050852257669,-0.328122099907925,-2.47964397531283
Berkeleylactone F,0.565322287092124,0.742579275469512,0.569720820516672,0.73182012789747,0.436738915780963,0.178568075994593,1.20592082495432,0.640580466657587,0.406802714845574,0.0562140706280469,-0.00240279768971282,-1.19790604619584,-0.951491797388296,-0.85867811911725,-2.52378881944577
Bis(2-ethylhexyl) phthalate,0.767376977761234,0.582625006910018,0.665146695777287,0.78371007525371,0.832176588228448,0.721911686924353,1.02577948477342,0.732311941638694,0.802730248143313,-3.81899863393444,0.44886605529246,-0.629000119170948,-0.571125527552919,-1.10211343915748,-1.24139704088714
Bisphenol B,0.224892224977539,0.0089168965517638,0.306237471445734,0.846429818336982,1.13373431631139,0.516295793482479,0.801282387072177,0.814840231352805,1.04733335149505,-1.47897670049243,0.0437959925328065,-1.0101316690108,-0.945932973914177,-0.994640747578784,-1.31407639256253
Boc-Asn,-0.323528587439078,0.831069798906246,-0.406060845677444,0.870702972751656,0.297027152181761,0.224292027815346,1.29909171117313,1.03266320584734,0.307316147118804,-0.0417499156818145,0.340058332723671,-1.54507703377884,-0.650470703171347,-0.486631549685519,-1.7487027130839
Brassylic acid,0.585649949545642,0.779777092898899,0.429236673268053,0.726873287945688,0.837209320099622,0.396364638517473,0.787604021827681,0.82085344790369,0.749423836612523,0.255888110345035,0.76940011220256,-1.78755496309993,-1.69943410630698,-1.7427763858467,-1.90851503591325
Butopyronoxyl,0.603419850239575,0.658573032285383,0.615430125494998,0.713090819464095,0.714505079774463,0.546537470316252,0.979486320842454,0.82362908197134,0.948019890252325,0.657680723706582,0.522415255661607,-0.308327783349301,-0.310684316252097,-3.58188777520384,-3.58188777520384
C2-ceramide,0.248530811764618,0.123754033938871,0.0770656327560492,0.674039709504516,0.689801757147518,0.518679747266502,0.777516258048451,0.744064510581611,1.00410798007301,-0.131325020320904,0.698290554712755,-1.99760860510593,-1.36825868206232,-0.342716959548428,-1.71594172875633
CMPF,-0.481283383519917,-0.434852068054276,-0.87711144288222,-0.251526960504255,-0.0655640860668137,-0.424636112906896,-0.256811685786392,-0.0221580471825388,0.170285561337242,0.237305403419578,-0.261574876150783,0.656597833312104,0.591429896203234,1.20432702674126,0.215572942040672
COUMAFURYL,0.29964668305222,0.576617606683503,0.369430942991902,0.764074508349154,0.747733032772596,0.116877815680222,0.986949558004494,0.586245951137347,0.773906518531748,-1.11271385150373,0.750224404127299,-0.653898540619928,-0.543968816208021,-1.36948516373305,-2.29164064926576
CYCLO(-SER-TYR),0.6405359260011,0.0833987937237028,0.445824355519187,0.718176622706653,0.658983098133138,0.362226333210456,0.780572404519705,0.783160706562149,0.790294759763157,-0.712258436746326,0.530211184974761,-1.43562138265509,-1.2039715272741,-0.459445074900957,-1.98208776353753
Capryloylglycine,-0.439486955032163,1.14921829327564,0.0720312452195731,0.494874947621803,0.461872224318569,0.0765475356032649,1.52237203872673,1.10236352893479,-0.000207547226023192,-0.238556496092661,0.33743765032096,-1.07154565783166,-0.866916697027097,-1.02064870694792,-1.57935540386383
Cetilistat,0.370437196720378,0.193860678947758,0.141170487896339,0.712420849406497,0.427820763899777,0.69266787465182,0.455203878488074,0.308437406325672,0.700085287731597,0.0194445383894389,0.581292421489896,-1.53157203786283,-1.30793929703784,-0.358478802206926,-1.40485124683964
Chenodeoxycholic Acid,0.797471401523054,0.720291457700153,0.802301037564702,0.780746781976538,0.712952871832392,1.09969963534598,0.931156480735326,0.771505772518011,0.825686176968403,0.485440795610061,0.76004174521372,-1.29306317700758,-1.1441391192462,-2.1820076013007,-4.06808425943386
Cholic acid,1.10023190933813,0.450194683960433,0.742413252912217,0.613347632934189,0.614872121455467,1.19153140201721,0.59618903693706,0.444481417849057,0.526933058576403,0.29763815032907,0.430336536595648,-1.50832178927392,-1.291558818519,-1.83271789282195,-2.37557070229001
Citric acid,-0.775705065639534,-0.196436805811938,-0.927575006157857,-0.144459566621336,-0.592164571242692,-0.845967816431165,0.252486633772275,-0.181822695903496,-0.226760324978822,-0.51428259237094,-0.00798462131759993,1.40815557748537,0.882938691329054,1.60798772564621,0.261590438242445
Civetone,0.756650023801823,0.396415265223311,0.941316423951436,0.854147217546251,0.961267687043103,0.465050531186203,0.175040551837381,0.624157089738224,1.14626681114895,-0.00931544480924721,0.860782680548233,-3.0958224086323,-0.446358265415385,-0.533775754535685,-3.0958224086323
Coenzyme M,-0.713880275312316,0.515210110070617,-0.499625103214403,1.14513395068843,1.27931275781205,-0.708562252162441,0.65070357975697,0.878981161834681,0.895858896523771,-0.906761554557412,1.087223329954,-0.929993325673731,-0.765568674672397,-0.754483471207301,-1.17354912984051
Corchorifatty acid F,0.590763377967542,0.578636264960155,0.380866476238146,0.446187594978133,0.193539413724608,0.222136917947081,1.16814872708588,0.518836780178717,0.218343365262444,-0.176459778976204,0.153994118857548,-0.863130840532626,-0.891846068348904,-0.614243513481548,-1.92577283586097
Cucurbitacin F,0.306889093479244,0.912682650420952,0.101710099772214,0.892684792268082,0.864560677478754,0.0279193581837463,1.15065915875758,0.819414284362946,0.33276629698479,-0.315953075468109,0.891291271724252,-0.854859621684084,-0.437561025702169,-0.914670034567499,-3.7775339260107
Cyclopentanone,0.569345036132671,0.727149372031468,0.413903415100111,0.670757246288397,0.770203511773346,0.376449590186791,0.725982839189497,0.779265486416105,0.736849448835631,0.424574380532014,0.656129358880654,-0.904294020891761,-4.67448715725435,-0.489389041192981,-0.782439466027592
D-(−)-Erythrose,0.159363275777833,0.648390112259328,0.329014679666521,0.661394322387346,-0.241131123417138,0.563503865418837,0.563754755781932,0.649162262272756,0.12448537587999,0.191895301423753,-0.142629708414805,-1.22568609025545,-0.733281158750912,-0.818803938082914,-0.729431931947072
D-Glucono-δ-lactone,0.036271835543866,0.611086960299498,-0.693657974005262,0.489047981454932,-0.0633148644319813,0.487813756077132,0.972799703136584,0.458887853022147,0.373833943133489,0.155910487972652,-0.20762927379344,-0.285590359822167,-0.174832652389926,-0.283724471726675,-1.87690292447083
DIGITOGENIN,0.537155452196843,0.344723426045218,0.544126273193766,0.621011217079329,0.174968480123793,0.642666653578043,0.482137430324233,0.629627403808062,0.791886024253016,0.52105100202953,0.490466235755282,-1.26562679925099,-1.24727806741676,-0.424340603499057,-2.8425741282203
DIMBOA,0.375277560951462,0.253414547095734,-0.148244610120063,0.495148330922698,0.706153802479987,-0.232959273344598,0.357724367999424,0.644905007910106,0.341035414009684,-0.250367572153673,0.373039344936289,-0.640186129119414,-0.265727922038145,-0.0117789476309055,-1.99743392189859
"DL-2,6-Diaminopimelic acid",-0.507649661749208,1.06660020905927,-0.922202311667094,0.985276784043103,0.646325356105351,0.119466692519712,1.04917625604666,1.13902909145026,0.61462627290954,-0.540550489063886,0.597556392616298,-0.922791982137055,-1.07318560377713,-0.927492193400737,-1.32418481295509
DL-Ala-DL-Leu,-0.338653421492361,1.08952382155992,-0.817522935426023,0.937900133460787,0.702335803205031,0.00148949327579378,0.75134995356553,1.33345206220357,0.820984244187693,-1.01745992174503,0.628004336058477,-1.04035558160755,-0.878196242376623,-0.867255203374419,-1.30559654149478
DL-Citrulline,0.27804933338624,0.76915601346108,0.548987967809968,0.973278711909709,0.756571101408839,0.370546950422714,0.552374032371656,0.858932009866484,0.652496586421167,0.0823450008099796,0.760357434140577,-1.4075451494695,-1.89146390035355,-1.3173754219327,-1.98671067025266
DL-Glutamine,0.64023187792796,0.262138082831508,0.441640259385874,0.583694682765001,0.213434514737023,0.569886581028692,0.403816826874048,0.402904701347217,0.0812559256749844,0.512222990408207,0.198503938701483,-0.723783878387254,-1.13837518615354,-0.900674154827002,-1.54689716231418
DL-Mevalonic acid,0.193815535306272,0.558727037326808,0.475980675197499,0.695923951284598,0.643861200541625,0.467269514682437,0.74985547757282,0.618193617709243,0.455991494188497,0.132480692642366,0.608622825452927,-1.70729161092596,-1.23156373877236,-1.40152690192263,-1.26033977028413
DL-Ornithine,0.379355307628124,0.683186165680244,0.548862906788681,0.90380300253927,0.698860873600562,0.442253002769835,0.476019963815081,0.783120433066847,0.586234716090522,0.262567364519389,0.683678767549902,-1.51467221463959,-1.5870461463145,-1.56497936866204,-1.7812447744323
DL-Phenylalanine,0.700238368166276,0.340371456693012,0.522358828994615,0.691027085800643,0.416508808953882,0.4959913583347,0.427943987481732,0.513204991228571,0.23192019327038,0.186565442073399,0.369125487206613,-0.285826712761627,-4.60128577814867,0.268571117813349,-0.276714635106883
DROMOSTANOLONE TETRAHYDROPYRANYL ETHER,0.59940225910641,0.626575500449076,0.658766443907842,0.836589613197817,0.637290528516821,0.461146945202084,0.728162499241157,0.836989437861933,0.602305501606163,0.292422327969849,0.595772230786139,-1.18397115896263,-0.964830639641587,-0.565405251981008,-4.16121623726006
Daidzin,-0.763624924867326,-0.177188058192625,-0.883129291410649,-0.317715245358984,-0.205827759656724,-1.10773902963229,0.109555160736224,-0.00533010500369265,-0.330566927744444,0.290971049382378,-0.277907817246474,1.17781420631726,0.0904053649685056,1.47583465254668,0.92444872516215
Decyl β-D-threo-hexopyranoside,0.62072684689179,0.749808224247718,0.47854578647223,0.637979461796282,0.872525096982497,0.286953959564958,0.642163462767814,0.849166631231053,0.646170668530953,0.157388636474797,0.221001351037086,-0.531459624540791,-4.40789476415442,-0.466614123241612,-0.756461614060344
Decylubiquinone,0.214920496469922,1.19130925838348,0.445296883208572,1.01548249913033,1.16369825086357,1.03541580629,0.964539676641216,0.658647961264013,0.329006958826868,-0.230710274559566,0.351216446434948,-0.466827100447162,-0.228530302271197,-3.2217332801175,-3.2217332801175
Deferiprone,0.521897649326361,0.472268739231228,0.331315577206171,0.531019887819382,0.55250480997827,0.354762071966297,0.39757340628768,0.584885242671889,0.422176758712873,0.162000668362718,0.444711459747339,-0.182991789531562,-0.0365780985635319,0.0978843644586168,-4.65343074767372
Deidaclin,0.084116173359314,0.624230872247613,0.0850560885665854,0.681473892097369,0.791560332571502,-0.0732081872245491,0.607839299855355,0.775096117021426,0.348309268342877,-0.513691892531824,0.620219178744514,-0.372756353067304,-0.469074057937849,-0.487430894849789,-2.70173983719524
Deoxycholic Acid,1.01746955796082,0.861357329379548,1.00668464986815,0.878749514483384,0.97016973791379,1.03177671305926,0.953499324361041,0.934573956302162,0.926065289905994,0.788020217286024,0.921784341404874,-0.880784329231343,-1.32933594215695,-4.04001518026838,-4.04001518026838
Deoxycholic acid,0.939051010823807,0.746796245991593,0.920231189685936,0.830737944222475,0.919401979382043,0.975764441671307,0.839101990534381,0.850075948597883,0.799941936764415,0.576234899724647,0.835599670223245,-1.63422001232791,-1.47902923004683,-1.8760204655895,-4.24366754965747
Diaveridine,-0.536140399702394,0.276740893455417,-0.379003642039098,0.561277737543846,0.669611004159753,0.459396878316954,0.620255696173157,0.759047431329156,0.430707834610637,-0.313225327484403,0.187443295469072,-0.428894439428905,-0.413399316874119,-0.50179434130548,-1.3920233042236
Dibutyl malate,0.444336095509133,0.735269922959528,0.287690187306293,0.628325988882851,0.760140501514221,0.24836171213573,0.6991105355588,0.705214431848992,0.646877668535723,0.0978639764247456,0.590019849439073,-1.1246229475659,-1.67457177612886,-0.228097930286412,-2.8159182161339
Dihydroartemisinin,0.74606846039189,0.946425841811377,0.428870905121557,0.715374421156923,0.559645820059105,0.196222506833565,-0.298522813589458,0.833262468319346,0.621321213582121,0.263647639334131,0.662205137829668,-1.51397211077228,-1.29238208343676,-1.2419176518577,-1.62624975478346
Dihydrokalafungin dihydroquinone form,0.0382230784749105,0.759291220710088,0.374265440170877,0.978917908085642,1.05416540637809,0.213165047484317,1.04003044448199,1.00699209250024,0.976388512918124,-1.00067507409053,0.889138117339158,-1.43962254378316,-1.36464732486523,-1.55114309431167,-1.97448923149282
Dihydrostreptomycin,-0.355489180148531,-1.20599675768727,-0.751745608956985,-0.906722422153578,-1.31016375359893,0.635925487540378,0.26166194004078,-0.838840373139401,0.428951385641293,1.15009399746851,-0.456230059257254,0.955798249426889,0.601793969409447,1.25101084025387,0.539952285160781
Dihydroxymandelic acid,0.00904935984322983,-0.984406323403885,-1.5360591531872,-0.849166002179641,-1.43275495815355,0.584272981421785,-0.791345963383574,-0.918779277736323,0.249387295009749,-0.208807296038289,0.204327981154135,1.3070802135249,1.40856958567341,1.76520075433279,1.19343080312246
Dimetotiazine,-1.06038053635646,-0.769265679160201,-1.07891400633953,-0.711327240997401,-0.598539360977134,0.679369247457298,-0.496694214319561,-0.502222810717858,0.278400085524995,0.726256293372428,-0.75764366502749,1.31746571400234,1.53019856573607,1.15613787536572,0.287159732436787
Dodecanedioic acid,0.618437783786044,0.755636107387157,0.45274807342392,0.71763017455494,0.784473142630298,0.353847073793076,0.813866516619006,0.809856427405268,0.735386504872746,0.27293869011347,0.731201393812715,-4.6581773977561,-0.311498996700164,-0.953474491323122,-1.12287100261925
Droxidopa,0.0901987685931181,0.30191309572646,0.0392615168574107,0.557451085344019,0.805971634736903,-0.42673607497602,0.638032179651511,0.752319232242493,0.204405841919108,-0.526822146201007,0.498134317395992,-0.522777011259512,-0.259794744526262,-0.820819309494524,-1.33073838600968
EPERVUDINE,-0.972413970731913,-1.03890628092205,-0.945873835585551,-0.868170092194079,0.222402527769825,-0.773868287570661,-0.28692626403329,0.219431300430056,-0.15225183733707,0.187021229926699,-0.268160739548169,1.20768734512901,1.32582575252148,1.28905973337187,0.855143418773849
Ecdysone,0.843067250703827,0.549568813311992,0.542665206692754,0.70405861047686,0.698563371602703,0.869188662576352,0.77006975950455,0.922798079120411,0.837040028610047,0.491473272062268,0.465792009613824,-0.573830495983435,-0.320885771798982,-3.39978439824659,-3.39978439824659
Ecdysterone,0.597328859041214,0.441397635140418,0.726866218900068,0.628897804900242,0.715710183103629,1.0686061207008,1.03548343509415,0.551693857662591,0.779526446499579,0.0366353789254273,0.540969060063584,-1.05960899586986,-0.670145732212444,-1.56440229472442,-3.82895797722498
Eicosapentanoic acid,0.324540429174642,0.0416876327147719,0.492074323418406,1.08718872149095,0.732652986757998,0.245292039851155,0.0675044366547261,0.514647719783974,0.793201362355192,0.474135517661527,0.257220926996586,-0.381228589011107,-1.37282547505608,-1.03479198490869,-2.24130004788405
Endralazine,0.590424606612974,0.440278734250037,0.397515824755877,0.556858384225782,0.732261770615987,0.365080104619769,0.494948859001288,0.513441590021322,0.500145164092947,0.421321481982429,0.50579253344802,-0.192394410424918,0.221770115321968,-1.33310494397356,-4.21433981454992
Enterodiol,0.890004436247403,0.26643769109074,0.212873784919574,0.400661432430971,0.685644161739113,0.572866671081699,0.670781468736715,0.407950263129728,0.612846677203103,0.239219577208776,0.201212302275217,-1.13811403754359,-1.08775945912131,-1.12474492185066,-1.80988004754748
Ethyl 3-(β-D-glucopyranosyloxy)butanoate,-0.703362450797935,-0.545817636709835,-0.667921191535048,-0.589299099188756,-0.145095945685296,-0.426681522468488,-0.967530623510222,-0.93765819999632,-0.258087670719682,0.577578425926673,-0.649396131004956,1.50359016760811,1.39653404406932,1.40197563781282,1.01117219619961
Ethyl malate,0.195705301564955,0.481972474961253,0.0885936642944126,0.641976578217622,0.785492299041238,0.0745170051177599,0.810427729704592,0.866865269277194,0.631015873849,-0.208108074042071,0.50911890274741,-0.787733628663549,-0.77436826977807,-0.491212576121981,-2.82426255016977
Ethyl sulfate,-0.725740873449197,-1.04013300174777,0.108673287101644,-0.738697429196357,-0.420932974169033,0.447817963370958,-0.617337722615707,-0.846175446842554,0.458507576394357,-0.336199686048163,-0.134409015744486,1.36312774072728,0.840573412583224,1.01221880090813,0.628707368727653
Ethyl vanillyl ether,0.354223330043372,0.740406118245832,0.44577147630988,0.705709965167876,0.741732301304587,0.17752481599881,0.943723681710259,0.929184699399914,0.625852211283193,0.273880202353805,0.689685027230467,-1.57131958563061,-1.44402503175208,-1.59907803404375,-2.01327117762152
Ethyl {2-[(2E)-5-(hexopyranosyloxy)-2-penten-1-yl]-3-oxocyclopentyl}acetate,-0.821922345676073,-0.831650220082659,-0.879427502013816,-0.834258248974934,-0.821539324212804,-0.541595209882957,-1.12020557285745,0.139694210624913,-0.237300496529877,-0.413373306987839,-0.0673608871663428,1.51040141227336,1.64370711770143,1.68272058302355,1.59210979076149
Ethylene brassylate,0.847244223092613,0.590374674924003,0.660789291949317,0.596454744618378,0.507547921889697,0.818904187062319,-0.19528303154435,0.474465472453257,0.754991901339447,0.758152615006579,-0.206394685560017,-0.474224886960023,-0.29669337723112,-0.839374534452469,-3.99695451658763
Ethylvanillin propylene glycol acetal,0.382179236840592,0.700851494198231,0.807137661783069,0.349295287705617,0.696997563665179,0.383973502080347,0.725352908681692,0.878104773050319,0.382858958339907,-0.0306850086885348,-0.530803371506023,-1.07185107028969,-1.01174311879698,-1.11009553519685,-1.55157328186685
Etonitazene,0.0782096967732197,-0.338576147229035,-0.623900809730227,-0.92054072008544,-0.388427963136628,-0.190715294952303,-0.480514279573726,-0.40005857617498,-1.15338746576973,-0.225587080003098,-0.408537344348854,1.21252541581698,1.55007142365823,1.47304653176253,0.816392612993048
Flazin,0.501464315361865,0.291922284802459,0.34541489057367,0.54195652663139,0.525979376839483,0.292588360703794,0.646642609076732,0.547605141608459,0.623353700050618,0.20759981974662,0.607764106327374,-1.21350757652625,-1.86850832274377,-0.392994384675085,-1.65728084777735
Fortimicin FU-10,0.759565081091643,0.600545586129717,0.733779864989383,1.07922020214244,0.17027691634881,0.761328538766007,0.654578609230735,0.633861240090665,0.293186926778442,0.647509054110822,0.423790030769227,-1.66610264002803,-1.47659287582241,-1.51846813954437,-2.09647839505309
Genistein,-0.547852053201876,-0.72891338918035,-0.316821353255574,-0.296862821512073,-0.250276346928048,0.0422039594149304,-0.886720818693332,-1.19485722581788,0.550203642432768,0.0396353206361319,-0.0210259634907558,0.933830221856674,1.02200563448242,1.03758806676892,0.617863126488067
Geranyl acetate,0.696416361910206,-3.37329442494766,0.42987814558166,0.520890185445867,0.284573844264708,-3.37329442494766,0.297567768167594,-0.354815316594262,0.632718020616464,0.778648869538044,0.883939276679671,0.31724900535459,0.88635868836419,0.801435354770833,0.571728645795749
Germine,0.434896133350341,0.633435023498514,0.529752609059181,0.818084181519963,0.834295489071615,0.253087122472951,0.906976708878225,0.625496227642921,0.707696546248717,0.185562250368724,0.668916883604177,-1.34470505417004,-1.06820915813329,-1.73497891758211,-2.45030604582988
Gibberellin A4,0.462871903685445,0.861744896212149,0.338649525682621,0.212336709510915,0.842391208322844,-0.237099208284228,0.961341197317958,0.946228343397357,0.711177226325048,-0.117742787210418,0.217777307908841,-0.739028202784422,-0.554725455604228,-1.4930096969425,-2.41291296753736
Glu-Gly,-0.697348569833653,-0.136813274653856,-0.855209885624262,-0.187585455662826,0.218697933934328,-0.108990071232349,0.0679981892952563,-1.55472298556833,-0.486487356748765,0.81650464248565,-0.334970316347744,0.79660825918071,0.824655530719533,1.18249504984267,0.455168310213651
Glu-Lys,-0.541864915373566,0.98058842969784,-0.874981548276178,1.04332525772551,0.808652162546015,0.110075070808283,0.936245209503253,1.08928425244155,0.648739857143586,-0.302376781067614,0.514940145520903,-1.10251259963184,-0.936909115667491,-0.925740682639058,-1.44746474273119
Glutaric acid,0.678790241362601,1.02024066971832,0.745062862071439,0.989567108703723,0.823039727925646,0.718330824145784,1.08277145846128,1.05612672036113,0.915743649527573,0.520627043676583,-3.1516490504873,-3.1516490504873,0.362153804234074,0.542493041273739,-3.1516490504873
Glutarimide,0.900038451950858,1.1107051586973,0.924686138339792,1.01695479614345,0.246158619115685,-0.119833972055249,1.33527919079723,0.92392534224281,1.04438608222231,0.366044662131206,-2.69276723589806,0.494531257673576,-2.69276723589806,-0.164574019564791,-2.69276723589806
Gly-DL-Phe,-0.213872644015823,0.728915375858335,0.0363176820744846,1.04183250352534,0.707874686556979,0.610097511807219,0.576529547203823,0.831821915125198,0.488451572569339,-0.417063809912511,0.714004482247841,-0.94063729101572,-1.90413859195426,-0.884337192130112,-1.37579574794016
Gly-Leu,-0.394736045367844,0.968832488214243,-0.2956194848243,0.783160603869901,0.589780983375687,0.00867529494763461,0.793023822050878,1.01213551984369,0.566007990013664,-0.456884862849482,0.471850890205551,-0.878057487716494,-1.01002407947626,-0.634291895511609,-1.52385373677525
Gly-Trp,-0.426045640769177,0.844955307866279,-0.394922664992371,1.21728086270822,0.932352096889584,0.136941976800754,0.913075492118218,1.05312483604082,0.765669042016801,-1.26171055931074,0.856520412015444,-0.962203410257205,-1.27748220523976,-1.07119920062929,-1.32635634525757
Gly-Tyr,0.292365342202262,0.910255991983124,0.48795840858355,1.15619711039465,0.951736978026619,0.855859709296781,0.933795711073055,1.01874953243959,0.751658481803935,0.112167555195751,0.843323334862328,-1.35433944293566,-2.08087802937641,-3.83140029068727,-1.04745039286232
Gly-l-pro,0.0429351279534431,0.343301522430543,-0.308192072929291,1.25706760784686,0.880310056670573,1.35121628364126,0.548996535324214,0.0903499255934063,-0.515506116596749,-0.330493512414594,-0.123086332069009,-0.660611317997241,-0.625868029579366,-0.820922368274012,-1.12949730960004
Glycerophospho-N-palmitoyl ethanolamine,0.371737072540137,0.597149716962378,0.280253343578211,0.642087240449794,0.606921965284078,0.0301352734242045,0.835538138911779,0.64596965742658,0.515517766955674,-0.827688401485182,0.428992441290307,-0.797477509165406,0.272593745311815,0.279532141878412,-3.88126259336277
Glycine,0.613598656443312,0.255491296351372,0.556801830486851,0.691746786041083,0.480549839318668,0.345210691460748,0.302890688635736,0.293010832181317,0.00371200569195518,-0.0287405208530051,0.267120276910067,-1.27099538650337,-0.759257629220338,-0.434846846919038,-1.31629252002536
Glycol oleate,-0.28935791412737,0.346284037847091,0.45754340956583,0.805186789205224,0.553824163741552,0.334300093925939,0.553665604423801,0.849260444355156,0.8840570551324,-0.233727327261893,0.779612567047976,-1.30021973617854,-1.22950089708066,-1.16476059488395,-1.34616769571255
Glycyl-L-leucine,0.232092968608736,0.648333040018631,0.212522502583064,1.00695550517432,0.750428392617628,0.599838051455922,0.243075987299247,0.882150804965958,0.534187046548705,-0.0199173869191162,0.563269807315274,-0.086196052956558,-2.14903136601095,-0.574239203469243,-2.8434700972316
Guanine,1.12635869411847,0.348137940372064,0.99531081217694,0.45205269982128,0.147752748380178,0.902764494352221,0.812224207669418,0.541626191959421,0.381656130024423,0.67585470174645,-0.135893312182904,-1.37623765774599,-1.50630271032485,-1.27534267246052,-2.0899622679066
H-GLY-MET-OH,-0.183303939880284,1.11682465258682,-0.277380879472605,1.23151649058857,0.930183215418202,0.633727664931446,1.01152677100519,1.19871652376159,0.539815081922796,-0.736976539597237,0.769875937166476,-1.59016947693215,-1.52875503185632,-1.15889130169389,-1.95670916794862
HEXAHYDROPYRIDAZINE-3-CARBOXYLIC ACID,-0.991671009772012,1.08103422747822,-0.86899953187045,1.000697805561,0.665973260712969,0.146425114479892,1.06382109010739,1.15259021614337,0.634682233079451,-0.500533354224833,0.617833257619918,-0.869562839424585,-1.01238669698596,-0.874052073656709,-1.24585169924767
HU-210,0.503431576932249,0.666047769914772,0.48883216279887,0.599022173224727,0.664141639750781,0.230454328266936,0.796126098306966,0.731961335754791,0.608452649525601,0.153800946488031,0.574975511354112,-1.22115458246829,-1.0293534545855,-0.771832537881153,-2.99490561738288
Heptenal,0.429695247533131,0.676522676249772,0.326102339164034,0.693023060631302,0.682969482497774,0.31335829937855,0.766511997089779,0.809212993340968,0.670263716845967,0.214721700014647,0.500416364968795,-0.761965833678124,-0.555687010368779,-0.367308984958793,-4.39783604870903
Hesperetin,0.739928936666494,0.644674690599813,0.552537734792648,0.88456789472162,0.925045087365353,0.388935741482183,0.878488110015233,0.756987856306732,0.719320147966551,-0.143219049810756,0.700053213787631,-1.67998343463844,-1.5806162580544,-1.6628979616499,-2.12382270955073
Hexadecanedioic acid,-1.57229719241806,-1.57229719241806,1.76613754090374,-1.57229719241806,-1.57229719241806,-1.57229719241806,-1.57229719241806,-1.57229719241806,1.62638969346871,-1.57229719241806,1.5032786418186,1.84347956225822,1.89289966887074,2.03627058540872,1.90992184661572
Hexylresorcinol,0.434141968081354,0.634345002910097,0.228918941348446,0.616418842494034,0.787338277682538,0.122883787406432,0.707983059588343,0.75310267667456,0.609067554699464,-0.1119378069528,0.613357181554522,-1.37532700179951,-1.24267923856993,-1.18129307226553,-1.59632017285202
Hippuric acid,0.0691520282521636,0.206069643800471,1.28249765951351,0.0754148646321291,-0.101279793837798,-0.200124508070566,-0.241034018243655,-0.246662546039592,1.68820260006371,-0.449060795204362,0.485335403948711,-0.828003066740145,-0.66942541809798,-0.299451490401571,-0.771630563575055
His-Leu,-0.160086950983535,0.970686390294084,-0.568535441454186,1.26038882264784,0.825715093493341,0.0978616717636608,0.982823280585677,1.18474227934661,0.54521645709542,-0.723475477337528,0.743770280469881,-1.20212088557508,-1.26298159090268,-0.864563188899919,-1.82944074054357
Homovanillic acid,0.192142182231389,0.562863412748253,-0.485164080562104,0.581870735564021,0.621088809276262,-0.411859476958354,0.383910538907904,0.757519400664921,0.50673024114882,-0.861037972556196,0.369457162239249,-0.299363155964487,-1.10803592391297,-0.671669997150058,-0.138451875676678
Hostmaniane,0.526926494215856,0.438412967466034,0.0996178735484445,0.504735962336068,0.635186000878483,-0.00484091411753571,0.489647258198784,0.538654161525123,0.665030442100423,-0.118587478009611,0.624493812655297,-1.0823654630287,-0.571854005881767,-0.112812423872255,-2.63224468801464
Hypoxanthine,0.370427118068244,0.826943028694065,0.335967351892278,0.446207427591897,0.354906842699998,0.276862531983661,0.980367173261322,0.732213918085951,0.27557358680883,-0.0328624404603202,0.191837572411306,-0.766700085505874,-0.781155732732294,-1.53339553514119,-1.67719275765787
Imazapyr,0.743629120224887,0.538845762677408,0.652713223434854,0.705009922091761,0.616381073635118,0.701237906355715,0.390339432586431,0.649051041447125,0.732083539595744,0.563749941723203,0.562966186640158,-3.71273127709817,0.271762087870245,0.297693315913695,-3.71273127709817
Imazaquin,0.272988505979323,0.148427077336524,0.0787714903438088,0.535952289415287,0.649041164977635,-0.206274345889941,0.517896627188793,0.573641849926031,0.629816961015544,-0.351028137192117,0.597669056479094,-0.620032110983885,-1.10622471520027,-0.241590739594056,-1.47905497380175
Imidurea,0.449011526579059,0.651959583107437,0.293785082096148,0.666124892052847,0.94302016795189,-0.439918390985464,0.523820179947006,0.759516099205739,0.457549233566589,-1.48256915865692,0.492828216325374,-0.597539117244829,-0.320473672978568,-0.981094959321671,-1.41601968164462
Indoleacetylaspartate,-0.545469525583056,-0.546250032432296,-0.729658675029734,-0.461991915978261,-0.515132070880806,-0.59876299282651,-0.304250454021047,-0.27364001754648,-0.71165506617041,0.0285202425927032,-0.604748199643026,1.43437487873378,1.31936879046235,1.61468068006093,0.894614358261859
Ipurolic Acid,0.977288855605208,0.331368688741697,0.444248121094908,0.566377282993186,0.495660228441595,0.427173190524818,0.551935592115552,0.651958101865139,0.950886030116298,-0.291409190383227,0.678404476531318,-0.662152911886596,-0.431706304868754,-0.650758435746876,-4.03927372514427
Juniperic acid,0.973228682785806,0.861035552394361,0.79869059131488,0.845243558097373,0.819517605605664,0.688430652189979,0.939319525074638,0.87985274765079,0.928479388530566,0.638230036490558,0.90181691971473,-3.08891039624732,-3.08891039624732,-0.00711407110737755,-3.08891039624732
Kynurenic acid,0.775482286594363,0.808245063537958,0.589753409696263,0.860727681443271,0.935926862986852,0.499288204094697,0.869646365775163,0.827587843140035,0.783829264839323,0.401273512174084,0.797249320207317,-1.6100899716494,-1.12522286053254,-1.33440016048107,-4.07929682182629
L-(+)-Valine,0.683112544169424,0.573959721566983,0.492988714227395,0.875873618336744,0.538369804523708,0.740579073746011,0.576778289099542,0.66781981924467,0.509356786695548,0.522129935143944,0.413094515488921,-0.754067439053492,-0.917978588871242,-0.54130684173189,-4.38070995258627
L-(−)-methionine,0.510260316804603,0.761060852024636,0.512418903385644,0.818195741110847,0.614653441273249,0.719578080117313,0.633164717053062,0.756420711955159,-0.120707597262651,0.035255797508553,-0.0890739961284003,-1.38740964781204,-0.783009474357303,-1.08916832896833,-1.89163951670433
L-Glutaminyl-L-Leucine,0.104467043209485,1.04011371969963,-0.151323220589414,1.12238393986557,0.830237035200459,0.290833061680621,1.33731615307015,1.27401891996343,0.754376670571982,-1.63027823445182,0.808153374716948,-2.30363653024499,0.126853894612244,-1.67666016127583,-1.92685566602847
L-Proline,0.55990684369476,0.39205366883091,0.297491806243128,0.449256389053681,0.372656319221925,0.637823746510928,0.468130909722284,0.433073814412381,-0.182589501909645,0.369932068042345,0.304211199019207,-0.275524624900922,-0.13926737486888,0.0190977490774258,-3.70625301214952
"L-Proline, 4-hydroxy-5-oxo-4-(tetrahydro-2,3,4-trihydroxy-2-furanyl)-",-0.962660856131182,-0.769463382123742,-0.919864101908535,-0.417932480031999,-0.493402385905778,-0.401803232730746,-0.082125661210694,-0.186808675024453,-0.552812320785447,0.264512219641298,-0.618036673562004,1.27944844164057,1.39699193918842,1.42625742827335,1.03769974067091
L-Serine O-phosphate,-0.226194315057726,1.28220803950968,-0.224201817346667,0.614178859433325,0.599903242979689,-0.0351375898050455,1.69494815557167,1.14362583529411,0.534346742901229,-0.471653524227236,-0.0189107744154005,-0.467828135614344,-0.407058765713885,-0.426972373615094,-3.59125357989431
L-Tyrosine,0.675451101987475,0.105216127472321,0.372694328481458,0.612965417186026,0.117676275215942,0.520453430309793,0.3416020904148,0.316272786276143,-0.0757690750096438,0.0704542420883808,0.0362558700848174,-0.473439884668424,-1.17317756584468,-0.280750019022038,-1.1659051249724
L-homoserine lactone,0.243881333899105,0.46885353092931,0.377588665788402,0.682479520860021,0.332421552803077,0.359418397058409,0.365347004659912,0.280413912377713,0.300237274661977,0.211245273217827,0.288302767920126,-0.433608939275125,-0.986766776264317,-0.38486406791275,-2.1049494507237
L-γ-Glutamyl-L-leucine,0.231689531300943,0.891682561097164,0.150032934088555,0.886563425391475,0.623573305316103,0.4181769545795,1.03723418621185,0.951015470586282,0.631396928704303,-0.0953001031512697,0.563398886246348,-0.285263050426732,-0.36933158874780603,-0.998263677574954,-4.63660576362177
L-γ-Glutamyl-L-valine,-0.274477002671262,0.920815878252998,-0.453479846411968,0.773141844051812,0.439395324565971,0.167860169629956,0.973231689516506,0.813135897867197,0.271954208912256,-1.28428143584276,0.31161779995717,-0.783567583242613,-0.754612107165413,-0.0823589502452513,-1.03837588717461
Latifolin,0.479216664817552,0.353903218320579,0.541769196196702,0.872458782889458,1.06906384491955,0.641413240059933,0.828051381082592,0.84656182654268,1.04634392778128,-0.258096763541461,0.528630848649839,-1.59635879956395,-1.49852028090229,-1.79428207161697,-2.0601550156355
Leu-Glu,-0.422012664298886,1.04906165554228,-0.289867155609263,0.978481923026747,0.715766950121377,0.210040282617574,1.14583621229655,1.06450013385096,0.721577125364274,-0.863381064687333,0.615193350345653,-1.32514013240975,-1.16763423026618,-1.15702335514933,-1.27539903074465
Leu-Gly-Pro,0.240653958355488,0.663681498800218,0.0304540974886663,1.07096603858733,0.79555348973856,0.688975370640835,0.636652508909785,0.818187806503165,0.538772986437352,-0.459184874474779,0.642885577815736,-1.40353511308575,-1.47855635762574,-1.25228485359322,-1.53322213449763
Leu-Leu,0.0169729708559689,0.968302035596581,-0.202380423960839,0.786877640533844,0.320942201467483,-0.187765037643885,1.26543001169711,1.1740188744541,0.449046662325554,-0.34392182754362,0.33209569600298,-1.15668590527553,-0.696500461999848,-1.13974193863257,-1.58669049787731
Leu-Val,-0.403807509324755,1.21778894512068,-0.573700540572841,0.980640643486768,0.473430119448157,-0.324460480661775,1.15831382203646,1.19994734895642,0.451799221604348,-0.697830014222447,0.536661981147113,-1.00791905329016,-0.67354920729998,-0.956466603789306,-1.3808486726387
Leucylmethionine,0.438423892488463,0.813558489867079,0.2272865298128,0.626428414044076,0.308244811819866,0.0555309906294924,1.3113642157786,1.14757506821916,0.426822183627755,0.0716661675751016,0.277571707813969,-1.30526355135348,-1.16770475234349,-1.26013495911351,-1.97136920886589
Leucylproline,-0.383444568088197,0.891696306002888,-0.404555654624067,1.00835145510588,0.824255871224986,0.452832540290044,0.84051852895499,1.03325352292006,0.18393137210771,-0.595046712285574,0.454934775348177,-1.49288883743983,-0.294564507636245,-0.991485493836799,-1.52778859804401
Leucyltryptophan,-0.163886960400794,0.976677840201772,-0.512002012236299,1.01849713588918,0.495153752637543,-0.275706582685516,0.790206475293443,0.901107309952466,0.787209698057341,-1.45151519482928,0.827016385133025,-0.360299539517879,-0.990892920246867,-0.998225913719598,-1.04333947352854
Levobetaxolol,0.785801965575833,0.316694322523598,0.875202343273952,0.211451872637519,0.560755967039144,0.909351620731829,0.760500665529996,0.227862769727645,0.469905599048185,0.342416954282061,0.523093985377602,-0.812296054389708,-0.620206668489468,-0.717468693494974,-3.83306664937322
Lexacalcitol,0.300446165399052,0.774212395628937,0.652445619773124,1.13348748138605,1.04113797186373,0.149668714191117,0.926940330414822,1.1467843483499,0.805001357440894,-0.230509859497643,0.668152427663818,-3.25684852220645,-0.401809781881449,-0.452260126319435,-3.25684852220645
Lipoxin E4,0.280847970672051,-0.822483757429446,-0.772050574360586,-0.890189650608105,-0.893910533697935,-0.501859266754399,-0.771927757373744,-0.99436101097261,-0.740787974200721,0.937593755774642,-0.850705217341274,1.62620070832697,1.7138576136375,1.64677344238694,1.03300225194069
Lithocholic Acid,0.579819993690566,0.578114041535185,0.615906052762813,0.766456585751272,0.814432160527465,0.315921771052748,0.952754018992814,0.799159731377762,0.782573395185749,0.0210092299396543,0.725622395630812,-2.10923299490783,-1.4064459778468,-1.25946986623377,-2.17662053745842
Luteolin 7-sulfate,-0.677916693179804,-0.699271350682458,-1.88321288865338,0.33802777308913,-0.215236576805075,-2.03446075830165,0.705571757938353,0.37696995854379,0.243078056056324,-0.333268198276552,0.609395753816765,0.953171077143656,0.775405535392898,1.2483841604793,0.593362393438702
Maleamic acid,0.216643359826304,0.484099907611289,-0.29991997422932,0.484314468543553,0.391357673393612,0.649968674359771,1.05242046274368,0.676437751439698,0.386450922705117,-0.942991676067321,0.171886582593958,-0.467201954747452,-2.06179819896163,0.00121502254762557,-0.742883021758889
Marimastat,0.192982117493206,0.954777219222284,0.0122604632246396,0.990434164753146,0.578624415124828,0.261786121105283,1.35010194812152,1.27073336372273,0.699372077737316,-1.04933445936029,0.569923035429515,-1.3701902414669,-1.20433559424062,-1.2442621675739,-2.01287246329274
Medronic Acid,-1.78292282618421,0.246143597092944,-0.797853649120243,-0.377476222757777,0.0993261175491377,-0.62165557847761,-0.713045773567953,-0.0514390937670695,-0.376150688024978,-0.149219736723978,0.442845813764001,1.12881195376864,1.08020652364105,1.08752956484808,0.784899997959935
Mesalazine,0.357084409261181,0.418068338945956,-0.296158280679977,0.586790127279811,0.566480618821837,0.0802206912222918,0.71989959448314,0.755664962690276,0.488052523969067,-0.57293273120631,0.438998410843674,0.0961009834793323,-0.6218514290609229,-0.341169612664091,-2.67524860738527
Methionylleucine,0.102446801991061,1.112423071032,-0.305508874886132,0.930006791576627,0.521295318206112,-0.0259987781466941,1.44867488226225,1.452017928805,0.516049387663761,-0.573562486752404,0.286074727560459,-1.26566239036833,-1.18249163462015,-1.21302178218827,-1.80274296213528
"Methyl (2E,4E,6E,8E,10E,12E,14E,16E,18E,20E)-4,8,13,17,21,25-hexamethyl-2,4,6,8,10,12,14,16,18,20,24-hexacosaundecaenoate",0.69475707422252,0.821111977137983,0.480444425023595,0.663561837355692,0.621552319386398,0.520030611738099,0.549365139672001,0.933375821907147,0.850735574726438,-1.4131675051648,0.393130274563025,-1.07671950670627,-0.922361356037805,-1.24581381686812,-1.87000287095589
"Methyl (2E,6E)-10,11-dihydroxy-3,7,11-trimethyl-2,6-dodecadienoate",0.874681231936205,0.0844133928184117,0.442676006159066,0.535286548123125,0.468629432983914,0.627730328484339,0.647540860078595,0.77801674352172,0.50643770389586,0.598670959534099,0.122065622315935,-0.369959696298791,-0.602218724752837,-4.10825352020752,-0.605716888592124
Methyl acetoacetate,0.388593383796151,0.50740839239969,0.55208816049484,0.677471220095005,0.641539904180719,0.56818935029912,0.635714137777633,0.575390573709421,0.533699988050269,0.310438622619288,0.584727620648856,-4.87834166342234,-0.403788867786756,0.0372717110659942,-0.730402533927892
Methyl mesylate,-0.588178210098897,-0.275367401244065,-0.452306192243858,1.20090384813748,1.15312169515922,-0.457220435882909,0.251267235004183,0.925982441887122,1.33047343637483,-0.674825438516879,0.541010501153674,-0.708291225055769,-0.597658138160883,-0.580040685699383,-1.06887143081388
Methyl α-aspartylphenylalaninate,-0.117530764314079,1.1156953637535,-0.280984244453211,1.06678361086956,0.675733144616644,0.145454074994218,1.29054668252223,1.22468314844057,0.663670714185325,-0.449603863753595,0.424984415612702,-1.50476920194815,-1.26592243841583,-1.37367586651151,-1.61506477559837
Methylphenobarbital,0.210231787126221,0.0897565319896624,-0.151822281345895,0.418885593514013,0.615534276580348,-0.237438383931551,0.634115853244664,0.637026900844065,0.244380216483762,-0.580529474023108,0.389369772342664,-0.473880498085476,-0.603621328380862,-0.0045343878670352,-1.18747457849148
Milbemectin A3,0.404563818613823,0.562670664267929,0.489980325646374,0.750341364328494,1.06543321844178,0.812753146350824,0.807857027116293,1.02471870747672,1.02515222303561,0.181180394429047,0.853961822482057,-3.61396021591453,-3.61396021591453,-0.382424304556376,-0.368267975803526
Mimosine,-0.24268730379984,0.247570328177744,0.121002292598335,0.818530926041075,0.915313401050578,-0.438368195215536,0.85209994030987,0.984057056753053,0.810049201722679,-0.466370022201285,-0.235501628469937,-0.499703774331132,-0.984551303808146,0.128751196359763,-2.01019211518724
Mitoxantrone,-1.31922449599798,-0.772027936543434,-1.09856657855337,-0.682409263032573,-0.816287629254691,-1.02453552705342,-0.502914213835524,-0.607509327852769,-0.94972525264692,0.225693312498048,-0.91168347902885,2.13636463152448,2.21776966645724,2.21977759751573,1.88527849580403
N-(1-Carboxy-3-butyn-1-yl)glutamine,0.89760313076306,0.583781211601733,0.755795201919084,0.897017019767238,0.654819234837228,0.826392468944294,0.875556187933421,0.914511721100464,0.486258674614858,0.558614559697363,-0.326674637832377,-0.492082836787683,-1.26988244572258,-4.12776871854238,-1.23394077229371
"N-(3,5-Dimethoxybenzoyl)glycine",0.781973026841851,0.692225146641275,0.451235962133801,0.606946508415328,0.161883901659278,0.261356729947777,1.08171938463661,1.13236728200424,0.914888166244393,0.270929332279166,0.673042817254782,-1.60612608928206,-0.614712555389359,-0.771201537315932,-4.03652807607118
N-(3-Hydroxy-3-phenylpropanoyl)glycine,0.168788671908883,0.521190053938328,0.0527063175403932,0.550205669008633,0.284585116798621,-0.0877915852629668,1.0199412376449,0.280647234985923,0.304742384623057,-0.342157899282146,-0.217595582663758,-0.844617715720319,-0.0316315317620764,-0.084943120847918,-1.57406925090954
N-(4-Methoxybenzyl)glutamine,0.442215439208863,0.58573446105389,-0.0759948275614875,0.630342632790439,0.505851994906861,-0.000711241494124991,0.942279284682898,1.00240620401522,0.471096503587995,0.0112506059023878,0.392760495668724,-0.363510868242138,-1.13536543611571,-0.916451433967623,-2.49190381443619
N-(4-Oxobutyl)-L-glutamine,-0.0317315185804352,0.632735073911001,-0.577836337461344,0.403099712064738,0.509938414961944,0.382381983743166,0.347830899633302,0.483464928628746,0.422826069355059,-0.774979413921147,0.2935329891611,0.0525145010186588,0.0325756341336932,-0.043476726252737,-2.13287621039574
N-(tert-Butoxycarbonyl)-L-leucine,0.283141812532246,0.646554091379667,0.0901067584842593,0.643912936586989,0.668384122327837,0.024446754110172,0.595548438500598,0.684289643633352,0.559837416462786,-0.0381051491522937,0.38674696337156,-1.78279523531895,-1.33833543005062,-0.258776789256473,-1.16495633361113
"N-({(2R,4S,5S)-5-[(4-Phenyl-1-piperazinyl)methyl]-1-azabicyclo[2.2.2]oct-2-yl}methyl)-1,3-benzodioxole-5-carboxamide",-0.0843325663563154,-1.29348178171132,0.273992002411796,-1.47409938452168,-0.680124848610673,0.348428057433845,-1.46864112650451,-0.343036807375674,0.0570051310848078,0.726315415324568,-1.34372883862019,1.43770847238734,1.33672301544451,1.63400885445305,0.873264405160442
N-(γ-L-glutamyl)-L-alaninol,0.195072069774497,0.886165241291831,0.00174449063680582,1.02038537806899,0.615687514016313,0.163231339646623,0.894547407803827,0.993410611420716,0.559093701650599,-0.149615370217765,0.636524171719597,-0.80651813444519,-0.945231199232343,-1.54978818056499,-2.51470904156951
N-Acetyl-D-alloisoleucine,-0.915107777040224,-0.363635787656962,-0.966293614163851,-0.386190362933865,-0.391650509494074,-0.132800393802837,-0.296268725971132,-0.500902814560429,-0.185490829808059,0.0397975783651679,0.0725664528391683,0.986053143771997,1.02754623056494,1.52148133403771,0.490896075852442
N-Acetyl-D-galactosamine,0.161060849393828,0.321445298057072,0.313306585193026,0.88649936262752,-0.74265442543701,0.370043046334838,0.329003640052093,0.219621904436343,0.171063512587499,-0.00170365833987483,-0.205697369264101,-1.14982668834825,0.00549060046069164,0.175634156537642,-0.853286814291286
N-Acetyl-D-quinovosamine,0.517621581954537,0.438064233176303,-0.0689183053360397,0.0839014593119482,0.657286634542265,0.102656180546471,0.677149396164366,0.527905197132269,0.606754862389553,-0.345677555373631,0.29706700948587,-0.262472914066643,-0.678407625058002,0.184105741577179,-2.73703589644645
N-Acetyl-DL-glutamic acid,-0.165964677490442,0.688545717139521,-0.117112062209845,0.360358312106886,0.289330141211495,0.122153054720373,1.46884139570227,0.899073862565645,0.25598626614589,-0.331144989812607,0.160263729464423,-0.661689112582567,-0.590002507642848,-0.767579198222766,-1.61105993109542
N-Acetyl-L-aspartic acid,-0.599431868585554,0.408428024370166,-0.394284125966755,0.554288014917205,0.458183211069318,0.565127242363716,1.01922017790526,0.690435132683693,0.330363104863487,0.144735805365531,0.159434018126286,-0.909869419007452,-0.875616453004687,-0.172035746306954,-1.37897711879324
N-Acetyl-L-methionine,0.0449512712594987,0.588107750891662,0.0368700246747144,0.570687918560959,0.288430934372083,0.319143644388217,0.577517163948375,0.33328839409001,-0.265684579733801,0.204969009594839,-0.15576499961777,-0.0817613675724715,-1.08050690335027,-0.0324625821049602,-1.34778567940105
N-Acetyl-L-phenylalanine,-0.0518708821494879,-1.41129531004778,0.206964959643714,-0.402401815240839,-0.892538291478433,0.0720181789827434,-0.432258393795074,-0.711253148395516,0.41777026700545,0.240983244930375,0.20896036364019,0.718902408616924,0.808521028731627,1.16896052605345,0.0585368635026503
N-Acetyl-β-D-glucosamine,0.501562359484501,0.441558727514925,0.625255964190668,0.862664556333343,-0.0302587046692502,0.584979026640887,0.411743869703016,0.359524880492048,0.330874958492415,0.391939153777969,0.243272102408003,-2.00370209240511,-0.732593125481219,-0.579117821311003,-1.40770385517119
N-Acetylmuramic acid,0.377464577902864,0.659941336931402,0.225641322337695,0.566166445446061,0.779095107441362,0.283987359904444,0.736698233502469,0.5154746814303,0.28893884345664,-0.260076903920109,0.497748347201758,-1.30910151435916,-1.00600820889524,-1.02834172999472,-1.32762789838574
N-Acetylneuraminic acid,0.209453763971805,0.684508274150925,0.525714932220436,1.29170476597337,-0.0657069893953391,0.61993979293618,0.603231288951318,0.438486505996681,0.835506070556728,0.389459388301337,0.330548386033101,-1.46612493783011,-1.31259883992292,-1.30221385200073,-1.78190854994279
N-Acetylornithine,-0.11241173596793,0.646536047088511,0.128591229438718,1.04380351221485,0.74013334741453,0.524120417938753,0.413760380586231,0.708109342312677,0.434086156618623,-0.453300515161862,0.627543183500024,-0.696398974869593,-1.17021244029161,-0.977525212707856,-1.85683473811409
N-Acetylsphingosine,0.22899655994163,0.361351971023651,-0.143656975753054,0.712342929049289,0.621914218776143,0.189789664387216,0.641631214381482,0.737712613771031,0.741033703163392,-0.0414665958244944,0.567480820851114,-0.930570012325065,-0.701146248551639,-0.857709907154847,-2.12770395573582
N-Butyrylhomoserine,0.159461639678344,0.422449109673825,-0.48077249080073,0.506837020982164,0.679529557161908,-0.307111018637758,0.554151032542095,0.6271065724322,0.543598959421805,-0.553355929193591,0.4145402127572,-0.96896982707968,-0.845737956068299,0.0912695623093775,-0.842996445178862
N-COUMAROYL-L-ASPARTIC ACID,0.432310189261352,0.499610431014593,0.702687572603877,0.812678878490655,1.30268895572035,0.731292597361352,0.515524296827157,0.29906340739077,0.770596690230042,-0.790514230500999,-0.048817249236893,-0.476497928950202,-0.359738439423361,-0.573965795471931,-3.81691937531677
N-Formylmethionine,0.741954793052385,0.560126596606066,0.726756850581988,0.717458540756424,0.751212888325353,0.670397230981265,0.474078779809611,0.581873918414305,0.432532117287806,0.562767546805451,0.306757533713228,-0.768098372135433,-0.98591952195646,-0.360627719437307,-4.41127118280467
N-Methyl-L-alanine,0.134648898722359,0.589115177707501,0.231053679669181,0.453713905891441,0.232263791289128,0.210723283719861,1.05538455746498,0.483278531823867,-0.00933548089831135,0.07275772683022,0.225626499288397,-0.723579657427662,-0.902770701517447,-0.506315415428543,-1.54656479713497
N-Oleoyl-L-methionine,0.429786362436164,0.544860379807756,0.4711930438424,0.959994096368307,0.82293397995367,0.758062018833917,0.626517240756018,0.994565186800355,0.900620077302561,0.420370360125483,0.820393450182913,-1.49326895294274,-1.40243776278278,-1.01941578554986,-3.83417369513416
N-Palmitoyl-L-methionine,0.338400181917918,0.461118757606787,0.21442212932853,0.728510191521962,0.80005646059534,0.47461958866147,0.520172570041341,0.718504730246439,0.610454855569894,0.115980300728154,0.625920460012039,-1.56100822055798,-1.13736065154254,-0.31149596794422,-2.59829538618514
N-Palmitoyl-L-threonine,0.78092895940544,0.977302672350378,0.572637538922599,0.941221304087318,0.766357658264324,0.364171449189096,1.15048146646753,0.769936550531143,0.567192475732692,-1.81832452050499,0.917582095176904,-1.04267275154528,-0.548454148578036,-0.901210739742852,-3.49715000975627
N-Palmitoyl-L-valine,0.31460854825615,0.0318523393642987,0.043146195347008,0.700742859860906,0.648701593299192,0.181401243324075,0.323043656157976,0.632033470970778,0.718480391729739,-0.0744849727407011,0.589397553740296,-0.929336401210389,-0.979587457605409,-0.0887932062921835,-2.11120581420173
N-Pentadecanoylglycine,0.490837871854782,0.672928985434122,0.44670134629361,0.815634819369564,0.757100812064223,0.49936717920975,1.0108988188014,0.807861741796625,0.776747680067308,0.332365688714168,0.722154379944003,-3.47651707563412,-0.573636059945758,0.194070887664439,-3.47651707563412
N-Phenylacetylglutamic acid,0.484540852091904,0.63344310202701,0.524303747069233,0.745453954081814,0.894328175083662,0.250019413962385,0.776701217665944,0.924310011540859,0.775573719556982,0.437433964740325,0.50632195340814,-0.195499139316277,0.0295671604130529,-3.83876207634589,-2.94773605597914
"N-[(2S,3R)-1,3-Dihydroxy-2-octadecanyl]dotriacontanamide",1.68974065587309,-1.43709208772953,-1.43709208772953,-1.43709208772953,-1.43709208772953,-1.43709208772953,-1.43709208772953,-1.43709208772953,-1.43709208772953,1.17538826502603,1.28619950500305,1.80272346259623,1.95409186350018,1.65726697055342,1.93132597928424
"N-[4-(5-Amino-2,2-dimethyl-4-oxo-3,4-dihydro-2H-chromen-6-yl)-1-hydroxy-4-oxo-2-butanyl]formamide",0.121404640951568,0.590026686561156,0.215328539530218,0.514486959371721,0.519831273318155,0.0896622743084866,0.135591001042078,0.361435752895369,0.232516807712899,0.072230612679915,0.353317385709556,-0.437901111733071,-0.237343127878772,-0.461884857645892,-2.06870283682339
N-acetyl-D-glucosaminic acid,-1.23940279099535,-0.198252002387944,-1.28822186558353,-0.245435958897569,-0.688250972555684,-0.393193829169058,0.190840576576042,-0.574848100920656,-0.152705770513519,-0.179559602735261,-0.21946796717141,1.22861911502662,1.37301054121133,1.47546776773297,0.911400860382999
N-acetyl-L-2-aminoadipic acid,0.565135752426921,1.21681822962927,-0.850757869011445,0.742458058198193,1.27781105986557,-0.77361479380114,1.36418288430027,0.995785522922147,0.142962212269002,-0.943637807214715,0.975890834842251,-1.12791808440572,-1.15114203214022,-0.780599766333826,-1.65337420154654
"N-acetyl-LL-2,6-diaminopimelic acid",-0.13034036658273,0.558273616096916,-0.454740788095628,0.869978194073787,0.495762636274548,-0.0565593446611299,0.802081007882953,0.817140336978379,0.0627096804505983,-0.56345068112528,0.197679108319194,-0.310721565975209,-0.670974332332775,-0.363877227711246,-1.25296027359238
N-formylmaleamic acid,-0.962236744462296,-0.110019581683552,-0.98309695740411,-0.331517748342462,-0.489459931886293,-0.775157417894334,-0.0285552770620854,-0.282266172833857,-0.554050035226074,0.224036193528652,-0.468113295809347,1.27736882982436,1.43664658058757,1.45678398278293,0.589637575880896
N-lauroylglycine,0.533435834891037,0.711075367255898,0.363650031885356,0.683123861264052,0.871752076055817,-0.405740986640915,0.803018205890289,0.753372233477619,0.718246427564061,-0.168284583302457,0.710735231854911,-1.41961353698056,-1.15859499431926,-1.34864481235644,-1.64753035653941
N1-Acetyl-5-methoxykynuramine,0.148808411619548,1.11654640136263,-0.00782512254774682,0.841408571476326,0.554723687373343,0.128280250748542,1.20532825129805,1.19904958928747,0.738774718474863,-0.0892146901784146,0.555528996101979,-2.00365459796089,-0.549941077451704,-0.65490756067531,-3.1829058289287
NP-001134,0.756729535442279,0.796035315319173,0.51457412743994,0.922120252748395,0.875523764760906,0.0477516459223671,0.953005021699577,1.15014645210364,0.480181418574061,-0.613577714413099,0.64352597200357,-1.65815676142685,-1.45192040254404,-1.65848788946838,-1.7574507381615
NP-003039,0.469506211155184,0.671480443928678,0.345241258858041,0.770642254740125,0.537276276065171,0.34280824748136,0.958619417760765,0.659865971149477,0.884218086592508,-0.747767291523765,0.528355488631806,-0.673547956473391,-0.517646320219388,-0.134810740092666,-4.0942413480539
NP-005196,-0.392525631274117,-0.0987372654262001,-1.10076900061495,-0.190488940594486,-0.0128642841179181,-0.859757337942721,-0.0393019409583097,-0.180519042616124,-0.106473910182537,-0.0635085492522126,-0.172242756308135,0.674121644212835,0.984243142444334,1.21244860871979,0.346375263910716
NP-008993,0.583821491260445,0.729430856205904,0.565817673930457,0.812005803723931,0.639735656243219,0.48114585462482,1.06874912850493,0.775389172625211,0.608871753808155,0.472715932603578,0.61684744879832,-3.63138534392225,0.0213841031627606,-0.11314418764724,-3.63138534392225
NP-011548,0.893072493983191,0.312046725098769,0.655647052179545,0.281863664729966,0.409022057873618,0.653982653722207,0.689665251424198,0.275095192711136,0.435451789235208,0.0973017999977007,0.286281375315435,-1.31358158127499,-1.32113583623467,-0.713819671048493,-1.64089296771282
NP-013098,-0.756780625843971,-0.678739084409433,-1.06427911303355,-0.949119531510817,-1.09500611126624,0.531131111665365,-1.27249618105762,-1.27383807568274,0.174555966900508,0.857144747088079,-0.964989385238151,1.63652390160038,1.6636999905535,1.79940596563411,1.3927864246006
NP-016596,-0.0837608817105248,-0.636919345385602,-0.965141294042006,-0.765622587897781,-0.613961080714525,0.00369450919723976,-1.25511140028196,-0.80211121836778,-0.0407493145544443,0.618754520986099,-0.81176504818928,1.43852127167365,1.43661883200137,1.46756434137245,1.00998869591308
NP-018716,0.662867411826518,0.660791552615483,0.522581772176956,0.593302415586438,0.405461060880853,0.367552296162659,0.948237023190249,0.718459800493292,0.317260268508996,0.330078853084759,0.285219020933718,-4.64248949481347,-0.438303944012452,-0.395886645158888,-0.335131391475125
NP-019483,0.43831812901746,0.490058983869431,0.255283337912022,0.174534418012303,0.209230548429711,-0.0360648420769295,0.65684118147629,0.528125295374574,0.505068898680473,0.183798722221252,0.339491387391095,-1.10992531723635,-0.786811531505842,-0.713146505893204,-1.13480270567229
NP-020190,0.594086533006571,0.672997554704197,0.442054857733837,0.776941154976697,0.855205259993656,0.212918803402804,0.891663625008458,0.883523083261263,0.737716306204189,0.0430821631605638,0.695180696693428,-1.3722748675181,-1.2034103496971,-1.74780056512451,-2.48188425580594
NP-020283,0.742749859210911,0.461768105207805,0.691013102461588,0.692939370517694,0.888975294620925,0.472656656771332,0.750249483737264,0.601016909345352,0.456961361436636,-0.526969950294431,0.502320271809602,-1.26728804514548,-1.05755390449389,-1.47772126645508,-1.9311172487302
Nutriacholic acid,0.714461526609173,0.615560427529822,0.663090579507919,0.690818592937627,0.762018947169162,0.767580841047115,0.627820830182244,0.731630464692848,0.738068309001756,-0.0859004642592548,0.590351283719286,-1.52348393393365,-1.26017842588585,-2.15653827237047,-1.87530070594769
N~6~-(5-Oxo-D-isoleucyl)-L-lysine,0.171127574180031,0.87321556444431,-0.391305392897504,1.01049412799155,0.847760009994834,0.473213089566758,0.975219171007378,1.05044188587525,0.645219731869057,-0.101712676488654,0.563571028599336,-0.879461620912796,-1.9969042960824,-0.641538453787856,-2.59933974335927
"O-(4,8-dimethylnonanoyl)carnitine",0.757026425230659,0.15700462800502,0.587292952499813,0.767402314274332,0.801175306446718,0.536012457754326,0.366604168845967,0.419640314664342,0.816066749604589,-0.133365708667723,0.704142332934802,-1.91312300351957,-1.61358723454571,-0.347797978836934,-1.90449372469062
O-(Hydroxy{(2R)-2-hydroxy-3-[(2-methoxynonadecyl)oxy]propoxy}phosphoryl)-L-serine,0.630341296273028,0.724469886714458,1.05957871584762,0.610334330528653,0.886243213471957,0.878508715385695,-0.250649186440601,1.20609222673356,-0.104812645311329,-0.414562005490748,-0.147765408671055,-0.690330387766386,-0.361017162674061,-0.300928426062832,-3.72550316253796
O-Acetylserine,0.262079636634913,0.645299650044828,0.310921723982928,0.499768337563308,0.278451145672165,0.303610977147372,1.04595206515334,0.494003396167622,0.0661601541166132,0.188858961076779,0.274126281581369,-0.708223566180985,-1.34964761932296,-0.846940608096058,-1.46442053554123
O-pentadecanoylcarnitine,0.226573227045334,0.294857611187625,0.29425677796045,0.847047308623556,0.723435185543815,0.401926923881168,0.499206122932456,0.766548913060868,0.792787073895406,0.0192026009710755,0.743134747590606,-1.58821912321217,-1.12685912049738,-0.101152038895974,-2.79274621008684
O-{(R)-Hydroxy[(2R)-2-hydroxy-3-(pentadecanoyloxy)propoxy]phosphoryl}-L-serine,0.916409930985401,0.167631799412573,0.903347109185112,0.841252005269711,0.799648465457752,1.04351745540922,0.560623547614793,0.701716667656615,0.874245795044987,0.478872422007682,0.606693659886718,-1.30015708556095,-1.0653419370071,-1.49063933219756,-4.03782050316494
Octyl gallate,0.707225193483699,0.72582764108566,0.308013413123008,0.598983859392131,0.791816484080488,0.249340030204359,0.749918357092155,0.646049785549214,0.528386154236682,0.315466455871077,0.34109596037642,-1.05229002935328,-1.35872922101141,-0.98519717370544,-2.56590691042475
Olean,0.293566380013072,0.579335264609559,0.138428465102141,0.608710470114167,0.709782374770032,0.034452149855294,0.7569018811637,0.829311516609786,0.648423517840153,-0.0251975997060504,0.423025067946023,-0.870176991557585,-0.711349040239435,-1.34318186062252,-2.07203159589833
"Olean-12-ene-3,16,21,22,23,28-hexol",0.644807292654204,0.729412515895228,0.462208739266451,0.719269259171976,0.73470849926352,0.0392663371305618,0.876317281191632,0.889329584487232,0.917631293771152,-0.259561749996721,0.861136566792295,-1.162452363968,-0.982073205426276,-1.58253005564726,-2.88746999458596
PALMITOYL PROLINE,0.169766017382256,0.0223290517471075,-0.0730326578397024,0.659377626995657,0.849064711348716,0.668120534364666,0.577105505057385,0.580716400901214,0.723164439789638,0.269231008599377,0.386595520598544,-1.20124782157898,-1.12654461073277,-0.264741616419436,-2.23990411021365
Pantothenic acid,-0.337195410742101,1.06932570330728,0.0795190222594034,-0.00540501133430724,0.488042057995971,0.00983224268476131,0.904694721526513,1.11548853875778,0.040473930111758,-0.136939958038572,0.0246972705386189,-0.764952424726084,-0.825736620212214,-0.307928361520815,-1.35391570060796
Pentadecanedioic acid,0.417459923094698,0.862068848056474,0.404647249762252,0.660042834376457,0.866635330146314,0.26723305196056,0.755504882972495,0.783768598771476,0.670287002309375,-0.0332152597001095,0.51018501945214,-1.3086849153636,-1.09975492227252,-1.63026746411642,-2.12591017944956
Pentyl acetate,0.318295578383872,0.674709129753047,0.0981301644608563,0.698742787791013,0.684096849306776,0.0555203186795116,0.806007861315415,0.868482738705229,0.665597941338862,-0.086383338644461,0.419703168140527,-1.87724244366564,-1.26939554603347,-0.712140157346061,-1.34412505218547
Petromyzonol,0.387983416912003,0.998348155486266,0.668790760267134,0.8576573437431,0.701906208506473,-0.147049076658149,1.35125653447574,1.09227052025032,-0.241019501651934,-0.564618735653291,0.246197622470337,-0.827811733032198,-0.393265242750259,-0.437804536705707,-3.69284173565983
Phaseic acid,0.296558458612237,0.635090692021892,-0.395691652746855,0.685565019936138,0.863780475268269,-0.185662733688747,0.89663529584504,0.564358833866331,0.471962173965642,-0.622150435259267,0.122061821801881,-0.634786772257454,-0.574336080445661,-0.682230593825924,-1.44115450309354
Phenaceturic Acid,0.885321372585683,0.74625915710946,0.789371000127343,0.770387861705421,0.758671546273367,0.479866752430528,0.730240709818484,0.738720305149976,0.501973180133096,-0.505634202533015,0.253337589209921,-3.56621819808455,0.639828736468618,-3.56621819808455,0.344092387690226
Phenylpyruvic acid,0.199924360150171,0.62289714502192,0.468095867788466,0.658269581567623,0.716336800199977,0.491624475286565,0.898039368188881,0.682628858579107,0.674001454691879,0.206380092878672,0.645006240090676,-1.63481780285806,-0.0175271325932878,-0.222300604577931,-4.38855870441467
Phloionolic acid,0.630583418213074,1.10971871100412,0.567912534957461,0.712581852030846,0.553958954535418,0.14107111509594,1.32322364434813,0.950395868225658,0.410624274926894,0.436109230391119,0.557263720821756,-1.59215786849494,-1.39048710097185,-1.80423863378199,-2.60655972130162
Phloretin,-0.31982143163808,0.838332131653295,0.520907370089079,0.908799018606313,0.992635429818325,1.29055332607343,0.993957005309488,0.98701652436646,1.53884427422457,0.834024904789531,0.896203447031502,-3.06875544888615,-3.06875544888615,-0.275185653665459,-3.06875544888615
Piceid,-0.887027676513537,-0.954130555925886,-0.752899272187156,-0.258446518415164,-0.442419935766846,0.0565685909707401,-0.510772794916037,-0.500721599705214,-0.683408078227638,0.0926659027038629,-0.348692221278451,1.25888443624955,1.60453635057191,1.66088845924375,0.664974913196089
Picolinic acid,0.885741317929783,1.29347768368376,1.21812027753874,0.971784055510866,1.07216352863338,1.22195408913341,1.45344312450464,1.26854409783894,1.02771427941253,-2.87818459852,1.00948377370917,0.090312166184737,-2.87818459852,-2.87818459852,-2.87818459852
Pitrazepin,0.690738221009852,0.220850758883759,0.619418631457348,0.181238707095965,0.356078531532793,0.700407521074859,0.375969793609908,0.328654227540484,1.00371392149536,-0.214096828030918,0.135249182539519,-1.20402421236266,-0.959815913568367,-0.165307592449783,-2.06907494982812
Propapyriogenin A2,0.692561418981293,0.323291294773051,0.798916644019037,0.663799045642939,0.779781010242234,0.982369907791754,0.547134742591671,0.586072828070536,0.688671046803208,0.786988343305937,0.254030391191447,-1.00881461848365,-0.736410517095527,-1.32929778627183,-4.0290937515621
Prostaglandin E1 Alcohol,0.898756628936145,0.767648969938098,0.836865971538445,0.736696096997489,0.61316779457119,0.591030124620287,1.20789431092102,0.677259963008887,0.599052014042318,0.336000474797623,0.640332232877105,-2.03090524723187,-0.976953494577931,-1.06741203797144,-3.82943380246737
Prostaglandin G2,0.257899346870609,0.233696164877129,0.140819856469799,0.823684857912131,0.771116417996834,-0.217583916629192,1.01551908628239,1.00181681902888,0.191120219226639,-0.425883879863615,0.366180545226514,-0.511008865327683,-1.44867095428266,-0.455927260106962,-1.74277843768081
Prunasin,-1.00157156267559,-0.963101821776769,-1.04998322464047,-0.899397401662314,-0.647569165682258,-0.379582091617683,-0.858021615169622,0.038936488887564,0.414173447753103,0.536290904895669,-0.274981937969349,1.17248269352112,1.28350223649197,1.69560418954204,0.933218860102593
Purinol,0.302098754941337,0.937421932557099,0.30975859592333,0.448991415596859,0.61281077513938,0.259220048324498,0.896522023695184,0.758483170506693,0.487574153686829,0.00470389772035398,0.408810529296151,-0.680927054340989,-0.696379805824727,-1.82142388970489,-2.2276645475171
"Pyrimidine, 2-[[2-(dimethylamino)ethyl](p-methoxybenzyl)amino]-",0.525067142269489,0.809656275060217,0.344227671221828,0.779497930768587,0.760250400390833,0.0929383282942321,0.789796087328449,0.880345551232899,0.771701789371633,0.274554123260852,0.623657898132444,-1.01253062183551,-0.748431162099837,-0.732900358920224,-4.15783105447589
Queen Bee Acid,0.757642473722212,-0.215573291856835,0.610160260561453,0.990568409516619,-0.00752838525523423,-0.459077473176649,-0.360021392526851,0.798247225260362,1.22612856904307,-0.507601962004023,0.141084479784913,-0.623641226887163,-0.472102832870232,-0.59766224401603,-1.28062260929561
Rosaprostol,0.294997917313718,0.330890957485365,0.281643887317988,0.715016076466577,0.332618902847113,0.23308037524903,0.739850503107493,0.583104686236384,0.670879749425418,-0.0953173957281805,0.507377757508285,-1.48421067285449,-1.39428967141555,-0.444770976786142,-1.270872096173
"S-[(2E,6E,10E)-3,7,11,15-Tetramethyl-2,6,10,14-hexadecatetraen-1-yl]cysteine",0.377476918744155,0.266625766051261,0.349759649920123,0.538135634678982,0.43797250188513,0.219840002061549,0.451694659028063,0.703581514786579,0.584190646195516,-0.0385128070159249,0.488603525736376,-0.154017296085347,-0.0215176840738251,0.17414045120014,-4.3779734831128
SEPRILOSE,0.67703654429868,0.462355578104439,0.323110223533328,0.563614125887895,0.815654732903809,0.484588314167495,0.671095396269712,0.73100430122833,0.668028938209604,-0.0386447149870883,0.574599066544478,-1.87479046064709,-0.797096911745209,-1.04991859812167,-2.2106365356467
STEAROYL PROLINE,0.938038952209372,1.07349993342096,0.0872335178604749,1.01378562083659,0.44749056353138,-0.120110453198356,1.42519824313143,1.0493498929263,-0.0171354775180618,-0.366549727058553,0.83756032898618,-2.94392352330388,-0.153179300852754,-0.327335047667206,-2.94392352330388
Selenic acid,0.790930224896848,-1.58429645535914,-1.58429645535914,-1.58429645535914,0.491739514499928,-1.58429645535914,-1.58429645535914,-1.58429645535914,0.478217923274635,1.42430027500491,-1.58429645535914,2.1379289785131,1.91623076384056,2.09574418868673,1.7549833187973
Ser-Leu,-0.0538521030881984,0.883971445494272,-0.231730200111972,0.978986126297322,0.631179893095812,0.123736515110061,0.919866647379846,1.02850468458964,0.454795663245013,-0.43467207987145,0.549652069302863,-0.662121836907956,-1.16747412408002,-1.05069139394425,-1.97015130651099
Ser-met,0.0171253526658168,1.16815564334553,-0.813363127663997,1.24324793318381,0.735128317122768,-0.344104394341265,1.22508505590973,1.38601464572335,0.436067427381979,-0.908680814099325,0.621002548959734,-1.22123152293709,-1.16714717794505,-0.741353850774044,-1.63594603653193
Sinapyl alcohol,0.896417844167137,0.449545321301314,0.598038892185267,0.53057195138428,0.737480747455321,0.451842581119629,0.0918414199423835,0.110693153793115,0.956467738274986,0.467335008986316,0.158847379536298,-1.4567964942271,-1.36550132823284,-0.510443658354977,-2.11634055733113
"Sorbitan, monododecanoate",0.134274652344849,0.488550030485381,-0.22439821669523,0.0462743572881849,0.778458314501499,-0.22421682115309,0.782068591332584,0.725695714187225,0.601306062643678,-0.131214049294204,0.0497954600186452,-0.855014449001832,-0.764730528595849,-0.224138739126984,-1.18271037893483
Sphingosine 1-phosphate,0.115849625525207,0.576160004969987,0.019859477085227,0.460276196836784,0.50739003140021,0.110195297496782,0.780794343563127,0.530747146819611,0.463601624879139,-1.16109839171179,0.574373944735864,-1.30902230921384,-1.03297772781062,0.0137247128697578,-0.649873977445432
Stercobilin,-0.376941348734026,-0.0667062585430213,0.23843573435741,1.36996126185179,1.47978896661433,0.811830469561453,0.462707383253222,0.689950215713024,0.924124442645069,-1.24552090362115,0.491883681061662,-1.15022859154668,-0.948710893757702,-1.06382278704564,-1.61675137180972
Suberic acid,1.00464028101752,1.14733402879151,0.885416392407354,1.16987951497084,1.1761822648554,0.871539004289032,1.22559495712556,1.25709132958218,1.15068454478285,0.804492646060635,1.0570660841879,-2.9374802620177,-2.9374802620177,-2.9374802620177,-2.9374802620177
TAGORIZINE,0.683686059290394,0.495442817741786,0.7335733157234,0.794549808221386,0.873900577611062,1.15559495825923,1.11496938536416,0.643689260160228,0.856336489723525,-3.20957890043071,0.578070794158579,-0.751840964872089,0.338233522280385,-1.09704822280064,-3.20957890043071
Taurocholic acid,-0.983720158795442,-0.75299750741386,-0.930337444671169,-0.632029422136844,-0.688933191388002,0.585942656564221,-0.398401903231802,-0.446692104176417,-0.718329586573657,0.797196069677781,-0.774057540147848,1.61567952814574,1.24211579859835,1.41951638473126,0.665048420817673
Temodox,0.648925773634551,0.588652874338926,0.462726836855781,0.787727185264179,0.88597492653608,0.273616782213051,0.711541135024651,0.836906461239105,0.725595968081654,0.103324916467859,0.746784688378927,-1.61027140805093,-1.56859530816444,-1.56215706911008,-2.0307537627093
Tetradecanedioic acid,0.7037246838754,1.01554700086833,0.575615392044214,0.525647035088652,0.507004672874676,0.408695961752273,0.765590466055577,0.744629169924495,0.587517147201433,0.50161243263739,0.277434741472823,-0.622035235931511,-0.41466007609167,-1.16237564411099,-4.41394774766109
Tetragastrin,0.512396638358413,0.76056008976176,0.591808127618266,0.839815839670263,0.777223915163664,0.768513227384435,0.877712965882495,0.89319138394142,0.961516008149644,0.531964794167233,0.74761603689786,-1.86556595968051,-1.71189716715554,-2.19158846757834,-2.49326743258106
Thapsic acid,0.499713150479989,0.386283584098484,0.463424234389236,0.445382219385505,0.488489008692873,0.0181034648605003,0.614511667683648,0.214995540101414,0.210615128684095,-0.107159759622489,0.103392662140812,-2.08313375275657,-0.0936608857081406,0.00368042735390142,-1.16463668978328
Threonylglutamine,-0.879623577265845,0.901793025806739,-0.44220848538369,1.12138243325018,0.87022448437935,0.374941314259305,0.936209512415514,1.16203973774194,0.692348790355315,-0.694076888184884,0.782458801184278,-1.23344054657824,-1.08229222692768,-0.963531608252618,-1.54622476679966
Thymine,0.700593578966748,0.719483636886532,0.669312169507912,0.803163016646575,0.151405824713749,0.745969220333334,1.0597211495139,0.902897245228438,-0.0287786530348869,0.333965628952846,-0.211128537886458,-0.184301708628438,-0.848465901487802,-1.8950244475459,-2.91881222216655
Toluene,0.0137224338357978,0.624513717211418,0.320693313117548,0.668405799525738,0.598960786937001,0.483068818660537,0.803758103742414,0.668072121203431,0.697469284766528,-0.00136473985416272,0.600842935379545,-1.7937229977997,-0.548454217418238,-0.400301497268474,-2.73566386203935
Traumatic Acid,0.569517033762321,0.727319887932124,0.414073518110499,0.670928585045992,0.770373223467711,0.376618517453828,0.726153374886308,0.779435011615237,0.737019795903836,0.424744759200968,0.65630086280276,-0.90559965009445,-4.67408304901257,-0.489561005549505,-0.783240865525047
Trihydroxycoprostanic acid,0.677924520229028,0.654407102831966,0.61348685486609,0.857621162141689,0.807232207654539,-0.106611669500507,1.13560358193443,0.944445948424429,0.721215801911296,-0.608549074834112,0.145752837300095,-0.461289598742061,-0.353080053843557,-1.14546014247545,-3.88269947789787
Troxipide,0.295073516649719,0.856206946062797,-0.0569950227131426,0.842802700200401,0.617970635175639,0.0405799436000873,0.968599633180344,0.907627435136408,0.652247652436793,-0.13699169930669,0.628414977010907,-1.49168840616868,-0.651990963650559,-1.0325093139264,-2.43934803368761
Trp-Gly,0.0565694668783802,0.456351610381893,0.263214511977606,0.99005163421513,0.829138236280953,0.911694501854295,0.390694480414126,0.764137873463446,-0.298381730467214,0.117681194826285,0.59105887127925,-1.02143597300453,-1.22964665144486,-1.16579431582244,-1.65533371083231
Trp-Leu,0.0262504471638385,0.77681487763179,-0.404452016618376,0.85859501976187,0.570924561844885,-0.114411458634578,0.811169704572305,0.883110332387304,0.610255707818061,-0.366755121481333,0.630218606999699,-0.959987290177948,-0.797742507141581,-0.835432339630552,-1.68855852449536
Tyrosylalanine,-0.012979916773945,0.828719079356497,-0.259067860719258,1.03638014992339,0.615124379165065,0.0201956311791251,0.97534861487927,1.03842112698764,0.691876266361739,-0.245948576042463,0.701935092389799,-1.08791357225253,-0.593135908409888,-0.759496088441677,-2.94945841760276
UDP-N-acetylglucosamine,0.18467946836837,0.992407218681818,0.252562529128213,0.54365232136412,0.222475124971866,0.156500367585589,0.822424303790529,0.759294714975319,-0.0135934213307092,-0.170232161312256,-0.0486796755077922,-1.67076820145608,-0.943154299477477,-0.404585664332968,-0.682982625448537
Uracil,0.719822319490706,0.953951494108238,0.715811444348567,0.795277573646839,0.606608180249906,0.718356074858592,1.06932332712797,0.933877845615845,0.512512166334579,0.564737654888413,0.590000802022939,-0.386517306429127,-3.81392642810832,-0.16590872004683,-3.81392642810832
Val-Met,0.483469880714503,1.15495141675061,0.38011967022062,1.01281290471811,0.860799040185989,0.514672259031293,1.5062898699852,1.47876493917617,0.872919910216492,0.266230906540989,0.732965026509357,-2.87698350030836,-2.87698350030836,-2.87698350030836,-0.633045323124268
Val-Ser,-0.197600960629018,1.02784524574906,-0.937384135438635,0.863853474029287,0.652736177923266,0.169416566563618,0.928252448345217,1.13078389774984,0.692031559462832,-0.301010728173406,0.682158431780296,-0.735999051229687,-0.670014042102987,-1.44165909653963,-1.86340978749005
Val-lys,-0.394247937101699,1.0574237556324,-0.422176533973238,1.10092317948756,0.962912128715745,-0.00731703242906424,1.12697425491241,1.21039853409442,0.730285333818596,-0.646098793261222,0.776361015889714,-0.66785682306882,-0.55218941040794,-0.521640405699998,-3.75375126660889
Valyl-4-hydroxyproline,0.221739730015625,0.39901601459186,-0.131192905733887,0.521541303054114,0.552375555628597,0.236956481737601,0.742269201287173,0.696049705118468,0.532551582395391,-0.149990141050677,0.271886659381063,-0.960387580789502,-1.79966449894586,0.126505398811253,-1.25965650550122
Valylglutamine,-0.145257943034083,0.966517517024224,-1.02749529267016,1.01371891605755,0.837711896156439,0.197536453604717,0.698384791155909,1.15330487130309,0.726131015307764,-0.331511210458067,0.814770990181499,-1.24276697458444,-1.08608619542001,-1.07551951847851,-1.49943931614591
Valyltyrosine,0.487400672727944,1.19769765308659,-0.851013818447994,1.23681285930855,1.0083934963085,0.468175581634873,1.39125085449761,1.45967181016283,1.0676872240318,-0.857580324901987,0.962210900658748,-0.506703759430441,-0.789566836512936,-3.13721815656205,-3.13721815656205
Valylvaline,-0.547796115957643,1.28709478775186,-0.566749625590575,1.10530935057485,0.936582357027952,-0.68793725226447,-0.549724015706985,1.28151411700038,0.849010537989791,-0.834176857250441,0.931526836150275,-0.91226633826969,-0.745649718889209,-0.734425311724043,-0.812312750842064
WIN I(S),1.02321376080343,1.07255951478994,0.873214361223104,0.726621024949848,0.810904829471569,0.0671328511691626,1.01802272838789,0.644885346072486,0.746785229244584,-0.331034480992249,0.969454495142401,-3.07606573579029,-0.49409277096745,-0.975535417714153,-3.07606573579029
Withaferine,0.0322967762576721,0.288115529333478,0.186823538052636,0.327586951271965,0.382277343946884,0.555685932236279,0.72831125657683,0.933099667211639,0.782954905325017,-0.10947565823367,-0.0655919242381233,-1.58823408602174,-0.866868264841536,-0.403087334541097,-1.18389463233625
Xanthine,0.308866938013033,0.646107053695867,0.352977353512117,0.534496613183991,0.148859045595871,0.125217320425018,0.906662469460967,0.570630540125089,-0.392742214577406,0.09700583357919,0.070772086716997,-0.0641802118024303,-0.29117941570863,-1.21735117637964,-1.79614223584004
Z-Leu-OH,0.488178994213559,0.745490938211843,0.20210926069972,0.720389706319737,0.893859453073766,0.0976715696821775,0.875604867549044,0.904376949685671,0.720466148799159,-0.288623465626967,0.530901246686738,-1.42090066043923,-1.30910342236581,-1.47884701848134,-1.68157456800804
Z-Maleylacetic acid,0.824090176476051,0.722851777358592,0.54865048596986,0.875246192747778,0.466488188966849,0.48496684485289,0.7864648066457,0.866033209474838,0.730119511923078,-0.122560878806702,0.709145823423013,-3.51014405296224,-3.51014405296224,0.0864177284220529,0.042374238470489
Zeatin 7-glucoside,-2.05623112492841,-0.233396892259694,-2.05623112492841,0.0922574886882197,-2.05623112492841,-2.05623112492841,0.383105739002324,0.311890603878765,-0.463270844922265,1.05752545924318,-0.594883997341706,2.13282700331685,1.58031481696286,2.22659073419141,1.73196438895368
"[(1aS,8aR,8bS)-4,8a-Dihydroxy-6-methoxy-1,5-dimethyl-7-oxo-1,1a,2,7,8a,8b-hexahydroazireno[2′,3′:3,4]pyrrolo[1,2-a]indol-8-yl]methyl hydrogen carbonimidate",-0.269882252661365,-0.635037054736461,-1.28872656212652,-0.831818523757508,-0.150557959261109,-0.863643998390575,0.139128051989019,0.039363326751679,1.11440153358726,0.261327442322399,0.707331349650255,0.0330248673763762,1.23543329177451,0.260166520353793,0.249489967128248
[3-(2-Hydroxyphenyl)-2-oxiranyl]methyl hydrogen sulfate,0.408853495923329,0.131218990701925,0.295994550003579,0.738766276538536,0.865681354517045,0.080929830752187,0.648151860776386,0.87523579748649,0.802932794695986,-0.333800821241231,0.723685736222557,-1.42122481642247,-1.24902611151971,-1.2374254182044,-1.32997352023019
ala-met,0.531664482467774,0.535842690640545,0.878632489366372,0.571050638542557,0.826893678348458,0.782069712551627,0.79066604764897,0.65571773681567,0.7214127369449,-3.90824679867059,0.676434781576586,0.368646361459682,0.536793625060283,-3.90824679867059,-0.0593313840822342
alpha-Ketoglutaric acid,-0.656833366053934,0.764374674679281,0.182105926905276,0.601615863693683,0.472091385282085,0.0955750088952519,1.50474038135575,0.879623169807856,0.354423472039718,-0.16594992052049,0.564676686714464,-1.08151963484868,-1.18391786943052,-0.722946570994277,-1.60805920752544
altiratinib,-0.83206364590612,-0.393461243915187,-0.961271302119872,-0.315034240950895,-0.512871484680779,-0.870781100202063,-0.182749679468113,-0.382761916720364,-0.321913410566686,-0.0410161831931332,-0.386524591363688,1.38697596314659,1.49832778700547,1.44075371931486,0.874391329619957
ambruticin,0.814430133064477,0.56333620819218,0.775457080387904,0.89747023550369,0.911781366123663,0.582089968950824,0.888599166950542,0.790059628306148,0.76480715018067,0.373829608347627,0.837738143909198,-0.807914047565517,-0.59437409560306,-3.39865527337417,-3.39865527337417
anacardic acid,-0.321697171806876,0.50884953496308,0.519058488924722,-0.213608110047011,0.615355909432912,0.450577584024717,1.23523571853673,1.20749976674872,0.783120195805563,-0.681924053826016,-0.457451044132732,-0.962758253927034,-0.795433332845637,-0.810504974070694,-1.07632025778043
arg-leu,0.597555946514416,0.945229270353766,0.326332145315189,0.939477243372899,0.583328779063142,0.292724583787246,-0.488144076053444,1.078391627231,0.7126983571562,0.30648412870886,0.535385531693923,-1.344053533188,-1.31756313503545,-1.46628460161987,-1.70156226729988
artecanin,0.843907623899465,0.845503911238123,0.313800866535935,0.462072461419103,0.918566132252616,0.140650679107063,0.867496878570989,0.691100894139853,0.361009644741398,-0.473063286261926,-0.563559674279128,-0.740661834871421,-0.446005373422836,-1.17821806114352,-2.04260086192569
ascr#1,0.349060363430171,0.602257595011418,0.172559387455201,0.842885445548014,0.891649737955947,0.165730780436615,0.942995299106878,1.03765553302452,0.741084270636608,-0.308109456357462,0.431094913576166,-1.37330079037026,-1.25928139448941,-1.35369597646757,-1.88258570849681
ascr#11,0.315645470743039,0.054541354844063,0.0130557417192119,0.335597925112583,0.409923933540631,-0.559505470187017,0.804414217931556,0.933276715752545,0.187410624692176,-0.25367005083231,-0.815834504033413,-0.00816114812455543,0.0123953532642945,0.0923499247694622,-1.52144008919227
ascr#13,0.275986443809037,0.412611729071249,0.247629635698065,0.721231544664206,0.647201910185885,-0.119816944260962,0.916947170845898,0.85250112084525,0.557484180262355,-0.362146121798069,0.487638341420477,-1.53709591044284,-1.07158123453299,-0.625974778411846,-1.40261708735568
ascr#14,0.192215595434876,0.29421788720973,-0.102657831728927,0.508923150438842,0.660951040683895,-0.22627383026586,0.513457617838033,0.611740845518553,0.445781161147379,-0.40299899443327,0.364368649508453,-0.631340645266973,-0.0405900479869188,-0.354474298116908,-1.83332029998089
ascr#19,0.538311710762484,0.681039058541263,0.212650389683054,0.458747101861681,0.614716193355397,0.142762099084599,0.899398242305686,0.66449504258211,0.405478371526355,0.308939483447479,0.483346247538336,-1.19449381925775,-1.49890903450266,-0.793160121041252,-1.92332096588678
ascr#22,-0.178643522397823,1.49782897594151,-0.280087684216947,0.815644362925561,1.41168161961746,0.000436793562325995,1.47872733317628,1.35505627681603,0.566101327686942,-0.483933059793821,1.0932189028235,-0.930720286882918,-0.259598863644728,-3.0428560878067,-3.0428560878067
ascr#24,0.53563135255927,0.859236733817184,0.274124577827021,0.710749066846047,0.597282080934311,-0.128212877187529,0.5469525285254,0.924929366752523,0.414794996637766,-0.138096354812643,0.424010712532118,-0.735407397099318,-0.828612294266551,-0.522785487816548,-2.93459700524903
ascr#7,0.207053230618507,0.27258467918626,-0.237887766216135,0.641855473757625,0.704713959983699,-0.0996264889874113,0.687948874844842,0.750402521027388,0.642676941314262,-0.316513040826137,0.433871952713567,-1.03064489197147,-0.992557503607063,-0.259220544346081,-1.40465739749186
ascr#9,0.222794089710814,-0.583663328414273,-0.140377882838187,-0.53371066841242,-0.627109557708868,-0.304913329831572,-0.718386978059001,-0.271883184567968,-0.165012093590506,0.230369578801029,-0.531446961834573,0.716323164751495,1.05897520836856,1.33387170076392,0.314170242861537
asn-leu,-0.475724592431879,0.665818131591947,-0.368716658901336,1.05056417569765,0.936958857697474,0.808025034889626,0.707948581684583,0.846656606793349,0.544984891030773,-1.24122796178137,0.45315098019728,-0.160046854923475,-1.24236677024517,-0.431943225283766,-2.09408119601567
asn-pro,0.159969202094916,0.681010628674044,-0.347943682142628,0.730574259256859,0.6220164861054021,0.855517556994187,0.491239331606381,0.701451846905475,0.53449459268185,-0.360397592436928,0.571022444881646,-1.47419080752005,-0.477983410434216,-0.812381108265274,-1.87439974840166
asn-val,-0.34756201651859,1.15103957094182,-0.413553501973827,0.944174090927984,0.78611684510227,0.252899318146224,0.68777439114214,1.20688707974208,0.624349518840121,-1.05954079828706,0.589499935395616,-1.10488710988584,-0.941911401689154,-0.93092018903726,-1.44436573284651
asp-ile,-0.138848633508782,0.821587826618742,-0.22692874176875,0.966082008209807,0.46892864473736,0.0899238395154676,1.16039844158604,1.05782393650152,0.363448355785451,-0.366275617148415,0.293262485505531,-0.946045155549645,-0.905813761865642,-0.854260616826982,-1.78328301179171
asp-leu,-0.0991547425324482,0.636559499897822,-0.223327564371821,0.84958865137155,0.734926278376604,0.499788384813192,0.996776315623319,0.999618783110141,0.571244421727654,-0.171860068845585,0.40926361756864,-1.68441465229886,-0.568358832591211,-0.184645447634214,-2.76600464421478
bentazone [JMAF],0.177312226116658,0.504162810167698,0.0415691452145581,0.542548195957688,0.778817403135259,-0.338326479237801,0.74374482302022,0.442924688515992,0.241614045582645,-0.621364035416204,0.343770024602299,-0.239833459148029,-0.206661293316339,-0.5936810406543,-1.81659705454033
bhas#18,0.460206690407612,0.305380282640094,-2.04958531656288,0.0183003242323575,-2.04958531656288,-2.04958531656288,0.653898167182157,-0.531692517785302,-2.04958531656288,0.768832882285886,0.760600621994022,2.21514921415768,1.95617742414083,1.64055024075203,-0.0490620637558267
bhas#20,0.241859849949506,0.231747321782316,-0.267296159047912,0.308954582878532,0.688493066867623,-0.380156385046504,0.357017016458955,0.563099182710448,0.382526068903391,-0.595258289949054,0.226133030601907,-0.402834591063234,-0.197299622748963,-0.0378887646850533,-1.11909630761196
bhos#16,-0.357567339837341,0.600106261189453,-0.0896290418236687,0.893017944909139,0.730225764727502,0.118559561456267,0.770514134423887,0.762607594219512,0.132763878174292,-0.402252786197373,0.483470122911942,-1.3466755009047,-0.923978066171841,-0.0128039548205455,-1.35835857225653
bhos#20,0.528722654034539,0.449802835319388,0.254074395247862,0.663617388719533,0.872477233552071,0.236240070382864,0.522079379675713,0.815934572108735,0.674054003980178,-0.288146165937225,0.771228063113243,-1.37161738685344,-1.20417852679567,-0.910633314052699,-2.01365520249508
callystatin A,0.892395518942133,0.554139452034765,0.718190241034336,0.818549989538857,0.791579711810443,0.676116191204778,0.713677338569508,0.833595264499794,0.863818092648347,0.482460924642422,0.73840778714934,-1.95214962046397,-1.63625054523679,-2.20164144655114,-2.29288889982281
cartazolate,0.00411129293138683,0.470358721244556,-0.277586066169892,0.439311902231639,0.385916664869441,-0.296253277810219,0.874596122080143,0.672770529932187,0.27927259704513,-0.546885742039053,0.378977461185706,-0.737848396691539,-0.897550217683855,0.168936229692844,-0.918127820818474
cholic acid,0.951493804901258,0.466802542905176,0.895521328895845,0.600975411882759,0.882452772216497,1.42146037423413,0.484214046297557,0.599110429093656,0.840262042539632,0.869423166359445,0.428087189490124,-1.06612641336333,-0.587391952735205,-3.39314237135877,-3.39314237135877
cyclo(dehydrophenylalanyl-L-leucyl),0.67202177876351,0.377891766856265,0.446662382119117,0.555561577202219,0.609689486679741,-0.283825533772364,0.592578842894482,0.812601685000619,0.695992944176953,0.0117325564128741,0.582639533524097,-0.937500855331082,-0.769985698056246,-1.28864583615391,-2.07741463031625
danegaptide,0.600847425232976,0.781074375333304,-0.729429880479632,0.907160443568572,0.68832933067598,-0.0430042942054979,1.02297137204487,1.04186945747808,-0.0719932964201611,0.115502684089044,0.165905364163622,-0.832834631128678,-0.354640935836759,-0.989408134604325,-2.3023492799114
deoxyuridine,-0.299731464787429,0.224873819640466,-0.155753808374472,0.764096763354309,0.644124905234025,0.168627965578426,0.264005061363121,0.713192641009412,0.286344337086278,-0.552012679904386,0.123096303384244,-0.60849507419232,-0.368117759859051,-0.0144048158463085,-1.18984619368627
devapamil,0.410465874462718,0.879262906283858,0.199654201935847,1.024474133521,1.14202842681788,0.0782234136899331,1.12946754252887,1.1841133171628,1.04425535867896,-2.73949563315925,1.00988793349036,-2.73949563315925,-0.0997454528627882,0.216399243768305,-2.73949563315925
diacetyl trimer,0.191999385429123,0.312979592393064,0.0746408861091099,0.514140450377013,0.789111990385098,-0.208096302301998,0.717292321051544,0.689928941522342,0.397209045347736,-0.583544378793879,0.257880750970641,-0.14838040729335,-0.888407019992788,-0.202690035715995,-1.91406521948765
dictyoquinazol B,0.0936896674371568,1.00193524177629,-0.384017405985177,0.931622004322716,0.362106360351739,0.105407920745088,1.21509668234749,1.13933147983509,0.822408987775766,-0.654158010751249,0.553956603245601,-1.30116375294771,-0.945885032554763,-1.22499627605425,-1.71533446954379
diethylmaleate,0.649553969070704,0.730044493448722,0.496844879494465,0.755737889512206,0.744921233468384,0.541477379602196,0.693821555286377,0.785359405420351,0.69723402346713,0.521422922640067,0.52976740169515,-3.61202409675308,-3.61202409675308,0.190773876058081,-0.112910835657674
dihydroxyphenylalanine,0.519878085404158,0.577442741690151,0.369616914712517,0.64738400524766,0.758064136506019,0.228052681149018,0.610972886289427,0.683768336446787,0.588679472975084,0.234862394607921,0.617285336060834,-0.380086558387872,-4.45295535021723,-0.223977511468307,-0.778987571016171
felbamate,-0.662535782202456,-0.387810469981216,0.609116130794954,1.04594943671148,1.36887990428171,0.518689816114715,1.28908333471362,0.789499876735051,0.118790874034057,-0.861057624105444,0.572905450582759,-1.05256436475212,-0.896792446902799,-1.11506445204012,-1.3370896839842
gitogenin,0.462758382993109,0.448486838320955,0.346586584682266,0.601901645275408,0.647992660729747,0.204148531062557,0.786188624786949,0.717716676960519,0.754915307987328,0.14721481077843,0.473278219071274,-2.04283118620406,-1.18281674561695,-0.430856008270243,-1.93468434255727
glu-leu,-0.132470848701866,1.04276246704661,-0.194068459801613,1.06841493856422,0.67312706054622,0.134813692738832,1.29111363465294,1.19589793225215,0.534920105700306,-0.461281487313793,0.378328206487473,-1.41927969886014,-0.755772484194325,-0.691426778104691,-2.66507828101233
glu-thr,-0.246908948617475,0.676296960485263,-0.344130151035542,0.767867721993326,0.266146483785021,0.189922103824331,0.718034559987687,0.736753383188907,0.0273545747108556,-0.32979237123467,0.0850009950884467,-0.629484614618577,-0.509041594107439,-0.228946226100397,-1.17907287734976
gly-val-tyr,-0.83583688380464,1.34818139380728,-0.820444963416714,1.27592763269585,0.78819307315266,-0.812177547065714,1.62930917262972,1.64089939865311,1.05212518843379,-1.1082766027133,0.0605108951322462,-0.803283189635006,-0.825217442985163,-1.16936375636656,-1.42054636851757
guaietolin,0.318049207534425,0.676515981047881,0.0310671225589015,0.771263144803348,0.723601495126703,0.0206284264952046,0.746276311713181,0.865785531884314,0.553645713438395,-0.116285534969552,0.609905207534849,-1.80189138049262,-1.2749138015062,-0.462116802440044,-1.66153062272874
hydroxyprogesterone caproate,0.640629248100379,0.998737561123875,0.704759138057388,0.940409757064928,0.723189152727177,0.567646463784929,1.16230750007184,0.841565476517098,-0.116352016744906,-0.653473273497558,0.819405956940337,-0.265222087837612,0.0489582564871387,-3.20628056639751,-3.20628056639751
hydroxystilbamidine,0.46426093264603,0.624064306520432,0.133443147314471,0.743967678534563,0.710333416234451,0.0501439463225002,0.846858824034621,0.827834055505472,0.632297511800942,-0.423193198990862,0.630381265103819,-0.936807376184146,-0.903026782755045,-1.3738658713002,-2.02669185478704
ile-tyr,-0.0885703661897441,0.975118589925225,-0.776238387438779,0.916582685390516,0.45368918337451,-0.2991826778729,1.41165602869659,1.28609337442676,0.699669969310816,-1.37125367054477,0.312030438286011,-0.543605855299541,-0.344849115042513,-1.18112022069211,-1.45001997633005
imolamine,0.770640875645197,0.523982532425807,0.0804578758552436,0.633285858185658,1.10228495251887,0.0155499388961539,0.683821251883212,0.813341388376088,0.739310141024623,-0.106352221223405,0.664454394072549,-1.43041892530383,-1.29670515755317,-1.16717689922519,-2.02647600557782
leu-gln,-0.819788085137481,1.21991531557822,-0.369818509287747,1.1691543692722,1.06080739265764,0.188853907396883,1.25373577954205,1.27823514680852,1.21916164159478,-1.47245921153388,1.01930094898593,-1.61034906727448,-0.92353223284087,-1.14129342655639,-2.07192396920539
leu-lys,0.301837007523343,0.908474189594709,-0.00232912841949561,0.908607537734215,0.539681843437155,0.464972859085947,0.880852528785048,0.974507666648193,0.592442646003644,-0.0675197634047713,0.52904117175741,-1.39126998626133,-1.36534034728528,-1.5352434216386,-1.73871480356019
linatine,-0.556342822891579,-0.154150409935776,-0.336484983831962,0.792660283471901,1.06848398990451,0.0986267560412055,0.715353245182178,0.907680946871239,0.878629576301496,-0.742183976693573,0.598827398633063,-1.09106803128466,-0.578818662455955,-0.0741565537476887,-1.5270567555644
menadiol dibutyrate,0.817436413071231,0.898530088599364,-0.0296485145843494,0.202365081903974,1.17844256894493,0.106172291478415,1.15109296409818,-0.036659843565176,0.182778387731213,-1.56998906453188,-0.7834940706221,-1.22503755701968,0.339131035098024,-0.591078609037189,-0.640041171564957
methadone-d9,0.111654534993061,-0.442672558767055,0.0556637042392703,0.0806517751107885,-0.250705151413764,0.063455637554815,-1.10167167870034,-0.654064572239899,0.289756097555991,-0.0541211820880444,0.428081235297879,0.157859061125241,0.6032128740592,0.476955159069511,0.235945064203341
methyl 3-hydroxypalmitate,0.268683262769969,0.760549242205764,-0.197038682462809,0.291379098642327,0.703436425718958,-0.359452126365136,0.715362063203838,0.934787943868089,0.848591610922935,-0.550116135122751,0.699052446574844,-1.17973099326422,-1.05393713281136,-0.97552766560028,-0.906039358280174
methyl 4-[2-(2-formyl-vinyl)-3-hydroxy-5-oxo-cyclopentyl]-butanoate,-0.282719291107349,-0.246359408296023,-0.62143344540232,-0.705591026405093,-0.451786896305367,-0.127406995553954,-0.669868289473159,-0.224856575342919,-0.247163606330089,0.262454122150882,-0.55371291482881,0.786756314614942,1.09944237712255,1.46790933312912,0.51433630202755
monoheptadecanoin,0.046888770756617,0.52821708800066,0.313280482932253,0.68837705853801,0.682635316973237,0.557129832726157,0.851416553842548,0.904780202468879,0.856900571198683,-0.0675417172038119,0.616233641979991,-0.688834485326902,-0.39326583758705,-1.03655847485603,-3.85965900444323
mycenolide A,-0.846597246038629,0.337750795830453,-0.930348924149063,-0.340529399501335,0.381247091227704,0.350950971295168,0.398849961699245,-1.51756167007345,-0.874334891581516,0.435564445384416,-0.592044911883158,0.438267022388431,0.58904883877282,1.46135480851952,0.708383108109398
n-Octyl α-glucoside,0.286158631757777,0.777044137466476,0.078479376648346,0.513654827716468,0.884601801732443,0.0532416214570261,0.840600063765543,0.877546541327611,0.708592372264783,-0.0525072389951299,0.755568733395361,-0.943289109232398,-0.210935582058035,-0.311752244402317,-4.25700393284395
oleandolide,-0.46552862105481,-0.976312556733408,-0.399741603397808,-0.659990816080238,-0.788548804925812,0.481814205245416,-1.00108788861314,-1.00877795097081,0.478548321632784,0.251985678487153,-0.581489955184074,1.3949681685346,1.26360344937185,1.16871142241778,0.841846951270515
oleoylglycine,0.660509447585035,-0.020191967410542,0.005410760560338,0.439209830039818,0.58566724795456,0.197193750849619,0.304475441431475,0.209842684427618,0.861260411287862,-0.0794284565311788,0.379190423610949,-1.0583467027908,-0.513812452242564,-0.0190861205448633,-1.95189429822731
oscr#3,0.85990912995401,0.859565486836208,0.755753293474737,0.907598129037798,0.892672339194681,0.586506100191419,0.897826270910654,0.98905732555521,0.740780895812782,0.368957904133309,0.8056611614826,-1.04964375666792,-2.83327229511576,-2.30769561271156,-2.47367637208816
oxiracetam,-0.626572200171423,0.827198021701107,-0.500163977217906,1.12162788596376,1.07229777558205,-0.504732697017421,0.80064678941512,0.693592230238866,0.781759348249009,-1.52474454724284,0.781016464566248,-0.730932448893452,-0.563143198262719,-0.551793425340857,-1.07605602156953
p-Cresol,0.886856528163365,0.860612773341631,0.638149082414976,0.740269806585002,0.677507248975104,0.465439760141729,1.00288544469157,0.904647595462834,0.584331488667837,-0.474595854110709,0.0713083923487043,-1.58369201522258,-1.36499968439111,-1.42620537653679,-1.98251519053155
persin,0.540248201522419,0.991524565016565,0.373923529644645,0.894700904906453,0.731382120491007,-1.27151453458916,1.26130882289989,0.910865523862367,0.667753036061177,-1.50497106101024,0.545540268848054,-0.847502992028807,-0.639633442182391,-0.745749690005492,-1.90787525343646
propionylcarnitine,-0.0451864488171581,1.0749157373023,-0.205060684197154,0.826325704411867,1.27861368607979,-0.579235991915903,0.821274533763163,0.696002929834182,0.839269941893826,-0.768780391578595,0.94903189601317,-1.26173569272121,-1.27778846201347,-0.966909308499072,-1.38073744955573
psychosine sulfate,0.565860237114194,0.662774726903812,0.532604664951293,0.627053282341395,0.689798505139914,0.258716810052093,0.752819808105903,0.587496652836901,0.570194687365589,0.0481719880752702,0.592221393382352,-1.23221190635163,-0.954645636749262,-1.47635145253256,-2.22450376063524
pyr-gln-OH,-0.244083210934322,-1.27473845536604,-0.730398564094883,-0.486712752151252,-0.596886877201084,-0.815687562959469,0.00846476096443246,0.157359949091938,-0.0305021327607461,-0.233070123916028,-0.243197362929102,1.37383607668605,1.40446272153783,1.05679345125337,0.654360082779327
quizalofop,0.722024276544567,0.693240972821318,0.432450134771677,0.697568398064871,0.883243785000031,0.466200089274442,0.638310698993392,0.727924622604198,0.800552576590109,-0.0964832799830912,0.691747757892771,-1.6162981742193,-1.46252624807179,-1.57710544516766,-2.00085016511549
revefenacin,0.718777607718379,0.777314708881984,0.690517831528856,0.896920284938803,1.03682602407222,0.674445004761049,0.920792783132809,0.996638570574966,0.925080931239976,0.310821332054421,0.698866327136095,-1.04469765585585,-0.653888205588299,-3.4742077722977,-3.4742077722977
suberoretisteroid A,0.565899675160547,0.508529363649856,0.58491955174959,0.730173550327713,0.841907923569956,0.374104422263159,0.844797071500084,0.712020426334591,0.863927242526599,-0.518320208385571,0.800625338571122,-1.28439294035885,-0.49470464949287,-0.406389054413,-4.12309771300292
suberoretisteroid D,0.31748537835565,0.783269277982513,0.266837341901898,0.865891437511528,0.893815202946677,0.603916848768578,0.508245174571739,0.41295632238936,0.311505685751432,-0.327250375473049,0.266591796064591,-0.912033956700968,-0.679469787585413,-1.41368541756838,-1.89807492891615
taleranol,0.649278141580435,0.609397614449992,0.313420730228402,0.476425937435322,0.164340068102166,0.251274618717816,0.517520626382898,0.892203836295418,0.579680021343102,0.344738948044849,0.319921116840975,-0.924178626919603,-0.654872176928077,-1.22652691051084,-2.31262394506285
tebuconazole,-0.445067428849074,-0.294920416053578,-0.909699599247753,-0.212745786246254,-0.0244299239621968,-0.912441958509098,-0.186643655777147,-0.242290524154226,-0.315375722114456,-0.115338755813735,-0.329904049787136,0.593203082899272,1.51773548917665,1.39340795431354,0.484511294125178
tensyuic acid B,0.352045868737572,0.560992538557044,0.271975088779674,0.740756414103529,0.754840136674379,-0.00859200302825709,0.76152683181094,0.851596356383194,0.392089820321008,-0.33093389436965,0.486354253794276,-0.739847328946769,-1.59874396995429,-0.82672886123471,-1.66733125162794
tensyuic acid C,0.417590826362415,0.703655659066026,0.346458345797481,0.664183104877798,0.762699557712486,0.199990881583797,0.724911575149694,0.862050173027798,0.59616534179687,0.0432404954071003,0.718873792369809,-1.86638926545983,-1.36995174406169,-0.654438801798757,-2.14903994183098
tetrahydrocortisol,0.880777102683428,0.818248621284083,0.267306214371262,0.859594049497685,0.801842974438746,0.472265439202373,0.668534918853075,0.717844575638413,0.887346477345087,-0.09115334615279,0.838118215249344,-0.328647486062416,-0.186689611834113,-3.30269407225709,-3.30269407225709
trimethadione,0.12045131746523,0.410680115024133,-0.0991216152841265,0.549945555428583,0.515466190977467,0.0230726557277393,0.37253096103867,0.4088840220506,0.529948269432935,-0.42176109688417,0.206215891742777,0.223918537962746,-0.795531813385369,-0.524880816922572,-1.51981817437462
tyr-thr,-0.249041175692874,-1.32409077535813,-0.600003977283643,-1.22587547255859,-1.09358110889657,0.886395730588668,-1.0463464717547,-0.532327536383129,0.714034842004262,1.09503408925017,-0.293403263866943,1.38006332785351,1.42976469248657,0.760397869303602,0.0989792303078055
undec-10-ynoic acid,0.441909638285435,0.674447522549662,0.294172407568851,0.730427471130421,0.740766812505439,0.0628243567286148,0.762605215697319,0.777350642587031,0.59763253155922,0.0162526419390426,0.522055282171131,-1.55484858768291,-0.744589495158365,-2.45574649321352,-0.865259946667367
val-phe,-0.35355619499177,1.24153835330192,-0.412401156019411,0.91006892746545,0.459127380642739,-0.146830628159653,1.2753818710082,1.24419455692294,0.658643030048104,-0.557002575568485,0.552410728222725,-1.92806598839573,-0.37562535309715,-0.909715702341159,-1.65816724903873
"{(3R,6R)-6-[(4-{[Benzyl(methyl)amino]methyl}-1H-1,2,3-triazol-1-yl)methyl]-1-azabicyclo[2.2.2]oct-3-yl}(1-pyrrolidinyl)methanone",0.974266200600657,0.492972443557692,-0.124532678822712,0.238427250265163,0.384224313214355,0.298782487367435,1.03762580125912,0.569262434159557,1.54172316291482,-1.07128257087276,0.587744135703419,-1.28382298794646,-1.21754776451509,-1.10071254622139,-1.32712968066378
"{2,4-Dihydroxy-3-[(1E)-3-methyl-1-buten-1-yl]phenyl}[6-(2,4-dihydroxyphenyl)-2-(2,6-dihydroxyphenyl)-6-hydroxy-4-methyl-3-cyclohexen-1-yl]methanone",0.919825380541321,0.63645510504629,0.7907046918527,0.449390292644119,0.644519054672101,0.862494010949216,0.7176646660893,-0.0183500053642321,0.614866003341101,-0.0181670364944812,0.642315026774448,-1.3493243091997,-1.27121028990882,-1.62032008733612,-2.00086250360723
α-Apocholic acid,0.684034911546067,0.698518300411869,0.725533829314994,1.09578167354079,0.782263151034236,0.917932983698035,1.09327068984575,0.786158865605564,0.918860184367454,-0.497717503202549,0.80164650364601,-0.879036702902956,-0.475350783016974,-3.32594805194415,-3.32594805194415
α-Lactose,-0.988244066393343,-0.656059452194823,-0.526658817349841,-0.442752718446056,-1.20281227304723,0.460134796689755,0.00986519250729356,0.192127706335203,-0.325209894431625,0.499627082992808,-0.464690179137304,1.09990213042554,1.01161852258207,0.734217408381107,0.598934561086437
α-Ribazole,0.506479883603936,0.836883351215512,0.282179993009613,0.866283975296508,0.843008084148158,0.796745387400486,0.65074357127067,0.81987581987829,0.586274625446014,0.373932082198509,0.727774134492157,-3.64582987316038,0.0534568621823255,-0.0519780238214094,-3.64582987316038
γ-glutamyltyramine,0.220232212768265,0.995517474541153,-0.000287909804223078,0.947612917225215,0.599120826681156,0.198189608549659,1.14527981814071,1.14869709988776,0.631790013544756,-0.143453143371979,0.580583230758715,-1.53197395110641,-0.18854905782249,-0.513126634438868,-4.08963250555342
ε-(γ-Glutamyl)-lysine,-0.0363689126988596,0.973824033369437,-0.225369572471903,1.06055453604667,0.79928068022162,0.681948617684016,1.108355960177,1.12201710236845,0.504072896008742,-1.09480547640924,0.606395069867267,-1.40422089233117,-1.3506494921984,-0.929279863769793,-1.81575468586383
,-1.11108312228183,-1.11108312228183,-1.11108312228183,-1.11108312228183,-1.11108312228183,-1.11108312228183,-1.11108312228183,-1.11108312228183,-1.11108312228183,-1.11108312228183,2.0154119166845,2.30336711774552,2.3097222593666,1.96140829812545,2.5209216308963
