"FeatureID","Cluster","1","2","3","4"
"296.61697-8.708",2,0.192424797276362,0.449195826264874,0.192426984998087,0.165952391460676
"487.23704-10.048",3,0.130312222407528,0.139448862380979,0.557543731606052,0.172695183605441
"421.22647-16.397",1,0.718564715907877,0.0951387304132062,0.0745438295855273,0.11175272409339
"296.61713-13.231",1,0.554260030308881,0.177352484125725,0.11487769065268,0.153509794912714
"197.8081-1.761",3,0.156542923691019,0.176702034306987,0.471013839919471,0.195741202082523
"134.89467-16.9",3,0.0778753195041073,0.0757792182434791,0.728964224537875,0.117381237714538
"195.8112-1.798",3,0.146915350558699,0.162106495409038,0.502861858670125,0.188116295362138
"295.60919-8.556",2,0.188131188745467,0.469799846798301,0.182364771301144,0.159704193155087
"134.89467-17.731",3,0.127744457717175,0.117676203433772,0.542915715527495,0.211663623321557
"349.00232-8.656",1,0.616064932458851,0.12320947256106,0.101758438888097,0.158967156091992
"427.26206-13.042",2,0.201900056655154,0.30332949837744,0.290200636633327,0.204569808334079
"201.07113-1.455",3,0.195261835407112,0.265888160927348,0.329219351144211,0.209630652521329
"206.04578-6.434",3,0.186391392415279,0.236741786325193,0.366719437577956,0.210147383681572
"443.25722-11.397",3,0.0975102581706895,0.0931033914195341,0.657827610921178,0.151558739488598
"443.25731-11.398",3,0.0976791158556244,0.0932490707124507,0.657208280086097,0.151863533345828
"514.28464-9.002",2,0.284839555093336,0.403389180777877,0.147193015535519,0.164578248593268
"134.89473-14.902",2,0.107460978599982,0.734735727148203,0.0793834129496733,0.0784198813021418
"288.61964-9.445",2,0.179926057232631,0.504231306718692,0.166668994577188,0.149173641471489
"288.61969-9.45",2,0.12186365015319,0.703956013932546,0.0870430362262548,0.0871372996880099
"134.89472-15.265",3,0.193643739442756,0.259615864711168,0.336695428529194,0.210044967316883
"134.89472-10.047",1,0.763559474904695,0.0836510215328416,0.0623976762937092,0.0903918272687544
"465.30481-15.281",2,0.203846222398047,0.355210454455326,0.248104072080597,0.19283925106603
"333.00756-7.975",1,0.558622840917595,0.17508210230232,0.113854587734576,0.15244046904551
"485.22186-9.912",3,0.119165482909559,0.125462773245917,0.594338298076312,0.161033445768212
"514.28465-9.763",2,0.243693930973434,0.465451946366445,0.13963970133322,0.151214421326901
"269.04566-9.802",4,0.207317411818566,0.12073043503291,0.154068988087188,0.517883165061336
"89.02444-1.097",2,0.139350159291691,0.638922559897448,0.113866198964247,0.107861081846613
"443.25727-10.429",3,0.0964037764294426,0.0988500719706979,0.670001506025051,0.134744645574808
"301.16569-7.867",3,0.0699369399145151,0.0696542481831546,0.758625148495868,0.101783663406463
"465.3048-14.256",1,0.371803068661283,0.303333967122672,0.147824602739527,0.177038361476518
"134.89471-8.743",2,0.273722085445165,0.419146745699195,0.145678212473874,0.161452956381766
"100.93363-16.906",4,0.131273504111046,0.0936917720986515,0.157754032350809,0.617280691439493
"294.60145-8.208",2,0.196538062588065,0.426412380815952,0.20427201873332,0.172777537862663
"391.28551-13.034",2,0.203811085202502,0.329509528451546,0.267546146851386,0.199133239494566
"134.89468-17.217",1,0.381533642643455,0.156758911692019,0.157487388514214,0.304220057150313
"443.25725-10.746",3,0.109715043242931,0.103426571746309,0.612562471120782,0.174295913889978
"87.00879-1.106",3,0.17029227171255,0.200514278176462,0.42471973509316,0.204473715017828
"421.22674-16.9",4,0.272876356153613,0.142769269645668,0.16585646924806,0.418497904952659
"160.84216-1.333",4,0.166208000500007,0.130393665426036,0.272344973134827,0.43105336093913
"256.05951-1.087",3,0.139807917626846,0.152083879543311,0.526274508977602,0.181833693852241
"117.01943-1.682",2,0.174667666062662,0.524186795741155,0.158099708293965,0.143045829902218
"243.12383-7.323",3,0.143219248707605,0.156825823987456,0.515041840700276,0.184913086604663
"162.83923-1.479",1,0.465933722634372,0.229073814404663,0.133983120367095,0.17100934259387
"348.10238-7.98",1,0.407689834640079,0.156509160672135,0.152618638709561,0.283182365978225
"215.03291-1.034",3,0.112294738110513,0.117196148764474,0.617096427758615,0.153412685366398
"333.00769-8.729",1,0.343461281618281,0.154812517697051,0.163076666170815,0.338649534513853
"241.10825-7.533",3,0.178424721557765,0.217190831255635,0.396276548295193,0.208107898891408
"322.12325-6.231",4,0.245635384643099,0.134893755708258,0.163016006769641,0.456454852879003
"146.04596-1.054",3,0.0990878714498923,0.10188548916164,0.661038961931431,0.137987677457037
"273.00762-6.487",2,0.32404389517011,0.353505169523031,0.14971011371866,0.172740821588199
"96.96966-1.299",3,0.141906293219933,0.154986531725226,0.519365709868643,0.183741465186198
"229.14458-10.502",3,0.200342554706794,0.291558390334519,0.301528014559266,0.206571040399421
"322.12322-6.001",1,0.387796681816646,0.156809923663137,0.156385807759747,0.29900758676047
"452.27847-14.321",4,0.188499225201781,0.112520158267383,0.147305218529673,0.551675398001163
"101.02448-1.697",1,0.593321363159174,0.128735923234027,0.107739468339679,0.17020324526712
"129.05581-6.571",4,0.152413658479103,0.113033380973175,0.205593440200456,0.528959520347267
"129.05581-6.581",4,0.152634717202244,0.113259327104839,0.2062496250798,0.527856330613117
"271.22798-16.371",3,0.0800104865409267,0.0776884469576324,0.721289821325058,0.121011245176383
"179.05623-1.074",1,0.643030858554272,0.134651488402773,0.0932418188241912,0.129075834218764
"498.28997-10.85",2,0.222691859661739,0.50109368690917,0.133670633210711,0.142543820218381
"178.05109-6.575",2,0.108040459053438,0.729632813877431,0.082128932535888,0.0801977945332423
"467.27829-16.973",3,0.128321910577046,0.136891616139512,0.564104137362401,0.17068233592104
"346.08938-3.717",1,0.58203385554988,0.163244803357056,0.108279398049627,0.146441943043437
"483.20629-9.513",1,0.52594801175478,0.192645705651026,0.121371162861998,0.160035119732195
"316.63275-9.6",2,0.164559972102968,0.559681111640547,0.143621136248945,0.13213778000754
"115.92077-16.45",3,0.195680669238004,0.267616083065721,0.327212263200936,0.20949098449534
"286.60409-8.947",2,0.184196455708891,0.573006838875215,0.119063641785567,0.123733063630326
"385.22331-12.449",1,0.656791868445334,0.128558711174364,0.0897751661425042,0.124874254237798
"131.07145-7.216",1,0.752030972237206,0.0853532488513002,0.0656076069119255,0.0970081719995685
"131.07146-7.22",1,0.766390809924929,0.0822798670378022,0.0616807628038163,0.0896485602334524
"293.17603-11.873",2,0.199851950270588,0.403863564072361,0.216887923389038,0.179396562268013
"305.07024-6.769",1,0.506184485206242,0.203971433437192,0.12572546522179,0.164118616134776
"511.30462-13.505",3,0.140355810641938,0.126587134878295,0.490531499125537,0.24252555535423
"262.05699-1.098",1,0.437321095867084,0.248967513575379,0.139183874790729,0.174527515766808
"161.04567-1.085",1,0.417731266814533,0.156103474786849,0.150581976341962,0.275583282056655
"201.07112-0.944",3,0.13299679968056,0.121520270223275,0.521616545729503,0.223866384366662
"135.89478-16.899",4,0.167497531447235,0.134208141072234,0.298301132657575,0.399993194822956
"187.09772-8.45",1,0.389971543645276,0.156810910272641,0.155993184917598,0.297224361164485
"531.30025-10.3",2,0.203984265742611,0.349341547558073,0.252332978187213,0.194341208512102
"531.30024-10.313",4,0.268189554794499,0.141545772506,0.165553574338851,0.42471109836065
"128.03543-1.511",2,0.204017864833299,0.346831221789613,0.254177872171525,0.194973041205562
"467.21134-10.646",4,0.272848155917576,0.142762070929226,0.165854863895022,0.418534909258176
"202.02945-1.08",1,0.708997454504828,0.0979208803179346,0.077093843755857,0.11598782142138
"317.64057-9.574",2,0.115561098119678,0.717717101525577,0.0835052479810247,0.0832165523737202
"436.28359-14.701",4,0.143218533041757,0.104174932708831,0.181968028703305,0.570638505546107
"529.28457-11.515",1,0.360750019920796,0.156056716883368,0.160797836480888,0.322395426714949
"427.26235-12.046",3,0.0849784144510817,0.0821166630038548,0.703393165060595,0.129511757484468
"129.05582-6.11",2,0.257522657096805,0.44344361369553,0.142781141564543,0.156252587643123
"443.25737-10.556",3,0.0694028857833669,0.0690407498357048,0.760376111511508,0.10118025286942
"539.13912-1.124",2,0.269966077755036,0.424638223681153,0.145080390961877,0.160315307601934
"554.30229-13.795",4,0.107851696166795,0.0697276197609457,0.100419972522861,0.722000711549399
"302.59894-9.649",1,0.525812521437286,0.192721409192312,0.121401561177949,0.160064508192453
"253.05078-8.921",1,0.346619512209027,0.155086445410234,0.162696710684795,0.335597331695944
"554.30237-13.562",2,0.20250972796635,0.30921062788882,0.284823217851369,0.20345642629346
"391.10154-1.043",2,0.238345024849682,0.474277360339375,0.138256830238431,0.149120784572512
"476.27865-13.738",1,0.662710098277773,0.125971580577186,0.0882778809079914,0.12304044023705
"329.10329-8.462",3,0.131833685697263,0.141423400686991,0.552530821138746,0.174212092477
"462.29939-14.989",3,0.163390051265171,0.137641985025356,0.366437877560757,0.332530086148716
"483.27327-15.728",4,0.273828251434278,0.143011105200008,0.165909136247037,0.417251507118676
"438.26295-13.631",3,0.096770918575057,0.0992639565326821,0.668774959190855,0.135190165701406
"425.24684-13.076",3,0.182266941762331,0.226110468277021,0.382310392256461,0.209312197704187
"335.02333-10.403",1,0.486758422898887,0.215713329231525,0.12982674316421,0.167701504705378
"229.15591-5.708",3,0.0972187249989075,0.0928517077188179,0.658896496010809,0.151033071271465
"275.02329-6.489",1,0.496030828797061,0.210027930023577,0.127893478031145,0.166047763148218
"438.26291-13.407",3,0.110111672348597,0.103754242538212,0.611071623102017,0.175062462011174
"115.92077-16.915",4,0.288115038724429,0.146372144906264,0.166357607401266,0.39915520896804
"92.92803-16.507",2,0.106344967625481,0.736576597538667,0.0791336185357309,0.0779448163001218
"201.07111-8.998",1,0.541248580018472,0.140041169319452,0.121250388674925,0.197459861987151
"441.24174-11.244",3,0.12375329934323,0.114650001402706,0.558731831096766,0.202864868157298
"483.27331-15.232",4,0.194103601360501,0.115047195606085,0.149489512233138,0.541359690800276
"421.22677-17.808",3,0.0842568624932222,0.0814753237414505,0.705996961325948,0.128270852439379
"465.30484-12.945",1,0.409572984751435,0.270297972938881,0.143500783206576,0.176628259103107
"509.2889-16.938",1,0.348534475877575,0.155242244560133,0.162458083206432,0.33376519635586
"373.20556-12.718",4,0.16743040343755,0.133766705215895,0.294675499469992,0.404127391876563
"165.05583-7.728",1,0.403503785688453,0.275271832976019,0.144328909082223,0.176895472253305
"172.84263-12.143",4,0.167057056893961,0.132386690431859,0.284602048489446,0.415954204184734
"200.80565-1.288",1,0.649701285249596,0.114499649110227,0.092861340275993,0.142937725364184
"188.05666-1.562",4,0.125343116811694,0.0887594330617884,0.147304797021627,0.63859265310489
"245.01268-6.615",2,0.182155444186679,0.495344598051119,0.170601520928477,0.151898436833725
"363.01818-8.056",1,0.452851211015756,0.237931086723827,0.136442692079502,0.172775010180915
"162.05615-6.381",3,0.09485139961265,0.0971044649628017,0.675189773909795,0.132854361514754
"480.30997-15.728",3,0.0687024172568592,0.0682013811329059,0.762630640691571,0.100465560918664
"116.92858-16.91",2,0.202652250262032,0.310759244586924,0.283436664378635,0.203151840772408
"480.30996-15.575",3,0.0877595783240777,0.084581200011405,0.69334002843217,0.134319193232348
"278.13988-16.427",1,0.345019063361929,0.154950283266614,0.162891396485496,0.33713925688596
"478.29435-14.628",4,0.150605733622593,0.111212861796474,0.200417995095835,0.537763409485099
"478.29432-14.623",4,0.14469174325651,0.105535756336488,0.185369062405716,0.564403438001286
"465.30476-17.81",2,0.300521740547577,0.382399127348507,0.148706250746047,0.168372881357868
"381.33749-17.739",3,0.15541000613491,0.174912115067853,0.474775842896044,0.194902035901193
"218.10356-4.518",4,0.0810087531649443,0.0537009861209686,0.0800836462871482,0.785206614426939
"201.0711-13.041",4,0.32027489662405,0.15213465956802,0.165295013295377,0.362295430512553
"453.28623-10.558",3,0.0912522472995718,0.0876569150024557,0.680671629620866,0.140419208077106
"135.89478-17.73",3,0.11067651090052,0.104219932234198,0.608945989307225,0.176157567558057
"524.29984-16.423",1,0.359621332075206,0.155994269628412,0.160960800738345,0.323423597558037
"441.24183-10.775",3,0.0813424371768205,0.0821649091615188,0.720459864563221,0.11603278909844
"701.19194-1.201",1,0.718179927421327,0.0952510082969024,0.0746464173494119,0.111922646932359
"299.25925-15.248",3,0.0819606010857544,0.0828408310346457,0.718384898205371,0.116813669674229
"105.01939-1.084",3,0.149166358106995,0.131996151092263,0.450325392548798,0.268512098251943
"151.02625-1.443",3,0.162724259097101,0.137565894788107,0.371754909966418,0.327954936148374
"201.11332-9.21",4,0.129743615953515,0.0924051374274498,0.154979602708229,0.622871643910806
"509.28889-16.645",3,0.163565017748483,0.137655069277665,0.364984018940103,0.333795894033749
"498.29004-10.611",2,0.266253055895148,0.430150892301216,0.144445883056907,0.159150168746729
"317.06471-1.093",2,0.191939365328548,0.45165530893345,0.191195654840619,0.165209670897383
"145.01434-1.114",4,0.154879390369449,0.115600797513552,0.213248722334033,0.516271089782967
"371.20762-11.573",1,0.528289282502348,0.191341566267906,0.120844773020213,0.159524378209534
"267.07372-1.761",4,0.339689258765097,0.154457384539886,0.163507597459165,0.342345759235852
"715.22311-8.431",4,0.197727883854852,0.116644885778264,0.150825000947623,0.534802229419261
"57.97573-1.123",2,0.139613113869316,0.638139456937891,0.11414722753559,0.108100201657203
"443.25738-11.587",3,0.102447048598638,0.0973315818062341,0.639647469218283,0.160573900376845
"205.83969-8.75",3,0.187156877127213,0.238865553754881,0.363735823811026,0.21024174530688
"331.24924-10.691",3,0.154071575018519,0.172824528065818,0.479214131741732,0.193889765173932
"429.21332-10.15",1,0.684426231119245,0.116631914884624,0.0827551925776002,0.11618666141853
"101.02446-1.081",4,0.108190425910578,0.0751528634009943,0.12058739606375,0.696069314624677
"165.04057-1.07",1,0.637215809845883,0.137260707312809,0.0946999620400026,0.130823520801305
"135.89482-15.265",3,0.107221102218991,0.111233245186811,0.63394642603111,0.147599226563089
"359.18989-11.138",4,0.16569693062508,0.137464058977463,0.344293374303652,0.352545636093805
"467.27828-17.315",4,0.156697360856286,0.11757032602243,0.219450085205298,0.506282227915986
"556.31802-14.436",3,0.193391264172024,0.258688237827634,0.337827083693956,0.210093414306386
"160.04054-7.061",3,0.0727374571785997,0.0727692065291782,0.749316862826878,0.105176473465344
"115.04018-2.798",1,0.716635374496627,0.103146459390204,0.0744970032336762,0.105721162879492
"117.01941-1.181",2,0.14518004231713,0.621392478556635,0.120209616152116,0.113217862974119
"191.05626-1.094",2,0.335229228497066,0.340789726391763,0.149702958849116,0.174278086262055
"375.18485-10.613",2,0.331142535306875,0.345362244068498,0.149739472827735,0.173755747796893
"185.02234-1.061",4,0.163085893655527,0.125354298847036,0.24795548827694,0.463604319220497
"144.92347-16.912",3,0.190610200859304,0.249201767693185,0.349803027263956,0.210385004183555
"144.92347-17.704",2,0.193855384666364,0.441704079149373,0.196232148939595,0.168208387244668
"117.05582-5.201",1,0.35212312219675,0.322742245879104,0.14916407530388,0.175970556620266
"308.09898-1.105",3,0.130621385711022,0.13984868025487,0.556524965612636,0.173004968421472
"287.18661-7.246",3,0.195455983173049,0.266683227353282,0.328293074957525,0.209567714516143
"269.04572-8.371",2,0.187544129144772,0.566437216897494,0.120513427716655,0.125505226241079
"556.31799-14.68",4,0.167045156203365,0.136547976509668,0.32411445717476,0.372292410112207
"556.31801-14.678",2,0.200254085679638,0.400666939455298,0.218758809254511,0.180320165610552
"285.17098-6.959",3,0.177501229079141,0.21516120487322,0.39957256952506,0.207764996522578
"476.27874-13.52",3,0.0700598661288728,0.0688640112751182,0.757101533061979,0.10397458953403
"439.247-14.097",3,0.168014749641923,0.196252088986436,0.432502056343726,0.203231105027915
"135.89483-14.911",2,0.120139151389892,0.694725518521094,0.0942787212382188,0.0908566088507957
"464.31498-16.111",4,0.233693388580085,0.130860888705435,0.160888684052743,0.474557038661738
"177.0406-1.093",4,0.142419347504508,0.103444194129823,0.180170205331162,0.573966253034507
"122.02485-1.442",4,0.167502715304412,0.134253999261644,0.298691869239212,0.399551416194732
"321.14771-6.953",3,0.198761265201502,0.282166952363582,0.311152564251083,0.207919218183833
"206.08229-17.733",3,0.191742896817662,0.252916873004035,0.345023914743391,0.210316315434912
"215.14026-2.708",3,0.0688160409478735,0.0683426054001702,0.762271051665057,0.100570301986899
"145.01435-1.439",3,0.149220624436776,0.132026588056228,0.450063059584,0.268689727922996
"297.24363-14.206",4,0.180313992609446,0.108709295465194,0.143853966900791,0.567122745024568
"313.23863-12.012",2,0.271174726217629,0.422861804858859,0.145277574881038,0.160685894042473
"279.03919-1.503",3,0.177410985563671,0.214965004347659,0.399893561978355,0.207730448110315
"443.19274-6.157",1,0.393422065542725,0.283803900923662,0.145599079454832,0.177174954078782
"446.25773-11.412",3,0.118060402557431,0.110197933023442,0.580854463554523,0.190887200864604
"539.13921-1.428",2,0.175400208194407,0.521480262386748,0.159242105929528,0.143877423489316
"401.13035-1.033",2,0.319237688929991,0.35916636674367,0.149620970507543,0.171974973818796
"73.02956-1.68",2,0.155729197909323,0.631010251704176,0.105495386593263,0.107765163793239
"480.31013-15.446",2,0.216245509480352,0.512558608813656,0.131549595726515,0.139646285979477
"149.04562-1.063",4,0.267852398509115,0.141455653707166,0.165528951988984,0.425162995794735
"251.07879-1.818",4,0.107790187061104,0.0696913377807481,0.10037444502293,0.722144030135218
"251.07881-1.845",4,0.16731057241353,0.133225980282504,0.290526953884471,0.408936493419494
"528.26419-9.3",2,0.111135575525093,0.720494474456985,0.0853666282767862,0.0830033217411358
"257.08211-10.485",3,0.170804095026891,0.20149350220987,0.422961960930297,0.204740441832943
"633.40122-12.04",1,0.50087834326159,0.207115122333899,0.126864778048176,0.165141756356335
"273.07704-9.597",3,0.0718521286065495,0.0704174096855632,0.750615137447413,0.107115324260474
"112.98568-0.977",2,0.277408833213585,0.413839287321668,0.146222403705664,0.162529475759083
"421.22678-17.686",2,0.202901277933722,0.313683291020523,0.280851000119708,0.202564430926047
"190.05117-7.239",3,0.195482823419703,0.26679393536614,0.328164470525112,0.209558770689045
"297.11348-10.126",3,0.0703191641804007,0.0690850936086755,0.756158873985095,0.104436868225829
"297.11339-10.124",3,0.0761361275272949,0.0742241160772367,0.735211495973263,0.114428260422206
"113.02448-1.036",1,0.433527365890248,0.155143267961192,0.147224500307484,0.264104865841076
"545.27953-10.277",4,0.296397227327864,0.148091987688647,0.166341189608046,0.389169595375443
"475.16467-8.939",4,0.158720602056137,0.119860214845776,0.227088294368221,0.494330888729866
"153.86868-13.471",2,0.166947760573106,0.55156663532997,0.146854568109612,0.134631035987311
"512.26933-9.169",2,0.121178655107429,0.705454929023779,0.0866563039380882,0.0867101119307036
"343.2127-8.635",4,0.167533805000753,0.134728055535176,0.302910273084265,0.394827866379806
"333.09016-10.126",3,0.069183989780583,0.068784536709328,0.761088011123621,0.100943462386468
"131.07146-7.067",1,0.368485200087948,0.306491654198778,0.148099521316709,0.176923624396565
"131.07146-7.072",1,0.364711995742828,0.310137678615384,0.148388806329535,0.176761519312253
"499.30707-11.77",3,0.200356689789366,0.291651455997703,0.301435340292636,0.206556513920295
"277.05993-2.999",3,0.194954896339644,0.264651132789253,0.330669952573175,0.209724018297928
"377.26986-14.828",4,0.166224991644972,0.137246669337518,0.337675925446794,0.358852413570715
"172.84264-11.694",3,0.158344912657539,0.136380747311289,0.401383253406051,0.303891086625121
"207.05114-1.097",2,0.202248463022752,0.381823488148313,0.230260747726636,0.185667301102298
"195.05117-1.058",1,0.379044215855566,0.296595061596985,0.147160475290984,0.177200247256464
"172.84261-15.457",3,0.0939615130842153,0.0961069351836749,0.678165404296641,0.131766147435469
"389.24658-16.064",3,0.181975754331125,0.225404821968858,0.383385117563533,0.209234306136484
"164.83623-1.32",1,0.491134773829734,0.213010914995141,0.12892011085304,0.166934200322086
"201.1246-3.734",3,0.14837453439761,0.131547380701627,0.45412803954191,0.265950045358854
"365.03377-10.172",1,0.374265746845108,0.301018881003003,0.147608444121452,0.177106928030437
"245.11449-1.718",3,0.157965755688017,0.136239544162565,0.403664056524571,0.302130643624847
"315.25424-11.621",4,0.167483478572446,0.135457832626157,0.310198732625493,0.386859956175904
"438.26298-13.146",3,0.199444070787823,0.286000032536185,0.307158001478538,0.207397895197454
"298.12077-8.705",2,0.164714802703929,0.559159280903048,0.143827821421945,0.132298094971078
"493.32071-16.994",4,0.16560920449216,0.137490409089114,0.34530558629072,0.351594800128005
"498.28999-9.977",3,0.190094272571504,0.247568577547148,0.35194135718987,0.210395792691478
"449.1073-1.103",2,0.192790114419937,0.447318643559745,0.193372643235681,0.166518598784637
"509.28893-17.304",4,0.167490055666709,0.135417521158773,0.30976499473738,0.387327428437138
"132.0303-1.047",2,0.150346893080099,0.605522758145141,0.126055840258528,0.118074508516232
"132.03031-1.052",2,0.150359628163009,0.60548320524545,0.126070545170143,0.118086621421397
"509.28888-16.453",3,0.200960443943522,0.295825735136455,0.297330886124967,0.205882934795056
"563.14129-7.016",1,0.385730278026863,0.290552167128421,0.146472923296752,0.177244631547964
"429.29732-14.438",3,0.0890470801313886,0.0857176807213824,0.688676071754218,0.136559167393011
"782.56639-13.034",3,0.068301151789045,0.0676275208901256,0.763810118394345,0.100261208926484
"225.06172-1.029",1,0.5255354825851,0.192876280903126,0.121463694993644,0.16012454151813
"315.12406-8.248",3,0.149837833031001,0.166398983207319,0.493218111348929,0.19054507241275
"100.93365-11.147",1,0.707546129639514,0.106915313111791,0.0768341546191091,0.108704402629586
"222.04972-0.998",4,0.190919946650203,0.113620004924507,0.148266484058969,0.54719356436632
"487.30697-10.327",3,0.186255689128892,0.236370783747381,0.367245011733809,0.210128515389918
"153.86864-16.884",3,0.155526438865599,0.175095085094982,0.474389442806236,0.194989033233182
"676.33765-9.136",2,0.284831376443128,0.403400502315467,0.147192038766791,0.164576082474613
"351.01796-8.733",4,0.130187771536445,0.0927775904608284,0.155779009593769,0.621255628408957
"231.13521-4.058",3,0.144283080414443,0.158329782378877,0.511537516781312,0.185849620425367
"243.12392-7.486",2,0.305167322850541,0.376451870666655,0.149020662119365,0.169360144363438
"218.10356-3.835",4,0.117776121616089,0.0826535801921987,0.134985405755521,0.664584892436191
"366.11308-6.001",1,0.552474719624122,0.137781306673304,0.118366300859798,0.191377672842776
"166.01806-1.093",2,0.20399005072057,0.336551785946782,0.261971269776816,0.197486893555832
"261.00765-5.389",1,0.476332130248365,0.150760593588953,0.137400719030705,0.235506557131976
"445.07811-7.784",1,0.767307628754678,0.0816592777620321,0.0614618906652273,0.0895712028180629
"427.26243-11.593",3,0.161424641727948,0.137319559391738,0.381350501455093,0.319905297425221
"315.62495-9.436",2,0.15599889017528,0.630444226924274,0.105633579242782,0.107923303657664
"616.22371-8.717",2,0.201451532757211,0.390124499179819,0.225089998196571,0.183333969866399
"253.05078-7.776",1,0.487749108960047,0.215098536905038,0.129622443100606,0.167529911034308
"182.04608-1.799",2,0.270208339294319,0.424281449112536,0.14512028152994,0.160389930063206
"135.89479-17.204",1,0.361583909686131,0.313205600450524,0.148609239987585,0.176601249875759
"345.22836-8.747",2,0.327773679879469,0.349194614308335,0.149740469545504,0.173291236266692
"161.84993-8.788",3,0.172291450038783,0.20438694056969,0.417833209473754,0.205488399917772
"229.15593-5.374",3,0.145804851664798,0.160503284969142,0.506522905456506,0.187168957909553
"345.22836-9.963",2,0.284973942243191,0.403203208049989,0.147209036653868,0.164613813052953
"387.23902-13.586",1,0.498972875912749,0.20825536198757,0.127270556602456,0.165501205497225
"313.10839-8.939",3,0.181337185882023,0.223875548219883,0.385731791809254,0.209055474088839
"349.00248-8.018",2,0.187574586419587,0.472309201997116,0.181176451367595,0.158939760215702
"329.10332-9.316",2,0.200489938204121,0.398722795537655,0.219907487377134,0.18087977888109
"361.20218-9.736",1,0.637146650358814,0.137291868789304,0.0947172782078028,0.130844202644079
"294.08331-1.066",1,0.382412973781962,0.156770433715361,0.157335404936894,0.303481187565783
"263.09743-1.4",3,0.109335614095479,0.10311260358344,0.613987324124073,0.173564458197008
"241.08577-16.434",2,0.322653116194618,0.355130923091785,0.149690173958119,0.172525786755478
"131.0351-2.384",1,0.514675627293896,0.199033793961204,0.123875121634591,0.162415457110309
"218.10356-3.696",3,0.144858812382611,0.159148964688807,0.509640615208871,0.186351607719712
"263.04424-1.7",2,0.183415399635635,0.490186308654237,0.172919993749317,0.153478297960811
"287.61191-8.399",2,0.123061354736885,0.686369841967115,0.0971690177754128,0.0933997855205871
"451.27062-11.246",3,0.134263294041086,0.12242086905473,0.516382514590572,0.226933322313612
"485.22205-9.669",3,0.120697248782149,0.127339461492862,0.589273475671451,0.162689814053539
"259.13015-1.838",4,0.167295572075353,0.133168120696844,0.290099776260553,0.409436530967249
"510.2536-8.932",2,0.241823466411493,0.468518357291619,0.139166803075419,0.150491373221469
"329.23359-11.347",3,0.19151028403461,0.252138575726748,0.346015450837445,0.210335689401198
"481.20849-10.043",1,0.471301939077947,0.225546717497258,0.1329383151321,0.170213028292695
"595.13122-7.195",2,0.106268751328371,0.735475898236838,0.0798900639823529,0.078365286452438
"118.05104-1.041",2,0.160283698037197,0.573877293105516,0.1380609487291,0.127778060128187
"364.99734-8.709",4,0.124873178100407,0.0883745671961583,0.146509565306507,0.640242689396928
"229.15591-6.135",3,0.0958459222993835,0.0982219663644275,0.671865547391596,0.134066563944593
"450.26305-13.074",4,0.128926246603684,0.0917219643098653,0.153520976666356,0.625830812420095
"143.03503-1.027",4,0.325817527446311,0.152883771528427,0.164862620463238,0.356436080562024
"271.06135-9.826",3,0.146356121104771,0.130366312863236,0.463625008000363,0.25965255803163
"525.25335-10.973",1,0.482898573903546,0.149881115989531,0.135821767178486,0.231398542928437
"217.11954-1.746",3,0.116619586656611,0.109048371300947,0.586384223406537,0.187947818635906
"230.99706-5.508",4,0.304973317756737,0.149698756750273,0.166127838264201,0.379200087228789
"288.61976-8.902",2,0.161355802613045,0.619262167111809,0.108342724399418,0.111039305875728
"467.31488-15.811",2,0.19722613922561,0.422146728849141,0.206585242684697,0.174041889240552
"102.95686-0.981",2,0.114551619344901,0.710674723317246,0.0887735710254613,0.0860000863123909
"389.24659-15.907",2,0.328313994944287,0.348576081679595,0.149742108456318,0.1733678149198
"501.32272-11.136",2,0.203544674098671,0.362874080500233,0.242751144888899,0.190830100512197
"507.27331-14.766",1,0.391206080836252,0.156807684615723,0.155768083982651,0.296218150565374
"216.08789-5.116",1,0.56589944699706,0.134944682236298,0.114894119875349,0.184261750891293
"202.02944-1.397",1,0.506115695137349,0.146380063811799,0.130126003513913,0.217378237536939
"530.28807-11.709",1,0.412423853393456,0.156338362120826,0.151668707969666,0.279569076516052
"591.35444-12.182",4,0.165097666918215,0.128383989461406,0.261752020827552,0.444766322792826
"565.12058-7.277",2,0.106242707995225,0.736673729815533,0.0791558553206189,0.0779277068686222
"549.16796-1.085",2,0.27358207486789,0.419349918755569,0.145656716990315,0.161411289386225
"193.03551-1.077",4,0.132796999055628,0.0840696942940195,0.117816066284436,0.665317240365916
"441.25305-16.012",1,0.568960047482519,0.134278500251676,0.114099402111765,0.18266205015404
"441.24178-11.03",3,0.135792712795576,0.123493495092926,0.510003356503509,0.230710435607989
"441.24181-11.045",3,0.138488366758491,0.125341448723541,0.498586731035876,0.237583453482091
"355.32179-17.698",3,0.0714644402138542,0.0700775511391575,0.752013841260022,0.106444167386966
"311.22298-13.766",4,0.168822232879268,0.103128168800431,0.138485692500268,0.589563905820032
"290.87971-2.748",4,0.14853279475102,0.109179105975925,0.194851722626385,0.54743637664667
"329.15273-11.87",2,0.185069741945066,0.483244195761101,0.176084089143578,0.155601973150254
"464.2787-14.06",1,0.672206178048486,0.108366864923985,0.0868860336147575,0.132540923412771
"511.26832-13.575",3,0.2010432424106,0.296431921475001,0.296743216141431,0.205781619972968
"135.03134-1.437",3,0.0806864114215888,0.0782923836192959,0.718858604590558,0.122162600368558
"188.05658-1.109",4,0.285267443233078,0.145742256603457,0.166317804116751,0.402672496046714
"96.96014-8.209",1,0.762412411667933,0.0841657421365305,0.0626911516790676,0.0907306945164692
"512.26931-9.355",2,0.215158741894409,0.514515186866351,0.131178799012872,0.139147272226368
"512.26939-9.35",2,0.206919390902332,0.529568254308979,0.128244831245071,0.135267523543618
"257.08214-9.108",3,0.103288591906661,0.106683552930121,0.647033506239666,0.142994348923552
"328.16227-12.292",1,0.353487974702293,0.15560960497345,0.161812922557355,0.329089497766901
"328.1623-12.269",2,0.163514119054964,0.614790566808698,0.109414490239744,0.112280823896594
"298.15622-16.909",3,0.145721976234662,0.160384227064093,0.506796064328538,0.187097732372706
"309.64318-10.465",1,0.580486611553749,0.131707803257675,0.111097270682413,0.176708314506164
"321.08304-1.356",2,0.230258788840724,0.48794753930077,0.135987887355473,0.145805784503034
"101.93377-17.707",3,0.108183634421812,0.112356087772054,0.630746779729615,0.148713498076519
"187.10902-4.161",3,0.171585151346503,0.203003868710404,0.420272662192967,0.205138317750126
"527.26901-11.165",3,0.149214827002453,0.132023338370954,0.450091096224182,0.268670738402411
"147.02999-1.101",4,0.150416662090193,0.09366702873222,0.128633728818861,0.627282580358726
"174.95616-0.949",2,0.201157945754768,0.392881341801032,0.223409754001796,0.182550958442405
"523.25558-11.209",4,0.108398363915601,0.0700499071777091,0.100824102670893,0.720727626235797
"71.0139-1.48",2,0.203967969125731,0.335300095694655,0.262947632524711,0.197784302654903
"346.57966-8.712",2,0.193698946874949,0.442542528348476,0.19580211145931,0.167956413317265
"509.21945-10.081",3,0.200687576667405,0.293888497145459,0.299223093780378,0.206200832406759
"245.1396-8.469",2,0.193978822299406,0.441038911106239,0.196574077062368,0.168408189531987
"564.33124-13.562",2,0.110890697768823,0.721204693030141,0.0851184907747432,0.0827861184262936
"564.33128-13.559",2,0.10892053269901,0.726984713083839,0.0830807659834008,0.0810139882337505
"298.15621-17.705",2,0.222797016943616,0.500908676024861,0.133704115988503,0.14259019104302
"239.07742-1.07",1,0.344675796227251,0.330532325732589,0.149476125203796,0.175315752836364
"238.07225-1.061",1,0.479062390713052,0.220551617775088,0.131394388743579,0.168991602768281
"128.03542-1.098",2,0.12673337539017,0.675822821666919,0.100833147940242,0.0966106550026691
"304.61464-7.834",4,0.0780201549443956,0.0521587173597809,0.0787547643062389,0.791066363389584
"71.01389-1.05",4,0.0784443317664475,0.0522912074199132,0.0786180650607926,0.790646395752847
"331.24925-10.123",4,0.153473481892243,0.0952803516283149,0.130374895532372,0.620871270947071
"452.2787-14.056",1,0.399466436375649,0.278647252219635,0.144853862813407,0.177032448591309
"241.10834-8.233",2,0.184324987571753,0.486394539203137,0.174641835237476,0.154638637987635
"325.18443-16.411",1,0.431659246870742,0.253143809560056,0.140129343789779,0.175067599779423
"524.23296-11.963",1,0.633447636629522,0.138963087656538,0.095642526137064,0.131946749576876
"191.0199-1.113",2,0.33172281692256,0.344707904699757,0.149736624572616,0.173832653805066
"564.33116-13.798",1,0.418385875795785,0.156071376328874,0.150446413069148,0.275096334806193
"201.12459-4.742",3,0.153183986284559,0.134125732527604,0.430203830267989,0.282486450919848
"464.27873-13.803",4,0.255649743913373,0.138003587985017,0.164371675797064,0.441974992304546
"279.6144-9.66",2,0.262656510911434,0.435570589842497,0.14378961910309,0.157983280142979
"349.2385-13.709",4,0.167112279108362,0.132550565117642,0.285715968823633,0.414621186950364
"243.17151-6.475",3,0.0682891532547752,0.0675940271988803,0.76382573927237,0.100291080273975
"187.10902-4.884",3,0.138990671296972,0.150965163335999,0.528964950304842,0.181079215062187
"357.19199-13.946",1,0.761359021348041,0.0827425574175507,0.0631034635687739,0.0927949576656346
"122.02483-1.146",3,0.138023613911637,0.125026913247798,0.500572002104895,0.236377470735669
"301.20225-10.347",4,0.135013319933431,0.0968841208954579,0.164804018532833,0.603298540638278
"594.24196-11.279",1,0.538474632172409,0.185753927252031,0.118531419605496,0.157240020970063
"245.04349-1.051",4,0.166512168126058,0.137071286711404,0.333561747391095,0.362854797771442
"417.28616-15.751",1,0.766347237456082,0.0823035360199097,0.0616916032885891,0.0896576232354188
"259.13014-5.132",3,0.110818242835722,0.115449339666732,0.621996003161373,0.151736414336173
"425.24682-11.822",3,0.12991346333353,0.119283956175484,0.534193723435185,0.2166088570558
"206.08229-16.433",3,0.195969901965872,0.268837914188347,0.325806347862782,0.209385835982999
"285.04067-9.033",2,0.201510290147848,0.30003545904529,0.293292477194602,0.20516177361226
"287.61194-8.81",2,0.110244490032039,0.723085807217144,0.0844593522843634,0.082210350466454
"243.17157-6.809",3,0.0745439784127353,0.0728029499039314,0.74093067522734,0.111722396455993
"391.26222-16.993",3,0.177739680943525,0.215681431220174,0.398723486848723,0.207855400987578
"111.02008-1.097",1,0.400662046762021,0.277641998410576,0.144700623476448,0.176995331350955
"229.14467-7.366",2,0.187980490141535,0.565585067751604,0.120699997447238,0.125734444659622
"231.07766-7.594",1,0.579007286852904,0.164744142917475,0.109007606349401,0.147240963880219
"530.27983-9.122",1,0.426936084743099,0.256694008800507,0.140894118326717,0.175475788129677
"405.26491-10.753",3,0.155270310104387,0.174692880508004,0.475239379006406,0.194797430381203
"389.07293-5.184",1,0.749066515743856,0.0862098909001314,0.0664010291837189,0.0983225641722937
"59.01388-1.062",1,0.476834240921417,0.150695152852087,0.137280543365161,0.235190062861335
"553.30243-13.1",1,0.46377727382304,0.230507806988957,0.134397210530222,0.171317708657781
"558.33362-15.768",3,0.169431376797637,0.198885321593759,0.427668725426838,0.204014576181766
"285.24363-16.385",3,0.0935620541083148,0.0956598748218338,0.679501476323811,0.131276594746041
"492.24317-8.208",2,0.179718477433319,0.505044419219807,0.166312933695716,0.148924169651158
"158.97863-0.95",4,0.184822856145899,0.110825908031289,0.145793483866249,0.558557751956563
"491.27841-15.289",3,0.198393092621567,0.280213676222514,0.313224553372511,0.208168677783408
"478.2944-14.389",4,0.159615087049537,0.120913544185936,0.230781242097894,0.488690126666633
"119.03504-1.055",3,0.0899812546826509,0.0865403566098482,0.68528774131249,0.13819064739501
"453.26272-15.191",3,0.12189075418175,0.113210002289995,0.566021443799763,0.198877799728492
"242.99706-6.311",1,0.363483145385358,0.311337951328853,0.148477527708449,0.17670137557734
"447.09378-8.267",1,0.474654089005573,0.15097709088252,0.137801646137489,0.236567173974418
"514.30749-14.731",4,0.165544115830429,0.137508480544598,0.34604350696088,0.350903896664093
"174.83964-16.601",4,0.267550191969623,0.141374636487477,0.16550655483929,0.42556861670361
"289.62245-9.444",2,0.142909018303365,0.658231300102227,0.0987411192718352,0.100118562322572
"554.3162-10.094",1,0.426144165202665,0.25729531877678,0.141020136157535,0.175540379863021
"429.08316-7.075",1,0.637526960388888,0.137120549086713,0.0946220484578349,0.130730442066564
"424.24732-12.952",4,0.25128318653339,0.13667825224908,0.163827074907327,0.448211486310204
"543.39083-13.987",4,0.0938017475989861,0.0613529425671106,0.0897706661219986,0.755074643711905
"137.89181-17.749",4,0.167513275372684,0.134359673997426,0.299603259460045,0.398523791169845
"130.08745-1.825",1,0.660167034396483,0.127080928998483,0.0889217079456905,0.123830328659343
"174.08851-1.042",3,0.169379762821503,0.198788364516867,0.427845236609063,0.203986636052566
"340.11519-4.13",1,0.766673570513201,0.0821210110225536,0.0616108094756648,0.089594608988581
"243.17157-7.037",3,0.122206400237036,0.113455218080291,0.564789827113159,0.199548554569515
"558.33364-15.612",1,0.619391394862463,0.14539848917457,0.0991411519175655,0.136068964045401
"361.22335-7.882",4,0.121681768318607,0.0857816272431927,0.141220138349291,0.651316466088909
"287.14025-16.41",1,0.691396806849224,0.113680214360017,0.0809740361197586,0.113948942671001
"431.09876-9.599",4,0.334432725320163,0.153911049246598,0.164064859901962,0.347591365531277
"507.28884-10.699",3,0.162733607315517,0.186897020291903,0.450346238414778,0.200023133977802
"173.08206-7.612",4,0.26953415169344,0.141902361090566,0.165647958201174,0.422915529014819
"111.02009-1.435",4,0.0870765509471933,0.0592260153583877,0.0918191085864456,0.761878325107973
"176.07176-16.431",1,0.621119001026151,0.121939476962881,0.100424961303946,0.156516560707022
"176.07175-16.403",1,0.42443856559624,0.258596400073101,0.141289341843316,0.175675692487342
"172.84259-16.638",4,0.192418718935592,0.114294630782488,0.148848074913965,0.544438575367955
"160.84208-14.54",1,0.417494263125611,0.263980301497573,0.142353346079647,0.176172089297169
"443.23926-11.459",4,0.167502421760965,0.135331543474486,0.308853621277193,0.388312413487357
"257.07816-1.644",1,0.766973666913923,0.0819364450766187,0.0615377689127626,0.0895521190966961
"290.08838-1.105",1,0.478334233405638,0.150497858651783,0.136920970205304,0.234246937737275
"471.31208-11.636",4,0.167237324941028,0.132956188805421,0.288560209388527,0.411246276865024
"437.29127-11.564",3,0.135800854245063,0.123499159699377,0.509969218270423,0.230730767785137
"409.19048-9.632",1,0.567223376024885,0.134657375613408,0.114550480260037,0.18356876810167
"297.24367-14.469",3,0.172430953810377,0.204662110897242,0.41735049770777,0.205556437584611
"329.1033-8.853",4,0.167534381209526,0.134863345417338,0.304180754388927,0.393421518984209
"417.31439-17.732",3,0.117693486952944,0.123671442367191,0.599208436703819,0.159426633976046
"227.12907-7.538",3,0.165285593128763,0.137568984650265,0.348875073920815,0.348270348300156
"227.12907-7.541",4,0.165957199395983,0.129903188206538,0.26962377433268,0.434515838064798
"147.03-1.487",4,0.143553741983307,0.104482964339095,0.182731724916948,0.569231568760649
"187.10902-1.698",4,0.166988044015131,0.136623346585073,0.325304829644264,0.371083779755532
"254.98183-1.104",1,0.71326344650376,0.0966829052668394,0.0759569824534886,0.114096665775912
"587.16285-10.051",3,0.107994642570529,0.112135320438598,0.631374914709101,0.148495122281772
"191.01995-1.447",2,0.276586228506952,0.415016429554646,0.146104614532135,0.162292727406268
"415.28167-13.891",3,0.0938178650993753,0.0899005641598502,0.671330611436959,0.144950959303815
"407.28056-10.171",3,0.134933079794052,0.122892667677822,0.513597026281241,0.228577226246885
"172.84263-11.104",3,0.189868762191081,0.246865496278794,0.352869044784655,0.21039669674547
"190.01813-1.47",3,0.19686522847387,0.272784077163406,0.321339500833685,0.209011193529039
"258.992-5.812",1,0.378059408285625,0.297499501830767,0.147255825495876,0.177185264387732
"581.3337-14.193",1,0.483134296046637,0.21797780811657,0.130569317088834,0.168318578747959
"103.04014-1.749",4,0.167424770554771,0.133736654795834,0.294437006551451,0.404401568097943
"290.08843-1.455",1,0.456921834085312,0.15305053354877,0.141967064403841,0.248060567962077
"595.28949-13.529",2,0.163924782147804,0.561815892971521,0.142777347008517,0.131481977872158
"217.11953-3.438",3,0.152852810252926,0.133960580845863,0.431923068805629,0.281263540095582
"405.30128-15.899",3,0.162738254512814,0.186904962988615,0.450330637153213,0.200026145345358
"525.2711-12.059",1,0.523100666544886,0.194242038401739,0.12200848694653,0.160648808106845
"231.13521-4.893",4,0.167329775278208,0.136022806744339,0.316789992248554,0.3798574257289
"292.14048-1.806",4,0.156338518536294,0.0967777055160018,0.131969308545711,0.614914467401993
"259.13016-4.242",3,0.165034844455031,0.137612514177287,0.351488762821101,0.345863878546581
"281.13968-7.008",4,0.238461839318616,0.132513322116949,0.161806761814183,0.467218076750251
"103.04014-2.115",3,0.140643310981514,0.126776233000048,0.489279620590961,0.243300835427478
"781.5629-13.052",3,0.187222359174948,0.239049745006663,0.363479050736179,0.210248845082211
"230.06973-16.436",2,0.316369926127383,0.362602409459307,0.149540292794912,0.171487371618397
"227.10393-5.808",1,0.339126275515257,0.336506069536134,0.149633020485116,0.174734634463493
"361.0931-7.267",3,0.161938838533509,0.137430554824235,0.377660567192061,0.322970039450195
"172.8426-16.386",4,0.201453670412022,0.118256900100008,0.15213511013507,0.528154319352899
"269.04519-8.662",1,0.434642226232933,0.250932894384537,0.139635022127841,0.174789857254689
"231.13521-1.68",3,0.105518239734313,0.109255849702862,0.639610528862888,0.145615381699937
"471.31207-10.807",3,0.155304080690353,0.174745849797077,0.475127328872054,0.194822740640516
"285.11345-8.471",3,0.107437817756744,0.111485726115259,0.633225898098563,0.147850558029434
"449.24441-13.033",3,0.176837091852601,0.213725895024548,0.401930519672339,0.207506493450512
"469.2577-14.226",3,0.160259970843955,0.182733960839613,0.458630217094987,0.198375851221446
"529.28464-11.713",4,0.100885462000377,0.0655952015532402,0.0951962440680712,0.738323092378312
"255.82231-1.776",1,0.672588330928243,0.108260863790611,0.0867844547897931,0.132366350491353
"487.23759-11.128",3,0.0765415354725161,0.0769270226291183,0.736573988285717,0.109957453612648
"459.2525-9.375",3,0.164786444131302,0.190452886345807,0.44343879597737,0.201321873545521
"329.23359-10.354",2,0.328285213612793,0.348608991971273,0.149742038594241,0.173363755821693
"174.04092-1.43",2,0.146933539436873,0.616044888147571,0.122167937198808,0.114853635216748
"266.00908-2.569",2,0.320341327905876,0.357855665170669,0.149646502248905,0.17215650467455
"242.02276-6.449",3,0.183954203317561,0.230308443893772,0.37602085238489,0.209716500403777
"321.20733-12.59",3,0.123754677290281,0.114651060450589,0.558726417885556,0.202867844373574
"595.38584-13.224",1,0.448216190932681,0.153918395266729,0.143958570517236,0.253906843283354
"299.1503-7.867",3,0.078633891904051,0.0792081963301239,0.729552156992593,0.112605754773232
"203.0743-8.717",1,0.642626564555741,0.134832208325568,0.0933433331916873,0.129197893927004
"261.00766-4.431",3,0.0985872070526057,0.101317575407319,0.662709953854059,0.137385263686016
"443.25745-9.679",3,0.0832588714235392,0.0805871159165702,0.709595596675724,0.126558415984166
"220.08276-1.075",4,0.167084994925819,0.136491168463994,0.323244835248993,0.373179001361194
"469.22711-10.478",1,0.361302021711455,0.156086322454045,0.160717459016558,0.321894196817941
"389.25469-14.498",1,0.640334199903266,0.11698381309011,0.0953437930065167,0.147338194000108
"485.29152-10.219",3,0.0972208183007187,0.0997716919161632,0.667272197987329,0.135735291795789
"387.11465-1.032",2,0.182980181470244,0.575407640931907,0.118528884077034,0.123083293520815
"285.17099-7.837",2,0.2019435795806,0.303716771848463,0.289840970360682,0.204498678210255
"250.14495-16.454",1,0.421971558250927,0.260492990629949,0.141673309871111,0.175862141248013
"345.09814-7.647",2,0.201943674982941,0.385164735807352,0.228158880154489,0.184732709055218
"345.09811-7.649",2,0.199075916484263,0.40967752952176,0.21354017799646,0.177706375997517
"345.09799-7.509",3,0.153531506023979,0.134296783277934,0.428386119434075,0.283785591264013
"133.05074-1.795",1,0.544523829137622,0.139392807789569,0.120410961986384,0.195672401086425
"471.31208-12.523",3,0.140469467574934,0.126661978574447,0.490036987106748,0.242831566743871
"461.10952-9.698",1,0.550735967246728,0.138138190546865,0.118814240134502,0.192311602071904
"193.05086-7.78",1,0.364754172935676,0.310096595103356,0.148385712796523,0.176763519164446
"121.06599-7.731",2,0.198756279520159,0.411957290518048,0.212246209461167,0.177040220500626
"525.25343-11.352",4,0.16194330396661,0.123814737862322,0.241664779272364,0.472577178898704
"243.12392-8.495",2,0.330748373990056,0.345807674396177,0.149740961933728,0.173702989680039
"405.30125-15.747",3,0.125434662806107,0.115935089013984,0.552103220587905,0.206527027592004
"274.01104-6.481",1,0.359049516258464,0.315721902823615,0.14877460919851,0.176453971719411
"227.14032-5.877",4,0.166020574102317,0.137344302672638,0.340358416884109,0.356276706340935
"671.23343-8.48",4,0.109990427000654,0.0765444932378188,0.123206416271915,0.690258663489612
"164.92739-0.934",2,0.244397111955083,0.464304668537909,0.139814514235053,0.151483705271956
"219.08176-1.271",1,0.436766459099342,0.249372883115492,0.139277832632203,0.174582825152963
"250.14494-17.736",2,0.139595381195189,0.63819228757321,0.114128261879763,0.108084069351838
"451.27067-10.777",3,0.0852512668952921,0.0864487288567204,0.707342766406682,0.120957237841306
"481.29981-15.363",3,0.155645319448647,0.135283102073331,0.416993399285934,0.292078179192088
"248.96057-0.974",2,0.238920905847915,0.473318848871658,0.138410227629121,0.149350017651306
"73.02954-1.169",2,0.109441224840283,0.730791937608594,0.0802539952245769,0.0795128423265463
"523.28379-10.288",3,0.105967351923057,0.109776262159831,0.638116252314674,0.146140133602437
"201.1246-2.199",3,0.127003478971199,0.11712081929083,0.54587383956104,0.210001862176932
"148.94982-0.925",4,0.165099260428132,0.12838663259931,0.261765070763149,0.444749036209408
"303.06252-6.183",2,0.317185025380537,0.36162132794416,0.149565343100374,0.171628303574929
"206.0823-16.929",3,0.14305391329174,0.1283316736264,0.478646708432558,0.249967704649302
"453.26274-14.812",3,0.195964479485796,0.268814783306988,0.325832862122789,0.209387875084427
"360.26755-16.374",4,0.166132343010893,0.130242712679103,0.27149696293487,0.432127981375134
"151.02624-1.092",3,0.0740416547406548,0.0723555863987706,0.742735763478916,0.110866995381659
"483.20647-9.769",2,0.203662588728196,0.325807749700211,0.270558655826664,0.199971005744929
"358.25189-15.377",4,0.0986027970664758,0.0642318877417972,0.0934580816767342,0.743707233514993
"279.03913-1.099",2,0.201585932735591,0.388815777579386,0.225893964924377,0.183704324760646
"423.23145-12.394",2,0.187909471133319,0.470803201379681,0.18188871396067,0.15939861352633
"298.15623-11.911",3,0.169511619393464,0.199036214057415,0.427394244856007,0.204057921693114
"535.11007-7.389",1,0.351573095439039,0.323308902250988,0.149190976899725,0.175927025410248
"217.10827-7.881",1,0.386353085442745,0.289997777733359,0.14640539546235,0.177243741361546
"205.83969-11.295",3,0.185922723157347,0.235467235424345,0.368530482587336,0.210079558830972
"131.08266-1.041",3,0.0691377515064366,0.0687299054566902,0.76123777036931,0.100894572667564
"316.63279-9.387",2,0.135902373766547,0.649130956082116,0.110221234857942,0.104745435293395
"515.30205-11.11",3,0.186226653075318,0.236291610296991,0.367357340504092,0.210124396123598
"393.19553-9.12",1,0.439876001164645,0.154651771993814,0.145828478068701,0.259643748772841
"595.28952-13.862",2,0.200245007509226,0.54204072831902,0.125711238548791,0.132003025622963
"243.17158-6.704",3,0.154303270125787,0.134668042916192,0.424296591700285,0.286732095257736
"182.04604-1.105",1,0.370949827439424,0.304141747415036,0.147897106659337,0.177011318486203
"188.03553-5.887",3,0.183233169127807,0.228490970688719,0.378722112027407,0.209553748156066
"172.84262-14.91",1,0.356753988167883,0.318025093145159,0.148913951405292,0.176306967281665
"391.2856-11.593",4,0.167422690038226,0.13372572462793,0.294350506533761,0.404501078800083
"400.21655-12.311",1,0.483503575176677,0.217745948588266,0.130494002370892,0.168256473864164
"493.29404-17.871",3,0.150021804613396,0.166672923652191,0.4926105046366,0.190694767097814
"217.0831-1.101",1,0.352779528334243,0.155560194551092,0.16190760653053,0.329752670584135
"386.23722-14.923",4,0.151646160227649,0.112254747826989,0.203356136084693,0.532742955860669
"427.29864-16.389",2,0.201665692509977,0.301313510626237,0.292085893619624,0.204934903244162
"129.01943-1.103",1,0.546243340414353,0.139048763592632,0.119969579553081,0.194738316439933
"217.11954-4.067",3,0.136525152723968,0.124001136333627,0.50692414934922,0.232549561593185
"303.62493-9.067",2,0.288670665737637,0.398129221362481,0.147628699476078,0.165571413423805
"322.12335-6.439",1,0.762109278497789,0.0825447505276116,0.062901066389171,0.0924449045854279
"265.14806-13.681",2,0.203736336342277,0.32752775005098,0.269151685549641,0.199584228057102
"244.13048-3.692",4,0.21782043859723,0.124962535107153,0.157147159799934,0.500069866495683
"469.20845-10.158",1,0.617620040525343,0.146219438507258,0.0995799734556685,0.136580547511731
"385.13286-10.289",1,0.652752745498064,0.113681334658613,0.0920519970590732,0.14151392278425
"245.0933-7.874",1,0.557825211550279,0.175495587341099,0.114042038795189,0.152637162313433
"385.14415-8.335",3,0.154869096107666,0.17406499040572,0.476570280849443,0.194495632637171
"270.12497-7.991",1,0.510014265342894,0.145735635511141,0.129154590493418,0.215095508652547
"362.08438-2.614",1,0.339712505349903,0.335868068297983,0.149619592585459,0.174799833766654
"443.1264-6.127",4,0.0802931623367227,0.0532888650714445,0.0796039619596852,0.786814010632148
"308.63536-10.502",1,0.567219563022198,0.134658204974533,0.114551470257737,0.183570761745532
"323.08089-7.35",1,0.354787960878429,0.155697575007918,0.161637129177255,0.327877334936397
"209.0668-1.07",4,0.13808186786943,0.0995596828417021,0.170915359216578,0.591443090072289
"579.331-13.974",2,0.203986380554199,0.336326389360832,0.262146633649664,0.197540596435305
"529.28457-10.137",1,0.398252171988459,0.156737557638223,0.154453564528266,0.290556705845053
"527.29977-15.316",3,0.163149346217933,0.13761906989382,0.368397579157603,0.330834004730644
"263.0973-0.997",3,0.167259312273419,0.19487077867844,0.435070434876678,0.202799474171464
"263.09732-1.004",3,0.166279156317483,0.193101173749176,0.438394179154378,0.202225490778962
"549.27118-11.98",4,0.334442068087073,0.153912073911207,0.164063915503063,0.347581942498657
"293.17965-16.035",3,0.0695308721664616,0.0684200523085254,0.759032985292423,0.10301609023259
"467.27832-17.671",4,0.313599315549199,0.151139022438809,0.165725987914044,0.369535674097948
"273.07706-9.856",3,0.159699691536142,0.181808246503074,0.460501354383936,0.197990707576848
"631.32743-11.627",4,0.153668143384009,0.114326210472259,0.209392340343912,0.52261330579982
"84.00909-17.914",2,0.232139475225345,0.484733073005164,0.136534748499699,0.146592703269793
"425.2468-12.517",3,0.110614027759456,0.104168472122702,0.609181276907307,0.176036223210535
"196.02867-1.091",1,0.641537238833608,0.135319644152859,0.0936167525621894,0.129526364451343
"196.02868-1.085",1,0.653344321787487,0.130074758659695,0.0906456730937455,0.125935246459072
"259.13014-5.859",2,0.187645567105145,0.471990934399236,0.181326748896143,0.159036749599476
"637.14176-7.988",2,0.312026463763831,0.367890668665724,0.149378010577883,0.170704856992562
"381.07645-7.22",1,0.628487391024773,0.120062389588791,0.0984784952712257,0.15297172411521
"507.28885-11.331",3,0.068376138302023,0.067559165730608,0.763378510870186,0.100686185097183
"300.90849-2.68",3,0.135803649946769,0.123501104762514,0.50995749504944,0.230737750241277
"293.09928-1.038",4,0.155142727939732,0.115881658743215,0.21411436441143,0.514861248905624
"104.03535-1.028",2,0.132386274421807,0.680974991950223,0.092961039697263,0.0936776939307073
"292.1041-1.728",4,0.121745410388455,0.0858329958986229,0.141323816150873,0.651097777562049
"263.09741-1.817",3,0.164212972957355,0.137673759004339,0.359352312759603,0.338760955278702
"379.11889-11.638",1,0.384582384483842,0.291577713743511,0.146595853909045,0.177244047863603
"365.24646-16.808",3,0.16368105744387,0.188526230079452,0.447162267450916,0.200630445025763
"483.13632-1.269",2,0.202271794859632,0.381557371296935,0.230429376214472,0.185741457628962
"389.07289-5.845",1,0.385182246794365,0.15679738142413,0.156850991806979,0.301169379974527
"539.3232-13.469",1,0.683041529830729,0.105339257962355,0.0840047082114049,0.127614503995511
"577.37517-13.065",1,0.481013037844009,0.219314679601645,0.131000382899371,0.168671899654976
"158.046-1.095",4,0.0787727630454653,0.0524527306440465,0.0787340290321116,0.790040477278377
"457.15435-10.44",4,0.078274400878564,0.0524885610811719,0.0796152413558656,0.789621796684399
"172.09807-7.202",1,0.354807417600909,0.155698865186313,0.161634478086696,0.327859239126082
"554.2839-6.557",2,0.309658708196094,0.370816658492456,0.149268821226586,0.170255812084864
"455.31713-13.136",3,0.18887854152529,0.24385110682785,0.356895850343456,0.210374501303403
"347.02321-9.644",4,0.338698858004306,0.15435904974615,0.16361650670065,0.343325585548895
"134.06124-6.577",2,0.23583893728978,0.478471914550488,0.137576597953296,0.148112550206436
"173.05687-1.108",3,0.105563156268129,0.109307861992114,0.639461069706491,0.145667912033266
"418.1126-1.097",2,0.144476080384167,0.623529011517384,0.119430369284535,0.112564538813914
"453.23219-12.005",3,0.0768692355288304,0.077284288156077,0.735474532621134,0.110371943693958
"229.04854-1.039",1,0.611853173892424,0.124256570616793,0.102868577310618,0.161021678180166
"229.04862-1.187",4,0.100754552988705,0.0694723876913888,0.1101042714995,0.719668787820406
"281.57557-8.692",2,0.106230163909885,0.735639661117269,0.0798182849897271,0.0783118899831199
"381.07612-7.5",4,0.131108638426543,0.0935526094354753,0.157452180729545,0.617886571408436
"334.13323-8.224",2,0.178493869899384,0.584326197784157,0.116520001846373,0.120659930470086
"451.27069-11.048",3,0.128480994826231,0.11822520499484,0.539964727363598,0.213329072815331
"431.11996-6.586",1,0.521679051662801,0.195043347423204,0.122325493061885,0.160952107852111
"668.76678-7.875",2,0.268581285654388,0.426684415354414,0.14484883179651,0.159885467194688
"669.2722-7.867",2,0.278455188472184,0.412347823814743,0.146369231552894,0.162827756160179
"506.25876-12.541",2,0.185347365888925,0.482058743486168,0.176629603655197,0.15596428696971
"259.01311-1.1",4,0.0994555801396887,0.0684899827745819,0.108321310308439,0.72373312677729
"577.37524-13.497",2,0.323117279841303,0.354587218446536,0.149697354594669,0.172598147117492
"575.3595-13.53",1,0.452220045550971,0.238368218191093,0.136558045930758,0.172853690327178
"592.29549-14.288",2,0.114986150250463,0.718965412006189,0.0831871042970737,0.0828613334462744
"566.34692-14.433",2,0.189946804624637,0.461379793959356,0.186409152800474,0.162264248615534
"379.09711-8.978",4,0.332638550392946,0.153710708730577,0.164243109236271,0.349407631640206
"292.94296-3.17",4,0.331395392682477,0.153567723124757,0.164362947446396,0.350673936746371
"492.24311-9.626",1,0.735922204492348,0.0900531373880197,0.0699133035890878,0.104111354530544
"325.18447-16.016",2,0.203947586482631,0.351290184046535,0.250915954239444,0.19384627523139
"347.24402-8.608",1,0.418246977009221,0.156078244073147,0.150475205082819,0.275199573834813
"160.04052-6.387",3,0.114781502875674,0.120161002188556,0.608851674593876,0.156205820341894
"514.28396-8.687",1,0.387580883641568,0.288909028132006,0.146270576726674,0.177239511499752
"296.61196-8.548",2,0.193920370739087,0.554083096602026,0.123183604960083,0.128812927698804
"226.96609-0.957",1,0.454776892816681,0.153273837159449,0.142461281598642,0.249487988425228
"403.16143-7.482",1,0.479456456657802,0.220301142655945,0.131314979257129,0.168927421429124
"403.16137-7.486",1,0.443844924522848,0.244258710344627,0.138057720915642,0.173838644216884
"509.28894-15.989",4,0.298399063703919,0.148482794726439,0.166308745368246,0.386809396201397
"469.22712-11.152",4,0.131476597749019,0.0938633763519896,0.158126854475667,0.616533171423325
"258.14613-3.74",3,0.101700808834929,0.0966967160518302,0.64240576055453,0.159196714558711
"549.07968-6.91",1,0.353599528359195,0.321227940319588,0.149088893882632,0.176083637438586
"357.08295-4.884",1,0.501793476655528,0.147076123391769,0.131198338387936,0.219932061564768
"254.07064-1.735",1,0.567357381826891,0.170599550453016,0.111790587453981,0.150252480266113
"301.99792-2.267",2,0.158937259440946,0.578267231915672,0.136364896751696,0.126430611891686
"379.09713-9.169",4,0.0843285725900335,0.0556615052602423,0.0824947038934162,0.777515218256308
"367.22581-10.674",3,0.142511905834192,0.155832650532157,0.517371413933009,0.184284029700642
"257.10329-6.594",3,0.098388796628818,0.101092736496218,0.66337225967959,0.137146207195374
"218.81733-1.26",2,0.119935269815346,0.708174865182332,0.0859549564549868,0.0859349085473357
"146.06124-7.157",3,0.168959483711822,0.198001774029791,0.429281333368998,0.203757408889389
"295.1037-2.726",1,0.516662938811488,0.197894097915715,0.123437477063717,0.162005486209079
"103.00373-1.104",4,0.0816757608785804,0.0551826908913959,0.0846647966613175,0.778476751568706
"116.03543-1.496",2,0.195799657866406,0.550482529715635,0.12394737657351,0.129770435844449
"359.06223-5.451",1,0.492549318722477,0.148497931875187,0.133474156128545,0.22547859327379
"138.92107-0.898",3,0.157341819828995,0.135997301676664,0.407348903929473,0.299311974564869
"341.10898-1.054",1,0.454734987650247,0.236631937259893,0.136096529177243,0.172536545912617
"160.84216-0.911",2,0.307786233561876,0.373152413142292,0.149171946469508,0.169889406826324
"595.13126-7.824",4,0.212245763219331,0.122748335650044,0.155574469983865,0.509431431146761
"170.83336-0.928",4,0.0780173579974195,0.0521984119129749,0.0789083205731531,0.790875909516453
"219.08167-8.701",1,0.439450546756501,0.247418567652136,0.138820501715435,0.174310383875928
"487.30713-11.111",3,0.0951966961525236,0.0974921349469853,0.67403545272639,0.133275716174101
"473.32775-11.04",2,0.109820124817348,0.730006646468664,0.0804399510738919,0.0797332776400962
"476.24815-8.947",2,0.161879119362432,0.56862782295547,0.140103245948754,0.129389811733344
"455.31712-13.664",3,0.168772170724717,0.197652850580397,0.429920713436842,0.203654265258044
"399.26735-15.279",4,0.167465643906618,0.102452199814754,0.137811871311133,0.592270284967495
"591.31958-9.04",3,0.176049264738773,0.212048406092668,0.40471502241299,0.207187306755568
"593.33551-9.057",3,0.191130467391128,0.250885168029244,0.347622988557599,0.210361376022028
"453.28634-10.204",3,0.159249862372037,0.136697700820366,0.395797949324859,0.308254487482738
"366.11311-6.229",4,0.158568208990547,0.0979329378059361,0.133184820846151,0.610314032357367
"439.18794-8.913",4,0.148853631785654,0.109490471773035,0.195690236910176,0.545965659531134
"384.07928-7.854",4,0.226713244025137,0.128341931115033,0.159375315899447,0.485569508960383
"323.13496-6.464",1,0.634164560171041,0.138638479499931,0.0954633406834915,0.131733619645537
"173.09332-1.759",3,0.189217022310785,0.244868561376087,0.355527645168851,0.210386771144278
"355.1247-1.042",2,0.302645617240319,0.37966506868386,0.148857368568998,0.168831945506824
"530.27999-8.181",2,0.319368774557697,0.359010350024989,0.149624162534255,0.171996712883059
"465.23942-11.416",3,0.130386094236872,0.11963060482381,0.532280029464035,0.217703271475283
"637.39635-14.111",1,0.753969784119208,0.0847973381790921,0.0650882678254544,0.0961446098762457
"450.26308-13.314",4,0.122374638892373,0.0781743179857508,0.110822981593853,0.688628061528023
"359.20772-8.255",4,0.131718417911161,0.0940679544212969,0.158572190863687,0.615641436803855
"259.13014-6.067",1,0.568432680057342,0.170053318889255,0.111535109052999,0.149978892000404
"391.17987-10.155",1,0.488125631365688,0.149145076969732,0.134554046616273,0.228175245048307
"381.17396-17.811",4,0.125230978745027,0.0886675211775905,0.147114636358194,0.638986863719188
"577.37511-14.542",1,0.406071807708709,0.27315279128542,0.143984107166115,0.176791293839756
"565.1206-7.927",4,0.203770143966385,0.119243416220227,0.152917726706731,0.524068713106657
"174.04092-1.114",2,0.151960760020863,0.638949049315454,0.103546949327395,0.105543241336289
"201.02287-8.569",1,0.601759959614494,0.12672275062135,0.105524451150594,0.165992838613562
"563.1413-6.873",1,0.519780092833764,0.196118245345729,0.122747674541282,0.161353987279226
"266.0897-1.761",1,0.380140605822483,0.156737712839616,0.157726318557765,0.305395362780137
"393.19555-9.951",4,0.315257076216929,0.151395881573585,0.165628427923815,0.367718614285671
"215.12897-9.935",2,0.332079801716552,0.344306198713501,0.149734485352312,0.173879514217635
"405.26489-11.216",3,0.12758256234836,0.117555118994482,0.54356293146013,0.211299387197027
"471.31211-12.88",4,0.167419875657133,0.135748611326479,0.313461496788634,0.383370016227754
"509.28896-17.755",1,0.720784018545338,0.101433717562046,0.0734287861161601,0.104353477776455
"660.34282-8.789",1,0.368790650523022,0.156427941623048,0.159584480065908,0.315196927788023
"381.22846-8.517",1,0.622238879181595,0.144083595085725,0.0984347308993746,0.135242794833306
"621.40129-15.725",1,0.365069262356656,0.309789912328947,0.148362501031542,0.176778324282855
"291.94508-3.159",1,0.348752874992772,0.15525952242876,0.162430479772643,0.333557122805825
"145.06194-1.037",2,0.203652965770769,0.325596667792786,0.27073219769109,0.200018168745355
"257.13966-7.575",3,0.125449127945631,0.13324908495568,0.57357978493248,0.167722002166208
"471.31206-11.922",2,0.128939271258739,0.66945308305516,0.103057049033041,0.0985505966530593
"495.32524-12.433",3,0.146026821471685,0.130168872696823,0.465149939445493,0.258654366385999
"473.32774-12.256",2,0.191079621945739,0.455920412488473,0.189080495876972,0.163919469688816
"293.17964-16.403",4,0.288310817677678,0.146414723326352,0.166359470813799,0.398914988182171
"495.11981-7.169",4,0.264687670773859,0.140595970337847,0.165278945299689,0.429437413588605
"616.30532-13.152",3,0.0858598887591456,0.0828991150996414,0.700209897304632,0.13103109883658
"290.87969-1.65",4,0.0964191857096466,0.06620321729915,0.104200469110182,0.733177127881021
"187.10903-2.219",1,0.381946249086979,0.156764496908216,0.157416184959827,0.303873069044977
"421.25994-11.055",3,0.0807580217511858,0.0783563476079165,0.718600972633673,0.122284658007225
"349.00252-7.151",3,0.139906613318698,0.152219420051942,0.525949587434024,0.181924379195337
"349.00252-7.156",3,0.138477503040413,0.150265951819156,0.530654308027414,0.180602237113017
"241.11958-6.879",2,0.130593228214373,0.664657468615446,0.104737673380217,0.100011629789964
"394.33278-17.675",4,0.16695701086862,0.132107026624709,0.282744047904626,0.418191914602045
"607.13122-8.511",1,0.442194029921073,0.24544010284303,0.138346293460278,0.174019573775619
"417.21335-10.25",1,0.540064085696134,0.140273378023417,0.121553536261374,0.198109000019074
"483.12642-3.751",1,0.45640591877012,0.235486421368713,0.135787156697179,0.172320503163988
"244.13047-1.702",4,0.165801567036854,0.13742942948522,0.34305763770861,0.353711365769315
"144.0456-5.886",3,0.149118776477209,0.165332620344961,0.495592297031824,0.189956306146005
"259.15528-6.959",3,0.165136388265068,0.191068836889266,0.442257923182824,0.201536851662842
"273.17097-8.629",1,0.470474577288227,0.151501417030251,0.138795450263936,0.239228555417587
"467.27836-16.438",3,0.100495453146082,0.0956679644245851,0.646853109982938,0.156983472446394
"575.28683-12.568",4,0.194739768398967,0.115329729963588,0.149728300250897,0.540202201386548
"272.95907-0.936",4,0.14529750305623,0.106100790379271,0.186802463143381,0.561799243421118
"483.1455-12.621",1,0.406274342691547,0.272986577125579,0.143956560362229,0.176782519820646
"371.09858-7.309",4,0.307910110135259,0.150208750923141,0.166011397100181,0.375869741841419
"345.22836-9.249",4,0.191451211182249,0.113859693978173,0.148473825004299,0.546215269835279
"363.01817-10.498",1,0.70722346778076,0.0984343401228315,0.0775665183518684,0.11677567374454
"455.24205-13.602",4,0.0791386854324411,0.0526453062382307,0.0789107346791491,0.789305273650179
"244.14567-6.001",1,0.545618285796366,0.139174114894763,0.12013007848588,0.195077520822991
"221.09334-5.756",3,0.196907660442223,0.272977768892571,0.321123110619591,0.208991460045616
"221.09335-5.75",3,0.196932215373694,0.273090150774122,0.320997679941735,0.208979953910448
"244.14567-6.232",4,0.168354784674492,0.102895644889739,0.138254461408926,0.590495109026843
"275.11991-9.434",2,0.134520733237942,0.653192667805161,0.108780073597292,0.103506525359606
"528.26427-8.598",2,0.175349270916821,0.590635500428152,0.115078343014414,0.118936885640613
"131.04627-1.02",2,0.204035165657541,0.344485880638987,0.255921691368092,0.19555726233538
"287.61186-10.659",2,0.169400790237198,0.54307076803281,0.150286363061549,0.137242078668444
"266.00907-1.736",1,0.380357430187478,0.29539481875363,0.147030925919229,0.177216825139662
"363.25422-14.271",4,0.166402376754232,0.137144444087889,0.335190094678166,0.361263084479713
"153.86864-17.679",1,0.509474584972993,0.202044908236202,0.125012359032505,0.163468147758301
"247.54416-6.968",2,0.271864693202833,0.421851686630309,0.145388088546256,0.160895531620602
"383.1285-8.181",3,0.171870571582213,0.203560766832427,0.419287751008303,0.205280910577057
"227.12903-10.17",2,0.197215284998521,0.547782704899334,0.124515636481627,0.130486373620519
"365.07993-7.801",3,0.163606499916127,0.137657706925853,0.364635492099001,0.334100301059018
"465.29915-14.867",4,0.170735241877202,0.104075362454599,0.139421551284295,0.585767844383905
"241.11958-7.116",1,0.339141089021789,0.336489927378953,0.149632690449536,0.174736293149722
"241.11959-7.11",2,0.141948663907421,0.660293490547913,0.0982215557947552,0.0995362897499111
"305.12493-9.512",4,0.10449555027478,0.0723173529138722,0.115315343001632,0.707871753809716
"331.11902-7.127",3,0.120640276827451,0.127269424156506,0.589461800196282,0.162628498819761
"255.82223-8.748",2,0.312935650778005,0.366775261411265,0.14941602645303,0.1708730613577
"281.08796-1.083",2,0.203609271675436,0.361484848107924,0.243707807738297,0.191198072478343
"373.23858-14.207",3,0.106638314870222,0.100866775661558,0.624080090178011,0.168414819290209
"349.00253-7.444",2,0.202065277926226,0.304823187268541,0.28881780665556,0.204293728149673
"286.60408-8.091",2,0.158614270977509,0.579315050873634,0.13596162649239,0.126109051656467
"511.27415-12.98",4,0.134600892791302,0.0850744016414479,0.118983004348705,0.661341701218546
"511.27413-13.001",4,0.126133855072949,0.0803179704932423,0.113393594431714,0.680154580002094
"201.12459-3.204",3,0.197966412797376,0.278036499148845,0.315563736896351,0.208433351157428
"453.28632-11.029",3,0.153631569500931,0.134345597716182,0.427860069355396,0.284162763427491
"403.28562-15.318",3,0.164398798023447,0.137669260400547,0.357654288424754,0.340277653151252
"403.15473-7.449",1,0.682038229724764,0.117647968241778,0.0833645070902866,0.116949294943171
"355.15825-17.686",3,0.132033451177495,0.141683965692472,0.551872753277133,0.1744098298529
"676.3378-9.042",2,0.262685679741347,0.43552631769979,0.143795107410407,0.157992895148455
"398.26626-13.362",1,0.656237168387778,0.112741648922828,0.0911274614640622,0.139893721225332
"563.16249-6.517",1,0.406019623863265,0.15656055669419,0.152949218753786,0.284470600688758
"258.14611-4.468",3,0.163651552361109,0.137660363659158,0.364255245763965,0.334432838215768
"621.40131-15.577",1,0.440446723566514,0.246697960844399,0.138649094030226,0.174206221558862
"467.27867-14.136",4,0.167407716147779,0.133649493603212,0.293750824749519,0.40519196549949
"352.26251-12.668",2,0.203745175244511,0.327747823519158,0.268972575200283,0.199534426036049
"676.33783-8.374",2,0.337586102011356,0.338190185970072,0.149664696781528,0.174559015237043
"393.13462-12.363",2,0.197367228207505,0.421250410647384,0.207075446575903,0.174306914569208
"253.05028-7.979",1,0.589153263193048,0.129713234014488,0.108831484076446,0.172302018716018
"285.17098-7.504",3,0.0975458436684609,0.100138886049086,0.666186724225309,0.136128546057145
"465.23938-10.434",3,0.128178529572816,0.136708483324169,0.564576878355635,0.170536108747379
"498.29015-9.27",2,0.252841197813475,0.450763289073537,0.141787391484589,0.154608121628399
"223.04608-1.132",2,0.230853153233485,0.486929364676937,0.136161968544288,0.14605551354529
"273.17097-9.385",3,0.15962746109434,0.136820865417655,0.393402193372285,0.31014948011572
"205.06997-16.42",4,0.297123659299262,0.148234919212684,0.166330665623889,0.388310755864166
"528.26429-8.27",2,0.206690907743857,0.529991145657512,0.128160402512013,0.135157544086619
"570.25728-8.152",1,0.374764184531438,0.30055325304077,0.147563461882137,0.177119100545655
"494.25887-9.771",2,0.32082747479326,0.357280347560135,0.149656784982503,0.172235392664102
"637.1418-8.403",1,0.356250959907867,0.31853288500276,0.148943141297761,0.176273013791612
"265.08323-2.941",4,0.13614223499602,0.0978621415184701,0.167015171450851,0.598980452034659
"490.29466-11.521",1,0.477980699855572,0.221240708969896,0.131611872650892,0.169166718523641
"222.04428-1.106",4,0.171482413703901,0.104443379780175,0.139782508884115,0.584291697631809
"236.07775-1.097",1,0.638251920948074,0.117530158896367,0.0958951936338331,0.148322726521726
"566.34692-14.608",2,0.165456366981551,0.610783671731609,0.110368978175588,0.113390983111252
"501.32276-12.49",3,0.119016024567117,0.125280357129191,0.594832651610828,0.160870966692864
"471.3121-14.126",3,0.156845248151011,0.13579627893893,0.410225420968069,0.29713305194199
"530.27996-8.591",1,0.371309130549473,0.303801229949477,0.147866726052425,0.177022913448624
"690.27742-8.45",2,0.284852483276021,0.403371285366818,0.147194559128941,0.16458167222822
"363.21784-10.328",2,0.29440461722945,0.390417228999499,0.148200329610204,0.166977824160847
"193.07189-1.077",1,0.46918811080822,0.2269284016956,0.133352063467959,0.170531424028221
"632.30031-12.483",3,0.131276843795329,0.12028019926428,0.528659795092892,0.219783161847499
"313.10841-9.28",3,0.0691022173633057,0.0680715390460677,0.760611428860815,0.102214814729812
"328.24954-14.75",3,0.126943943989286,0.117076064530919,0.54611106145339,0.209868930026406
"307.20466-16.318",3,0.157970897156643,0.178989482361451,0.466264386031179,0.196775234450727
"471.31211-13.575",3,0.101559728681891,0.104701485386754,0.652794443839707,0.140944342091648
"527.26905-9.76",2,0.312144867774298,0.36774515361895,0.149383083750117,0.170726894856636
"217.11949-1.078",3,0.178801234800049,0.21803007683339,0.394926650964043,0.208242037402519
"245.11444-1.096",4,0.165761668268763,0.137443061567429,0.343532636649975,0.353262633513833
"206.08236-8.105",2,0.177914143472432,0.512018550098932,0.163283760895212,0.146783545533424
"523.28382-11.128",3,0.135684599964031,0.146502798819278,0.539848908319539,0.177963692897152
"375.18486-10.346",1,0.373506099732682,0.156586597372102,0.158832212227384,0.311075090667833
"253.10835-7.461",1,0.63818561007575,0.136824064844925,0.0944570783302412,0.130533246749083
"373.1328-10.586",1,0.765354656016705,0.0817537617950336,0.0620205729167424,0.0908710092715186
"134.02484-16.441",2,0.302003098696058,0.380489491328557,0.148812969857468,0.168694440117917
"329.10332-7.807",3,0.171253916792383,0.202360938531857,0.421414196768794,0.204970947906966
"329.10334-7.803",3,0.177806805574971,0.215828351476565,0.398484225266435,0.207880617682029
"343.88567-16.593",1,0.421914137286939,0.26053734364064,0.141682169644621,0.175866349427799
"184.06172-5.16",4,0.206725146689263,0.120484159037126,0.153880724510254,0.518909969763356
"158.08241-5.94",4,0.303707885207834,0.149472709482102,0.166171334196893,0.380648071113171
"247.11888-7.378",2,0.199371835442489,0.543690490459232,0.125369554471655,0.131568119626625
"402.23224-13.183",1,0.580502589414236,0.131704173791051,0.11109309984142,0.176700136953293
"469.25773-13.869",3,0.146324125370405,0.161251115062109,0.50481118220747,0.187613577360016
"316.94805-0.974",2,0.208078277591095,0.527427809408304,0.128670527400436,0.135823385600165
"204.00455-1.091",3,0.198202810983993,0.27923183564153,0.314275545407694,0.208289807966782
"327.08771-8.088",3,0.118859146804878,0.110831422402047,0.577777700033873,0.192531730759202
"507.27337-14.406",2,0.114694262971385,0.710266832867257,0.0889145107961444,0.0861243933652136
"495.22417-10.278",1,0.356391795913783,0.155801315625048,0.161416636440021,0.326390252021148
"258.95846-1.853",1,0.36945345102356,0.305565517927495,0.148021252290982,0.176959778757964
"287.22299-10.518",4,0.175333606017147,0.106322841175661,0.141602239659552,0.576741313147641
"321.04408-8.594",1,0.477400868572326,0.221611030401268,0.131728154671456,0.16925994635495
"591.26246-8.683",2,0.28918955888317,0.397423435263704,0.147684374109895,0.16570263174323
"471.31218-12.104",4,0.142066192240543,0.0891799426900966,0.123670211272706,0.645083653796654
"207.81147-15.597",2,0.204039059775195,0.342586265145159,0.257348691728677,0.196025983350969
"601.16316-1.863",4,0.166942701649333,0.132068565311318,0.282492573352483,0.418496159686866
"295.60424-8.209",2,0.203393677318002,0.365816087519309,0.2407445775277,0.190045657634989
"523.28387-9.63",3,0.0994438724974323,0.0947672229287821,0.650725346266318,0.155063558307467
"262.05698-1.432",4,0.125208219397099,0.0886488725955634,0.147076072451748,0.63906683555559
"315.25425-12.173",2,0.203968225380812,0.335313384297607,0.262937234582177,0.197781155739403
"162.05618-7.532",3,0.14186893100499,0.127573937662321,0.483905017951079,0.24665211338161
"244.13048-4.233",4,0.161991749409599,0.12387815926754,0.241916074911246,0.472214016411615
"537.32037-14.942",4,0.110884110089459,0.0715113876118703,0.102650132000275,0.714954370298396
"503.16251-1.067",1,0.574318368617093,0.13309543098827,0.112705535498082,0.179880664896555
"389.12449-8.631",2,0.123450232824506,0.685255726346579,0.0975551360888804,0.0937389047400347
"407.25709-12.735",3,0.151707474873036,0.133374080555968,0.437777502349633,0.277140942221363
"85.0295-1.098",3,0.158977796017365,0.180624417388331,0.46290969744997,0.197488089144333
"213.8894-1.441",2,0.162411729300427,0.617072028953378,0.108868517465847,0.111647724280348
"446.08036-7.987",1,0.465687575606673,0.152075356420577,0.13992493062164,0.24231213735111
"595.35086-11.628",4,0.141166706765129,0.102308746174874,0.177414023578019,0.579110523481978
"501.25335-10.555",4,0.167052128383779,0.132372425645071,0.2845059881419,0.416069457829251
"313.23867-12.555",4,0.161128740384852,0.122769107779887,0.237609623337205,0.478492528498055
"501.25305-10.562",4,0.167085053215604,0.132468809754794,0.285157837489021,0.415288299540582
"359.20765-13.492",1,0.455225531113277,0.153227637365246,0.142358096606758,0.249188734914719
"413.25798-10.651",2,0.179730687528547,0.504996654925299,0.166333832632774,0.148938824913379
"413.25797-10.647",4,0.122837805415501,0.0867168224801128,0.143114532771795,0.647330839332591
"295.22803-13.987",2,0.199344011239907,0.543743129159118,0.125358627900077,0.131554231700898
"167.83682-1.957",2,0.201735951092475,0.38731619479388,0.226820270241951,0.184127583871695
"391.28562-15.348",4,0.166999286783266,0.132222787729701,0.283506757536238,0.417271167950795
"163.06132-1.091",4,0.106730629486466,0.0690657369794723,0.0995884254305807,0.724615208103481
"452.27873-13.877",1,0.749444183967563,0.0896493442425481,0.0660325955747519,0.0948738762151371
"435.27565-11.825",4,0.302225190461953,0.149203009035668,0.166217095232032,0.382354705270347
"271.0614-9.628",4,0.220282917243563,0.125917231443849,0.157798384167009,0.496001467145579
"366.11963-7.264",1,0.759676994110566,0.0853580262643575,0.0633935591234659,0.091571420501611
"581.14985-1.116",2,0.182366970939912,0.494485862660065,0.170985620593691,0.152161545806331
"517.31795-11.404",3,0.11870833823754,0.124905204956429,0.595850459722174,0.160535997083857
"403.16132-7.355",1,0.70207638933161,0.099919268364171,0.0789376717748108,0.119066670529408
"469.25768-14.599",3,0.159283108278401,0.136708770352884,0.395588646882373,0.308419474486341
"430.30966-17.653",3,0.160265324223374,0.137015443336364,0.389256460543143,0.313462771897119
"501.3228-10.338",3,0.168003639583655,0.196231661523193,0.432539872922325,0.203224825970827
"298.61251-8.711",2,0.119166802053661,0.697501102388127,0.0933203027857883,0.0900117927724237
"345.22835-8.443",3,0.0765905510072198,0.0769804625171548,0.736409547207247,0.110019439268378
"260.02365-1.665",4,0.0783033499414007,0.0525154017827839,0.0796728974595086,0.789508350816307
"331.11897-8.117",3,0.157004054635298,0.135861328873696,0.409310640815647,0.297823975675359
"258.14613-1.636",2,0.20252275077317,0.309348851804399,0.284698969870064,0.203429427552368
"240.05158-4.491",4,0.0965543277491298,0.0630052170160515,0.0918892486724205,0.748551206562398
"389.25476-9.051",3,0.155466620215321,0.135203587669332,0.417981083209674,0.291348708905673
"175.06133-1.267",1,0.51547404432371,0.198575202047666,0.123699497106564,0.16225125652206
"293.94169-3.127",4,0.159629433502242,0.120930676299613,0.230842339079932,0.488597551118212
"491.1265-7.491",4,0.126291534942315,0.0895386761728797,0.148923335198001,0.635246453686804
"144.0456-5.612",4,0.2557236008241,0.138025596944223,0.16438028086685,0.441870521364828
"445.15406-8.804",3,0.160291718623611,0.137023107475127,0.389082046484072,0.31360312741719
"516.71501-8.903",2,0.308461040994227,0.372308417332754,0.149207936974937,0.170022604698082
"392.21147-10.86",2,0.192815492712723,0.447187365813738,0.193438968257533,0.166558173216005
"213.88936-1.174",2,0.202130793817269,0.383142071185068,0.229427888736634,0.185299246261029
"616.30527-13.084",3,0.10222717126902,0.0971446848959913,0.640460590976165,0.160167552858823
"157.03682-1.077",1,0.629434364908098,0.140786554910431,0.0966443034523309,0.13313477672914
"203.10378-1.64",3,0.132244966758561,0.120980562177416,0.52470417046398,0.222070300600043
"321.07315-3.292",1,0.44078338282418,0.246455003248523,0.138590964463459,0.174170649463839
"309.1015-16.899",1,0.706474638374719,0.107361277221656,0.0771093572171687,0.109054727186457
"84.00909-16.644",4,0.0845138412414828,0.0573148837133996,0.0884492820902911,0.769721992954826
"239.06757-2.311",4,0.111594298138341,0.0719277062303274,0.103168258868623,0.713309736762709
"509.25857-12.387",1,0.479653243347803,0.150322154909005,0.136604093436175,0.233420508307017
"651.28375-7.874",2,0.329980575845868,0.346677587679332,0.149742823484439,0.17359901299036
"299.25926-17.652",3,0.102826110089542,0.106152294334584,0.648574151716947,0.142447443858927
"543.2639-10.103",4,0.337043696946397,0.154189955722318,0.163794495763094,0.344971851568191
"181.07186-1.022",4,0.0870617620678052,0.0572990771137693,0.0845719919368638,0.771067168881562
"180.06674-1.052",1,0.364679506130273,0.156254171263448,0.16021614363319,0.318850178973089
"221.0668-1.094",4,0.128398572894608,0.0816001487520726,0.114916243079974,0.675085035273345
"415.19767-9.697",4,0.253834050969516,0.137458251415849,0.164153817704768,0.444553879909867
"219.08166-10.053",1,0.529647037814659,0.190588714639671,0.120538560752912,0.159225686792758
"287.14032-11.973",2,0.20402665508729,0.345864739787575,0.254894088914029,0.195214516211106
"315.25424-13.423",4,0.158576448803848,0.119693040181678,0.226513237434433,0.495217273580041
"132.86793-16.423",1,0.408436539042579,0.156484678686886,0.152470063521247,0.282608718749287
"181.05082-5.649",1,0.380832474892717,0.294962264902902,0.146983391618909,0.177221868585473
"169.83404-1.996",2,0.169589604535266,0.542409586670492,0.150555513655436,0.137445295138806
"487.30712-9.65",3,0.143107408618447,0.12836555541604,0.478407806102396,0.250119229863117
"390.15944-8.903",1,0.694134580205914,0.112526425643149,0.0802734669773053,0.113065527173631
"225.08829-4.161",4,0.240116267866327,0.133073586266171,0.16210377691465,0.464706368952852
"529.28469-10.429",4,0.296338662176295,0.148080409146181,0.16634197569285,0.389238952984673
"287.15025-8.271",1,0.554951054683417,0.176991444815716,0.114716004309035,0.153341496191832
"312.13268-9.923",4,0.161752623266781,0.0995672448908064,0.134882072275996,0.603798059566416
"443.23979-10.784",3,0.150760517250143,0.167777534089365,0.490170006495395,0.191291942165097
"404.04821-3.706",1,0.405683543353602,0.273471798195363,0.1440367717379,0.176807886713135
"353.03383-9.171",2,0.192177327612367,0.557439284531063,0.122465694593479,0.12791769326309
"130.05107-1.699",2,0.269929234934884,0.424692512655136,0.145074308317346,0.160303944092633
"279.23305-16.904",4,0.16703523847111,0.136561552363813,0.324325690349447,0.372077518815631
"607.13129-8.061",2,0.271428408051553,0.422490077431622,0.145318380703089,0.160763133813736
"607.13128-8.044",2,0.276348430049335,0.415357474722966,0.146070176283377,0.162223918944322
"460.28386-14.092",4,0.166388330684434,0.130765656021086,0.274477103261727,0.428368910032753
"186.04099-1.755",4,0.087570022185994,0.0595935504455795,0.0924669276723327,0.760369499696094
"186.04098-1.763",4,0.087526339872064,0.0595610180472514,0.0924095804142221,0.760503061666462
"361.22335-8.54",2,0.203195724142919,0.369213174078154,0.238459612189151,0.189131489589776
"476.23281-7.21",2,0.180412316435962,0.580500384087608,0.117386003540138,0.121701295936292
"476.23278-7.22",2,0.175443067970722,0.590446626652414,0.115121739153257,0.118988566223607
"650.77811-7.869",1,0.338772265602756,0.336892146929672,0.149640764204716,0.174694823262857
"496.26866-14.429",2,0.257971715182777,0.442748534140437,0.142872737300189,0.156407013376598
"397.18711-7.133",3,0.15659643453914,0.135692963040394,0.411649299891237,0.296061302529229
"302.06644-1.753",2,0.171070057589106,0.599295994521293,0.113073137435674,0.116560810453928
"377.19721-7.288",1,0.668594589017539,0.109365715702106,0.0878458513776772,0.134193843902678
"471.33319-17.075",1,0.679338459557395,0.118799777319077,0.0840528065616411,0.117808956561887
"500.76144-10.428",3,0.185642214506671,0.23471332537405,0.369609034448174,0.210035425671105
"500.25526-10.439",3,0.182486636810648,0.226646400899376,0.381497540347166,0.209369421942809
"500.26625-10.422",3,0.187593013558972,0.240100101931855,0.362020817690155,0.210286066819018
"545.27967-10.609",4,0.248049750403051,0.135666293659512,0.163377665827433,0.452906290110004
"540.32322-15.015",3,0.112080851254833,0.105372850705923,0.603647865320194,0.17889843271905
"501.28658-11.13",3,0.0718308928468482,0.0703987571184537,0.750691711203692,0.107078638831007
"672.28908-8.45",1,0.339452149724965,0.336151211870484,0.149625649067235,0.174770989337316
"501.32278-10.929",3,0.142691737405295,0.128101536097776,0.480260615020018,0.248946111476911
"111.00885-1.113",4,0.308789608320658,0.150357521821444,0.165972374225046,0.374880495632852
"499.36465-14.445",4,0.167440430465771,0.13382199851971,0.295116959616853,0.403620611397667
"132.86797-17.732",1,0.752518787819855,0.0883744317327265,0.0652387889876191,0.0938679914597991
"99.00882-1.554",2,0.281264913361472,0.408375274935913,0.146746966836105,0.16361284486651
"336.14891-8.161",2,0.114587502103656,0.710572106886153,0.0888090308528428,0.0860313601573478
"258.99196-6.359",1,0.482687801927495,0.21825849173328,0.130660272475256,0.168393433863969
"469.33055-17.05",4,0.292406852126544,0.147284132445304,0.166373183866702,0.39393583156145
"132.86798-16.938",1,0.55838675609855,0.175204413154095,0.113910088598347,0.152498742149007
"216.93726-0.942",1,0.485868566252945,0.149466749190792,0.135102585512154,0.229562099044109
"278.90784-0.916",3,0.151169573635204,0.168392448938657,0.48881806496744,0.191619912458699
"367.01307-8.762",4,0.167042533890575,0.132344813263899,0.2843204466721,0.416292206173426
"359.18993-10.899",1,0.484565270431756,0.149649836351087,0.13541854997124,0.230366343245918
"135.03134-1.091",3,0.0795165787844151,0.0801710400888222,0.726589121146821,0.113723259979941
"297.24367-14.626",3,0.108668466557781,0.112923111471417,0.629135635339065,0.149272786631737
"465.23941-10.75",3,0.0719144929092302,0.0718630152265876,0.752063893006321,0.104158598857861
"595.13131-7.434",2,0.271972386987553,0.421694281710608,0.145405203916874,0.160928127384965
"245.01272-1.519",3,0.162331007934203,0.137503702048222,0.374756090755224,0.325409199262351
"362.23724-15.706",1,0.411338210531116,0.156380787374478,0.151888209753802,0.280392792340604
"487.3072-11.466",3,0.10900825705325,0.10284132912988,0.615215591684945,0.172934822131924
"298.15627-10.788",1,0.474619322571223,0.223396741322352,0.132283039629165,0.16970089647726
"348.08725-7.168",4,0.235141419507828,0.131368574932268,0.161177287354002,0.472312718205902
"392.31719-16.805",3,0.0912172793520291,0.0876262393452532,0.680798726783758,0.14035775451896
"295.60936-6.652",2,0.142246397781508,0.659653843575071,0.0983828200741464,0.0997169385692747
"406.96128-8.635",4,0.165438615284303,0.13753526083612,0.3472174170006,0.349808706878977
"257.96065-1.866",2,0.166489374374152,0.553135756233795,0.146226015643176,0.134148853748876
"225.1134-7.809",3,0.180483078145952,0.221867545223703,0.388849848214842,0.208799528415503
"315.12403-8.851",4,0.123983168399317,0.079093871810157,0.111929431729574,0.684993528060952
"158.04601-1.444",4,0.266935520503855,0.141209151280023,0.165460043263005,0.426395284953118
"397.25169-14.846",3,0.146489707716808,0.130446041840676,0.463004532891218,0.260059717551298
"397.25181-14.843",3,0.146504062135226,0.130454596345098,0.462937795722415,0.260103545797261
"377.07027-9.066",1,0.747325418287448,0.0905242803035733,0.0665797782961793,0.0955705231127996
"615.31809-13.823",1,0.42115604857702,0.261123802651422,0.141798805895159,0.175921342876398
"537.32056-16.26",4,0.211517903949434,0.122453862384548,0.15535896669298,0.510669266973038
"485.29148-11.397",3,0.131783077975646,0.120647167485773,0.526594172755202,0.22097558178338
"485.29147-11.392",3,0.132050401873098,0.120840291322785,0.525500938157319,0.221608368646798
"256.09413-1.453",1,0.412099347162488,0.268262067740894,0.143142798359241,0.176495786737377
"261.13447-6.619",3,0.123463811724494,0.130763312593112,0.580133299695705,0.165639575986689
"595.27663-11.175",4,0.222561149510763,0.126787632015305,0.158377419757287,0.492273798716645
"263.14031-6.668",3,0.0861275093057693,0.0831364364283416,0.69924290223095,0.131493152034939
"364.99741-8.022",3,0.2002564664223,0.290995743209326,0.302089394178819,0.206658396189555
"170.04605-1.539",4,0.242159391337599,0.13375616930719,0.162455486655271,0.461628952699939
"154.06226-1.023",2,0.138603731226462,0.641141878285331,0.11307088669854,0.107183503789667
"544.2593-9.444",1,0.414327206726737,0.266483141660442,0.142820854990682,0.176368796622139
"439.24705-13.892",2,0.203423243626501,0.321192016179195,0.274398052518326,0.200986687675977
"349.00252-7.792",1,0.502695470918107,0.206033364721229,0.12647614094481,0.164795023415854
"401.09119-7.867",3,0.124011590119829,0.131446700983852,0.578324641020255,0.166217067876063
"379.18946-8.736",1,0.372271587627852,0.156549218266186,0.159031944586812,0.312147249519151
"116.92095-16.903",4,0.186505379554938,0.111604850302641,0.146493108123087,0.555396662019334
"242.17634-10.149",1,0.529805334213464,0.190501105329096,0.120502815756854,0.159190744700585
"202.05128-16.408",1,0.676945307342605,0.119823593012112,0.0846624196782495,0.118568679967033
"202.05128-16.434",1,0.558377139572651,0.175209396597493,0.113912349005124,0.152501114824732
"473.32772-14.062",3,0.0731054593450699,0.0731731669569088,0.748086786528813,0.105634587169208
"467.30502-15.73",4,0.159575767164151,0.120866629957902,0.230614109871791,0.488943493006156
"535.11004-7.996",1,0.343767886720971,0.331499630733849,0.149506304900773,0.175226177644407
"473.10953-8.359",1,0.675021662138323,0.120648511526915,0.085152074579267,0.119177751755494
"473.10952-8.36",1,0.670851218001727,0.122443087585827,0.0862125077874386,0.120493186625007
"483.27382-12.811",1,0.589096203952842,0.129726532828129,0.108846423217449,0.172330840001581
"484.27443-12.718",2,0.108255411013261,0.728979887408072,0.0823652792443748,0.0803994223342921
"293.17587-11.479",3,0.173175080040789,0.206141323715895,0.414770515878112,0.205913080365203
"589.30393-9.03",4,0.166899182561977,0.13672865477959,0.327046197715181,0.369325964943253
"205.06998-17.734",3,0.146447756508756,0.130421026906359,0.463199502161947,0.259931714422938
"379.01312-9.104",1,0.511425562376673,0.200910526955772,0.124587170247761,0.163076740419793
"337.03909-7.786",3,0.154542650303174,0.173556019542373,0.477652739921169,0.194248590233285
"767.8773-11.108",2,0.291434234100768,0.394388415023256,0.147916134104704,0.166261216771272
"333.02889-6.588",1,0.516766225260617,0.197835025712918,0.123414685538123,0.161984063488342
"465.26285-14.603",4,0.166286057387877,0.130552448660191,0.273247526217008,0.429913967734924
"459.25244-10.305",3,0.0689841333189213,0.0685467662423134,0.761733338467929,0.100735761970836
"512.26932-9.648",2,0.283490600470796,0.4052618640183,0.1470292045028,0.164218331008104
"405.2416-14.032",3,0.108021626526316,0.112166832251459,0.631285227276193,0.148526313946032
"521.32535-15.323",3,0.12375133446379,0.131121784014483,0.579183911639301,0.165942969882426
"389.24659-16.266",3,0.11653620809775,0.122271153110739,0.603039414667646,0.158153224123864
"236.10553-11.87",2,0.231439621774398,0.485926787517358,0.136332601933175,0.146300988775069
"445.07816-8.131",1,0.36486439032277,0.156262702835405,0.160188236133738,0.318684670708088
"297.07707-8.621",4,0.140646355979307,0.0884057561023421,0.122796625452577,0.648151262465773
"557.3026-13.792",4,0.0977859033103161,0.0672309346715164,0.10604759367076,0.728935568347408
"173.0357-16.925",4,0.0837347099953459,0.056732092157934,0.0874192940909952,0.772113903755725
"189.04062-1.105",1,0.510546932346396,0.201420668591067,0.124778867037766,0.163253532024771
"665.21543-1.076",1,0.766579741560774,0.0821748846108672,0.0616339349767148,0.0896114388516436
"180.97315-0.975",2,0.280816882934183,0.409005567833392,0.146688342620614,0.163489206611811
"342.265-15.276",4,0.255404774744667,0.137930491284292,0.164342991207382,0.44232174276366
"701.19217-1.442",2,0.192843179978365,0.556155319255254,0.122741016440545,0.128260484325835
"471.25221-11.301",3,0.194451141143505,0.262670904219267,0.333016236688548,0.209861717948681
"767.37145-11.108",2,0.297456258036161,0.386390471200569,0.148465944272948,0.167687326490322
"469.29647-12.738",3,0.195933543075161,0.268682983161788,0.32598401539275,0.209399458370301
"557.30263-13.564",3,0.200019380674841,0.289481553081108,0.303609601554044,0.206889464690007
"557.10914-6.97",1,0.381504466247183,0.156758504767906,0.157492416011994,0.304244612972918
"243.03341-5.986",2,0.332304791728323,0.344053350691533,0.149732986061416,0.173908871518727
"243.03344-6.005",1,0.430948193457391,0.253674364889469,0.140245898861622,0.175131542791518
"441.17709-9.176",1,0.506947014578699,0.14624395651131,0.129919187946182,0.216889840963809
"263.0442-1.097",2,0.263391234136835,0.434457015509559,0.14392703410498,0.158224716248626
"257.17601-11.698",2,0.203298351689847,0.367505696850214,0.239603879437762,0.189592072022178
"468.15191-2.17",3,0.134230316834582,0.122397558544095,0.51651934011292,0.226852784508403
"529.28471-11.308",1,0.637204730350422,0.11780409067672,0.0961724312996377,0.14881874767322
"259.11888-8.039",1,0.386353390492602,0.289997506544257,0.146405362245049,0.177243740718092
"340.11519-1.749",1,0.669810667116964,0.122892186837944,0.0864768442907051,0.120820301754387
"457.11463-7.777",1,0.458852173399749,0.233820820934214,0.135330372713841,0.171996632952196
"194.04939-1.182",3,0.179012484209922,0.218504028807887,0.394167654368977,0.208315832613213
"487.3282-13.154",1,0.717860915980772,0.0953440711439241,0.0747314665810794,0.112063546294224
"443.25742-11.83",3,0.137813879218484,0.124884399286014,0.50146551279337,0.235836208702132
"499.14046-11.591",1,0.580701056775977,0.163903984735976,0.108600329702873,0.146794628785174
"305.16088-5.737",3,0.157101937616553,0.13590107018193,0.408744419723451,0.298252572478066
"565.33879-14.002",1,0.752502608282302,0.088381161714127,0.0652429651840176,0.0938732648195537
"445.11446-10.026",1,0.376315746408393,0.156660783242576,0.158370467108597,0.308653003240435
"330.16739-5.922",4,0.167451249567157,0.135621880392319,0.312009089796978,0.384917780243546
"244.86987-0.895",4,0.166104249855358,0.137306673787981,0.339281397969724,0.357307678386937
"242.94362-0.96",2,0.132766093990667,0.680148940636497,0.0931726763395859,0.0939122890332498
"430.26282-12.046",4,0.166147309563851,0.130272355269514,0.271662730144957,0.431917605021678
"457.33285-12.507",4,0.165626686262506,0.137485344552239,0.345105527800681,0.351782441384573
"181.05082-5.665",1,0.390899332403166,0.285993776538529,0.145895111638498,0.177211779419806
"623.38066-13.775",1,0.419455771410401,0.262445242660723,0.142058132773499,0.176040853155376
"456.2608-9.929",1,0.766535393437004,0.0815339129608712,0.0616950679811021,0.090235625621023
"324.6303-9.02",1,0.754031741764703,0.084779644930021,0.0650716649126323,0.0961169483926434
"474.17363-5.862",4,0.162733254094809,0.124868694660931,0.245926671514046,0.466471379730214
"503.18977-10.181",1,0.548501157379745,0.138593241993166,0.119389328773729,0.19351627185336
"497.23982-11.097",1,0.696290394467165,0.111619988993332,0.0797214366040689,0.112368179935434
"103.04012-1.07",2,0.202689218062175,0.376487393725326,0.233677418975645,0.187145969236854
"298.15619-11.072",1,0.347127559487292,0.155128533869912,0.162634000899088,0.335109905743707
"160.06169-1.525",2,0.233246873721476,0.482850225702929,0.136851327728411,0.147051572847184
"485.32775-13.134",1,0.386320387007702,0.156804372988346,0.15664940772262,0.300225832281332
"501.32286-11.503",3,0.157405477433262,0.178079456701037,0.468146065107855,0.196369000757846
"206.08235-7.549",4,0.167512964289484,0.134356251764899,0.299573499057564,0.398557284888053
"467.27835-17.796",1,0.361652484023669,0.156104800800954,0.160666198641985,0.321576516533392
"162.01974-17.753",3,0.151188394321672,0.168420797589676,0.488755852544239,0.191634955544413
"377.10325-11.635",4,0.126759744386617,0.0806730270911759,0.113816380201565,0.678750848320642
"162.01973-17.716",2,0.198735966977109,0.412100150955415,0.21216546661501,0.176998415452466
"249.14975-12.841",3,0.160853243854225,0.1371782947241,0.38531257314113,0.316655888280545
"361.09308-7.678",3,0.104301315976467,0.0989021318467568,0.632776559876325,0.164019992300451
"651.28385-8.072",1,0.436797745149631,0.154897420377075,0.146508456670915,0.261796377802379
"597.30515-14.752",2,0.139973596192648,0.637064812117088,0.114533221399001,0.108428370291263
"485.29142-10.704",3,0.148669661980952,0.164670034864953,0.497074684155772,0.189585618998323
"459.09394-7.154",1,0.766059211508046,0.0824560753003619,0.061763556260169,0.0897211569314236
"622.20185-8.703",4,0.261453352651072,0.139691629909471,0.16498762792052,0.433867389518938
"373.16922-10.301",1,0.739654635251237,0.0889580982921405,0.0689166562863202,0.102470610170302
"609.36496-15.282",1,0.504392279419554,0.205028124739008,0.126111790508818,0.164467805332619
"215.0827-16.436",1,0.522707045778186,0.1944636184925,0.122096341058426,0.160732994670888
"246.99199-5.178",1,0.58874095164397,0.159952746220335,0.106658499086806,0.14464780304889
"253.58053-9.625",1,0.3699741406663,0.305069059935204,0.147978490659321,0.176978308739175
"307.08598-6.909",1,0.346177871126451,0.328940477301186,0.14942238666513,0.175459264907233
"193.05076-6.487",1,0.746264866672969,0.0870246321016868,0.0671503174068906,0.0995601838184535
"74.02478-1.04",2,0.314513232618041,0.364850500571473,0.149476887415841,0.171159379394646
"328.22447-7.116",3,0.164645033817797,0.137655418547718,0.355337187772113,0.342362359862371
"254.95239-1.789",4,0.16573142442653,0.129483078884186,0.267367600689209,0.437417896000075
"425.28297-15.782",3,0.0786830004408095,0.0792617512721829,0.729387314172843,0.112667934114164
"425.28292-15.783",3,0.0826075010949275,0.083548734906252,0.716213643905522,0.117630120093299
"622.70134-8.719",4,0.316869129982732,0.151639551842818,0.16552749686356,0.365963821310891
"289.16591-8.178",3,0.149368303110083,0.13210920668568,0.449348000674579,0.269174489529658
"443.25746-11.826",3,0.137597013025668,0.124736671331549,0.502387859201968,0.235278456440814
"511.27413-12.692",3,0.150349932240382,0.13265030133593,0.44455044419085,0.272449322232838
"499.30717-11.456",3,0.0715237066965553,0.0701294084714823,0.751799910887872,0.106546973944091
"227.12906-7.336",3,0.103977274989274,0.107476094266777,0.64473992645709,0.143806704286859
"227.12907-7.339",3,0.0864278015572246,0.0877433519011399,0.703396805688679,0.122432040852957
"415.27039-14.933",1,0.729153002702485,0.0920398002720164,0.0717198882791231,0.107087308746376
"225.98656-1.024",2,0.202906450948963,0.313747458273449,0.280794726583299,0.202551364194289
"225.98657-1.021",2,0.20296814414473,0.314524979344553,0.280114433100076,0.202392443410641
"417.10424-6.394",1,0.358793319123011,0.155946819744128,0.161079158940644,0.324180702192218
"480.31003-15.332",1,0.549823232772531,0.179683699494889,0.115912468207443,0.154580599525137
"571.28954-14.181",2,0.174571496899604,0.59220325564833,0.114717571539433,0.118507675912633
"362.28322-17.443",3,0.199397358529025,0.285728165663229,0.307438253450357,0.207436222357389
"441.24185-10.175",3,0.164798870174344,0.137641771444542,0.353846759691807,0.343712598689308
"132.92357-16.912",1,0.351661797381516,0.323217425982981,0.14918667936161,0.175934097273894
"233.03915-7.987",1,0.647981867183687,0.114958817840335,0.0933172493950857,0.143742065580892
"231.12394-8.227",2,0.296532429318438,0.387603849777489,0.148388331285646,0.167475389618427
"509.25254-12.355",2,0.219163642939486,0.507338688315024,0.132526408995614,0.140971259749875
"472.20151-7.479",4,0.206966779505141,0.120584732188751,0.153957723477059,0.518490764829049
"472.20154-7.475",4,0.216039856534882,0.124263256733188,0.156659738089865,0.503037148642065
"111.00886-1.447",4,0.290068726354187,0.146792850513193,0.166371233846739,0.396767189285882
"315.62497-9.064",4,0.227745103208706,0.128721751559056,0.15961191466958,0.483921230562658
"424.24735-12.683",3,0.154363696616333,0.13469659206262,0.423973175698301,0.286966535622746
"176.83664-16.252",2,0.120212748638129,0.694515362734849,0.0943513156400466,0.0909205729869749
"199.09772-8.888",3,0.102316216494484,0.0972203904522503,0.640131336002997,0.160332057050269
"176.83664-16.641",2,0.175828361194106,0.519888220613788,0.159916884644133,0.144366533547972
"327.21794-10.893",1,0.49947399664288,0.207954900192963,0.127164016206164,0.165407086957993
"397.93285-17.108",4,0.158123326429416,0.119171855468808,0.224738872234444,0.497965945867333
"309.10149-17.779",1,0.402900298888976,0.275772938575295,0.144408721284812,0.176918041250916
"327.09352-1.086",2,0.153916944472301,0.634821189120593,0.104562410950738,0.106699455456368
"159.03001-1.115",4,0.103378545258001,0.071465318411484,0.113746876314796,0.711409260015719
"241.08583-11.583",4,0.333202187344466,0.153774410436408,0.164187782293959,0.348835619925167
"278.60655-9.352",1,0.35462561409759,0.320181265853803,0.149034113964687,0.17615900608392
"345.09809-8.109",3,0.160797076937504,0.137163471449921,0.38569488716408,0.316344564448495
"391.29862-17.709",3,0.190838509348621,0.249935852654994,0.34884939122195,0.210376246774435
"241.08322-3.005",3,0.10173484872083,0.0967257098786391,0.64228002367598,0.159259417724551
"328.16226-11.78",1,0.650935835789775,0.114169102331245,0.0925339348613966,0.142361127017584
"243.12395-6.621",4,0.158994718852325,0.120180015358246,0.22819660971862,0.492628656070809
"407.2806-10.945",3,0.136276003686246,0.123828905608921,0.507973410899748,0.231921679805085
"365.08051-7.27",3,0.16272106493752,0.13756543788987,0.371779673718292,0.327933823454317
"399.14856-10.534",1,0.620606836840459,0.122068833498458,0.100560154707727,0.156764174953355
"241.10831-6.393",2,0.169233485976795,0.603038761464893,0.112197508877236,0.115530243681077
"629.31185-11.581",4,0.295527784780093,0.14791924598265,0.166351898976371,0.390201070260886
"407.28062-9.645",4,0.159278771553434,0.120514146870418,0.229366455559625,0.490840626016523
"162.01974-16.426",1,0.375511166731054,0.299857278653041,0.147495280707539,0.177136273908366
"591.35457-12.438",2,0.115376226102251,0.718118714955516,0.0834028060383146,0.0831022529039188
"205.06534-1.857",3,0.0826628534216839,0.0836093352593169,0.716027868918043,0.117699942400956
"485.27943-16.456",2,0.20403907507777,0.342812364653113,0.257178151511013,0.195970408758104
"245.11448-4.995",4,0.190619336097172,0.113484109157182,0.148148584812001,0.547747969933645
"183.03006-4.186",2,0.202454041903647,0.379420437209223,0.231790129975732,0.186335390911398
"164.03539-17.726",4,0.0785688451425918,0.0523505787808279,0.0786550090444541,0.790425567032126
"164.03539-17.694",4,0.174797282107029,0.10606286759737,0.141352919810173,0.577786930485428
"373.25974-9.961",4,0.0786648955123196,0.0528311271676898,0.0803196897900969,0.788184287529894
"194.04951-1.498",2,0.200372705622919,0.399696007693454,0.219331438127119,0.180599848556508
"187.10894-1.076",3,0.100412608771912,0.0955971114016222,0.647158425408687,0.15683185441778
"469.22713-10.891",2,0.188057151351202,0.470135458138532,0.182205399061532,0.159601991448734
"563.3358-15.764",1,0.674485692313677,0.10773371148225,0.0862800747527963,0.131500521451277
"147.04526-7.748",2,0.270215675682055,0.424270650483874,0.145121486659814,0.160392187174258
"372.21426-7.507",4,0.165450793548668,0.137532322172732,0.347083254054366,0.349933630224234
"298.15626-11.584",1,0.616782126405204,0.123030142297667,0.101569298329191,0.158618432967938
"173.10447-1.004",2,0.231508064593351,0.48580991762847,0.136352441918901,0.146329575859278
"201.12457-1.972",3,0.189558405870827,0.245908199193197,0.354139134932383,0.210394260003593
"267.07243-1.097",4,0.24069552177017,0.133268153961807,0.162205178601398,0.463831145666625
"326.27021-16.459",4,0.240136466413831,0.133080384748029,0.162107335328278,0.464675813509862
"121.0296-6.881",2,0.204019554985277,0.338820224271491,0.260217339317161,0.196942881426072
"507.2242-9.437",3,0.171868145276768,0.203556021333086,0.419296128581418,0.205279704808728
"277.15594-7.516",3,0.163175910662531,0.137621866427134,0.368183494935282,0.331018727975053
"545.19615-10.078",3,0.137006311120956,0.148274939096626,0.535497520122938,0.179221229659481
"239.09271-7.307",2,0.243624574314636,0.465565268617613,0.139622371210868,0.151187785856883
"363.14512-9.393",3,0.0827859581767429,0.0837441281979404,0.715614707220649,0.117855206404667
"414.26539-14.916",1,0.43552621114698,0.15499487179959,0.146787650616759,0.262691266436672
"327.12705-16.425",1,0.715836795417122,0.103476644925741,0.0747025262404887,0.105984033416648
"320.01572-1.2",2,0.334389896468846,0.341722069691861,0.149713568799075,0.174174465040217
"539.33618-17.202",4,0.167475562772436,0.134040143913648,0.29689322684602,0.401591066467897
"289.16592-6.666",3,0.195607440755608,0.267310520138606,0.327565580361137,0.209516458744649
"328.16232-12.034",4,0.157544766163438,0.118515338603293,0.222541972914356,0.501397922318913
"287.15024-6.564",4,0.0794114372529592,0.0527936646204356,0.0790605993628004,0.788734298763805
"401.18203-7.482",1,0.522230048765947,0.143617943436687,0.126087197103734,0.208064810693632
"333.0289-6.109",1,0.553084081027778,0.137655650150095,0.118209214637253,0.191051054184874
"342.17452-11.025",1,0.343977519038297,0.33127593953037,0.149499491381251,0.175247050050082
"752.87196-11.27",2,0.308595309974649,0.372140784469391,0.149214952887211,0.170048952668749
"752.36581-11.269",2,0.326738592145161,0.350383708508195,0.14973539169563,0.173142307651014
"519.14489-8.205",1,0.390638019415622,0.156809508050109,0.155871860894399,0.296680611639871
"144.03032-1.096",2,0.193489478210166,0.55491128434732,0.12300698142837,0.128592256014143
"288.1277-10.04",1,0.655441790822364,0.129151602434648,0.0901162146081752,0.125290392134813
"402.27801-16.438",3,0.0945226370839208,0.0967356743978229,0.676288974556087,0.132452713962169
"272.09637-9.218",2,0.118929590480328,0.698178007285891,0.0930866514745296,0.0898057507592517
"251.07768-1.091",1,0.384194339023932,0.156789388771549,0.15702479629618,0.301991475908339
"572.24363-9.003",2,0.334880278693018,0.341176922986897,0.149707563506348,0.174235234813736
"142.05106-1.731",3,0.103667571539303,0.0983664928354871,0.635127676481765,0.162838259143445
"142.05107-1.729",3,0.0806712236559015,0.0814315196509414,0.722713027781443,0.115184228911714
"337.03907-8.638",1,0.752975597387269,0.0881843100073296,0.0651208851420942,0.0937192074633072
"443.29379-14.757",3,0.148622663863072,0.131688934068646,0.45294140279878,0.266746999269502
"443.29381-14.756",3,0.148891116863744,0.131841136764401,0.451652497218762,0.267615249153092
"274.14113-1.773",4,0.297485268028592,0.148305595250528,0.166324894943505,0.387884241777376
"510.23741-14.31",1,0.39232598450984,0.156802401844742,0.155562509811208,0.29530910383421
"245.13957-8.8",2,0.158588961183833,0.579397075271877,0.135930083008524,0.126083880535765
"397.93292-14.908",2,0.316311538658136,0.362672823148052,0.149538433395366,0.171477204798446
"265.05664-1.094",4,0.112706180020358,0.0786580627839324,0.127227337131962,0.681408420063747
"203.01986-1.452",2,0.219748180232638,0.506299020883443,0.132718768282553,0.141234030601366
"295.60931-7.991",2,0.126846561451171,0.675496662332481,0.100946804047551,0.0967099721687972
"293.11459-3.981",3,0.172204762834018,0.204216285611592,0.418133015363017,0.205445936191372
"255.16036-11.268",3,0.175260218916922,0.210394478643452,0.407490957271291,0.206854345168334
"304.91416-0.935",2,0.252166867852081,0.451828676612255,0.14163838872345,0.154366066812214
"343.88574-14.892",1,0.434362129868786,0.25113948335417,0.13968180191608,0.174816584860964
"418.22724-11.527",2,0.173986972383236,0.593383347127439,0.114445354023272,0.118184326466053
"499.26844-13.706",3,0.141786815731272,0.154820058859677,0.519759129327883,0.183633996081168
"496.27444-10.454",2,0.208920227983173,0.525877466084493,0.128977142496369,0.136225163435965
"349.20241-11.999",1,0.703575954480279,0.108569658511204,0.0778535030458226,0.110000883962694
"167.83676-17.726",3,0.0803869460722015,0.0780248520416919,0.719935864918247,0.121652336967859
"281.24869-17.809",3,0.155150604958239,0.17450527207023,0.475636524503963,0.194707598467568
"138.01976-1.451",2,0.25711115920517,0.444081637650126,0.142696635505008,0.156110567639696
"494.20477-10.37",1,0.756926502067921,0.0839594017475388,0.0642953825511024,0.0948187136334385
"389.09146-8.442",1,0.581826254237884,0.131402875055873,0.110747487429825,0.176023383276418
"409.17719-8.81",4,0.162048174442033,0.123952215088674,0.242210314421672,0.471789296047622
"407.17481-8.796",4,0.0867663891861263,0.0571216744056223,0.0843456947354621,0.771766241672789
"231.09881-1.096",4,0.154369406906581,0.115060783079844,0.21160073552863,0.518969074484945
"677.30349-8.452",2,0.266704215819961,0.429476591112067,0.144525304850685,0.159293888217287
"563.33579-16.408",3,0.1509453604933,0.132971394755168,0.441600554211281,0.274482690540251
"489.32276-10.621",3,0.183757218674234,0.229808296609738,0.376760924664998,0.20967356005103
"209.80847-16.445",4,0.138813282627291,0.100205779627471,0.172421659464652,0.588559278280586
"499.30737-12.175",3,0.199799002830714,0.288117435857764,0.304991036459093,0.207092524852429
"102.05609-1.048",1,0.573800572786743,0.133210673691686,0.112840365342239,0.180148388179332
"261.08825-6.621",4,0.0791947136513611,0.0532650014661826,0.0811593356404579,0.786380949241998
"203.03267-1.08",1,0.624895670566731,0.142862002756631,0.0977745240842859,0.134467802592353
"225.0621-7.973",1,0.697802422550381,0.101146470771729,0.0800759192925421,0.120975187385348
"488.24819-14.331",1,0.642848276990331,0.116321283497918,0.0946778271368084,0.146152612374942
"137.0609-6.879",2,0.204015677495138,0.347038548658825,0.254024663844405,0.194921110001632
"313.23867-11.07",4,0.103897722192247,0.0718610551983941,0.114474506706223,0.709766715903136
"573.21174-8.983",1,0.48643356669998,0.215915317608041,0.129893614047171,0.167757501644809
"294.95354-0.959",1,0.618741898961963,0.145699235707036,0.0993021094235431,0.136256755907458
"413.24674-15.926",3,0.144883912737597,0.159184764339843,0.50955790819151,0.186373414731049
"539.27876-9.517",4,0.219733067676165,0.125705306056766,0.157655263485044,0.496906362782025
"190.05456-5.947",1,0.419678159579632,0.156006015416846,0.150177836380159,0.274137988623364
"579.31818-13.659",1,0.496559191709947,0.209708506963921,0.127781934161596,0.165950367164535
"207.81143-16.448",3,0.100803770856481,0.103838097362505,0.655314866054214,0.1400432657268
"227.20175-16.441",1,0.609769174746762,0.124770819578483,0.103417486734348,0.162042518940407
"252.5727-8.525",2,0.131112978835996,0.663146700738678,0.105268321668607,0.100471998756718
"522.2843-14.822",4,0.167533497709589,0.134713045227188,0.302771277988555,0.394982179074668
"243.12397-5.94",4,0.169758928796661,0.103592843657323,0.138946029983643,0.587702197562372
"327.18153-12.872",1,0.585628606654014,0.130530609664415,0.109753775813119,0.174087007868451
"327.18155-12.881",1,0.585635998014265,0.130528904403725,0.109751842866656,0.174083254715354
"187.10903-3.578",3,0.0846612712564642,0.081834866196243,0.704537819730886,0.128966042816407
"499.27419-11.439",4,0.318997090102379,0.151952023935325,0.165385265482376,0.363665620479919
"217.10828-7.538",4,0.164543366633111,0.127493460693876,0.257466786426082,0.450496386246931
"366.8875-6.427",3,0.0890594463248185,0.0906495311613,0.694575530012437,0.125715492501444
"523.28385-11.484",3,0.0922442675642332,0.0941881211791032,0.683910581646618,0.129657029610046
"146.96125-0.942",3,0.16230706353997,0.186169995487403,0.451777557497864,0.199745383474763
"629.31179-11.65",4,0.20569539612254,0.120054052703189,0.153549627579711,0.52070092359456
"300.19313-6.807",3,0.158289747342942,0.136360497463761,0.401717155986262,0.303632599207035
"577.1207-8.164",1,0.345262850217092,0.329908928801731,0.149455685643311,0.175372535337866
"421.16395-6.963",1,0.725221170582752,0.0996061230106443,0.0722853825849192,0.102887323821685
"259.05978-1.085",3,0.197124530081942,0.273977936885417,0.32000992679705,0.208887606235591
"255.06648-9.02",2,0.172904563399876,0.530615870928916,0.155409431832275,0.141070133838932
"500.27897-13.544",3,0.137373782224313,0.124584220230568,0.503335654435034,0.234706343110085
"342.23994-7.629",3,0.16446692377569,0.137666364709396,0.3570211873605,0.340845524154414
"159.07762-1.062",4,0.163858597910201,0.126458147800834,0.252738149669637,0.456945104619327
"250.14501-11.267",4,0.293082195074797,0.147423564225588,0.16637087446776,0.393123366231854
"242.8727-0.894",4,0.166990017458307,0.136620850835396,0.325264703949136,0.371124427757161
"289.11172-6.393",4,0.166585297918013,0.137017639407206,0.332432305301544,0.363964757373237
"565.12068-8.205",4,0.291090848542663,0.147009250695211,0.166373995354659,0.395525905407467
"189.08821-1.055",3,0.163270351908385,0.187817533362915,0.448543286347574,0.200368828381126
"189.08822-1.061",3,0.0945546816270098,0.0905422446312947,0.668641941729126,0.14626113201257
"539.28683-12.564",2,0.224600822100368,0.497745243731457,0.134272854184937,0.143381079983238
"507.22419-10.718",1,0.446902955038916,0.154040338819971,0.144255570089002,0.254801136052111
"421.25166-14.755",3,0.151472946758174,0.168850014334772,0.487815149178805,0.191861889728249
"203.06752-1.115",4,0.182746875003799,0.109856620453944,0.144912183732652,0.562484320809605
"387.10883-8.574",3,0.199292011307184,0.285120529208085,0.308066309489816,0.207521149994914
"131.03508-1.437",4,0.162943183347777,0.100173487475142,0.135504862198491,0.60137846697859
"241.10833-9.188",2,0.293509169577182,0.391608992884539,0.148117337107419,0.16676450043086
"234.0807-7.83",2,0.214681358621095,0.515376799569731,0.131014719779585,0.138927122029589
"607.38582-15.384",1,0.471986796470605,0.225101036484776,0.132803626652032,0.170108540392587
"350.10945-1.464",4,0.167031799569804,0.132314160710631,0.284115094538406,0.416538945181159
"577.12066-8.58",1,0.645615097651222,0.133498708009194,0.0925924729654524,0.128293721374131
"401.16419-11.664",2,0.234529693811554,0.480678330548393,0.137213023642645,0.147578951997407
"192.06668-16.441",1,0.416450151284307,0.264802092120146,0.142508733578802,0.176239023016745
"192.06673-16.443",1,0.713165243438498,0.104582502652866,0.0753898333500968,0.106862420558539
"511.3049-15.851",3,0.0827337631840875,0.0836869747642207,0.715789882007793,0.117789380043899
"396.18524-11.322",1,0.447348045482689,0.153999276488715,0.14415501331972,0.254497664708876
"335.05094-1.372",4,0.115265027917836,0.0740704087528062,0.105819903367248,0.704844659962109
"395.11387-10.514",2,0.136805192192184,0.671386369085721,0.0954104676776165,0.0963979710444788
"173.00927-1.126",1,0.478968322919914,0.150413650047,0.136768717254063,0.233849309779023
"337.03908-8.093",3,0.166186370848705,0.192934941978874,0.438708336164769,0.202170351007653
"365.1455-6.532",1,0.415248161344441,0.265752207408937,0.142686087141678,0.176313544104945
"245.11449-2.949",4,0.155114874404247,0.115851884975253,0.214022316832329,0.515010923788171
"297.03637-6.478",4,0.0789502566542672,0.0530673150201355,0.0807813142239187,0.787201114101679
"572.24365-9.768",2,0.197102520063928,0.547997372696689,0.124470594171189,0.130429513068194
"115.04015-1.104",2,0.202566636019982,0.378043298911246,0.232673407373132,0.18671665769564
"509.27623-10.121",4,0.273228837550817,0.142859081786581,0.16587631578823,0.418035764874372
"205.06997-16.904",4,0.127540948647334,0.0811154358841557,0.11434196498616,0.67700165048235
"477.2782-15.161",3,0.167428455582283,0.195178714753453,0.43449589131184,0.202896938352424
"466.2944-15.03",4,0.160825055877464,0.122388427644152,0.236172278881742,0.480614237596641
"149.0279-5.253",3,0.138768144249004,0.15066165634803,0.529697514505623,0.180872684897343
"595.1313-8.116",4,0.307933718289087,0.150212768133258,0.166010374391322,0.375843139186333
"480.24312-11.649",3,0.181690586048231,0.224718841768068,0.38443477919683,0.209155792986871
"241.11957-6.621",4,0.149454510213627,0.0931559208936026,0.128077201577893,0.629312367314877
"261.0076-1.141",3,0.0722555156636695,0.0722390718519142,0.750926293614447,0.104579118869969
"299.05626-9.932",4,0.101585849238046,0.0701025029920283,0.111252158550297,0.717059489219628
"311.62249-8.614",4,0.140550641038816,0.0883534517357083,0.12273742942272,0.648358477802755
"527.24383-7.134",2,0.284092913126428,0.404424373111395,0.147103020292659,0.164379693469518
"527.24387-7.141",2,0.203840106959436,0.355409459311622,0.247962692212241,0.192787741516701
"163.04021-7.14",3,0.165131665502488,0.137597324870869,0.350493654081971,0.346777355544672
"146.98311-1.129",2,0.171401129019941,0.536009637432231,0.153176860444988,0.13941237310284
"456.24307-11.605",4,0.312142469525837,0.15090801699274,0.165806430127677,0.371143083353746
"487.30672-10.001",3,0.0906672551035129,0.0871434037752803,0.682797155792704,0.139392185328503
"286.17748-6.802",3,0.0931047817489883,0.0951486477753899,0.68103117852784,0.130715391947782
"200.12936-8.984",4,0.276064984022405,0.143570530774254,0.166021350208551,0.41434313499479
"202.10839-1.812",1,0.731852061512193,0.0912478403555687,0.0709996859680709,0.105900412164168
"256.07294-11.152",1,0.503071581535877,0.205810140271999,0.126395499506981,0.164722778685143
"304.61464-8.321",1,0.494267783880242,0.14824065872034,0.133052999562932,0.224438557836486
"204.03029-6.27",2,0.202783739366425,0.375242362512537,0.234485527969516,0.187488370151521
"266.0883-1.045",4,0.0800119288555053,0.0539088519286501,0.0823593623291868,0.783719856886658
"476.24818-10.82",2,0.200592851939606,0.397856737184205,0.220421873525132,0.181128537351057
"329.10332-8.093",3,0.164774300004651,0.137644225452992,0.354087164288192,0.343494310254166
"287.15024-8.569",1,0.582595232190208,0.131227275882297,0.110546629248821,0.175630862678674
"377.1972-8.099",1,0.550757640583959,0.179190829936548,0.115695027974843,0.15435650150465
"362.16443-9.464",2,0.195220667466338,0.434156180218708,0.200152850972191,0.170470301342763
"201.11337-7.357",1,0.396913997153604,0.156757580231006,0.154707009567109,0.291621413048282
"581.1499-1.442",2,0.188342009972221,0.468841049328667,0.182820834869032,0.159996105830081
"393.16051-6.779",1,0.579732327163282,0.131878939452057,0.111294140160493,0.177094593224168
"561.30755-13.039",2,0.312850816348938,0.366879147669783,0.149412570519111,0.170857465462167
"485.29154-12.132",3,0.198936178380403,0.283121397977071,0.310149132681462,0.207793290961064
"466.33074-16.002",1,0.576762602259069,0.165861840078052,0.10954634446391,0.147829213198969
"379.21282-8.219",1,0.589974209549667,0.129521654903892,0.108616515035582,0.171887620510859
"365.08138-8.828",4,0.120049552403797,0.0844686490262818,0.138584633486017,0.656897165083904
"401.18202-7.084",1,0.609650098713129,0.12480012474189,0.103448842341304,0.162100934203676
"371.09859-6.069",1,0.512691575896732,0.14528413198444,0.128485286659238,0.213539005459591
"329.23359-11.041",1,0.751087135906262,0.0856252355239288,0.0658602968150772,0.0974273317547324
"225.1134-7.325",1,0.716632620352641,0.103147597847567,0.0744977120994606,0.105722069700331
"125.09727-8.448",4,0.139906293203612,0.0880009678498666,0.122337924935583,0.649754814010939
"348.10252-7.303",1,0.38043611109767,0.156742512362893,0.15767582441603,0.305145552123406
"439.22613-10.414",3,0.119139508606708,0.111053123381443,0.576695779365441,0.193111588646408
"491.2387-10.036",3,0.0848667669935466,0.0820174754150278,0.703796168698133,0.129319588893293
"254.07063-1.11",4,0.319004102376771,0.151953036410459,0.165384780054978,0.363658081157792
"168.02789-1.03",3,0.0683167056571862,0.0675420077844704,0.763634795751202,0.100506490807141
"344.18287-6.846",4,0.107342232610567,0.0744995109629368,0.11936518036936,0.698793076057135
"287.05555-1.827",1,0.384827111969648,0.291358660706279,0.146569812557615,0.177244414766458
"169.83372-17.762",1,0.578558421359893,0.164967255578827,0.109115429483835,0.147358893577445
"371.2441-10.35",1,0.728292376170726,0.0983432528296122,0.0714934743800964,0.101870896619565
"395.15619-6.33",2,0.198634048961654,0.545087674243222,0.125079020889101,0.131199255906022
"515.30533-11.412",3,0.138401546167108,0.125282823462309,0.49895816497282,0.237357465397762
"323.16156-6.652",3,0.094403356964213,0.0966019471578295,0.676687818069801,0.132306877808156
"510.29001-13.368",4,0.141618660817475,0.102717061940673,0.178400063559526,0.577264213682326
"555.27347-14.593",1,0.484147509843168,0.217342253305984,0.130362480065709,0.168147756785138
"373.25974-10.331",1,0.499441007283071,0.207974666971809,0.127171033758396,0.165413291986724
"517.31774-9.97",3,0.135640743407663,0.123387669376564,0.510640225306939,0.230331361908835
"495.29719-11.176",4,0.15498646845571,0.115714831623378,0.213599471867619,0.515699228053293
"496.22182-13.407",3,0.113907609855051,0.106861737348181,0.596726450789691,0.182504202007077
"494.29524-11.161",4,0.0793664290830092,0.0534020992398817,0.0814182591325025,0.785813212544607
"553.26852-14.538",1,0.425281472335796,0.257952376664589,0.141156679006641,0.175609471992974
"314.1149-7.992",1,0.590800208566208,0.129328443415647,0.108400165954705,0.171471182063441
"496.27431-10.009",2,0.319469627432231,0.358890377926661,0.149626589059197,0.172013405581912
"517.28158-9.249",2,0.204030301126021,0.340103137645498,0.259234135444182,0.196632425784299
"258.14612-5.253",3,0.129446117496812,0.118939864187989,0.536081259482228,0.215532758832971
"441.24186-10.474",3,0.125817823257627,0.116225898691665,0.550585874552784,0.207370403497924
"373.18693-9.154",2,0.208936728611976,0.525847122133069,0.128983129161415,0.13623302009354
"358.09997-6.314",1,0.726565915774704,0.0927983564438594,0.0724100681902311,0.108225659591205
"247.09372-1.099",4,0.331831245399086,0.153618243892254,0.16432127677809,0.35022923393057
"227.06753-1.676",1,0.347898699385016,0.155191376099712,0.16253798833968,0.334371936175592
"543.30019-12.103",4,0.229639015115794,0.129412179230662,0.160034482673753,0.480914322979791
"218.06713-1.102",4,0.0780934401535596,0.052155688611806,0.0786336148597737,0.791117256374861
"288.93662-0.934",3,0.0683017485647632,0.0676289024603043,0.763808999487005,0.100260349487927
"449.10739-1.432",2,0.192942743508572,0.446527370889389,0.193772798265313,0.166757087336726
"293.17553-12.572",1,0.542772369351655,0.183436473392376,0.117544507297835,0.156246649958135
"415.27041-14.804",1,0.539814856960975,0.140322082015079,0.121617291579184,0.198245769444762
"493.33614-16.896",1,0.504422020002587,0.205010547294436,0.126105392094233,0.164462040608744
"138.01975-1.149",2,0.154490074318146,0.592528326828385,0.130925435381007,0.122056163472462
"471.26384-14.484",3,0.157066613520023,0.13588675965605,0.408948969879825,0.298097656944101
"500.27902-13.738",2,0.19324471200758,0.444949280495824,0.194573614161931,0.167232393334664
"613.21538-8.707",1,0.428049444855769,0.155519484384701,0.148408459089159,0.268022611670372
"485.3278-12.747",3,0.129798787407741,0.13878643508376,0.559235785182427,0.172178992326073
"316.15168-5.716",4,0.202537707850261,0.118720069945302,0.152504389847319,0.526237832357118
"281.08809-1.401",1,0.414513194350917,0.156251315188455,0.151243571184295,0.277991919276333
"412.18028-9.573",1,0.616262898974769,0.146849987408613,0.0999158495708012,0.136971264045817
"521.26824-10.861",3,0.158944880109833,0.136594195477789,0.397703898633178,0.3067570257792
"367.09563-6.742",3,0.110791213613136,0.115417452888113,0.622085726825079,0.151705606673672
"367.09563-6.747",3,0.141254136447445,0.15407964644249,0.521513074014365,0.183153143095699
"537.29951-12.491",3,0.141589978551447,0.154546119754656,0.52040726659579,0.183456635098108
"619.34954-12.639",2,0.280753052396786,0.409095462533589,0.14667994094853,0.163471544121095
"348.14874-8.322",1,0.523200341005677,0.194185963819553,0.121986230384717,0.160627464790052
"167.83676-16.91",3,0.163817669600856,0.137668230366661,0.362837176126343,0.33567692390614
"245.11447-1.437",4,0.167491114382595,0.135410727009764,0.309692303416102,0.387405855191539
"550.24868-12.806",2,0.106114611793422,0.736673323048425,0.0792607054726649,0.0779513596854883
"351.23087-13.423",4,0.167354019099758,0.133403284739658,0.29185526825339,0.407387427907194
"288.61972-8.422",2,0.203040344887018,0.371621576319013,0.236859880947267,0.188478197846703
"261.12465-6.856",3,0.148970353185415,0.165113358356444,0.496082237269636,0.189834051188505
"100.04044-1.563",4,0.165616670176592,0.129276063411317,0.266279373963167,0.438827892448923
"431.26583-13.034",4,0.166313693384668,0.137197816732397,0.336453402658522,0.360035087224414
"164.07188-3.139",4,0.173870915654202,0.105612477628306,0.140919155143695,0.579597451573796
"453.67529-8.931",3,0.197363172245928,0.275098986800047,0.318770494350504,0.208767346603521
"551.28688-12.659",4,0.0812067677620249,0.0548265750725974,0.0840258336368739,0.779940823528504
"233.08674-1.001",3,0.167738630370534,0.195745409207436,0.433441521085787,0.203074439336243
"555.22218-6.928",1,0.468017210321444,0.151799630268114,0.139376461661793,0.240806697748649
"415.1977-9.263",2,0.334797791292854,0.341268539237035,0.149708611764454,0.174225057705657
"287.12514-6.884",1,0.696815708713674,0.111399388171595,0.0795868720884314,0.1121980310263
"172.09807-7.048",2,0.320653938716416,0.357485571364646,0.14965318189115,0.172207308027788
"381.07646-7.663",4,0.166713347009039,0.131492050339486,0.27883143042468,0.422963172226794
"623.41697-16.459",1,0.666794073621803,0.109861673402195,0.0883242407727725,0.135020012203229
"529.37521-13.513",4,0.320932341523155,0.152227171062164,0.165247179240425,0.361593308174256
"435.08132-6.423",3,0.143272674951811,0.156901057872752,0.514865872303864,0.184960394871573
"477.10449-7.801",4,0.21756437610202,0.124862434544943,0.157077921130941,0.500495268222095
"430.30962-17.742",3,0.117445064424756,0.123370266589837,0.600030641134575,0.159154027850831
"175.07253-1.053",2,0.16501583587774,0.558143026547676,0.144230822672437,0.132610314902148
"483.31215-13.702",3,0.0725660045433491,0.0725807659091443,0.749889635203739,0.104963594343768
"413.1457-8.117",1,0.532604734452172,0.141707407215626,0.123457057367031,0.202230800965171
"443.18227-12.447",1,0.766843075994784,0.0814979499977635,0.0616086358424971,0.0900503381649558
"259.13016-3.674",2,0.144369098577787,0.623853199949655,0.119312284343059,0.112465417129499
"467.07568-7.766",1,0.482935069325029,0.149876086211792,0.135812948308225,0.231375896154954
"467.07567-7.765",1,0.486853364938627,0.149327112104765,0.134863456065267,0.228956066891342
"535.11008-8.232",4,0.291216155484558,0.147035605476135,0.166374129177609,0.395374109861698
"334.25201-16.046",3,0.154559540811171,0.134788585727693,0.422921624449068,0.287730249012068
"487.30717-10.919",1,0.454689272060156,0.153282828759987,0.142481422428077,0.24954647675178
"304.1548-5.659",4,0.080240829731367,0.0540862387375246,0.0826844577476816,0.782988473783427
"444.24236-11.214",3,0.166102593322247,0.192785036342871,0.43899192428138,0.202120446053502
"295.13021-5.092",2,0.32084921060184,0.357254653956505,0.149657231006216,0.172238904435439
"401.2547-14.087",1,0.495987568967426,0.147979938764733,0.132630623853443,0.223401868414398
"323.09846-1.69",4,0.110064338521547,0.0766017892779629,0.123314717770275,0.690019154430215
"343.17635-9.017",2,0.303942785161804,0.378007740696135,0.148943541211954,0.169105932930107
"362.94096-0.96",1,0.392695117933803,0.284432624893645,0.145685308264062,0.17718694890849
"282.08464-1.668",1,0.592939760073591,0.128825875905357,0.107839504857705,0.170394859163347
"459.25245-8.791",4,0.157055972400725,0.117967954947324,0.220741257594384,0.504234815057567
"450.26317-14.05",4,0.0985571689218555,0.0678120201159132,0.107095445894145,0.726535365068086
"593.37021-15.064",1,0.467187524650836,0.228244621509678,0.133740860407454,0.170826993432032
"259.1189-6.781",4,0.149085920859763,0.109716652665203,0.196302353373873,0.544895073101162
"331.16263-1.756",4,0.150783044877255,0.111389362903962,0.200911413216981,0.536916179001803
"237.0883-2.244",3,0.0895769602705521,0.0912228527799526,0.692841712270208,0.126358474679287
"241.09244-1.01",1,0.429203643960166,0.254981912664854,0.140529744776863,0.175284698598117
"380.15654-5.414",1,0.40494269595491,0.274081850312719,0.144136736286982,0.176838717445389
"386.12087-1.914",1,0.525575757709724,0.192853759438398,0.121454663995228,0.160115818856651
"335.0623-1.625",4,0.0847056469998814,0.0558867283685171,0.0827784425016896,0.776629182129912
"142.01465-1.106",4,0.2406002915936,0.133236223575947,0.162188599966437,0.463974884864016
"695.29182-8.45",2,0.303363894756219,0.378746191948929,0.148905655678583,0.168984257616269
"603.33943-7.867",3,0.0982994147319287,0.0937836044494442,0.654931722648834,0.152985258169793
"183.9344-17.34",1,0.427159832488979,0.15557631249447,0.148598839912607,0.268665015103944
"402.11758-1.099",4,0.104280007853898,0.0721527620855911,0.11501181421767,0.708555415842842
"419.22901-10.619",1,0.701896981579661,0.0999708919857482,0.0789854576236816,0.11914666881091
"418.22707-10.609",1,0.760441643291118,0.0850283624278484,0.0631969516195767,0.0913330426614572
"512.26917-8.552",2,0.187128865072175,0.567249068201211,0.12033536032412,0.125286706402494
"511.27413-11.809",2,0.203900617761779,0.53517902726481,0.127116116813856,0.133804238159554
"595.27668-11.42",4,0.329640488493723,0.153360036073888,0.164526924713834,0.352472550718555
"365.08138-9.031",1,0.767324429981499,0.0816316316746059,0.0614591054474116,0.0895848328964833
"256.06511-7.079",4,0.304580948053364,0.149629073334031,0.166141759336469,0.379648219276135
"429.29591-16.379",3,0.0824293853654791,0.0833537625295226,0.716811451437735,0.117405400667263
"176.03885-5.366",3,0.14112868302748,0.127093792273286,0.487158614209283,0.244618910489951
"286.17747-6.608",3,0.113070361998177,0.118117756768817,0.614523909169378,0.154287972063628
"250.07228-6.944",1,0.447804238460277,0.153956904979879,0.144051837098866,0.254187019460978
"278.13995-10.983",1,0.505198308028041,0.204552247163413,0.125938232045808,0.164311212762737
"292.10404-1.105",4,0.157875863621055,0.118889862513221,0.223790142937537,0.499444130928187
"428.21162-10.622",2,0.146284452042399,0.651007293126279,0.100553031686602,0.10215522314472
"468.21797-10.027",1,0.38928052067714,0.287410937519863,0.14608027515813,0.177228266644867
"503.23278-8.98",3,0.102829363749371,0.106156029162784,0.648563311812883,0.142451295274961
"517.28431-10.016",2,0.27865154879498,0.41206866483782,0.146396411938771,0.162883374428428
"249.00763-1.109",1,0.388250917420493,0.156810835570918,0.15630422485392,0.298634022154668
"656.2983-7.873",1,0.467432368018371,0.228083083969421,0.133693424551773,0.170791123460435
"245.11447-4.213",4,0.0999603594342681,0.0650431767773264,0.0944931972565376,0.740503266531868
"243.12393-8.861",1,0.437447400630151,0.248875312806964,0.139162438315503,0.174514848247381
"359.12456-7.861",3,0.0684169630329264,0.0678220205021707,0.763504443190818,0.100256573274084
"359.12452-7.862",3,0.0683815483815079,0.067769176367759,0.763605896381379,0.100243378869354
"91.05535-7.134",1,0.342558585395204,0.154730312834078,0.163182090989644,0.339529010781074
"523.28388-10.765",3,0.101447126702326,0.104572756786799,0.653169813396964,0.140810303113911
"268.87909-0.901",3,0.172464833282996,0.204729038770099,0.417233222604164,0.205572905342742
"313.23865-12.74",4,0.145230937360511,0.106038537217287,0.18664390530346,0.562086620118742
"331.03435-1.444",3,0.163396606353646,0.137642530959831,0.36638386837449,0.332576994312033
"257.07808-1.112",1,0.551771611891658,0.137925919095458,0.118547488390413,0.191754980622472
"340.21304-8.459",2,0.210753720659761,0.522515150486949,0.12963707759525,0.13709405125804
"116.07178-1.087",2,0.163581306343834,0.562966296503118,0.142323795510575,0.131128601642473
"535.28391-12.807",3,0.0985579004288536,0.101284357215117,0.662807777498647,0.137349964857383
"228.90296-0.974",2,0.171599459080666,0.535302519914357,0.153468310907908,0.139629710097069
"455.31718-13.9",3,0.198903969508681,0.282944299767281,0.310334876440369,0.207816854283669
"525.2995-10.62",3,0.114102182061544,0.119348156324345,0.61110303393867,0.155446627675441
"523.23762-10.665",4,0.293946603253423,0.14760041851841,0.16636605979095,0.392086918437217
"88.0404-1.035",1,0.410209622182151,0.269783046353129,0.143411291696667,0.176596039768054
"294.8854-0.91",2,0.203040205358746,0.315463742340359,0.279296925621578,0.202199126679317
"169.83369-16.932",3,0.188172572587394,0.241769761581867,0.359723739833392,0.210333925997347
"525.03525-7.205",1,0.694415256508145,0.112408308849144,0.0802016140381953,0.112974820604516
"460.66497-8.525",3,0.174976309450557,0.209805549674063,0.408486782163196,0.206731358712183
"173.00929-1.445",1,0.767052713812685,0.0814874908185391,0.0615486869368207,0.0899111084319556
"583.31306-10.346",4,0.167284526527086,0.136131232852148,0.318187235683485,0.378397004937281
"330.20377-5.674",2,0.265487377598798,0.431298105376804,0.14430961661308,0.158904900411319
"407.21136-10.349",4,0.163385749812031,0.125775688917599,0.249752133994458,0.461086427275912
"407.21119-10.352",4,0.16532937511076,0.128774128164688,0.263700989847602,0.442195506876949
"271.06143-8.321",1,0.753905234428235,0.0848157768190671,0.0651055648618804,0.0961734238908178
"520.25818-14.989",3,0.160861437627555,0.137180443695756,0.385256697987243,0.316701420689446
"162.01974-16.907",1,0.391551048496031,0.285425888932241,0.145819502049141,0.177203560522587
"319.14011-6.96",1,0.644282299538987,0.115941980358087,0.0942978566422894,0.145477863460636
"116.07182-1.757",4,0.212249011766601,0.122749647160553,0.155575426518056,0.50942591455479
"457.23686-9.535",4,0.166107063396867,0.137305354551207,0.339244698655959,0.357342883395967
"491.29393-14.003",3,0.151305086227647,0.133162654735052,0.439802874522838,0.275729384514464
"491.29398-14.002",3,0.152374239892349,0.133718346663923,0.434386036470722,0.279521376973005
"597.39332-16.064",3,0.18520642082037,0.233554889851478,0.371276960697806,0.209961728630346
"290.92914-1.816",4,0.164282491030678,0.127091645626125,0.255601296567323,0.453024566775873
"347.13491-7.673",1,0.759897274815608,0.0852632866197537,0.0633369040737147,0.0915025344909237
"229.08316-1.643",1,0.393912159277694,0.283381075205819,0.145540527083286,0.1771662384332
"461.25505-14.606",1,0.762646096608184,0.082405532718074,0.062756068089401,0.0921923025843409
"380.17512-7.68",2,0.121556589035493,0.690675742378547,0.0956784645419384,0.0920892040440214
"311.22293-11.527",1,0.338407366211624,0.337290735241326,0.149648457507588,0.174653441039461
"691.34707-15.959",3,0.180905935849024,0.222856457732867,0.38730900501345,0.208928601404659
"261.07293-1.093",4,0.166010935668256,0.130005980420668,0.270186027111149,0.433797056799928
"264.0046-6.417",3,0.164533477539289,0.190009451394203,0.444291780548517,0.201165290517991
"302.13602-1.474",4,0.0812696272415386,0.0538526719299841,0.080264004179211,0.784613696649266
"353.03381-7.296",3,0.164617460097081,0.137657443843537,0.355600720750722,0.342124375308661
"409.16378-8.513",1,0.453458910510892,0.237511086027363,0.136331327296761,0.172698676164984
"268.15567-8.609",1,0.53428870618018,0.188033741160552,0.119486625007686,0.158190927651582
"510.25348-8.683",2,0.224480561887266,0.497955553962623,0.134235266070484,0.143328618079627
"587.23538-7.03",1,0.468224067728213,0.151774817550467,0.139327649751109,0.240673464970211
"347.24402-8.841",4,0.143544871038668,0.104474800699898,0.182711439411403,0.569268888850031
"285.07308-1.629",1,0.36969996508106,0.156461895629993,0.159441680819438,0.31439645846951
"132.86796-1.929",2,0.197064238177539,0.42316583541605,0.206029647030594,0.173740279375817
"573.34391-13.673",4,0.185333847590262,0.111063107965013,0.146007349663424,0.557595694781302
"467.31486-16.025",3,0.148347129590714,0.131531695896445,0.454258826420563,0.265862348092278
"527.29979-15.063",3,0.194516051884812,0.262922717935118,0.332716208715366,0.209845021464704
"217.04854-1.056",4,0.0965848867567416,0.0663276876464319,0.104423777894862,0.732663647701965
"313.0568-6.012",4,0.329471003246207,0.153339614839259,0.164542436083298,0.352646945831236
"163.04021-7.399",3,0.173722165666795,0.207241443605378,0.412867947704841,0.206168443022986
"479.19611-8.367",2,0.129647100608256,0.667402920989714,0.103774835137187,0.0991751432648423
"313.05678-6.733",4,0.294826537821282,0.147778592817818,0.166359029403034,0.391035839957867
"507.28886-14.126",3,0.164286283112889,0.137672562732152,0.358687324801208,0.339353829353752
"172.06167-1.106",4,0.317028886259333,0.151663372800281,0.165517172454126,0.36579056848626
"358.19857-6.742",4,0.11141632663177,0.0776520529743732,0.125306760044182,0.685624860349675
"147.0664-2.351",1,0.422733802197251,0.259905122916277,0.141555364394323,0.17580571049215
"607.3495-11.446",1,0.503342252914671,0.146828954401102,0.130814666598081,0.219014126086145
"607.34953-11.533",4,0.0787030124535082,0.0528631275407794,0.0803830471805602,0.788050812825152
"465.28658-14.866",1,0.71716863558197,0.0955459555041091,0.0749160245517262,0.112369384362194
"361.09309-7.046",3,0.0774064880120226,0.0753599032485839,0.73064849760578,0.116585111133614
"361.09309-7.048",3,0.0734381243930526,0.0718190848604534,0.744905406373757,0.109837384372737
"230.03081-1.751",4,0.14584621211243,0.0912253211140292,0.12595424075641,0.636974226017131
"485.16713-8.294",4,0.280704932325678,0.144691593888098,0.166203478825568,0.408399994960656
"339.14097-1.049",3,0.136421254618967,0.147488603469555,0.537423617208423,0.178666524703056
"530.27995-7.835",2,0.332909952609377,0.343374513884186,0.149728375439888,0.173987158066549
"293.11453-6.374",1,0.560181494581984,0.136170156113498,0.116375852450566,0.187272496853951
"138.05615-1.811",1,0.483684920840752,0.149772399484984,0.135631649130573,0.230911030543691
"379.21283-7.88",2,0.159145897825766,0.623860909337267,0.107233464776662,0.109759728060305
"379.01314-8.168",1,0.382938382613594,0.293055030471002,0.146768424762395,0.177238162153009
"472.1593-5.654",1,0.495256492861806,0.148091165505366,0.132810282896899,0.223842058735928
"295.10369-1.684",1,0.755980594717602,0.0869273122321253,0.0643456585333578,0.0927464345169147
"223.07258-6.267",2,0.1100971684348,0.729428837601428,0.0805782068906652,0.0798957870731065
"690.27949-16.882",3,0.137441905919396,0.148862383286548,0.534063509693713,0.179632201100343
"429.19526-16.804",3,0.158477556517014,0.179809830800173,0.464576974356895,0.197135638325918
"181.05081-6.023",2,0.209501272876354,0.524809873413472,0.129187434357825,0.136501419352349
"318.64365-9.574",2,0.31169311200206,0.368300758697898,0.149363530455784,0.170642598844258
"283.06135-7.794",1,0.755634710811113,0.0843237414651762,0.0646419477610846,0.0953995999626262
"251.10395-5.569",3,0.146948689947165,0.130718338169765,0.460864302448245,0.261468669434824
"461.25505-14.379",1,0.678418755131416,0.106636465195538,0.085234290488671,0.129710489184375
"453.19541-16.064",3,0.110135504377302,0.114644885829564,0.624262693782462,0.150956916010672
"464.30223-10.449",2,0.216148956664091,0.512732163560003,0.131516806416012,0.139602073359893
"341.12741-11.885",1,0.442029655622245,0.154471804849296,0.145349397440055,0.258149142088404
"440.15016-8.796",4,0.296901660217852,0.148191373859441,0.166334033436433,0.388572932486274
"542.13918-1.116",1,0.393043488611502,0.284131093263072,0.145644078158872,0.177181339966555
"281.03685-1.002",1,0.52938562461315,0.142310863511256,0.124275410172,0.204028101703595
"230.11481-1.686",4,0.16495173373846,0.128144103845168,0.260576084529754,0.446328077886618
"299.04717-7.502",1,0.704666518459097,0.108114697387103,0.0775735966061444,0.109645187547655
"661.27471-7.935",2,0.302551019771418,0.379786301619753,0.148850903293526,0.168811775315304
"254.07255-9.664",2,0.303232906555912,0.378913545902712,0.148896955593389,0.168956591947986
"316.18803-6.74",3,0.163800833344843,0.137667574619845,0.36298207827349,0.335549513761823
"389.16427-9.028",1,0.343344041380945,0.154801939675786,0.163090439178951,0.338763579764319
"459.25245-10.004",3,0.105515764643092,0.099925192133732,0.628262655975132,0.166296387248043
"358.19859-6.936",4,0.164499971755068,0.127425928297889,0.257150443085392,0.450923656861651
"390.19582-10.487",2,0.114226635085361,0.720610919522383,0.0827690938708359,0.0823933515214202
"236.02361-1.103",2,0.112768644299431,0.723754861128163,0.0819761314635727,0.0815003631088339
"364.18005-9.415",2,0.144091324684174,0.655696623730142,0.0993783332140219,0.100833718371662
"482.253-13.376",3,0.0748051771935191,0.0750327627987985,0.742396352998508,0.107765707009174
"315.25424-12.309",4,0.145808945768648,0.106580470283031,0.188029546174881,0.55958103777344
"524.33635-14.729",4,0.157595025485991,0.118571990610659,0.22272992178052,0.50110306212283
"552.28699-12.865",2,0.202086476698842,0.305019625638039,0.288636823885382,0.204257073777737
"466.29447-14.483",4,0.303126137179667,0.149367513931003,0.166189961782897,0.381316387106433
"426.196-9.889",1,0.437294850690098,0.248986677410902,0.139188327273989,0.17453014462501
"287.60705-8.946",2,0.278640446416717,0.41208444256545,0.146394878280682,0.162880232737151
"269.11452-6.883",1,0.703365669901691,0.108657432260835,0.0779074664685594,0.110069431368915
"435.22978-14.828",3,0.0682879200000987,0.0675560777923666,0.763785841740847,0.100370160466688
"271.11884-6.452",3,0.189178000743204,0.244750596188576,0.355685802877577,0.210385600190643
"219.05113-1.101",4,0.192898043964827,0.114509354846059,0.149031886757864,0.54356071443125
"239.5649-8.731",1,0.406277879205808,0.272983675993661,0.143956078906116,0.176782365894416
"134.02485-16.923",2,0.203953106268546,0.351025560430925,0.251107622198901,0.193913711101628
"366.30144-16.502",4,0.166600279813969,0.131229590479214,0.277227101952432,0.424943027754385
"111.00886-7.727",4,0.157249190106811,0.0972506109248632,0.132468447377453,0.613031751590873
"367.2438-16.88",4,0.163105801748998,0.125382024857643,0.248072647592986,0.463439525800373
"552.28694-13.091",1,0.363030047242812,0.311782121734405,0.148509549559962,0.176678281462822
"552.2869-13.092",1,0.366708655121147,0.308200955077032,0.148238867308557,0.176851522493263
"298.15626-10.36",1,0.526381207568006,0.142865494055208,0.125037383496237,0.20571591488055
"637.39646-12.779",4,0.149858774525929,0.0933708624735099,0.128311528644321,0.628458834356239
"637.39645-12.782",4,0.149242747362468,0.0930432194453283,0.127954171106759,0.629759862085444
"237.06178-1.093",4,0.225090137454642,0.127739274178626,0.158993998601302,0.48817658976543
"288.15681-1.758",4,0.162674759324779,0.124789110271205,0.245598250686731,0.466937879717285
"345.17084-8.343",2,0.259134487209174,0.440954452032588,0.14310688983201,0.156804170926228
"326.12489-3.363",1,0.382954375325084,0.156776814729981,0.157241386060536,0.303027423884399
"482.25298-13.624",3,0.116270829191093,0.121951022798266,0.603918171105582,0.15785997690506
"203.06751-1.432",2,0.112466999027091,0.716651581554776,0.0867041546432585,0.0841772647748747
"539.27889-9.374",3,0.0734429238448197,0.0735430855667665,0.746958057490254,0.10605593309816
"443.25751-10.015",3,0.117191991333268,0.109506105511217,0.584190421577266,0.189111481578249
"289.1659-8.059",3,0.146050157568673,0.160856162880071,0.50571432521381,0.187379354337446
"350.24685-12.255",3,0.164551031833912,0.137661818846155,0.356231286178443,0.34155586314149
"639.41207-12.923",1,0.348142174534991,0.326874625731472,0.149345026109022,0.175638173624514
"242.13998-7.714",1,0.654887837051777,0.129395170336244,0.0902560942569448,0.125460898355035
"466.0388-6.233",4,0.176886917284086,0.107072529234756,0.142316828837404,0.573723724643754
"453.31454-16.843",3,0.0913053790109668,0.0877035200466782,0.680478502330863,0.140512598611492
"439.37956-17.605",4,0.283373311449336,0.145312278938775,0.166277992940988,0.405036416670901
"423.23144-11.861",1,0.765727784479564,0.0816761915591979,0.0619183214862239,0.0906777024750139
"682.291-10.869",2,0.18255971397351,0.493700886318185,0.171337377284437,0.152402022423869
"180.0668-1.601",1,0.409938822454621,0.270001919391505,0.143449417430737,0.176609840723137
"219.08169-7.901",4,0.103275709776459,0.0670181751066971,0.0970032321953109,0.732702882921533
"459.25238-8.783",4,0.101172433158468,0.0697889959807287,0.110680610911959,0.718357959948844
"330.20376-6.732",3,0.159987372952347,0.136932825833986,0.391078987322167,0.3120008138915
"393.09826-10.533",3,0.148286424069922,0.131496916062906,0.454548347113539,0.265668312753633
"327.23308-16.435",4,0.10401425722073,0.0674568257877265,0.0975586111723812,0.730970305819162
"450.2979-9.378",4,0.135839408756515,0.097599094620923,0.16641795937045,0.600143537252111
"245.56487-8.346",2,0.219556944690961,0.506638936391581,0.132655958325162,0.141148160592295
"263.14028-6.337",4,0.167134483212678,0.136414945199602,0.322112027331123,0.374338544256596
"261.12804-6.347",3,0.149469815212793,0.165852353918943,0.494433362816861,0.190244468051402
"742.38491-13.336",4,0.17059681870186,0.104007062945788,0.139354397510515,0.586041720841838
"163.06134-1.439",4,0.0793385219612812,0.0533799010326787,0.0813764893259772,0.785905087680063
"530.28001-8.376",1,0.350715281303386,0.324195386173376,0.149231724022129,0.175857608501109
"373.2056-12.431",4,0.113919031048737,0.0796077407959571,0.129052006300872,0.677421221854433
"401.24087-7.561",4,0.157929337453589,0.118950644917172,0.223993980481147,0.499126037148091
"339.09672-1.086",1,0.4101679220521,0.269816735346234,0.143417168377573,0.176598174224093
"302.13598-1.085",1,0.44424508782298,0.243973374258065,0.137987414984133,0.173794122934822
"375.25422-14.276",3,0.162253743587326,0.137490133419253,0.375334988717624,0.324921134275796
"405.26501-9.814",3,0.163738334949024,0.137664858138369,0.36351762207748,0.335079184835128
"241.0025-1.185",4,0.0791070759544318,0.0526283357119199,0.0788942070134091,0.789370381320239
"96.04552-1.101",4,0.308203848195897,0.150258640513291,0.165998574871423,0.375538936419389
"596.27693-8.674",2,0.314660375132197,0.364671662662067,0.149482235584643,0.171185726621092
"290.87969-1.285",2,0.169830158745713,0.541565657012161,0.150899502570877,0.13770468167125
"277.15594-7.294",3,0.151320256492388,0.133170674273576,0.439726798017866,0.27578227121617
"345.09796-6.914",4,0.187789395240422,0.112195268901177,0.14701820771698,0.55299712814142
"300.90237-0.948",3,0.190897998757972,0.250128311397386,0.348600135917267,0.210373553927376
"359.07728-6.413",3,0.133399239962423,0.12180762421693,0.519957938249411,0.224835197571235
"243.16034-7.802",3,0.1889029795839,0.24392413140453,0.356797342994897,0.210375546016673
"347.11375-6.991",3,0.148302207174932,0.131505963365131,0.45447309853815,0.265718730921787
"347.11376-6.988",3,0.148733903707767,0.131752122921085,0.452407961141779,0.267106012229369
"189.07707-5.194",3,0.157461144706831,0.136044543324867,0.406650465517139,0.299843846451162
"259.15527-6.685",3,0.126075445575418,0.134038517755826,0.571513213620626,0.16837282304813
"365.19714-9.465",4,0.138964191283042,0.0874844350726695,0.121750683479527,0.651800690164762
"328.11715-1.828",4,0.235265539684349,0.131411853197487,0.161201625255967,0.472120981862196
"276.06223-4.511",4,0.133199493848565,0.0842942854588206,0.118077578323565,0.664428642369049
"419.09666-1.641",1,0.630178549873351,0.14044760733651,0.0964587098772569,0.132915132912883
"281.11981-9.689",2,0.307726751314018,0.37322692964681,0.149168715520617,0.169877603518555
"294.09859-7.39",2,0.11979610417958,0.708479188611439,0.0858765322476159,0.0858481749613652
"469.26729-8.503",1,0.419831689382846,0.155998074813809,0.150145844372025,0.274024391431321
"349.15051-7.863",1,0.632109916962354,0.119128783029321,0.097520604535958,0.151240695472367
"314.61717-9.087",4,0.282926769292792,0.145209629236808,0.166267034325029,0.405596567145371
"162.0562-6.847",3,0.144115907838644,0.128998838178935,0.473878099484059,0.253007154498362
"219.08166-11.392",2,0.10613746939976,0.736087246795234,0.0796116782394475,0.0781636055655582
"144.04559-7.135",3,0.139787139397666,0.152055356549817,0.526342913889946,0.181814590162571
"235.109-5.862",3,0.130865316613052,0.119980696549538,0.530334586015686,0.218819400821724
"306.61969-9.995",1,0.601871501559372,0.12669583781423,0.105495137889292,0.165937522737106
"274.14111-2.133",3,0.129480111103515,0.138376252077259,0.5602861073778,0.171857529441425
"409.02378-8.968",4,0.151840214155544,0.112450781550971,0.203915976217277,0.531793028076209
"537.30761-13.05",1,0.472110267308966,0.22502078787755,0.132779311151622,0.170089633661861
"469.29647-13.608",3,0.114765541642443,0.120141877919945,0.60890456457658,0.156188015861032
"565.21454-7.258",1,0.765664192694101,0.081689033987381,0.0619357766871042,0.0907109966314143
"496.27445-9.28",2,0.319870285598675,0.35841429624985,0.149635977442526,0.172079440708949
"434.18574-8.926",4,0.166733967272199,0.131541261469257,0.279136397247177,0.422588374011366
"473.3278-12.03",4,0.167421073379232,0.13574418427526,0.313409911273121,0.383424831072387
"674.28658-7.876",1,0.461921584647571,0.231749838295899,0.134750890282132,0.171577686774398
"507.16268-8.287",4,0.301497547000299,0.149068735488371,0.166237478250678,0.383196239260651
"255.82225-10.068",4,0.17490025700147,0.106112827414572,0.141400892544515,0.577586023039444
"292.6041-10.764",1,0.387990264629878,0.288547233739829,0.146225127940095,0.177237373690198
"184.06174-1.949",3,0.126456603150892,0.116708984862118,0.54805042922337,0.208783982763621
"243.17157-8.14",1,0.626350492509511,0.142195186767086,0.0974125665203666,0.134041754203036
"473.25845-10.28",4,0.337754448298179,0.154263297878847,0.163718684857692,0.344263568965282
"473.25836-10.281",1,0.366223278919512,0.156323331070282,0.159981661176079,0.317471728834127
"226.03921-1.088",4,0.199012128951933,0.117204037876119,0.151283755701274,0.532500077470674
"491.21122-13.036",3,0.0683121589436639,0.0675419794470207,0.763655946582783,0.100489915026533
"491.2112-13.038",3,0.0682930449558422,0.067606703975132,0.763822853460249,0.100277397608777
"605.31061-9.633",4,0.15065155656382,0.0937915691678862,0.128768981377804,0.62678789289049
"364.18008-9.777",2,0.172804120587397,0.595776271068346,0.113891657984176,0.117527950360082
"397.25171-14.696",3,0.0817444543121753,0.0792370059319031,0.715050854182571,0.12396768557335
"261.03887-7.968",4,0.302292653028991,0.149215394080964,0.166215135972028,0.382276816918017
"293.08807-1.616",3,0.156316315463988,0.135574660975035,0.413239090388878,0.2948699331721
"294.0986-7.386",2,0.198626389109142,0.545102195516383,0.12507599574509,0.131195419629385
"389.20061-11.68",1,0.432102875822124,0.252813488309989,0.140056373651613,0.175027262216273
"195.06656-7.65",3,0.140634444750405,0.126770412416311,0.489318276323472,0.243276866509812
"593.37024-13.279",4,0.126634436617479,0.0898212583172379,0.149513116235067,0.634031188830216
"280.61735-9.688",2,0.245016070437915,0.463297296400159,0.139967047797789,0.151719585364136
"307.62748-9.968",4,0.311613233304319,0.150822872593524,0.165834412743396,0.37172948135876
"271.1553-8.999",4,0.158745686764588,0.119889375282487,0.227188902634508,0.494176035318418
"645.31099-6.208",3,0.155699709117998,0.175367786486151,0.473814323505991,0.19511818088986
"337.04436-1.566",2,0.156315206491944,0.586717676828767,0.133129150614877,0.123837966064412
"426.30169-16.754",4,0.0809935651417632,0.0536921754672378,0.0800732237364117,0.785241035654587
"455.21106-16.991",3,0.148882168794676,0.164983222074008,0.496373311525261,0.189761297606054
"596.2765-8.682",2,0.165248480051806,0.611211765211078,0.110267272318996,0.113272482418119
"473.32765-16.157",1,0.459111985994975,0.233644710873848,0.135281592822086,0.171961710309091
"384.93549-0.973",2,0.185394072998764,0.570650088410613,0.119586033707737,0.124369804882886
"428.04439-1.482",1,0.437614599827886,0.248753323482833,0.139134038518619,0.174498038170662
"585.21488-10.063",3,0.10686094496184,0.101053041851656,0.623249376417623,0.168836636768882
"72.99314-1.244",2,0.203302717810135,0.367430648369282,0.239654368168985,0.189612265651598
"589.31554-10.214",4,0.0937805188274885,0.0613401851956437,0.0897542912528983,0.75512500472397
"589.31584-10.234",4,0.0953243483854745,0.0622674019232044,0.0909438299734669,0.751464419717854
"271.15534-8.196",4,0.238286068944929,0.132453402431568,0.161774559675321,0.467485968948182
"217.1083-5.892",3,0.164687211542331,0.137652077708198,0.354931996339676,0.342728714409795
"176.03546-7.182",2,0.127234770027656,0.674377456907289,0.101336984327241,0.0970507887378143
"505.25788-10.427",3,0.140561643833478,0.153121412212913,0.523793067875307,0.182523876078301
"199.07257-1.74",1,0.511377638561727,0.145506617580116,0.128813977558123,0.214301766300034
"483.27347-16.434",1,0.369501650017905,0.156454628061333,0.159472917989758,0.314570803931004
"485.2916-11.137",3,0.164463390406132,0.137666531965893,0.357054168751766,0.34081590887621
"492.31011-15.393",4,0.166920268752869,0.136704845822242,0.326643892962198,0.369730992462691
"385.08655-9.461",1,0.765894714265479,0.0825407333743131,0.0618048346763693,0.0897597176838387
"231.04557-1.048",2,0.321500152659359,0.356486335044244,0.149670045548269,0.172343466748127
"287.17661-16.439",1,0.530713621497857,0.189999068175755,0.120297536006412,0.158989774319976
"641.35504-9.949",1,0.755061545677555,0.0873130859589746,0.0645826727920239,0.0930426955714463
"507.20398-9.912",3,0.126578422536228,0.134674356533089,0.569853908758286,0.168893312172397
"203.10377-1.069",2,0.176170005479651,0.518612332130929,0.160459179039915,0.144758483349505
"176.83667-14.896",4,0.105632949111534,0.0731873366559946,0.116924136930786,0.704255577301685
"385.09318-9.182",2,0.203932069707113,0.333632415347756,0.264258106724558,0.198177408220574
"136.89838-16.908",2,0.174943949510406,0.523168536976978,0.158528807451432,0.143358706061183
"268.08819-10.553",2,0.113564968218676,0.713499270003241,0.0877967564755734,0.0851390053025094
"226.03592-4.167",4,0.0782147512855733,0.0524318804917851,0.0794912681506607,0.789862100071981
"415.1977-8.928",1,0.365561846206816,0.156294277095285,0.160082529828169,0.31806134686973
"181.0369-1.976",1,0.549535421456442,0.179835717662529,0.11597938969639,0.15464947118464
"477.34378-15.756",4,0.17822322761343,0.107713591082376,0.142922664088723,0.57114051721547
"423.27567-9.362",1,0.348446295240868,0.155235240042093,0.16246920595737,0.333849258759669
"393.27613-14.576",1,0.696968714753021,0.111335154625598,0.0795476744513484,0.112148456170033
"170.83336-1.175",1,0.676468750729205,0.107181229357695,0.0857528292816814,0.130597190631418
"369.23979-16.428",1,0.447622037857537,0.241581151836293,0.137388637349829,0.173408172956341
"441.30139-16.127",3,0.161430940324578,0.184688852074677,0.45471363097538,0.199166576625365
"407.17487-9.717",1,0.711118830672339,0.0973058184468713,0.0765285447449252,0.115046806135864
"393.19553-9.755",4,0.131838527812022,0.0835339177206729,0.117190703741935,0.667436850725371
"674.32221-8.594",2,0.192355410267119,0.557095659806831,0.122539459630017,0.128009470296033
"119.05033-7.725",2,0.233019902267474,0.483235532651661,0.136786769816603,0.146957795264262
"311.22302-13.292",2,0.202768717129958,0.312088776936161,0.282255789252784,0.202886716681097
"379.15832-16.904",3,0.130897905434544,0.12000445260473,0.530202100817728,0.218895541142998
"471.24307-10.084",1,0.356372577582467,0.155800103750033,0.161419301918632,0.326408016748869
"281.13965-9.451",4,0.132977039113368,0.0951372604066561,0.160915747602709,0.610969952877268
"365.1819-7.217",1,0.557627330185503,0.175598277302538,0.114088515357454,0.152685877154504
"791.3867-12.608",2,0.329442933416169,0.347288507364105,0.149743306385792,0.173525252833934
"385.21539-13.71",3,0.16516306162432,0.137591973056687,0.350167259083861,0.347077706235131
"182.04608-1.49",4,0.257138473809001,0.138444599305482,0.164541278628878,0.439875648256639
"559.31822-14.437",2,0.175143432407214,0.522431435859718,0.1588399484336,0.143585183299468
"215.04973-6.75",1,0.445537009462215,0.154164635344481,0.144563495772607,0.255734859420696
"144.03034-1.424",3,0.0844423563438487,0.0816402665769898,0.705327749264964,0.128589627814197
"441.27817-14.265",3,0.136901145405911,0.124260159968724,0.505337053256957,0.233501641368408
"221.1547-11.87",2,0.174474359840229,0.592399253969972,0.114672398462335,0.118453987727465
"449.24452-12.033",3,0.110511652517527,0.104084127813043,0.609566703263117,0.175837516406312
"500.7615-10.743",3,0.184260697450333,0.231092194117224,0.374866114272183,0.209780994160259
"593.33374-13.762",4,0.167318081035606,0.133255535848842,0.290746336812909,0.408680046302643
"485.26812-11.21",3,0.16463924078954,0.137655854381251,0.355392642589589,0.342312262239621
"568.35782-14.641",1,0.76110559872245,0.0847400981243229,0.063026377377013,0.0911279257762144
"553.2947-11.295",2,0.203812797322097,0.329558573014601,0.267506622260427,0.199122007402874
"259.13009-1.1",4,0.165918767875428,0.137386142593497,0.341633438829254,0.355061650701821
"499.26857-13.915",3,0.153065640685323,0.134066952854432,0.430819629015595,0.28204777744465
"511.30486-16.094",4,0.166393968488264,0.137149712590428,0.335311760521541,0.361144558399768
"377.10326-10.913",2,0.269417989057329,0.425446697804211,0.144989462987225,0.160145850151235
"368.09898-6.035",2,0.192857895036192,0.446967767976252,0.193549971380612,0.166624365606943
"227.12906-7.116",3,0.190546399423215,0.248997893962724,0.350068697838919,0.210387008775142
"227.12905-7.13",3,0.191429431967194,0.251869974513885,0.346358824298489,0.210341769220432
"217.10827-7.351",2,0.219972602552699,0.505900388805018,0.132792327131121,0.141334681511163
"197.11849-8.24",2,0.189668088376394,0.462697415413799,0.18577031499699,0.161864181212818
"287.18666-7.886",3,0.182905438820061,0.227676664435739,0.379943121705808,0.209474775038392
"199.03805-1.083",3,0.163471888341617,0.137648493028655,0.3657610656226,0.333118553007128
"172.09807-7.426",2,0.203116487870895,0.316497266950246,0.278401744234962,0.201984500943898
"351.08514-8.465",3,0.0740217997472909,0.0741767017781135,0.745020521853785,0.106780976620811
"251.07745-1.439",4,0.276721119951056,0.143732287745872,0.166051224806512,0.41349536749656
"251.07744-1.438",4,0.279977904354732,0.144519444560399,0.166179388530197,0.409323262554673
"361.22338-8.773",1,0.54775949938117,0.138743343442335,0.119580017384514,0.193917139791981
"319.16654-8.988",3,0.105132471655639,0.108809458367754,0.640894293326473,0.145163776650134
"363.23904-8.219",3,0.171724225425393,0.20327488593828,0.419792901934423,0.205207986701904
"337.03906-7.409",3,0.17177172096761,0.20336758835418,0.419628993389454,0.205231697288757
"327.21793-11.135",4,0.22055879447436,0.126023289923426,0.15786969747697,0.495548218125244
"277.05993-1.14",2,0.128135819153031,0.671776435330359,0.102244821934841,0.0978429235817679
"345.10137-9.494",2,0.178364786329732,0.58458425898351,0.116461362412448,0.12058959227431
"345.10138-9.495",2,0.200954838601105,0.54070263359425,0.125987272473758,0.132355255330887
"403.27042-10.126",1,0.385575041546055,0.290690572829044,0.146489664169251,0.177244721455649
"555.27339-14.33",1,0.342373584960637,0.332992728383738,0.149549243716945,0.17508444293868
"565.12071-7.526",4,0.287377077950633,0.146210810632363,0.166349579421307,0.400062531995697
"301.072-7.76",3,0.105277197340317,0.108976860802247,0.640412646606679,0.145333295250757
"369.11128-6.862",2,0.171924582145316,0.534140484083795,0.153948067682609,0.139986866088281
"541.24841-9.727",4,0.229701980463426,0.129434983872476,0.160048272467746,0.480814763196352
"496.22182-13.631",3,0.11898616875129,0.110931909790435,0.577287648567792,0.192794272890483
"485.32784-11.659",3,0.101059031806822,0.0961494696968532,0.644774899923885,0.158016598572439
"415.18857-7.382",1,0.586646444601544,0.160976349087919,0.107165707066482,0.145211499244055
"303.14518-6.683",4,0.0815315699892214,0.0540055839696904,0.0804474054940145,0.784015440547074
"474.26307-13.037",2,0.259417688884909,0.440518741344772,0.143163259952245,0.156900309818074
"293.08813-2.261",3,0.0687810907885395,0.0678232313019293,0.761809194923495,0.101586482986036
"147.06639-1.763",4,0.152264366081785,0.11288122088109,0.2051533302884,0.529701082748724
"160.06164-1.093",1,0.367952087888819,0.307003220251474,0.148141918572997,0.17690277328671
"202.05124-16.927",2,0.149806951300671,0.643510614815351,0.102419072915743,0.104263360968235
"483.32522-16.179",3,0.127757219558867,0.136171194588918,0.565966088058123,0.170105497794092
"568.36256-15.606",2,0.237675663915062,0.475393984834071,0.138077163593207,0.148853187657659
"568.36252-15.735",4,0.148119248220688,0.0924440254163312,0.127298172014816,0.632138554348164
"521.26822-11.382",3,0.153967264228029,0.134507899527113,0.426086291952484,0.285438544292373
"328.15168-6.032",1,0.670948943627497,0.108715179395383,0.0872201914743238,0.133115685502797
"341.12739-16.409",2,0.151809727739714,0.600964273076993,0.127755204881925,0.119470794301368
"381.02875-10.174",1,0.500138002855154,0.147337514126388,0.131607711185694,0.220916771832764
"307.08598-6.533",1,0.407064570366099,0.272339324832074,0.14384859340969,0.176747511392138
"300.19311-7.433",3,0.152345588563229,0.133703713299697,0.434532711252611,0.279417986884462
"374.16449-9.568",2,0.161548934761395,0.618861233050452,0.108439099356888,0.111150732831266
"231.13516-1.073",3,0.0811072479986258,0.0786682248521001,0.717344394414896,0.122880132734378
"259.0726-6.69",3,0.154495562378146,0.134758623701865,0.423265713012788,0.287480100907201
"598.49774-17.807",1,0.600242716455734,0.154400821488249,0.103857501677666,0.141498960378351
"532.17665-7.251",1,0.343388207768907,0.154805928047487,0.163085253471893,0.338720610711713
"378.30144-16.451",4,0.0780460613148494,0.0522477167455978,0.0790508674683936,0.790655354471159
"521.24-9.252",1,0.728162396285177,0.098396670722107,0.0715269971997701,0.101913935792946
"507.7251-8.772",4,0.32700012963386,0.153034604038693,0.164761972043831,0.355203294283616
"629.31189-9.052",3,0.19637281195986,0.270581672944702,0.323818717968238,0.209226797127199
"327.21792-10.02",1,0.760532498147593,0.0829640274130426,0.0633261553717288,0.0931773190676355
"303.60189-9.651",4,0.278034490454956,0.144052876325109,0.1661069200301,0.411805713189836
"485.27944-16.877",1,0.378091545513046,0.156699929420194,0.158073596750301,0.307134928316458
"341.10315-9.184",2,0.193299175583489,0.444662828590643,0.19471937366305,0.167318622162818
"611.40897-17.519",3,0.170659642746595,0.201216305007368,0.423458411972442,0.204665640273595
"172.0617-1.46",1,0.531497576824938,0.141916019074589,0.12373873597541,0.202847668125062
"391.32201-16.473",4,0.132250298188495,0.0945188968772199,0.1595572322253,0.613673572708984
"191.0022-1.441",4,0.118589197480108,0.0833009537625515,0.136263439032116,0.661846409725224
"387.18889-5.762",4,0.157018141111186,0.117925852795472,0.220603882112212,0.50445212398113
"527.05093-7.458",1,0.721851633260048,0.0941785267618562,0.073667409967277,0.110302430010819
"270.12766-9.719",2,0.202156039054458,0.382862381344212,0.229604178697484,0.185377400903846
"740.6974-5.946",1,0.392361080987951,0.156802200179663,0.155556046405213,0.295280672427173
"293.1244-6.394",1,0.397785755361833,0.28006851095039,0.145066059624591,0.177079674063185
"475.34312-15.81",4,0.271920932016926,0.142524278762084,0.165800628512199,0.41975416070879
"253.05667-1.055",4,0.132292748448877,0.0945549457932061,0.159636181963009,0.613516123794908
"317.19717-9.008",3,0.185520400091852,0.234387962283624,0.370076188127954,0.210015449496571
"317.19718-9.003",3,0.1855220267714,0.234392299089144,0.37006995467727,0.210015719462185
"380.17507-8.295",2,0.20227678969823,0.381500192644935,0.230465632043524,0.185757385613311
"431.12008-6.31",1,0.469334306855173,0.151640729499879,0.139065362565251,0.239959601079698
"416.21166-10.23",4,0.133682739791006,0.084563621375534,0.118390694461719,0.663362944371741
"447.1348-11.475",1,0.523904740489873,0.143316340313695,0.12566410143576,0.207114817760672
"682.27997-8.503",1,0.438635244242054,0.248010228553782,0.138960117258129,0.174394409946035
"427.06748-8.345",3,0.175801389090948,0.211526067985854,0.405588420125422,0.207084122797776
"315.08121-1.027",3,0.199931979401373,0.288935749787848,0.304160972035442,0.206971298775338
"499.75361-10.736",3,0.187422715101063,0.239615859876249,0.362691830125764,0.210269594896924
"425.10138-7.741",2,0.311394533629183,0.368668585266097,0.149350313343635,0.170586567761084
"313.0568-6.175",4,0.269155540122333,0.141802407255419,0.165621996175881,0.423420056446368
"575.27185-8.153",1,0.356790965120756,0.317987809964991,0.148911786505861,0.176309438408391
"205.07181-1.789",1,0.661938903370151,0.1263076273513,0.0884731935751699,0.123280275703379
"225.8974-0.959",2,0.129179079885644,0.668758855057427,0.103299992921275,0.098762072135653
"329.23359-9.859",4,0.171194787665977,0.104301839484451,0.139643861033018,0.584859511816555
"390.96633-7.976",1,0.766607903841468,0.0815240107847651,0.0616748064738386,0.0901932788999286
"263.09026-7.534",3,0.189389600410951,0.245392405046585,0.354826816037012,0.210391178505452
"158.08238-7.159",2,0.22964291219184,0.48900479246641,0.135806284148521,0.145546011193229
"291.09893-5.886",2,0.226528869128726,0.494385162357673,0.134869035052008,0.144216933461593
"130.08745-7.2",4,0.16584064815448,0.129684059368797,0.26843876148905,0.436036530987672
"264.86715-0.923",4,0.337709069923573,0.154258648199525,0.163723553048448,0.344308728828453
"569.33379-9.624",4,0.0841794408640702,0.0555725175721826,0.0823828334967404,0.777865208067007
"257.10331-6.794",4,0.160411406196805,0.121877042781129,0.234272017028329,0.483439533993737
"555.12966-8.414",4,0.174837036545677,0.106082157567344,0.141371445941211,0.577709359945768
"164.0354-16.933",3,0.163634780661924,0.137659400144379,0.36439701176566,0.334308807428038
"327.21792-11.75",4,0.325574408474469,0.152852373000579,0.164882952228193,0.35669026629676
"569.33378-10.319",4,0.165950964211718,0.129891335374564,0.269559206852996,0.434598493560721
"525.29941-9.265",3,0.152049314633582,0.169722944260886,0.485909104767312,0.19231863633822
"389.12451-8.755",2,0.118554416653517,0.699248475520744,0.0927172058124129,0.0894799020133262
"611.3808-13.831",1,0.498912541106159,0.14752912648891,0.131910253173839,0.221648079231092
"500.25538-10.749",3,0.184617206353643,0.232012548082988,0.373517839909586,0.209852405653783
"128.95963-0.99",4,0.117176911473297,0.0821777118303265,0.134049862531105,0.666595514165271
"465.19832-9.145",1,0.539811490883202,0.140322739440601,0.121618152585772,0.198247617090425
"443.15648-6.722",1,0.731231741790259,0.0971358315589486,0.0707352222737404,0.100897204377052
"503.23278-9.094",3,0.125535631283238,0.133357964608109,0.573294337322405,0.167812066786249
"326.10948-1.087",2,0.20228378710517,0.306905699976854,0.286909396199994,0.203901116717982
"357.10406-1.071",1,0.588395723747003,0.160121187912644,0.106742162887879,0.144740925452474
"231.09879-1.435",4,0.266582920326439,0.141113798257214,0.165432781526821,0.426870499889526
"234.82006-8.709",1,0.345564866623474,0.329588844316331,0.149444888426044,0.175401400634151
"196.02535-1.705",2,0.292999272411221,0.392289695929707,0.148069047017298,0.166641984641773
"268.112-9.071",2,0.164756929531365,0.559017198721469,0.143884126193348,0.132341745553818
"687.33268-11.333",2,0.177097616086386,0.515122583829819,0.161949435113095,0.1458303649707
"559.31829-14.679",2,0.202182035752143,0.382572569504224,0.229787058891717,0.185458335851916
"305.06468-1.044",1,0.355612103151218,0.319179400448052,0.148979509869752,0.176228986530977
"316.15173-1.646",1,0.620304450049737,0.122145137659165,0.100639967726259,0.156910444564839
"387.16636-6.82",1,0.44584920321026,0.154136456076836,0.144493208069357,0.255521132643548
"441.24182-9.97",4,0.166107798263044,0.137305009385366,0.339235107838819,0.357352084512771
"379.0972-7.583",4,0.204077175590562,0.119373259040864,0.153019625971149,0.523529939397425
"321.09157-8.899",1,0.502862233088055,0.205934361544897,0.1264403941137,0.164763011253348
"407.21132-11.213",4,0.164345207009496,0.127187353062135,0.256042025535552,0.452425414392818
"443.29381-14.519",4,0.158482348728347,0.119584275168667,0.226140662479227,0.495792713623759
"443.29382-14.504",4,0.126280309281488,0.089529432887251,0.148904069201536,0.635286188629725
"243.09881-1.552",4,0.0965448624410206,0.0662976192107383,0.104369823005848,0.732787695342393
"588.24592-8.153",2,0.337082748786892,0.338743082495959,0.149673910593088,0.174500258124062
"283.15533-7.727",3,0.156279477808647,0.135558950212534,0.413447144074012,0.294714427904807
"204.0303-5.676",2,0.329906750211657,0.346761388705384,0.149742929905319,0.17358893117764
"231.09883-1.779",4,0.139967716004641,0.0880345965685105,0.122376082913234,0.649621604513615
"524.27889-13.665",4,0.158158814579143,0.11921244528634,0.224876076244885,0.497752663889632
"524.27895-13.663",3,0.130387545888932,0.139546207217361,0.557295516252064,0.172770730641643
"236.01536-1.012",2,0.197580468671688,0.419880625000871,0.207827422320651,0.17471148400679
"236.01536-1.013",2,0.194690886584331,0.437136778616079,0.198593813522485,0.169578521277105
"485.32778-14.072",3,0.168168003032393,0.196534216272985,0.431980273014185,0.203317507680437
"415.16144-7.067",2,0.250040879835947,0.455205764890172,0.141158928451185,0.153594426822696
"481.05495-7.919",4,0.321821858937318,0.152350766958581,0.165180961230598,0.360646412873502
"465.26309-12.978",4,0.157245324536254,0.118179245483137,0.221433087881647,0.503142342098962
"218.0333-1.044",3,0.190531540657346,0.248950492251971,0.350130518976046,0.210387448114637
"203.09246-6.259",4,0.124193832418584,0.0878196285030619,0.145367652673297,0.642618886405057
"200.05664-1.108",4,0.114297913616578,0.0735073892494085,0.105125651242992,0.707069045891021
"614.20816-8.559",2,0.188797485404415,0.466753294324862,0.183817820707986,0.160631399562738
"759.43293-12.864",4,0.251526217493876,0.136753263267784,0.163859254536705,0.447861264701635
"457.33286-13.752",3,0.142389161594669,0.127908279789734,0.481604313372843,0.248098245242754
"507.75094-8.764",4,0.250371972520855,0.136395700716583,0.163704440017526,0.449527886745036
"410.23734-15.01",1,0.418185510914429,0.263438033440055,0.142249799328166,0.176126656317349
"190.05453-5.637",2,0.153197740895254,0.596609668876076,0.129387460378134,0.120805129850535
"345.22835-9.805",4,0.141355188147449,0.102478846359999,0.177824112397887,0.578341853094665
"379.01308-8.59",4,0.160937984517127,0.122529450282625,0.236702424231545,0.479830140968704
"317.11458-8.008",2,0.293947547975655,0.391024969550198,0.14815825519665,0.166869227277497
"595.38588-13.065",4,0.112779129549936,0.0787150796687372,0.127336563674284,0.681169227107043
"540.30067-10.682",4,0.162928651381757,0.125136501030951,0.247040183004498,0.464894664582793
"297.03644-6.052",2,0.296604549404618,0.387508949394505,0.148394477359907,0.167492023840969
"357.17426-10.727",3,0.161838890142286,0.137410267118941,0.37838784708469,0.322362995654083
"315.25424-13.163",4,0.145519480529889,0.106308682173977,0.187333109491961,0.560838727804172
"459.13674-1.085",2,0.142682948862873,0.628945733001283,0.117462581316181,0.110908736819663
"537.32053-16.473",4,0.118865737517385,0.0835215798570971,0.136700419080119,0.660912263545399
"338.27023-16.419",4,0.255799037671659,0.138048062697314,0.164389049378412,0.441763850252615
"293.11459-6.002",3,0.151909388535561,0.13347914504565,0.436755236957129,0.27785622946166
"293.11461-6.013",3,0.149342881981372,0.132095007003695,0.449471210508108,0.269090900506824
"480.31014-17.782",1,0.357991209405912,0.155899527811841,0.161192841838421,0.324916420943825
"99.0088-1.105",2,0.106145188811455,0.736044605102599,0.0796322693238811,0.078177936762065
"390.19586-10.037",1,0.432410183965744,0.252584981739299,0.14000571365388,0.174999120641077
"266.99463-6.609",2,0.202682455018796,0.376574899600844,0.23362077968214,0.187121865698219
"251.12659-10.505",3,0.0776870148653392,0.0781757921746701,0.732730288136083,0.111406904823907
"536.25319-14.621",4,0.185285070251767,0.111040489460206,0.14598698703948,0.557687453248547
"307.07267-9.275",3,0.130820322867855,0.119947886946728,0.530517461992041,0.218714328193377
"501.28667-9.793",3,0.115134044557785,0.107854203491084,0.592059684198275,0.184952067752855
"352.91212-0.951",2,0.24983129366175,0.455540184016232,0.141110863903251,0.153517658418767
"303.2179-9.107",3,0.124599916278904,0.132182758716466,0.5763824846349,0.16683484036973
"283.13547-10.373",2,0.220750736439575,0.504520498551897,0.133046111689974,0.141682653318555
"406.06129-7.996",1,0.483175481236315,0.149842914065964,0.135754842790557,0.231226761907164
"495.27937-14.527",4,0.167449143379571,0.135631195990272,0.312114184948653,0.384805475681505
"473.28322-16.414",1,0.346122720402274,0.328998737750839,0.149424443206126,0.175454098640762
"284.92477-0.949",1,0.347194576656245,0.327868978552215,0.149383341715888,0.175553103075652
"494.24256-14.709",4,0.131541281559898,0.093918071468259,0.158245824052733,0.61629482291911
"567.31812-13.639",1,0.431812110881995,0.253029928575367,0.140104221728264,0.175053738814375
"137.06091-6.027",2,0.189253143246704,0.464641556362988,0.18483180060946,0.161273499780848
"491.26567-10.659",4,0.269344926807443,0.141852450044198,0.165635042794707,0.423167580353651
"537.14425-15.45",3,0.137701234967744,0.149212931974198,0.533209789175606,0.179876043882452
"181.05075-6.476",2,0.244119363848134,0.464757469848634,0.139745658940402,0.151377507362829
"124.99149-1.063",2,0.179875195066917,0.581569723577266,0.117144584750739,0.121410496605078
"603.44033-16.868",1,0.471762091627921,0.225247160853725,0.132847852710781,0.170142894807574
"327.08371-1.645",3,0.165095708420551,0.137603194552814,0.350865203771005,0.34643589325563
"321.09169-8.577",1,0.715646299756492,0.103555433493351,0.0747515474485585,0.106046719301598
"369.23984-17.713",2,0.157577897604644,0.58266392752647,0.134676689052382,0.125081485816503
"345.09593-1.723",1,0.395008497971716,0.156780695637274,0.155064876931938,0.293145929459072
"505.18848-9.502",1,0.384932961393395,0.156795533569624,0.156894952236271,0.30137655280071
"371.18996-12.147",4,0.165362531819791,0.137552755150169,0.348047991503827,0.349036721526214
"297.1271-10.475",4,0.242131373452405,0.133746878542054,0.162450775626432,0.461670972379109
"251.98931-1.011",4,0.282262467771211,0.145056015290341,0.166249612318898,0.40643190461955
"441.24187-9.774",3,0.125881373638829,0.116274057002973,0.550333958865298,0.2075106104929
"288.15677-4.866",3,0.154700757293297,0.134854405265546,0.422160157792108,0.288284679649048
"285.20733-10.84",1,0.503308474332256,0.205669661424266,0.126344672500027,0.164677191743451
"471.32516-15.581",3,0.0810831837217112,0.0786467374810155,0.717430991152659,0.122839087644614
"471.32519-15.585",3,0.068295224838978,0.0675468210052285,0.763740672203566,0.100417281952227
"343.2127-9.703",4,0.0999860716455511,0.0688908731461837,0.10904791950077,0.722075135707495
"384.18525-12.988",4,0.272460345079737,0.142662873877752,0.16583252303862,0.419044258003892
"265.11961-2.851",3,0.161968819023125,0.185596251620744,0.452911689097606,0.199523240258524
"397.22695-16.425",1,0.410098921232549,0.269872492206385,0.143426887876689,0.176601698684377
"265.10595-7.323",3,0.164100963503167,0.18925476883856,0.445748973329687,0.200895294328587
"447.26046-11.644",1,0.762213856318652,0.0842537150995994,0.0627420342306151,0.0907903943511338
"377.19717-8.541",1,0.460230349809241,0.232888362308026,0.135071044652601,0.171810243230133
"256.09407-1.113",2,0.22569273508305,0.495839623849888,0.134611980057142,0.14385566100992
"313.23866-13.433",1,0.623992791984569,0.143276584302357,0.0979990041381408,0.134731619574933
"609.39332-16.507",3,0.0783687021657271,0.0789190172449353,0.730442301614893,0.112269978974444
"161.08209-5.665",1,0.394976228114037,0.282465945656442,0.14541224823031,0.17714557799921
"335.02332-9.232",4,0.0858900321129164,0.0565958146688351,0.0836763713761724,0.773837781842076
"326.09967-1.441",4,0.214200246788823,0.123532946803015,0.156141493768324,0.506125312639838
"243.12395-8.296",3,0.148957233396495,0.131878469735669,0.451334232663188,0.267830064204648
"301.62749-11.803",2,0.20004989671902,0.402307631857138,0.217795825094862,0.179846646328981
"609.25095-8.678",2,0.139889301860358,0.664725399264807,0.0971016394462024,0.0982836594286332
"371.23017-7.412",4,0.103649331252752,0.0716716612083573,0.114126088567115,0.710552918971776
"331.03436-1.112",4,0.0799898065103734,0.0538916555911643,0.0823277472206023,0.78379079067786
"448.02816-7.996",1,0.764102100053872,0.0820413695547148,0.062361753500351,0.0914947768910623
"148.04389-1.437",4,0.0840054766871062,0.0554687806503298,0.0822526059056942,0.77827313675687
"405.2648-10.473",4,0.16749357261529,0.134175068369145,0.298021077684089,0.400310281331476
"457.18508-8.911",1,0.495022906777285,0.210638604045044,0.12810586073831,0.166232628439361
"509.1285-1.135",2,0.163778519027163,0.614244147494917,0.10954498552228,0.112432347955639
"661.27669-13.965",4,0.166682930037448,0.131420253240412,0.278388886602215,0.423507930119925
"430.19089-10.039",1,0.762076834592325,0.0825532310090724,0.0629098245365767,0.0924601098620258
"311.223-12.675",1,0.431751512452581,0.155270150935231,0.147610478738117,0.265367857874072
"378.91859-0.965",2,0.202733193738772,0.375913363327174,0.234049480669096,0.187303962264959
"314.20884-7.405",3,0.131702147953558,0.120588610685209,0.526924803182697,0.220784438178536
"173.0457-1.809",4,0.116762325486621,0.0749398902344816,0.10688843517047,0.701409349108427
"353.03382-6.264",4,0.131612056797425,0.0939779398364955,0.158376124434864,0.616033878931215
"553.33888-14.053",1,0.702975655235984,0.0996603686519923,0.0786981417741816,0.118665834337842
"361.09306-7.425",4,0.093016393451056,0.063654190702981,0.099649571563795,0.743679844282168
"395.15617-6.188",1,0.374753107727214,0.300563590033021,0.14756446599469,0.177118836245074
"369.30113-16.928",3,0.0743658491232877,0.0726442363375214,0.74157071857448,0.111419195964711
"248.09299-8.074",1,0.489633563903949,0.148926947585857,0.134186638852237,0.227252849657957
"298.11453-1.038",3,0.116069393147685,0.121708266865519,0.604585258147171,0.157637081839625
"278.10326-7.481",3,0.157286538612356,0.135975273146092,0.407671509005478,0.299066679236073
"555.67071-8.675",1,0.436074316925872,0.249879880009647,0.139394682271215,0.174651120793267
"627.29627-9.019",3,0.163156298131246,0.187621398290433,0.44892657437732,0.200295729201001
"343.19884-6.718",4,0.167526184334358,0.13508586255359,0.306344498560521,0.391043454551531
"184.06161-1.061",3,0.0723781255739568,0.0708805711809675,0.748719704337545,0.108021598907531
"389.12447-7.702",1,0.501076545366477,0.206996865043958,0.126822466397019,0.165104123192545
"251.10397-2.282",3,0.147154644137419,0.130839684449994,0.459899628865234,0.262106042547352
"525.3076-12.894",1,0.494942025250347,0.210687684145136,0.128122880579287,0.16624741002523
"171.06642-7.981",1,0.466940303785249,0.228407855902,0.133788714863547,0.170863125449204
"431.22912-10.671",1,0.66917449500314,0.123167025533123,0.0866384046046269,0.12102007485911
"277.12948-7.189",1,0.734057169779218,0.0959759948373918,0.0700060847298866,0.0999607506535034
"491.1777-7.553",4,0.304897944050014,0.14968539898908,0.16613054267599,0.379286114284916
"310.11457-1.095",2,0.165394347910798,0.556862040101979,0.14473972655346,0.133003885433763
"288.93681-3.167",3,0.134069467501387,0.144357642898448,0.545167037622766,0.176405851977399
"508.75897-8.765",3,0.125597521256303,0.133435893821652,0.573090114924716,0.167876469997329
"507.24281-12.397",1,0.589461338132318,0.129641393268189,0.108750819723839,0.172146448875654
"505.12923-8.02",1,0.42120185184234,0.155925567031969,0.149859555618495,0.273013025507197
"425.2829-15.628",3,0.0999758117871067,0.0952232315755276,0.648767468065918,0.156033488571448
"521.32495-15.708",4,0.182390595153558,0.109689367809841,0.144758928047826,0.563161108988775
"525.23714-16.909",3,0.175133155285142,0.210130506525924,0.40793682954719,0.206799508641744
"315.15111-11.316",2,0.193920026709655,0.441356141836623,0.196410920523768,0.168312910929953
"493.27323-10.72",1,0.373537025994294,0.301701407274792,0.147673465542315,0.1770881011886
"245.1396-6.707",4,0.166220789804672,0.137248878915918,0.337732891331471,0.358797439947939
"387.18495-11.622",4,0.0817906134143473,0.0541573217432537,0.0806307555116168,0.783421309330782
"289.60938-8.06",4,0.0785215048559453,0.0527090318482909,0.0800749072994743,0.78869455599629
"321.21071-16.412",1,0.398515446372986,0.156733252128272,0.154403497669191,0.29034780382955
"429.29732-14.606",3,0.157239574052724,0.135956488530266,0.40794510359332,0.298858833823689
"167.8368-1.234",2,0.16451345741094,0.559837768352788,0.143559121051172,0.1320896531851
"333.13464-6.813",2,0.200456342178061,0.399003119526762,0.219741348073519,0.180799190221658
"429.19565-12.861",2,0.27473106010239,0.417686091028716,0.145831319390473,0.161751529478421
"293.15096-6.231",3,0.0683474335698552,0.0677148470324335,0.763699506037512,0.100238213360199
"332.12557-6.843",1,0.451661400415673,0.238755902777486,0.136659879612129,0.172922817194712
"293.88335-0.922",3,0.190285174361742,0.24816882096599,0.35115277263767,0.210393232034597
"229.08314-1.445",2,0.284641551007414,0.403663384922122,0.147169311924575,0.164525752145888
"459.18795-8.974",2,0.29554457914976,0.388906736709621,0.14830265745593,0.167246026684689
"323.64064-9.681",4,0.191895647241704,0.114059739494409,0.14864627757871,0.545398335685176
"452.92322-0.974",2,0.174487708755444,0.592372316571651,0.114678607827816,0.118461366845089
"245.1396-8.224",4,0.167527111676261,0.134548760192065,0.30127430382899,0.396649824302684
"241.10837-6.954",1,0.387342563324498,0.289119927321214,0.14629692061314,0.177240588741149
"288.1356-6.002",1,0.569158673512875,0.134235023885746,0.114047789683391,0.182558512917987
"331.1189-7.796",2,0.204029393028824,0.339971266791987,0.259334911360202,0.196664428818987
"234.84104-0.883",4,0.164439985088815,0.127333041975197,0.256717213458369,0.451509759477619
"285.11339-9.753",3,0.19840860076676,0.280294501626154,0.313138319503773,0.208158578103314
"429.21344-9.726",1,0.450483919789536,0.153702224951477,0.143443540533826,0.252370314725162
"427.28348-14.589",3,0.0781983212272403,0.0760681128305356,0.727803703893775,0.117929862048449
"442.19095-9.528",2,0.152898943954938,0.597549563456762,0.129034405387654,0.120517087200646
"255.16035-11.457",1,0.50241550624222,0.146977157546627,0.131044324274769,0.219563011936385
"614.21037-9.003",2,0.130731134678575,0.684578378284954,0.0920366337813571,0.0926538532551134
"343.1763-10.775",1,0.46181440259238,0.152518503669901,0.140831569330742,0.244835524406977
"227.90505-1.71",3,0.118560431111165,0.124725049273765,0.596339773079468,0.160374746535602
"565.30251-12.691",4,0.108274238865783,0.0752175056339789,0.120708573116021,0.695799682384217
"150.8867-1.163",2,0.198838958532938,0.411373371415832,0.212576651708043,0.177211018343187
"361.09092-1.119",4,0.245139575979118,0.134733320958092,0.162938945034047,0.457188158028743
"373.16923-9.937",3,0.110139142251964,0.103776916306786,0.610968315622421,0.175115625818829
"150.04226-1.392",1,0.405138319023487,0.156585792966796,0.153122665948183,0.285153222061534
"358.1986-5.587",3,0.181742022185801,0.22484220595252,0.384245655468615,0.209170116393064
"545.27951-9.654",3,0.11047337854769,0.104052585422413,0.609710773283061,0.175763262746836
"267.06642-9.253",2,0.275431924404728,0.416675085866204,0.145935816512815,0.161957173216253
"361.22342-7.168",3,0.122510487229747,0.11369100433854,0.563601889375239,0.200196619056473
"287.15024-7.877",4,0.167023710736538,0.132291225412288,0.283961864844313,0.416723199006861
"272.16183-5.721",4,0.158052310408775,0.119090744188275,0.224465184180011,0.498391761222939
"171.04123-1.076",1,0.468625230934486,0.227297883539772,0.13346173073485,0.170615154790892
"209.8085-11.141",2,0.204011268728762,0.33806835618252,0.260796476316141,0.197123898772577
"579.33111-14.317",2,0.126522157319807,0.676431286714575,0.100621177245362,0.0964253787202561
"577.37528-14.297",1,0.373678635604158,0.30156860922766,0.147660899469269,0.177091855698913
"375.10876-8.043",2,0.192857540417998,0.446969605852589,0.193549042070715,0.166623811658698
"503.30228-9.659",3,0.164664262245647,0.137653932202881,0.355152779710389,0.342529025841083
"315.12407-8.461",3,0.0796235723536051,0.0773426078397385,0.722681078939842,0.120352740866814
"204.06668-7.999",2,0.22921266229245,0.489744730299284,0.135678679325454,0.145363928082812
"379.04161-1.143",2,0.1667942458826,0.552092759945116,0.146643635876432,0.134469358295852
"690.27759-8.251",2,0.141537747420135,0.661176759565622,0.0979987147807217,0.0992867782335212
"247.08851-8.468",2,0.256688445409575,0.444738129691661,0.142609256513118,0.155964168385646
"295.22803-13.489",4,0.166103252982235,0.137307140343788,0.339294393203977,0.35729521347
"271.15532-7.978",3,0.163936833070821,0.137671925513982,0.361803688599727,0.33658755281547
"372.18517-11.039",1,0.414867114120159,0.266054320241885,0.142741966000822,0.176336599637135
"555.25199-8.214",1,0.564167719692199,0.172226982067269,0.112546664450601,0.15105863378993
"311.22299-12",2,0.258818430163111,0.441441289920299,0.143043675140386,0.156696604776205
"477.30516-16.431",3,0.180170449860544,0.221142831792124,0.389985538626361,0.208701179720971
"433.33267-16.95",3,0.17087675217971,0.201633177065937,0.422712147513445,0.204777923240908
"274.10468-1.091",4,0.0826017688352344,0.0546351522875426,0.0812151856588722,0.781547893218351
"347.11371-7.287",4,0.16699583964986,0.136613444483493,0.325145922015327,0.371244793851319
"387.25426-12.378",4,0.328826186290027,0.153261334821629,0.164600922030259,0.353311556858085
"438.29941-14.689",4,0.11685759888283,0.0749951242443825,0.106956163382041,0.701191113490747
"373.03903-1.052",2,0.165912679247542,0.555102034329511,0.145440625655792,0.133544660767155
"186.03847-1.01",2,0.182049580597998,0.495773309015335,0.170410040719965,0.151767069666702
"357.17088-9.647",4,0.131231651129031,0.0936564322003892,0.15767733677205,0.617434579898531
"583.34947-12.975",1,0.497471156330365,0.209158300287595,0.127589069077928,0.165781474304112
"186.04091-1.125",4,0.116870588187114,0.0819348363908086,0.133573630821716,0.667620944600362
"200.0566-1.464",4,0.331077086583875,0.153530561120229,0.164393143391,0.350999208904896
"327.05228-6.773",1,0.498688866937441,0.208425835596821,0.127330882038586,0.165554415427151
"399.25491-14.826",3,0.113777747829082,0.106756309017597,0.597219637281486,0.182246305871835
"302.14329-10.636",2,0.156691074107642,0.628992807808107,0.105987482676621,0.10832863540763
"625.36007-11.866",3,0.0878580699248374,0.089320959603533,0.698601638920793,0.124219331550837
"350.10939-1.114",3,0.151698717243486,0.133369507902229,0.437821749883161,0.277110024971123
"372.10515-1.675",1,0.488163293613786,0.149139660256493,0.134544879212582,0.228152166917139
"481.29945-16.422",4,0.131845739989417,0.0835379542451811,0.117195423111598,0.667420882653803
"329.18339-5.711",4,0.167509627036902,0.135272725179927,0.308240473533536,0.388977174249635
"491.28688-9.365",4,0.166597684898483,0.131223702582653,0.277191528438432,0.424987084080432
"244.13045-1.082",3,0.198383298245425,0.280162693332403,0.313278969969299,0.208175038452873
"219.07772-2.061",1,0.447820378192474,0.241441513293007,0.137353168776187,0.173384939738333
"260.10412-16.429",1,0.6752359132622,0.107524880551051,0.0860806198288662,0.131158586357882
"459.25243-9.712",3,0.107692317814204,0.101747208800206,0.6201436002814,0.17041687310419
"464.31518-14.973",4,0.137027264056344,0.098633932855672,0.168778336262812,0.595560466825172
"469.3095-15.233",3,0.0848611405254133,0.0820124763845911,0.703816476946654,0.129309906143342
"606.2056-9.643",1,0.466020848213779,0.229016086732244,0.133966321328452,0.170996743725525
"405.24163-13.269",3,0.108217668906974,0.10218469515499,0.618178031597408,0.171419604340629
"238.07231-1.673",3,0.148982483192572,0.131892711097964,0.451212601122268,0.267912204587196
"485.2916-10.953",1,0.514684179266456,0.144943437455547,0.127986035764525,0.212386347513473
"471.31214-13.091",1,0.613950896192904,0.147927356017516,0.100487368024671,0.137634379764909
"260.10413-17.71",3,0.129574573687711,0.119034572065697,0.535562910401684,0.215827943844908
"437.29125-12.825",3,0.196482379198243,0.27106471349921,0.323272003480356,0.209180903822191
"297.04064-12.35",2,0.202567421368501,0.378033525751601,0.232679693703681,0.186719359176217
"283.0614-9.086",1,0.507287786294188,0.203323482740777,0.125486889299457,0.163901841665578
"288.13561-6.23",4,0.173527095001316,0.105444881826853,0.140757156370407,0.580270866801424
"525.29966-10.37",3,0.119074935625522,0.111002091650953,0.576945059395416,0.192977913328109
"697.21277-9.068",1,0.507933421274956,0.14608153415088,0.129673558772517,0.216311485801646
"484.27839-6.773",2,0.244605732101819,0.463964872694248,0.139866066010055,0.151563329193878
"351.13452-11.868",2,0.113648767606664,0.713259119413229,0.087879874827518,0.0852122381525893
"317.11455-8.294",2,0.254359847786152,0.448374125113577,0.142117546429521,0.15514848067075
"281.61195-8.674",4,0.152499309338377,0.113120834013346,0.205847039807142,0.528532816841135
"451.08074-7.096",1,0.360745031554474,0.156056446544804,0.160798560820834,0.322399961079888
"193.0508-9.092",2,0.203483464533209,0.3222494580576,0.27351013318759,0.200756944221601
"179.03514-6.592",2,0.202866360156019,0.313254140381689,0.281227870298095,0.202651629164197
"329.2336-10.608",4,0.292600477894782,0.147324221606422,0.166372652488784,0.393702648010012
"442.28153-10.652",1,0.523064422767258,0.194262431824239,0.122016578936432,0.160656566472071
"330.20374-7.391",4,0.167533277749521,0.134925391245824,0.304774479902781,0.392766851101875
"279.08498-5.602",1,0.599812975257447,0.154606218761035,0.103962613697763,0.141618192283756
"258.18249-1.812",4,0.0781974245717089,0.0524149797070574,0.0794536151640621,0.789933980557172
"624.35245-14.742",4,0.15167529051408,0.112284140012536,0.203439930323538,0.532600639149846
"485.14903-12.449",1,0.524066029867917,0.193699539081818,0.121792763739335,0.160441667310931
"576.25727-8.772",4,0.193779177489079,0.114902771220602,0.149367020717796,0.541951030572523
"407.17492-8.092",4,0.153076959078385,0.113713702170508,0.20757899587667,0.525630342874437
"244.13045-1.461",3,0.129956709949716,0.119315731266771,0.534018819707718,0.216708739075794
"447.11507-5.645",1,0.610489087319374,0.124593465450791,0.103227897498857,0.161689549730978
"301.10434-1.475",1,0.458505655992449,0.234055937628086,0.135395352627339,0.172043053752127
"579.39082-16.265",4,0.111687418348299,0.0778631575825595,0.12570875255647,0.684740671512672
"325.63819-8.109",3,0.141429001293722,0.154322383640402,0.520937312843836,0.18331130222204
"280.60335-8.688",4,0.261233706699307,0.139629270728884,0.164966512152219,0.434170510419591
"593.33524-11.643",4,0.0784641122818735,0.0523004383858082,0.0786231777680926,0.790612271564226
"369.11279-8.016",3,0.169347443445511,0.19872769242171,0.427955747068632,0.203969117064147
"379.21292-7.432",1,0.482369428443616,0.218458863694449,0.130725056327641,0.168446651534294
"275.05415-1.057",4,0.0790254592103268,0.0525847717219236,0.0788524911626421,0.789537277905108
"275.18664-8.264",2,0.200820908113794,0.395895889354992,0.221592697889774,0.18169050464144
"453.30149-14.113",3,0.0763291327689569,0.076695436086199,0.73728653203934,0.109688899105505
"279.13523-4.775",4,0.0783479018139064,0.0522476110221787,0.0785984270490342,0.790806060114881
"313.23865-14.401",4,0.0790898253088083,0.0526190966520516,0.0788852719012458,0.789405806137894
"309.17093-11.644",1,0.474243433535834,0.223639236974513,0.132357647245523,0.16975968224413
"298.1411-6.67",1,0.378414349447935,0.29717309470135,0.147221638665669,0.177190917185046
"250.09338-1.053",4,0.18869824078075,0.112611054634875,0.147385269576195,0.551305435008179
"319.11488-1.109",4,0.152630995312011,0.113255516520632,0.206238531983013,0.527874956184345
"523.2838-10.469",3,0.0956185679553509,0.0914665589357944,0.6647547572309,0.148160115877955
"249.00762-1.455",1,0.494086475051204,0.211207539760283,0.128302702941688,0.166403282246825
"249.00764-1.447",1,0.494948052839346,0.21068402612478,0.128121612316287,0.166246308719587
"338.17248-7.599",1,0.390017811123841,0.286764323161971,0.145996411949054,0.177221453765135
"603.44041-16.897",3,0.197527232605899,0.275882710681141,0.317909170544819,0.20868088616814
"367.24413-16.441",1,0.60435121977212,0.126095534552243,0.104843243822628,0.164710001853009
"690.31712-9.105",1,0.341080963721199,0.334385194008601,0.149585329881408,0.174948512388792
"433.04509-5.919",4,0.335826595717217,0.154061802056732,0.163922126203454,0.346189476022596
"265.1196-5.897",4,0.16638092861222,0.137157794502054,0.335499639273305,0.36096163761242
"579.39083-16.386",4,0.247356281144019,0.135445880171972,0.163276087965902,0.453921750718107
"136.93249-0.913",4,0.142861578745325,0.0896122402994168,0.124155868587475,0.643370312367783
"284.16179-6.515",3,0.0684278610116287,0.0678377933476321,0.763472635644794,0.100261709995945
"342.63905-9.067",2,0.185205632048828,0.571020437594609,0.119504112028462,0.124269818328102
"217.09048-8.869",1,0.766999821488277,0.0819190256735924,0.0615315035400251,0.0895496492981058
"466.29284-8.72",4,0.102239612696194,0.0705988559206313,0.112158818231322,0.715002713151853
"410.201-12.947",1,0.661105701319367,0.126671052590946,0.0886841424918545,0.123539103597832
"489.32286-10.341",3,0.14633265677313,0.130352286603877,0.463733882097896,0.259581174525097
"388.18014-9.436",1,0.50821414304787,0.202780941641012,0.125286139715515,0.163718775595603
"390.26852-14.232",1,0.522857637760603,0.143505229740087,0.125928711305955,0.207708421193355
"243.12397-6.172",4,0.327962399757894,0.153155015069526,0.164677951315179,0.354204633857401
"492.27954-12.3",4,0.165493024727218,0.137521826671612,0.346615325000873,0.350369823600298
"367.09566-7.052",3,0.0927349694700357,0.0947356132062834,0.682268504683405,0.130260912640276
"284.85664-0.9",2,0.207816537136664,0.527910582015476,0.128574752201942,0.135698128645917
"375.25423-14.424",4,0.166772395425199,0.131634198272398,0.279716037432244,0.42187736887016
"174.07735-1.628",1,0.350829072127473,0.155418778445378,0.162164156680569,0.331587992746581
"332.18307-6.036",1,0.423206002436838,0.259541786982731,0.141481987469157,0.175770223111275
"490.24852-10.399",1,0.696933017832519,0.101395423645272,0.080307424491407,0.121364134030803
"432.24287-9.41",2,0.107211501696848,0.735196280710218,0.079296640198816,0.0782955773941179
"303.124-8.224",4,0.177685696325309,0.107456158463638,0.142679959466762,0.572178185744291
"663.33945-13.154",4,0.118719538357894,0.0834049125028452,0.136469252439204,0.661406296700057
"247.54419-6.751",1,0.423659361244805,0.259193551339119,0.141411315542758,0.175735771873318
"525.03518-6.912",1,0.731525686555395,0.097015138258285,0.0706593781387819,0.100799797047538
"766.22687-1.094",1,0.608790287839845,0.150346880794974,0.101759896729743,0.139102934635438
"343.08233-7.316",3,0.146627411507815,0.130528004246453,0.462363793915174,0.260480790330559
"170.94433-0.977",2,0.304138759863763,0.377758175163325,0.148956158819436,0.169146906153476
"505.25792-10.746",3,0.0684219606662852,0.0678292777806205,0.763489885784036,0.100258875769058
"391.17992-8.86",4,0.156768992926873,0.117649492403573,0.219706045561505,0.505875469108049
"448.23796-9.399",2,0.269095052565977,0.425923907551503,0.144935445667349,0.160045594215171
"526.24832-9.587",1,0.448291288337299,0.153911349836162,0.143941558570407,0.253855803256132
"484.23826-9.254",1,0.704957489320245,0.0990889816952108,0.0781702128520685,0.117783316132476
"310.93121-0.963",2,0.181762995870663,0.496930369510997,0.169894160591346,0.151412474026994
"381.19215-8.038",4,0.165663093691041,0.137474501924457,0.344686272246672,0.35217613213783
"216.09908-1.066",3,0.157516427265469,0.178257578139142,0.467776947219054,0.196449047376335
"466.03877-6.001",1,0.610065281818644,0.124697909527289,0.103339510727868,0.161897297926199
"353.24652-14.873",4,0.113766569357075,0.0794881579082076,0.128821608556382,0.677923664178335
"513.28415-14.618",3,0.136873234983816,0.148095812553207,0.535935622041673,0.179095330421303
"537.30765-12.902",4,0.165645992802191,0.129328578158604,0.266554012021923,0.438471417017282
"325.63811-8.949",4,0.16985601734844,0.103640910155659,0.138993513741485,0.587509558754416
"497.11571-1.784",4,0.118855170438661,0.0761506410548189,0.108368855294863,0.696625333211657
"667.36269-12.857",1,0.440918007807244,0.246357928814292,0.138567690880027,0.174156372498438
"515.35947-13.043",3,0.162136970454582,0.137468828562274,0.376203579651525,0.324190621331619
"339.2541-14.93",4,0.164800773622729,0.127900228551987,0.259397274170129,0.447901723655155
"123.04526-5.535",2,0.15724624816521,0.627830064238694,0.1062705217456,0.108653165850497
"337.07794-1.086",1,0.751799851624031,0.0886732379257579,0.0654243707244233,0.094102539725788
"209.08539-7.052",4,0.166453108064279,0.137111674614976,0.334447098113192,0.361988119207554
"441.27818-14.231",3,0.148997501287717,0.131901177373515,0.451140234177863,0.267961087160905
"111.04523-1.104",4,0.0853289105848744,0.056259598032422,0.0832498402496172,0.775161651133086
"463.2239-11.237",3,0.161326587719263,0.137296598595477,0.382040227937152,0.319336585748109
"254.98188-1.431",1,0.510749533911821,0.201302930055744,0.12473469465619,0.163212841376245
"528.26442-8.084",2,0.336845621420088,0.339003977936269,0.149678055772559,0.174472344871085
"319.21286-7.866",4,0.15283848477581,0.113468289788594,0.20685934948238,0.526833875953216
"239.16542-12.916",4,0.111116328267748,0.071647577342195,0.102819727710254,0.714416366679803
"287.05635-8.474",3,0.159367332921497,0.136736621639358,0.395057015449664,0.308839029989481
"183.03004-1.989",2,0.114856032855461,0.719247618906377,0.0831152973374995,0.0827810509006627
"455.10236-0.995",2,0.226449424166769,0.494523179352516,0.134844709247197,0.144182687233518
"267.03008-9.793",3,0.161822551915928,0.185348899214733,0.453401884319014,0.199426664550325
"476.27878-14.386",4,0.165819178179242,0.129644232093768,0.268225320781753,0.436311268945237
"656.27537-10.194",1,0.446499296626701,0.154077340897777,0.144346673274957,0.255076689200565
"581.33391-12.626",1,0.425319739553828,0.155690023001191,0.148990893437198,0.269999344007783
"391.11924-12.089",4,0.314131989701221,0.151222252650911,0.165695334728726,0.368950422919142
"544.31819-15.07",3,0.0736955160789098,0.0738196938309325,0.746112807333346,0.106371982756811
"507.20615-10.424",3,0.144420662422133,0.129188120412031,0.472499281732112,0.253891935433725
"241.10837-6.158",1,0.493173566539137,0.211763654830579,0.12849415437545,0.166568624254834
"393.0653-8.386",1,0.746952344811238,0.0906781098673497,0.0666761337032489,0.0956934116181632
"207.81147-13.024",3,0.11828155722745,0.110373607059504,0.58000339615106,0.191341439561986
"632.30033-12.422",3,0.144122503556094,0.129002945191308,0.473848308495438,0.253026242757161
"171.10279-7.821",1,0.419133140864548,0.156033903438103,0.15029126226787,0.274541693429479
"248.09632-8.677",2,0.202494842520921,0.537809045335089,0.12658077666269,0.1331153354813
"415.19768-10.046",1,0.594447132712044,0.157184010818322,0.105272126609434,0.1430967298602
"539.27892-10.316",3,0.147875607004499,0.163504908326943,0.499694743909887,0.188924740758671
"551.29985-14.678",4,0.253748043598358,0.137432215897454,0.164143195908461,0.444676544595727
"357.21453-7.349",4,0.166913521949872,0.131991183484583,0.281989482781395,0.41910581178415
"206.01297-1.439",1,0.571401467731262,0.133742076044356,0.1134647003226,0.181391755901781
"246.1097-1.066",2,0.195185532332643,0.434356037464231,0.20004786382658,0.170410566376546
"186.07738-1.896",4,0.101711465410391,0.0701978179888148,0.111426095625492,0.716664620975302
"219.08168-7.386",1,0.454373021380927,0.236880930071265,0.13616326090906,0.172582787638749
"409.17255-10.335",4,0.165871383770364,0.137404244631954,0.342214605838786,0.354509765758897
"357.21455-6.622",4,0.167140667586322,0.136404928803932,0.321965896964667,0.374488506645079
"405.26499-10.183",4,0.161159207160195,0.122807557279133,0.237755914199419,0.478277321361254
"221.09335-4.991",1,0.387622103753276,0.156809473722498,0.156417103421267,0.299151319102959
"517.09946-8.358",1,0.517277235505144,0.197542998556129,0.123301858273165,0.161877907665562
"569.11565-6.552",4,0.283589411012105,0.145361779424868,0.166283079788585,0.404765729774442
"515.30435-11.753",3,0.107100174426685,0.101253019036447,0.622356270997379,0.169290535539489
"593.37023-11.674",4,0.0805196454753847,0.0543011368328515,0.0830760933564808,0.782103124335283
"160.97618-0.95",4,0.203968946930356,0.119327513891555,0.152983755303147,0.523719783874941
"354.3014-17.127",4,0.166195894597681,0.130369322936381,0.27220757102742,0.431227211438518
"206.01297-1.093",1,0.371111667797869,0.156511418876916,0.159217822299674,0.313159091025542
"260.10413-16.909",4,0.145667465573348,0.106447531549888,0.187688516741443,0.560196486135321
"362.63825-8.573",2,0.203248305917998,0.368351424498303,0.239036055370024,0.189364214213675
"269.15091-6.271",3,0.144606743194654,0.158789845852675,0.510471162468227,0.186132248484444
"469.30955-15.461",4,0.167251626959522,0.136202026505632,0.319127943136336,0.37741840339851
"469.30974-15.49",4,0.137836246977209,0.0993434661952394,0.17041402871391,0.592406258113642
"157.01434-1.098",4,0.0780656003909041,0.0521513592639153,0.0786590171314613,0.791124023213719
"599.15448-9.099",4,0.149451064707041,0.110073495858062,0.197273321468228,0.543202117966668
"467.0969-4.886",1,0.501618748937477,0.147103849259796,0.131241581723147,0.22003582007958
"377.21833-7.521",3,0.114392400307735,0.107254741908825,0.59488372204213,0.18346913574131
"596.35421-11.628",4,0.119187527088249,0.0763424168017453,0.108602525519275,0.695867530590731
"435.2755-13.078",3,0.0827245613622769,0.0836768992103205,0.715820764954006,0.117777774473396
"154.91884-1.267",2,0.193091249873433,0.445753396389174,0.194165097288005,0.166990256449387
"425.283-15.943",3,0.0683372255059947,0.0675453279278575,0.76354317882844,0.100574267737708
"383.09868-6.652",1,0.435834305543007,0.154971476223178,0.146720093415536,0.262474124818279
"323.09814-1.099",2,0.189752676974482,0.462298542026005,0.185963467816597,0.161985313182916
"126.01975-1.116",1,0.748280181985759,0.0901303077003033,0.0663331953548524,0.0952563149590853
"355.06725-6.296",4,0.185723898962323,0.111243798093145,0.146169784460414,0.556862518484118
"317.1972-8.352",4,0.156963663051678,0.0971024977648905,0.132312348871526,0.613621490311906
"294.60151-7.748",1,0.50631505495773,0.146347488807485,0.130076423142278,0.217261033092507
"467.24208-13.43",3,0.134851883524995,0.122835641733757,0.513935369305507,0.228377105435741
"315.16774-5.592",3,0.152374897209271,0.133718682210017,0.434382670451833,0.279523750128879
"609.36514-13.431",4,0.297405667282925,0.148290064369067,0.166326195505743,0.387978072842266
"527.26899-10.227",1,0.766976683498852,0.0819344511879076,0.0615370451395926,0.0895518201736481
"567.2477-16.693",3,0.105968581174843,0.100305486000421,0.62657669146582,0.167149241358917
"233.08681-1.347",3,0.15093760105073,0.132967246233344,0.441639199685155,0.274455953030771
"399.19618-10.836",2,0.330799165817618,0.345750232152725,0.149740790322568,0.173709811707089
"173.04566-1.15",1,0.406921005318066,0.15653339814587,0.152771112985219,0.283774483550846
"537.26325-10.527",3,0.16853282171394,0.197208455710564,0.430737127253149,0.203521595322347
"483.31526-16.423",4,0.125498663497416,0.0888870015125145,0.147568987868394,0.638045347121676
"513.28965-10.237",1,0.3736166807606,0.156589802592633,0.158814226468171,0.310979290178597
"325.14079-7.699",1,0.68013342079206,0.118460274354062,0.0838501964813097,0.117556108372568
"306.11973-1.883",4,0.143968365767204,0.104865262063388,0.183684493900677,0.567481878268732
"291.99583-1.983",4,0.0855161495589188,0.0563717396750721,0.0833919645949366,0.774720146171073
"515.3054-11.97",3,0.145143335680413,0.129632962950284,0.469210140709577,0.256013560659726
"87.04515-1.096",4,0.199326729927937,0.117340452317643,0.151394984900447,0.531937832853973
"331.11898-7.427",3,0.162582045088298,0.137544768558114,0.372851171404973,0.327022014948615
"331.11901-7.426",3,0.160946682506246,0.137202595027173,0.384673832472371,0.31717688999421
"785.35823-10.105",1,0.463380276689225,0.152341658170327,0.140465828074541,0.243812237065908
"503.30261-9.366",4,0.163448916368513,0.125865530482836,0.250139712263691,0.46054584088496
"366.24977-17.003",1,0.498231335062574,0.147634942951222,0.132078244241923,0.222055477744281
"232.04712-1.029",3,0.107286117310886,0.101408325405249,0.621661771165467,0.169643786118398
"583.31317-9.558",1,0.481877506528748,0.150021209532793,0.136068311733047,0.232032972205411
"277.15597-7.12",3,0.131173889601376,0.120205370102841,0.529079153022318,0.219541587273465
"466.29445-14.795",4,0.164723060629377,0.127776265049597,0.258804317070608,0.448696357250419
"265.1447-10.339",3,0.152929823041605,0.171065848556135,0.482995543011616,0.193008785390643
"373.18693-8.54",4,0.251538362128212,0.136757007832621,0.163860856777644,0.447843773261524
"589.30259-12.786",4,0.0964018070292488,0.0661901649028139,0.104177058442135,0.733230969625803
"331.20478-13.953",1,0.384822903877705,0.156794681491761,0.156914338306104,0.301468076324429
"411.1513-5.192",1,0.399398629657179,0.278704407394576,0.144862496822694,0.177034466125551
"245.07808-1.541",4,0.3252968135842,0.152816358877092,0.164906016430758,0.35698081110795
"218.81734-1.456",3,0.151076165126037,0.133041183257265,0.440948260994959,0.274934390621739
"469.33281-15.176",3,0.169580365653131,0.199165640093995,0.427159026481259,0.204094967771616
"337.14261-7.862",3,0.123321008557964,0.130585460466151,0.580604865733253,0.165488665242632
"535.11013-7.609",1,0.648664415367695,0.132143676746207,0.0918252452738095,0.127366662612289
"411.1081-6.817",4,0.151992129006015,0.112604636007428,0.204356964409076,0.53104627057748
"363.29058-15.308",4,0.150678393612197,0.111285138583133,0.200619840039856,0.537416627764814
"399.1664-7.663",1,0.475247493098009,0.222992122965604,0.132158156237625,0.169602227698761
"557.12396-8.912",4,0.157071884628342,0.117985674629747,0.22079912273492,0.504143318006991
"557.12398-8.914",4,0.156791347753543,0.117674224730533,0.219786121938715,0.505748305577209
"407.17482-10.012",2,0.329062086382274,0.347722147011359,0.149743237903037,0.173472528703331
"455.14135-1.845",2,0.254063248391624,0.448839631732797,0.142053654167857,0.155043465707722
"244.13047-5.154",2,0.200461078109831,0.398963673260953,0.219764716151368,0.180810532477849
"361.22331-13.023",2,0.324687751711367,0.352755934966706,0.149717748434619,0.172838564887308
"264.07266-1.082",4,0.215424366978952,0.124019798661677,0.156488008888989,0.504067825470382
"690.27934-16.422",4,0.167310721623761,0.13322656362302,0.290531276131312,0.408931438621907
"613.35194-13.501",2,0.221408627896122,0.503356599498347,0.133259147499657,0.141975625105874
"470.74321-8.72",1,0.693991739842393,0.112586549024473,0.0803100318454977,0.113111679287635
"321.0653-5.752",1,0.575574319960021,0.132815095044878,0.11237837963016,0.179232205364941
"470.25873-12.141",4,0.15336026099135,0.0952208837411287,0.130311139382168,0.621107715885353
"495.18401-1.66",4,0.229693239015252,0.129431818490852,0.160046359031042,0.480828583462854
"495.21299-10.459",1,0.528114556091152,0.191438631913814,0.120884128645851,0.159562683349182
"385.25169-14.764",3,0.137676993866272,0.149180138000796,0.533289591509266,0.179853276623666
"510.25369-9.955",2,0.292015754986647,0.393606932764741,0.14797378067097,0.166403531577642
"501.29919-10.526",3,0.143807077546615,0.157655306653858,0.513105610066231,0.185432005733295
"531.30008-10.068",4,0.239681570502793,0.132927031006322,0.162026800085062,0.465364598405823
"431.13841-9.801",1,0.716274713019425,0.0958064990673927,0.0751543277484481,0.112764460164735
"515.30214-10.455",3,0.0936171335165606,0.0897255385140154,0.672062606922844,0.14459472104658
"508.25264-8.759",1,0.571849662996839,0.168325473563975,0.110721348162205,0.149103515276981
"418.12063-1.05",2,0.266069354726932,0.430425805810879,0.144413359658191,0.159091479803999
"417.12576-1.069",4,0.124931684738692,0.0884224380770701,0.14660833126782,0.640037545916419
"503.33851-10.013",3,0.156556245122367,0.176723209744004,0.470969573665446,0.195750971468183
"286.86166-0.967",2,0.182695611228999,0.493145972980251,0.171586415900046,0.152571999890704
"293.08802-1.109",4,0.165976257612892,0.129939512049211,0.269821985876144,0.434262244461753
"173.09328-1.072",2,0.120559088249168,0.693526235658229,0.0946930492452195,0.0912216268473839
"467.11361-7.389",3,0.141784153859971,0.127519208606229,0.484278819461358,0.246417818072442
"209.80852-13.032",2,0.202852421466008,0.374310103744686,0.235093394227131,0.187744080562175
"191.00216-1.097",4,0.167433140820854,0.133781562066909,0.294793779497482,0.403991517614755
"519.11853-7.622",1,0.539339058100196,0.140414912037538,0.121738976907944,0.198507052954323
"519.11851-7.619",1,0.558363352307372,0.13655450422919,0.116846141866953,0.188236001596485
"187.07259-1.104",4,0.304978163135212,0.149699614989584,0.166127663921229,0.379194557953976
"371.25529-13.672",1,0.724567762617247,0.099875007839355,0.0724538131360266,0.103103416407371
"289.16593-7.008",4,0.137399408334598,0.0989598380914674,0.169527862895562,0.594112890678372
"530.28007-7.494",2,0.185923855001424,0.569609848866737,0.119815796324242,0.124650499807596
"475.08892-7.809",4,0.194593453975499,0.115264827424986,0.149673545503475,0.540468173096041
"429.25299-10.47",4,0.161321978677325,0.123013804614523,0.238544207783306,0.477120008924846
"429.25296-10.476",3,0.119607637448301,0.111422534310627,0.574886935362161,0.194082892878911
"250.99416-1.057",3,0.128792671899665,0.118456589786399,0.53871269713551,0.214038041178426
"290.14341-10.792",2,0.130668535274712,0.664438686976347,0.104814482692776,0.100078295056165
"631.34943-11.915",3,0.191476431554252,0.252025994056069,0.346159298670468,0.210338275719211
"495.34625-17.158",3,0.146912862897133,0.1621028874063,0.502870061711894,0.188114187984673
"330.20371-7.544",4,0.157142416915084,0.118064298090485,0.221056214621067,0.503737070373363
"273.06187-2.484",4,0.172990248588911,0.105182727466713,0.140503119518895,0.58132390442548
"162.02307-11.325",1,0.717841920121896,0.102647907792672,0.0741864232889115,0.10532374879652
"703.3277-10.064",4,0.266071033073246,0.140974819184336,0.165392448143616,0.427561699598801
"379.01322-7.523",1,0.726576898966919,0.0927951375445673,0.0724071383895987,0.108220825098915
"563.28687-12.213",4,0.277684663086592,0.14396790114239,0.166092617783683,0.412254817987336
"293.59375-8.126",1,0.430899299337166,0.25371089793136,0.140253895254398,0.175135907477075
"400.18022-10.501",1,0.620534212029611,0.144870060218451,0.0988577827825686,0.135737944969369
"448.21686-11.787",2,0.115978291789928,0.716810084177901,0.0837368826716961,0.0834747413604746
"522.27384-16.11",3,0.172127368093572,0.20406413989739,0.418400587297572,0.205407904711466
"407.1845-11.577",1,0.715438629727557,0.103641336454495,0.0748049860476778,0.106115047770271
"385.09315-8.642",1,0.706649107231033,0.0986004044378586,0.0777195450442136,0.117030943286895
"261.13451-6.92",3,0.128347041690331,0.118125588352115,0.540502223137814,0.21302514681974
"277.1196-5.228",4,0.254970267290564,0.137800470515586,0.164291570441318,0.442937691752533
"414.19593-10.162",1,0.604561215879761,0.152345247026378,0.102799348545595,0.140294188548266
"313.23866-11.283",4,0.340931708180737,0.154577743367504,0.163368457693113,0.341122090758645
"389.26996-12.674",3,0.120599436935149,0.112201952782766,0.571044778668983,0.196153831613102
"449.20348-7.631",1,0.655351017149189,0.112981153371918,0.091362622428257,0.140305207050637
"485.3278-12.111",3,0.141679799423099,0.154671074204637,0.520111510394259,0.183537615978005
"457.18507-8.791",4,0.0781217534007357,0.0521624459557333,0.0786166397571999,0.791099160886331
"275.02339-1.797",1,0.719319531281528,0.102037846716809,0.0738059678360113,0.104836654165652
"202.0731-1.724",4,0.305633382348623,0.149815158479819,0.166103543607579,0.378447915563979
"497.113-8.049",4,0.0929075424382962,0.0608154185546972,0.0890805821592427,0.757196456847764
"317.15085-8.727",1,0.728837119966025,0.0981194046011013,0.0713529737253001,0.101690501707574
"170.04602-1.114",4,0.167499795558138,0.13422778309242,0.29846814694446,0.399804274404982
"612.26118-13.811",4,0.0852241692134931,0.057845273155693,0.0893852392937845,0.767545318337029
"516.29264-11.672",4,0.30031977357201,0.14884871918782,0.166267547219254,0.384563960020916
"196.0617-1.438",3,0.114323625314809,0.107199043336389,0.595145296682621,0.183332034666182
"203.09246-6.678",1,0.513951605416125,0.199450485527066,0.124034144608143,0.162563764448665
"318.13287-9.598",1,0.377457045399783,0.156686627268361,0.158180110635185,0.307676216696671
"262.11199-9.525",2,0.106196177949637,0.735791876201678,0.0797500323965415,0.0782619134521431
"373.25977-9.258",4,0.144472188344742,0.105331771318177,0.184854710356209,0.565341329980871
"379.09718-7.802",4,0.0929811911055567,0.0608597013644288,0.0891374423492619,0.757021665180753
"175.02491-10.662",4,0.18515171328343,0.1109786250317,0.145931259496825,0.557938402188046
"302.17243-5.756",4,0.166100268694,0.137308534344575,0.339333272054531,0.357257924906894
"261.12804-5.946",3,0.143436156852431,0.128573137839629,0.476936675588135,0.251054029719805
"491.28685-9.643",4,0.166318478166161,0.137195057041218,0.336386330439628,0.360100134352993
"631.38573-12.844",1,0.436607271500116,0.249489377558424,0.139304746822052,0.174598604119409
"283.09381-5.262",4,0.120170599541616,0.0845657312058385,0.138778564386542,0.656485104866003
"453.30146-14.788",2,0.2039704283964,0.350135673604503,0.251753925594723,0.194139972404374
"467.16779-7.667",1,0.429945518683386,0.254424855183904,0.140409408397976,0.175220217734734
"402.1958-10.298",2,0.304290436991245,0.377565168540244,0.148965852276483,0.169178542192028
"189.98896-1.037",2,0.171793305023378,0.534610116969607,0.153754054805557,0.139842523201458
"505.25789-11.402",4,0.167362291571466,0.135934780910719,0.315691254909282,0.381011672608533
"496.27439-10.66",2,0.245604502327301,0.462341771786653,0.140110894437277,0.151942831448769
"315.25422-13.616",2,0.203916008770549,0.35267294198963,0.249918277291632,0.193492771948189
"121.02959-8.513",3,0.16510920881192,0.137601022881104,0.350725982160293,0.346563786146683
"278.12474-1.443",1,0.533417149957643,0.188511296894787,0.119684737322368,0.158386815825203
"635.27316-7.812",3,0.0735971415218976,0.0719603190455493,0.744333639603971,0.110108899828582
"365.23348-9.843",1,0.383169631427683,0.292846616858684,0.146744400805604,0.177239350908029
"467.21151-9.315",4,0.167489920100882,0.135418384585314,0.309774241054633,0.387317454259171
"405.18897-10.013",1,0.71330017859548,0.10452659983452,0.0753551279958367,0.106818093574164
"335.05082-1.825",3,0.146638865291578,0.130534811339255,0.462310446627849,0.260515876741318
"482.29516-11.989",2,0.114249868882963,0.711537928628095,0.0884752148553448,0.0857369876335972
"486.25374-9.447",4,0.111246594984449,0.0775199677887986,0.125055512676631,0.686177924550122
"189.0302-7.21",1,0.52065731303104,0.195621051026705,0.122552830305607,0.161168805636648
"326.20884-6.685",4,0.165500833111436,0.137519833477757,0.346528343034575,0.350450990376232
"415.18979-6.786",1,0.757751730544781,0.0861795381715834,0.0638891786433725,0.0921795526402633
"377.09928-7.597",1,0.394964396142434,0.15678115521916,0.155073116962706,0.293181331675699
"503.25064-10.206",4,0.182244493608614,0.10962070543696,0.144695911698345,0.563438889256082
"423.64639-8.908",1,0.723636672056393,0.0936563043933265,0.0731913715575946,0.109515651992686
"405.24163-14.189",3,0.0866548032544574,0.0836036979351932,0.697336871350598,0.132404627459751
"186.04097-1.463",4,0.203648063177708,0.119191729085616,0.152877090989052,0.524283116747623
"499.27416-11.264",4,0.205429583141548,0.11994263390307,0.153463382122425,0.521164400832957
"271.1917-8.253",3,0.154340988766612,0.17324244951951,0.478321243944396,0.194095317769482
"541.23208-15.266",2,0.302214271721785,0.380218276000058,0.148827687879466,0.16873976439869
"299.25933-14.969",1,0.73766261812303,0.0895423853581746,0.0694486250224382,0.103346371496358
"386.0275-6",1,0.630301052617959,0.119595840004653,0.0979989900485441,0.152104117328844
"337.12152-9.044",2,0.122689365276397,0.702149004695479,0.087509374930925,0.0876522550971991
"399.12189-9.335",3,0.138095471236057,0.149747022439502,0.531911958011297,0.180245548313144
"377.64356-8.303",2,0.203625628776997,0.535692638658639,0.127011881372964,0.1336698511914
"498.28997-9.457",2,0.268521392454077,0.426773177035811,0.144838680531688,0.159866749978424
"392.24697-16.043",3,0.0921013891796878,0.0884010496202902,0.67758353418028,0.141914027019742
"537.26324-9.923",3,0.093512471481799,0.0956044143002603,0.679667330445543,0.131215783772398
"311.09859-1.099",1,0.738027016387677,0.0943468640028982,0.0689812309148582,0.0986448886945662
"151.06126-1.024",4,0.295399552373984,0.147893614357173,0.166353303699002,0.390353529569841
"282.1276-9.92",1,0.426626233323709,0.256929071523395,0.140943501657217,0.175501193495679
"341.12429-6.494",2,0.108467536781645,0.728339859124218,0.0825958032407443,0.0805968008533927
"493.1471-7.515",4,0.275807099246808,0.143506663086556,0.16600923238839,0.414677005278246
"317.19722-7.274",3,0.100642100393554,0.103653704990781,0.65585399874225,0.139850195873414
"471.32508-15.408",1,0.380441955267253,0.295317791173901,0.147022494064936,0.17721775949391
"553.31507-16.415",1,0.418255148965762,0.156077840864993,0.150473511544337,0.275193498624908
"301.20227-9.403",1,0.464518781185525,0.23001359466761,0.134255194500282,0.171212429646582
"108.90201-1.062",3,0.20065280709538,0.293647916500708,0.299459599215358,0.206239677188554
"775.36809-10.943",1,0.400021520023542,0.278179947562445,0.14478295340516,0.177015579008854
"365.08091-7.601",4,0.148517880046122,0.109164660351912,0.194812935393939,0.547504524208027
"261.12807-6.183",4,0.167526061021707,0.13508778153533,0.306363587022806,0.391022570420156
"503.30231-10.978",4,0.11854824078318,0.0832682974690431,0.136198820774972,0.661984640972805
"485.30431-12.778",3,0.153820461636788,0.134437202862633,0.426863702951283,0.284878632549297
"209.80848-14.925",3,0.142919104043356,0.128246163960692,0.479248150475517,0.249586581520435
"539.30564-12.668",4,0.161626785004599,0.12340391797324,0.240052106768807,0.474917190253353
"483.28873-12.034",3,0.122622652797156,0.113777864324786,0.563163350106057,0.200436132772001
"341.12737-16.905",4,0.135400959987122,0.0972191518176804,0.165558619824524,0.601821268370674
"429.02877-8.469",3,0.0685352616085313,0.06764967699135,0.762745936514622,0.101069124885497
"302.13605-5.257",1,0.390606406982757,0.156809592555469,0.155877626120268,0.296706374341506
"425.24683-12.254",3,0.0787767715217372,0.0765854523165617,0.725725031067396,0.118912745094305
"458.00997-6.004",1,0.518857311515395,0.144217223432465,0.126937473164194,0.209987991887946
"372.21426-6.205",4,0.118402047904218,0.0831517729164741,0.135968378841438,0.662477800337869
"492.25779-13.035",3,0.157277002293726,0.177873471164086,0.468573418615537,0.196276107926652
"263.06754-6.259",3,0.179155666275848,0.218826545273861,0.39365254328081,0.208365245169481
"275.08876-1.507",4,0.301688781130981,0.149104146682121,0.166232254421918,0.38297481776498
"267.14647-1.638",4,0.095490134069832,0.0655059694908617,0.102951524261311,0.736052372177995
"104.95998-0.91",4,0.166709885305348,0.131483832180446,0.27878063213816,0.423025650376047
"775.87501-10.937",2,0.21944713109627,0.50683422313165,0.132619837304618,0.141098808467462
"301.12972-7.005",3,0.160538338120427,0.137093146857095,0.387440650295277,0.3149278647272
"525.29949-9.867",3,0.0763107144288224,0.074380148258551,0.734584431414281,0.114724705898346
"439.24732-9.819",3,0.109353608641023,0.113726081088314,0.626859449019538,0.150060861251125
"507.2888-12.923",3,0.068295914111122,0.0675463563104874,0.763736901716264,0.100420827862127
"271.22801-15.82",3,0.110003766825513,0.114489896732234,0.624700142975084,0.150806193467169
"501.28673-10.819",3,0.148617346833489,0.131685909544909,0.452966877447335,0.266729866174267
"264.93452-0.979",4,0.300929479418547,0.148963030358036,0.166252434072336,0.383855056151081
"308.93783-1.595",4,0.166721849576426,0.136905087789673,0.330210123187724,0.366162939446178
"483.31216-12.411",4,0.166683968034088,0.13142268821348,0.278403849294603,0.423489494457829
"388.09517-6.003",1,0.511591142264827,0.145470583571658,0.12876059649788,0.214177677665635
"422.24684-12.553",3,0.150165291141586,0.166886898062944,0.492136559145488,0.190811251649982
"455.24189-12.127",4,0.282163512758117,0.145033039990771,0.166246902195353,0.40655654505576
"342.16721-6.155",2,0.136401291066977,0.672260698696848,0.0951878137621752,0.096150196474
"466.22747-10.957",2,0.274470059055208,0.418063344103699,0.145792016359043,0.16167458048205
"374.90666-0.971",2,0.109567523780998,0.725070139033246,0.0837602660954216,0.0816020710903347
"372.90149-0.967",2,0.192648034900746,0.448051485643253,0.193002854284018,0.166297625171984
"200.05661-1.78",4,0.28151907808002,0.144882826622645,0.166228521185924,0.407369574111412
"439.26244-15.298",3,0.140081265183714,0.152459506070953,0.525374601350079,0.182084627395254
"267.59617-10.522",2,0.133630312943827,0.655802096929965,0.107856783497051,0.102710806629157
"283.19163-10.665",1,0.357380446983935,0.15586263984189,0.161278758098718,0.325478155075457
"485.26821-11.479",3,0.163488611907988,0.137649739755675,0.365622072095638,0.333239576240699
"283.07852-1.076",3,0.0856989295561213,0.0827563254751586,0.700791370037378,0.130753374931342
"223.01449-7.725",2,0.113232990593337,0.722756067702813,0.0822270842669365,0.0817838574369133
"223.0145-7.725",2,0.11262659689175,0.72405985347346,0.0818997106977635,0.081413838937027
"312.25459-16.111",4,0.320667586258179,0.152190035216329,0.165266555839418,0.361875822686075
"499.26854-13.46",3,0.0685188620499732,0.0679638169082827,0.763200194842481,0.100317126199263
"556.24874-10.853",3,0.116406904455014,0.108877952152159,0.587198348538875,0.187516794853952
"159.97945-0.95",4,0.200297064729582,0.117759805524067,0.151735201750366,0.530207927995985
"487.30723-10.764",3,0.132927596660518,0.142854072073687,0.54892755998426,0.175290771281535
"511.30498-15.68",1,0.343298511196107,0.332001237052308,0.149521222377859,0.175179029373726
"565.33887-14.155",1,0.512769259380473,0.145270923847107,0.128465840559762,0.213493976212658
"259.08851-8.701",2,0.285996218831068,0.401792015426102,0.147329145118237,0.164882620624593
"150.05614-1.059",3,0.0898036172113334,0.0914741502111385,0.692082445396422,0.126639787181106
"759.28905-11.976",4,0.252918958099645,0.137180297413056,0.164039395974324,0.445861348512975
"343.17634-9.838",4,0.167484184065355,0.134101993193661,0.297407351906828,0.401006470834156
"218.87414-0.974",2,0.182362099396486,0.494505671779096,0.170976751933698,0.15215547689072
"247.08851-8.126",1,0.340340767444506,0.335186161001293,0.14960436822126,0.174868703332942
"295.10359-1.117",1,0.392610353831554,0.156800704833333,0.155510103601599,0.295078837733514
"278.82983-0.987",2,0.203400421309936,0.320805446594289,0.274723905299375,0.2010702267964
"288.15678-5.281",3,0.148682337084258,0.131722851969418,0.452655357810649,0.266939453135675
"172.02284-0.994",2,0.122812002931435,0.701880620194671,0.0875786432682953,0.0877287336055983
"583.34958-12.733",1,0.410513788197853,0.269537479626349,0.143368363304048,0.17658036887175
"323.13487-5.954",1,0.415752686959385,0.156196339098895,0.150989708921834,0.277061265019886
"413.28328-15.864",3,0.127025430085726,0.117137315892145,0.545786356792055,0.210050897230074
"413.28334-15.903",4,0.166019900062596,0.137344593532184,0.340366982632068,0.356268523773152
"529.28475-9.909",4,0.158023145464054,0.119057476972844,0.224353120581145,0.498566256981957
"293.17944-11.987",4,0.236662448648995,0.131896323760125,0.161471198426565,0.469970029164316
"365.2335-9.404",2,0.113675485783624,0.721801983635034,0.0824676866082177,0.082054843973125
"203.02048-1.029",2,0.150903754105803,0.603791101327115,0.126700285115193,0.118604859451889
"522.27378-15.96",4,0.331291738779619,0.153555646307712,0.16437280247206,0.350779812440609
"310.0969-1.483",1,0.350749755158402,0.324159695706728,0.149230114973722,0.175860434161149
"407.21134-10.142",4,0.167463937683334,0.13396282193581,0.296257142273242,0.402316098107614
"415.09726-9.466",1,0.573402404039525,0.13329915918499,0.112944026027159,0.180354410748326
"311.12514-6.865",4,0.12689186516548,0.0900337035641413,0.14995752592298,0.633116905347399
"259.98798-1.118",2,0.114724049353641,0.719533750611506,0.0830425390417572,0.082699660993096
"368.31707-17.481",4,0.159677387156844,0.120987998731361,0.231047012617886,0.488287601493909
"205.07183-1.444",2,0.113870547801241,0.721380765820009,0.0825741547957916,0.0821745315829588
"489.19344-10.648",4,0.147346942093701,0.108038252927369,0.191819023628215,0.552795781350716
"219.12394-6.06",3,0.0852058008847447,0.0863987528676762,0.707495278644165,0.120900167603415
"534.23752-13.738",1,0.415342221743786,0.156214818667762,0.151073911572297,0.277369048016156
"360.03397-1.237",4,0.32767487492053,0.153119254107367,0.164703255056363,0.35450261591574
"541.28472-11.613",4,0.0843369186848176,0.0571826533056149,0.0882157572076825,0.770264670801885
"365.13566-5.615",1,0.627057798070228,0.120428896214893,0.098856350431156,0.153656955283723
"383.3281-13.715",1,0.729748004724347,0.0918652552767122,0.0715611348481642,0.106825605150777
"463.22593-16.391",4,0.136994185011736,0.0863998986679591,0.120510794836432,0.656095121483873
"321.02888-6.009",2,0.155437865101931,0.631622018395362,0.105345915128853,0.107594201373855
"257.13967-7.16",2,0.198777243309959,0.411809604507288,0.212329721952901,0.177083430229852
"524.27888-13.491",4,0.166321940277669,0.130626555589785,0.273672569355539,0.429378934777008
"417.21342-9.911",2,0.265121847879777,0.431847035732667,0.14424390754183,0.158787208845726
"503.33844-10.451",4,0.155968957445088,0.116772330738598,0.216899778789118,0.510358933027196
"243.01816-1.125",4,0.165539823420569,0.137509629732371,0.346091794508816,0.350858752338244
"209.80849-16.876",3,0.0772687296104532,0.0752367021644229,0.731143354892783,0.116351213332341
"207.81145-16.857",4,0.165155151062047,0.128479675193382,0.262225765980435,0.444139407764136
"379.01317-7.344",1,0.737360709136144,0.0946203092418849,0.0691532715151988,0.0988657101067717
"224.02357-1.102",1,0.646316491520771,0.133186532596099,0.0924160946223352,0.128080881260795
"381.14055-5.756",1,0.431595403521286,0.253191390461725,0.140139829197729,0.175073376819259
"552.20413-14.317",4,0.198328435139626,0.116906819168163,0.151040468970635,0.533724276721576
"352.17667-8.82",2,0.158515748843515,0.579634274633518,0.135838885413555,0.126011091109412
"345.57188-8.562",2,0.203381025469412,0.366046855220347,0.24058828264662,0.189983836663622
"299.15023-8.311",1,0.458994068512697,0.152829016852306,0.141487495813489,0.246689418821507
"492.76397-13.036",3,0.159042271130978,0.180729747789831,0.462694711694415,0.197533269384776
"235.076-1.747",4,0.0805459462573074,0.0534336786836401,0.0797704943377792,0.786249880721273
"225.00761-1.094",4,0.13848685116314,0.0872221952721701,0.121451730701163,0.652839222863527
"225.00759-1.098",4,0.126576502345776,0.080569132472628,0.113692756634703,0.679161608546893
"522.28432-14.453",3,0.142940325805566,0.12825963696799,0.47915352747644,0.249646509750004
"276.01854-1.442",3,0.133680571405594,0.122007854462497,0.518795972950647,0.225515601181262
"430.22719-10.199",1,0.468383276741097,0.227456908599404,0.133508805030537,0.170651009628962
"289.1659-6.305",4,0.151298428209762,0.111904837387403,0.202362458782352,0.534434275620482
"111.08162-7.607",1,0.454495256168812,0.153302702027386,0.142526006116801,0.249676035687001
"111.08163-7.608",1,0.566759987546516,0.170903537194106,0.111932393976621,0.150404081282756
"632.30033-11.817",3,0.14518397290761,0.129657806690479,0.469024349104214,0.256133871297697
"632.30034-11.812",3,0.140485519652235,0.126672539709979,0.489967104811036,0.242874835826749
"288.15679-5.529",1,0.750596415564777,0.0891724138926377,0.0657350694478068,0.0944961010947785
"247.11888-7.596",2,0.314910407676508,0.364368039453753,0.149491195478286,0.171230357391453
"346.16214-1.669",4,0.333666473123106,0.153826356717925,0.164141745682313,0.348365424476656
"579.31815-13.497",3,0.147858921944258,0.131250607490521,0.456579885908999,0.264310584656222
"247.11241-5.068",4,0.335375575274435,0.154013488922013,0.163968714561809,0.346642221241743
"352.1225-9.07",2,0.272525737226133,0.420886612282906,0.145492575099659,0.161095075391301
"277.15595-8.293",4,0.138654093489297,0.100064869954097,0.172092081444746,0.589188955111859
"388.18014-10.172",1,0.575483938565024,0.166500727737193,0.109852708542609,0.148162625155174
"349.16576-12.545",4,0.166317179016986,0.130616680292844,0.273615787083736,0.429450353606434
"687.33281-10.46",1,0.496518480512121,0.209733101993581,0.127790533920985,0.165957883573312
"284.12545-5.83",1,0.488012848838119,0.214935169284623,0.129567961103387,0.167484020773872
"278.11483-5.655",4,0.166807231899289,0.136825031042389,0.328731805042211,0.367635932016111
"589.33893-11.446",1,0.384714727731555,0.156793822318243,0.156933379761751,0.301558070188451
"344.24437-9.121",4,0.165465653292621,0.129009494989024,0.264899736534353,0.440625115184003
"369.11275-7.911",3,0.15266478698562,0.170660425028301,0.483872764149934,0.192802023836145
"515.30214-10.187",3,0.0761619085893817,0.0765130926844795,0.737847466029697,0.109477532696442
"314.20876-6.46",3,0.0999866592254219,0.0952325227520168,0.64872752384934,0.156053294173221
"387.23097-15.26",3,0.15871241092757,0.180191687340825,0.463794372221657,0.197301529509948
"525.21665-11.406",3,0.15313537538531,0.134101620737776,0.430456966377471,0.282306037499443
"305.16082-7.518",4,0.167452822995969,0.135614830796405,0.311929728846094,0.385002617361532
"326.09975-1.111",1,0.493640706676525,0.148334916637696,0.133206786555539,0.22481759013024
"539.25057-6.811",1,0.504384210948216,0.146661250720808,0.130556181530786,0.21839835680019
"227.14033-4.908",2,0.203986173316854,0.336313903171863,0.262156354003882,0.197543569507401
"202.02092-1.012",2,0.114828220425764,0.709883868473817,0.089046815294888,0.0862410958055308
"759.28908-12.254",4,0.101734062368762,0.06610095789569,0.0958393892836468,0.736325590451901
"220.02869-1.865",1,0.402193999109081,0.156660593617596,0.153697080213199,0.287448327060124
"459.24669-7.042",4,0.166255070736379,0.130489028504244,0.272885713883014,0.430370186876363
"194.99704-1.102",1,0.371964438695101,0.156539462055952,0.159081334763763,0.312414764485183
"232.91481-0.95",2,0.190384948323976,0.459288586982789,0.187427717049199,0.162898747644036
"305.17602-11.948",3,0.108201618704486,0.102171342832693,0.618238117467489,0.171388920995331
"358.19863-5.281",4,0.167373932396148,0.135900696518672,0.315273809773631,0.381451561311549
"132.86793-1.219",2,0.112887699477472,0.715442334380064,0.0871236629177579,0.0845463032247064
"457.2273-11.591",4,0.147348027136503,0.108039289856692,0.191821752582101,0.552790930424703
"495.27313-15.133",2,0.157746596232741,0.58212016168208,0.134884924088501,0.125248317996678
"629.33383-12.95",2,0.20243199185213,0.379684786127202,0.231621152406402,0.186262069614266
"351.08524-9.316",2,0.180729097903855,0.501063457830543,0.168062109333403,0.150145334932199
"413.24676-15.772",1,0.523572201845395,0.143376440244942,0.125748160934433,0.207303196975229
"505.30962-16.146",3,0.121005519335415,0.112519788985622,0.569467678804197,0.197007012874765
"505.30961-16.1",4,0.122534071253463,0.0864706772916212,0.142614500722181,0.648380750732735
"582.2586-16.441",4,0.151988505721548,0.11260096243761,0.20434641839528,0.531064113445563
"607.1313-8.285",2,0.269031003272606,0.42601862966248,0.144924693203668,0.160025673861246
"463.08889-7.768",1,0.354723941029792,0.155693324341736,0.161645848102239,0.327936886526233
"159.06642-6.637",3,0.18632394748936,0.236557195303029,0.366980771974086,0.210138085233525
"289.09391-4.049",3,0.170357493293219,0.200638607249883,0.424495934427715,0.204507965029183
"326.27026-16.764",4,0.143151882892368,0.104113795665977,0.181816870457876,0.57091745098378
"459.25247-8.963",4,0.166373253113435,0.137162501857489,0.335609775857149,0.360854469171928
"402.19585-10.706",1,0.419680892730954,0.156005874382548,0.150177267010275,0.274135965876223
"279.59621-10.039",1,0.509075865030741,0.20227747061306,0.125099043325364,0.163547621030835
"493.09961-7.572",4,0.259184225361119,0.139041616368394,0.164761220624372,0.437012937646115
"527.26891-12.089",4,0.150640443769834,0.111247380047597,0.200514357065881,0.537597819116688
"331.19172-12.689",3,0.0711110299232172,0.0697691668526505,0.753290475938579,0.105829327285553
"549.25104-11.374",4,0.154634485063526,0.115340839500573,0.212452740338648,0.517571935097254
"430.26288-11.594",3,0.129987412687505,0.139029572056932,0.558614135802519,0.172368879453044
"330.13836-10.421",1,0.392015547209032,0.156804090180864,0.155619625015697,0.295560737594407
"671.27643-10.305",1,0.729436508158673,0.0919566368061865,0.0716442466788003,0.10696260835634
"580.31843-14.052",3,0.108489804808891,0.112714048269452,0.629729304226575,0.149066842695081
"580.31831-14.048",3,0.100958272752308,0.104014396612985,0.654799675262254,0.140227655372454
"315.07243-5.836",1,0.535238100331285,0.14120679090701,0.122786182915671,0.200768925846035
"539.27889-10.554",3,0.0904734845200525,0.0922175605878167,0.689838845896429,0.127470108995702
"523.31075-13.956",4,0.330072551990165,0.15341180548377,0.164487121763419,0.352028520762645
"371.13491-7.14",1,0.442724079957226,0.154412367236403,0.145194349476774,0.257669203329597
"479.32075-16.423",2,0.110893539703917,0.721196443064829,0.0851213752323336,0.0827886419989203
"367.10364-7.137",4,0.33332895764157,0.153788641241769,0.164175253617108,0.348707147499553
"601.30046-13.681",4,0.153855912097062,0.114522023120071,0.209977365952792,0.521644698830075
"291.01831-1.448",4,0.234900303253455,0.13128439458837,0.161129828203401,0.472685473954774
"237.93386-1.223",4,0.248969313325909,0.135956728647538,0.163509520058622,0.451564437967931
"635.38065-15.299",3,0.154302681490353,0.173182956837915,0.478448216231272,0.19406614544046
"299.15025-7.087",3,0.172297358403304,0.204398581273972,0.417812771356808,0.205491288965916
"544.28377-14.374",4,0.249451702365746,0.136108247009986,0.163577398411261,0.450862652213007
"349.20213-10.481",4,0.16579485101264,0.137431762014984,0.343137929931056,0.353635457041321
"424.24739-12.809",2,0.203961517545168,0.334973208903989,0.263203631611949,0.197861641938894
"528.26439-8.943",1,0.519822837918805,0.196093992241671,0.122738187467348,0.161344982372176
"243.1603-11.262",2,0.217719943659641,0.509914990260875,0.132046581785444,0.14031848429404
"369.23993-16.91",4,0.166556728152341,0.131131511291354,0.276636846370635,0.42567491418567
"486.72749-8.564",1,0.454493648616241,0.153302866480359,0.142526375444858,0.249677109458543
"441.17709-10.041",1,0.529107137023476,0.142362624148815,0.124346113789418,0.204184125038291
"361.16584-8.037",4,0.144333348605093,0.0904094804254137,0.125047431655213,0.64020973931428
"517.294-8.998",1,0.372258735288215,0.302903779760637,0.147785376274992,0.177052108676156
"317.93682-1.198",2,0.306589576412576,0.374655300045796,0.149105117928667,0.169650005612961
"602.30269-13.703",1,0.480440268914552,0.150216335052874,0.136414717517744,0.23292867851483
"309.14591-5.745",1,0.56072823620969,0.173994062496342,0.113358951167926,0.151918750126042
"529.25955-6.861",2,0.191741990981791,0.452644440397827,0.190702867751591,0.164910700868791
"244.04642-1.122",4,0.164495357756001,0.127418764672768,0.257116954165497,0.450968923405735
"130.08741-1.165",2,0.201476179476464,0.299760655102898,0.293553083654778,0.205210081765859
"429.08321-7.518",1,0.591500786192258,0.129164214719365,0.108216623478135,0.171118375610242
"287.12514-6.737",1,0.515586842733082,0.198510490443771,0.123674663307601,0.162228003515546
"337.23866-14.656",1,0.394204322949494,0.283129412661937,0.145505462099884,0.177160802288684
"349.00253-6.898",3,0.154347815676641,0.134689096432371,0.4240582208192,0.286904867071788
"437.29137-11.219",3,0.164808506134952,0.137640779751225,0.353752225317748,0.343798488796075
"176.00967-1.017",2,0.204008492035629,0.347659429376931,0.253566760171005,0.194765318416435
"250.10866-7.4",4,0.161958345955044,0.123834413938476,0.24174267418416,0.472464565922321
"567.24763-17.072",1,0.4882322196628,0.149129742913475,0.134528100655825,0.228109936767901
"366.05752-1.114",2,0.149307752810596,0.608742544018554,0.124861101335873,0.117088601834977
"335.06227-1.113",4,0.168831126117504,0.103132588509071,0.138490081983702,0.589546203389723
"502.27129-12.984",4,0.314739309149942,0.151316341971263,0.165659581919149,0.368284766959645
"381.20498-14.066",4,0.107421884891772,0.0694740084903264,0.100101600896156,0.723002505721745
"258.14613-5.005",3,0.133913452776879,0.122173193573744,0.517832540178893,0.226080813470484
"272.16187-5.003",2,0.203140643147014,0.370089111313884,0.23787587295902,0.188894372580081
"660.30677-11.337",1,0.342440939599662,0.33292038931817,0.149547264909972,0.175091406172197
"196.06172-6.261",4,0.176495240396503,0.10688394812487,0.142137691961031,0.574483119517596
"473.32787-10.664",4,0.083346985537352,0.055076874588224,0.0817626551382481,0.779813484736176
"450.23246-11.672",2,0.255103655048272,0.447209101097833,0.142276519256171,0.155410724597724
"241.14472-8.332",3,0.200532264151954,0.292824123243782,0.300272000511555,0.20637161209271
"663.33943-12.928",4,0.114048718616519,0.0797095075632044,0.129248224484546,0.676993549335731
"232.84389-0.883",4,0.163161793294339,0.125460190988816,0.248403735504313,0.462974280212532
"232.84389-0.884",4,0.163164302273798,0.125463700113384,0.248418626510466,0.462953371102351
"504.26783-12.924",3,0.162415117042844,0.137517982958021,0.374122015999271,0.325944883999864
"220.06501-6.764",1,0.346496852668347,0.328603787603989,0.149410367770092,0.175488991957572
"321.07311-4.86",4,0.292727647624775,0.147350501952477,0.166372246249585,0.393549604173164
"556.29569-10.273",4,0.154529848424196,0.0958341180552323,0.130967013838674,0.618669019681898
"532.77722-11.922",2,0.196462182652252,0.426872731577971,0.204024290105449,0.172640795664328
"672.28925-8.256",2,0.30789343960075,0.373018160024524,0.149177745716011,0.169910654658715
"269.87931-1.43",4,0.190421648049365,0.113394634866826,0.148070824148331,0.548112892935479
"542.13936-1.435",1,0.555456631825707,0.176727640512952,0.114597621664316,0.153218105997025
"349.0025-6.914",3,0.0808705250105393,0.0816492277538729,0.722043992610773,0.115436254624814
"641.38331-11.105",2,0.202639303993103,0.310615177859952,0.283565148674883,0.203180369472062
"344.18291-5.384",4,0.13231525064459,0.0838005684769083,0.117502205421655,0.666381975456846
"487.30737-11.731",3,0.197915082465699,0.277780387229649,0.315840990907438,0.208463539397214
"469.3095-15.236",3,0.0840175169728818,0.085093931160936,0.711481873862477,0.119406678003706
"632.30001-11.579",3,0.150702229719727,0.132840952894875,0.442808871546106,0.273647945839292
"365.07995-8.083",2,0.202620361033123,0.31040564992618,0.283752198317137,0.20322179072356
"100.04042-1.049",4,0.317646726328081,0.151754943790305,0.165476701386701,0.365121628494913
"516.28687-13.676",3,0.164027861812533,0.137673597908421,0.361004579306092,0.337293960972953
"501.70967-8.794",4,0.310501865617702,0.150641942492017,0.16589100328155,0.372965188608731
"381.11285-9.103",2,0.125145305729269,0.696775394205631,0.0888961285471293,0.0891831715179707
"379.17647-11.149",3,0.0775739997156526,0.0755097193396958,0.730046738021198,0.116869542923453
"495.15623-6.636",1,0.657637454496717,0.112362463905439,0.0907558154476309,0.139244266150213
"547.29312-9.909",4,0.141582845383059,0.102684649679971,0.178321584538202,0.577410920398768
"525.12178-1.113",4,0.254532320949221,0.137668945179872,0.164239039357732,0.443559694513175
"375.18484-10.064",4,0.167505989789268,0.135303430897645,0.308559541660325,0.388631037652763
"300.19311-7.606",3,0.0687511087605926,0.0678009999383454,0.761922165243908,0.101525726057154
"405.24161-13.141",3,0.119053698452293,0.125326327145053,0.594708037362377,0.160911937040277
"341.03351-7.534",3,0.191944786973389,0.253599169857661,0.344158845685586,0.210297197483364
"507.2428-12.065",4,0.152260224302652,0.112877004465025,0.205141154986624,0.529721616245699
"225.04064-6.786",3,0.12530203365348,0.115834247133739,0.552627842954435,0.206235876258346
"600.22883-9.444",2,0.158783858010386,0.578765135895356,0.13617319644603,0.126277809648228
"671.27656-8.236",1,0.710250799459893,0.0975576270132691,0.0767598638776057,0.115431709649232
"553.65508-8.361",2,0.328297792999284,0.34859460743138,0.149742069369821,0.173365530199514
"237.08041-7.341",1,0.430860756855344,0.155332024836435,0.14780331175003,0.266003906558191
"509.30468-10.609",4,0.0887701250376855,0.060487306953968,0.0940431157123359,0.756699452296011
"633.2043-6.703",4,0.119202443833123,0.0837905161457159,0.137234077246678,0.659772962774482
"579.39087-14.356",1,0.542609876329849,0.183523673541041,0.117581932450931,0.156284517678179
"316.18803-6.595",3,0.07121488803433,0.0710883144011522,0.754393495802996,0.103303301761522
"315.60674-10.261",1,0.632158394480011,0.139547688221048,0.0959645812742817,0.132329336024659
"588.26114-14.387",4,0.273937681347168,0.143038762729845,0.165915001937214,0.417108553985773
"271.15528-9.865",1,0.461893458991089,0.231768720824565,0.134756231646926,0.17158158853742
"276.83283-1.005",2,0.197833149304047,0.418232822555646,0.208736603749572,0.175197424390734
"492.31011-15.318",1,0.759097434122057,0.085606484664831,0.0635426749949848,0.0917534062181273
"532.2715-11.923",2,0.192440703430419,0.449114572710752,0.192467811995593,0.165976911863236
"507.28877-12.432",3,0.141105278416701,0.153873255943569,0.522003195345882,0.183018270293848
"403.24937-10.397",4,0.167527935740189,0.135056840605858,0.306056738229034,0.391358485424918
"316.15564-8.947",4,0.16234989236839,0.124351768216558,0.243813137168207,0.469485202246844
"319.12236-8.825",4,0.253546099347887,0.137371012475447,0.16411814820419,0.444964739972476
"309.10166-6.75",1,0.457205006951264,0.153020596969943,0.141901651647119,0.247872744431673
"489.32281-9.276",4,0.16707454310577,0.136506439454495,0.323476393236749,0.372942624202987
"554.66287-8.35",2,0.285960501057614,0.40184121769993,0.1473250010697,0.164873280172756
"589.33888-14.059",1,0.590748665997219,0.158975276942018,0.106171455454226,0.144104601606538
"553.31522-15.618",3,0.152745675670995,0.170784048887421,0.483605058743446,0.192865216698137
"350.10683-9.142",2,0.247696300753631,0.458962101470142,0.140613071576424,0.152728526199804
"575.35958-14.008",4,0.151969914871355,0.0944888103964463,0.12952360208151,0.624017672650689
"455.24828-12.324",1,0.429595128358905,0.254687767103349,0.140466312251551,0.175250792286195
"203.09246-7.064",1,0.395449522638841,0.282060164855257,0.145354686140751,0.177135626365152
"271.1917-8.717",2,0.311954959881363,0.367978581839218,0.149374929125908,0.170691529153511
"485.34888-13.963",1,0.579156229930658,0.132009377780617,0.111444465336089,0.177389926952637
"232.09402-1.061",3,0.109435376736942,0.113822043989157,0.626587845633518,0.150154733640384
"327.21793-10.528",2,0.328263711985138,0.348633580967618,0.149741985123238,0.173360721924006
"574.35401-13.988",4,0.281760914344478,0.144939316751898,0.166235567884531,0.407064201019092
"413.26797-8.375",3,0.17453824811138,0.208903085947573,0.410020318702315,0.206538347238731
"469.30948-15.331",3,0.0697622865432306,0.068612866109471,0.758186392706172,0.103438454641127
"372.08577-6.673",4,0.276740522477423,0.143737054842472,0.166052087362877,0.413470335317228
"241.88434-1.225",2,0.164048667835142,0.56140028395443,0.142941400652655,0.131609647557773
"488.24826-14.186",2,0.307073327126389,0.374046798686514,0.149132597472345,0.169747276714751
"355.14343-7.549",3,0.0710365359312626,0.0697043679299009,0.753559804679678,0.105699291459159
"367.09562-7.767",3,0.100100387378801,0.103036499099871,0.657660766740319,0.13920234678101
"539.25057-9.385",3,0.1803603303229,0.221582357752701,0.389296104477498,0.208761207446901
"231.12394-7.783",3,0.17735649994493,0.214846725839358,0.400087273578824,0.207709500636888
"543.26407-9.887",1,0.450565082512355,0.153694357566045,0.143425057400905,0.252315502520695
"479.30213-12.907",4,0.16746414702528,0.135561587941898,0.311334997396746,0.385639267636077
"526.71492-8.922",1,0.438019706035212,0.248458057142026,0.139065121734181,0.174457115088581
"321.06527-6.027",4,0.258816446549831,0.13893505494238,0.164722792485174,0.437525706022614
"399.16638-6.879",4,0.319583159295421,0.152036254844575,0.165344318548009,0.363036267311995
"470.27642-11.408",4,0.167519152876859,0.135178409189213,0.307273938110463,0.390028499823464
"255.93639-7.215",1,0.440732685351247,0.154580978435207,0.145638233185776,0.25904810302777
"538.26862-15.721",3,0.142290908051965,0.155523441811889,0.518099187872419,0.184086462263726
"234.06206-1.074",4,0.16520464475888,0.128562628432466,0.262638685859834,0.44359404094882
"237.11339-9.089",4,0.200289450112823,0.117756522899648,0.151732548681651,0.530221478305878
"172.83216-0.919",3,0.170991041492814,0.201853224231712,0.422319046686177,0.204836687589297
"473.32783-13.276",4,0.0855588035928059,0.0563972933703159,0.0834243709133681,0.77461953212351
"369.08293-5.987",1,0.752066867644694,0.0885623160497626,0.0653554418899496,0.094015374415594
"503.33876-10.884",4,0.0884505713537342,0.0602493160661627,0.0936232477444072,0.757676864835696
"381.17194-11.142",3,0.156044434740056,0.135457886398735,0.414769221123302,0.293728457737908
"259.11894-5.971",3,0.200745671419298,0.294293528602219,0.298825683873457,0.206135116105026
"553.19343-8.37",1,0.563307661951246,0.172667651606843,0.112750076815349,0.151274609626563
"441.30145-15.161",3,0.154640334045601,0.173708142826027,0.477328870128479,0.194322652999892
"442.89439-0.97",2,0.120004812381651,0.708022781899628,0.0859941525087545,0.0859782532099667
"474.2632-12.816",1,0.413695996159131,0.156286204702339,0.151410273246785,0.278607525891745
"463.15113-6.206",4,0.0963361389336063,0.0628743992646278,0.0917217096721574,0.749067752129609
"330.1674-5.303",2,0.140094596004822,0.636703809488776,0.114662976416146,0.108538618090256
"293.15093-6.55",3,0.162172579882504,0.137475425780655,0.375939501181604,0.324412493155236
"176.83668-11.211",3,0.181719534625825,0.224788252153913,0.384328350200016,0.209163863020246
"433.23657-14.825",4,0.167534595459114,0.134834667078184,0.303908723133057,0.393722014329645
"338.23645-15.248",3,0.0854535786965682,0.0825385941409841,0.701677537330465,0.130330289831983
"415.28169-13.728",3,0.159890185298846,0.136903134864767,0.391710307737727,0.311496372098659
"317.13963-8.011",3,0.141363778085868,0.154231808044531,0.521152068690961,0.18325234517864
"539.33619-17.424",4,0.142022153604225,0.10308287880467,0.179288311853218,0.575606655737886
"356.14648-6.381",1,0.508464252649575,0.145993713954633,0.129541271543352,0.21600076185244
"239.12906-8.23",3,0.0788442540301516,0.0766458006826378,0.725482499197432,0.119027446089779
"660.34325-9.005",1,0.58895563827208,0.159848051762802,0.106606458680361,0.144589851284758
"309.1095-1.646",2,0.112559264965897,0.716386206045526,0.0867962640060352,0.0842582649825419
"463.08892-6.861",1,0.36536819519183,0.15628560704758,0.160111947270305,0.318234250490286
"225.11332-9.915",4,0.166556320152305,0.137039403292757,0.332884468459033,0.363519808095906
"589.25908-10.316",1,0.407493438395072,0.271988890641989,0.143789674382575,0.176727996580365
"434.23751-14.874",1,0.764322897707216,0.0833003384453381,0.062202953119531,0.0901738107279151
"415.1534-7.261",3,0.161717731080562,0.185171913537985,0.453753090997879,0.199357264383574
"441.27821-14.446",4,0.086451678838822,0.0587604978364918,0.0909986855571709,0.763789137767515
"133.05071-1.098",3,0.19970916663279,0.287572558784127,0.30554601573982,0.207172258843263
"416.2115-9.936",1,0.734122966068186,0.0959489914551887,0.0699891022227272,0.0999389402538983
"240.12432-8.316",4,0.227440311015943,0.128609827527126,0.159542496802778,0.484407364654153
"609.36509-11.806",4,0.141209558475022,0.102347396113508,0.177507118009026,0.578935927402444
"501.10467-7.778",1,0.414916186313126,0.266015388661047,0.142734779137493,0.176333645888334
"501.26313-10.745",3,0.190125774740481,0.247667305464762,0.35181143542745,0.210395484367307
"523.28397-11.708",3,0.175278517535922,0.210432546952713,0.407426720848145,0.20686221466322
"570.30548-13.141",4,0.0811716050411741,0.0547998034682922,0.0839776638075152,0.780050927683018
"428.31732-17.654",4,0.0985810395066974,0.0678300181394158,0.107127942480032,0.726460999873855
"383.0623-6.895",4,0.327472676624088,0.153093994601763,0.164720948452564,0.354712380321586
"388.2529-17.786",1,0.390596686545423,0.156809618179911,0.155879398646029,0.296714296628637
"71.05029-5.201",1,0.766618621123987,0.0815226097140257,0.0616718070386947,0.0901869621232923
"203.12895-7.18",4,0.167029231458136,0.136569671386463,0.324452669406438,0.371948427748963
"593.33524-11.551",4,0.163041044233386,0.100223202221147,0.135555768171901,0.601179985373566
"363.10871-7.081",1,0.668486421103913,0.109395548970142,0.0878745933723292,0.134243436553615
"297.24362-16.581",4,0.157649845923638,0.118633864347354,0.222935539693677,0.500780750035331
"318.1673-1.698",1,0.467671552541965,0.227925401770077,0.133647045149376,0.170756000538582
"506.32577-15.926",3,0.195603022245665,0.267292130673852,0.327586865802411,0.209517981278072
"269.04567-7.33",1,0.419660971776091,0.26228531260864,0.142027003378333,0.176026712236936
"264.10901-1.065",1,0.654407701642365,0.113235715449783,0.0916129272916916,0.140743655616161
"319.11497-1.441",4,0.278912554701795,0.144264832734217,0.166141124122057,0.41068148844193
"569.16746-9.073",2,0.297612392486974,0.386185883578444,0.148478822775691,0.167722901158891
"174.82918-1.005",3,0.181039809003927,0.223171659283118,0.386820026200817,0.208968505512138
"631.34951-12.414",1,0.434369823980819,0.155081440696441,0.147040687460756,0.263508047861984
"207.01607-1.673",4,0.156684562352015,0.0969575776508839,0.132159411478848,0.614198448518253
"243.12397-5.65",3,0.163243354230816,0.137628672938186,0.367637565156449,0.331490407674549
"292.10407-1.455",4,0.0861275073565331,0.0585189161863749,0.0905729072624231,0.764780669194669
"229.10828-8.116",4,0.273000722019349,0.142800993187801,0.165863518010736,0.418334766782114
"558.33377-15.348",1,0.569942421739983,0.134063186182678,0.113844091618908,0.18215030045843
"505.30962-15.983",4,0.163658987915694,0.126167184439087,0.251453120006723,0.458720707638495
"481.14882-7.928",3,0.0924292324539392,0.0943944179202765,0.683291581442087,0.129884768183697
"473.32768-16.298",1,0.595272977954013,0.15678566408946,0.105070942373228,0.142870415583298
"298.17743-6.374",3,0.116190312804668,0.108704210637288,0.588026888162336,0.187078588395707
"555.3311-16.807",3,0.117510013445425,0.12344897640645,0.599815671034464,0.159225339113662
"241.08322-1.621",4,0.28234399096176,0.145074925198191,0.166251822608266,0.406329261231783
"261.95331-1.862",4,0.16676685402423,0.131620694791157,0.279631513479784,0.421980937704829
"269.08795-1.048",1,0.413979511976676,0.266759769083172,0.142871480459904,0.176389238480247
"631.38589-13.316",2,0.246191903958259,0.461390025436828,0.140253358016865,0.152164712588049
"489.32258-10.075",3,0.136424827892618,0.123931840453429,0.507346885008004,0.232296446645949
"251.02333-1.096",4,0.0873299371529768,0.0594147430530406,0.0921517453234687,0.761103574470514
"349.11417-6.792",1,0.380565053078546,0.156744555476533,0.157653759392977,0.305036632051944
"257.176-11.896",3,0.0902907980724221,0.0920147097065205,0.69045066785983,0.127243824361228
"519.26073-11.733",3,0.108195365892511,0.11236979652526,0.630707790698496,0.148727046883733
"307.14011-7.453",1,0.40414690822099,0.15661261901009,0.153316956754234,0.285923516014686
"353.0516-6.662",4,0.264343519336014,0.140500980979184,0.165249681946143,0.429905817738659
"313.11958-9.911",1,0.433913160552577,0.251471062161805,0.139756629532491,0.174859147753126
"241.9605-1.019",1,0.708991375585984,0.106314377286707,0.0764628475184765,0.108231399608832
"227.06753-1.099",1,0.5307473609594,0.189980440828815,0.120289904786432,0.158982293425354
"504.31033-13.794",4,0.137297122314151,0.0865670597455804,0.1207025030998,0.655433314840468
"425.18213-10.768",1,0.711154765209205,0.105416060508961,0.0759068089881637,0.10752236529367
"447.26084-10.745",3,0.0747902052295989,0.0730224563062668,0.74004603726485,0.112141301199285
"447.2608-10.43",3,0.179417219529487,0.219418393718685,0.392710151048854,0.208454235702973
"283.94521-1.024",2,0.202462440678726,0.308713923121939,0.285270496915321,0.203553139284014
"399.15832-8.245",3,0.0833191336853726,0.0806407852014072,0.709378384242509,0.126661696870711
"231.02082-5.869",2,0.195666815662264,0.431589837924453,0.201506808577906,0.171236537835378
"349.21519-11.88",4,0.167011473386342,0.132256785443152,0.283732445567961,0.416999295602546
"171.83191-17.682",4,0.222387563747884,0.126721750095098,0.158334090723882,0.492556595433136
"544.25916-10.748",1,0.486171669118322,0.216078301055672,0.129947481230543,0.167802548595464
"169.89951-1.195",2,0.202468389917939,0.308775973083402,0.285214553131807,0.203541083866853
"437.15051-6.74",1,0.482828664481495,0.149890746536738,0.135838659014858,0.231441929966909
"700.33793-11.834",2,0.126331168196316,0.676981272062958,0.100429645531946,0.0962579142087796
"336.09059-10.126",3,0.141949669554271,0.127625996295217,0.483548733878395,0.246875600272117
"285.17096-9.342",3,0.122644468614734,0.113794751243101,0.563078033268955,0.200482746873209
"413.2679-9.339",4,0.163537344162969,0.125991961532079,0.250687910302095,0.459782784002857
"425.10294-6.734",4,0.0793009637111151,0.0527331931261307,0.0789984608139596,0.788967382348794
"189.04069-1.509",2,0.294751211460048,0.389957185655698,0.148231834905907,0.167059767978346
"326.20883-6.887",4,0.159752548780422,0.12107802461356,0.231369233416761,0.487800193189256
"434.23187-9.806",4,0.15185558932504,0.0944284649393795,0.129458465245758,0.624257480489823
"434.23187-9.79",4,0.121520810096417,0.0856517691715563,0.140958237943659,0.651869182788368
"660.34319-9.68",1,0.717254519991342,0.102890578346568,0.0743376367163367,0.105517264945754
"285.17099-8.108",3,0.179531848373322,0.219678891478105,0.392296545209586,0.208492714938987
"429.16654-11.58",1,0.616073694434005,0.123207283467239,0.101756128328816,0.15896289376994
"169.89954-1.443",2,0.110657646813202,0.721881867834126,0.0848815512368979,0.0825789341157735
"575.35947-14.294",1,0.583545912282454,0.162498995237209,0.107914826396023,0.146040266084315
"527.39582-15.305",4,0.167522616018336,0.135136472686372,0.30685050868598,0.390490402609312
"501.32312-11.716",3,0.156084502178978,0.175975175314986,0.472536701407719,0.195403621098317
"343.88566-17.148",4,0.279699094555431,0.144453081100022,0.166169715686099,0.409678108658449
"271.22805-13.885",3,0.162111099751452,0.137463981015367,0.376395004842208,0.324029914390974
"307.62746-10.423",4,0.188782119607883,0.112649339230971,0.147418953702103,0.551149587459043
"273.1346-7.814",1,0.483971249594981,0.217452677095618,0.130398504968443,0.168177568340958
"406.26342-13.043",4,0.166335233748931,0.137185288141305,0.336150503342724,0.36032897476704
"553.31521-15.829",1,0.429757839266855,0.254565636670107,0.14043990300941,0.175236621053628
"541.26625-9.085",4,0.132035755938976,0.0836442755592221,0.117319687346994,0.667000281154807
"554.31637-10.807",2,0.258355282968663,0.442155800532794,0.142950459652429,0.156538456846114
"226.04122-7.925",4,0.124494219862675,0.0880648009391992,0.145871467773359,0.641569511424767
"482.25872-12.214",4,0.167499564452634,0.134225751895136,0.298450851901132,0.399823831751099
"428.24806-13.966",1,0.362233501244954,0.156134892074726,0.160580825933928,0.321050780746391
"379.21286-8.416",1,0.503854140496231,0.205346426473814,0.12622749319149,0.164571939838465
"251.12903-9.766",1,0.758051533462691,0.0836448935868701,0.0639933191029532,0.0943102538474853
"463.22391-10.75",2,0.200753747090253,0.396479549615456,0.221243288758974,0.181523414535317
"639.41212-13.238",4,0.202242970183979,0.118594401880409,0.152404516580821,0.526758111354791
"206.08236-7.804",4,0.274111893039,0.143082732129551,0.165924259942149,0.4168811148893
"559.38584-11.997",1,0.409002309133804,0.156465512721256,0.152357171531796,0.282175006613145
"357.21453-7.509",3,0.144575197275077,0.12928372222032,0.471798272678495,0.254342807826108
"341.24463-14.042",1,0.376862954873947,0.156673482430896,0.158279397420311,0.308184165274845
"495.32515-14.129",3,0.1633692692864,0.137640226168864,0.366608875348605,0.332381629196132
"239.12903-12.182",4,0.331467641533214,0.153576126805287,0.164356065773292,0.350600165888208
"239.12903-12.153",4,0.32958252178931,0.153353058891836,0.164532236338244,0.352532182980611
"371.12846-8.086",3,0.0683022773509583,0.0675434769740978,0.763703789867196,0.100450455807747
"249.06173-1.105",4,0.167060721656575,0.136526226079652,0.323778818509318,0.372634233754455
"215.09266-7.337",4,0.124323932898047,0.0879257750805075,0.145585645789108,0.642164646232337
"244.13048-5.42",4,0.269626091482628,0.141926579552519,0.165654190209396,0.422793138755456
"434.27353-16.445",4,0.0924003357261793,0.060510402097473,0.0886889051361914,0.758400357040156
"309.14767-8.661",1,0.545252531721827,0.139247312099338,0.120223967173799,0.195276189005037
"238.0287-6.183",4,0.166793225217384,0.136838742632603,0.328979639098375,0.367388393051637
"254.06723-5.669",4,0.166717704306928,0.136908769807656,0.330280013736797,0.366093512148618
"160.04052-7.728",2,0.173809299604726,0.527331376669359,0.156779794340167,0.142079529385748
"275.18661-9.03",4,0.0780985227938438,0.0521567616436266,0.078630040739869,0.791114674822661
"521.26819-10.225",3,0.121654506970343,0.113026160410075,0.566942282304644,0.198377050314937
"424.07204-6.19",4,0.246987446604145,0.135328163185169,0.163221308581993,0.454463081628693
"463.08892-6.611",1,0.419265370690219,0.156027180498214,0.150263764002069,0.274443684809498
"206.99696-1.107",4,0.158386838187958,0.119474168016127,0.22576472923201,0.496374264563906
"509.08622-8.894",1,0.579162310904352,0.164667131993341,0.108970356946659,0.147200200155648
"347.22286-13.236",3,0.13505163752098,0.122975848908795,0.513102664001762,0.228869849568464
"614.21033-9.765",2,0.227676222884437,0.492396080861011,0.135218050964595,0.144709645289957
"192.06669-17.702",4,0.192151799487088,0.114174841814374,0.148745257043497,0.544928101655041
"529.30243-14.393",2,0.138907030836969,0.66684387796931,0.0965647788485917,0.0976843123451287
"148.04385-1.069",1,0.552246269486522,0.17840773735768,0.115348076786606,0.153997916369192
"404.19292-7.067",1,0.670910864993099,0.122417360516844,0.0861973523113537,0.120474422178704
"297.11326-8.555",2,0.115159027669657,0.708938471058839,0.089373342460867,0.0865291588106375
"229.15585-7.444",3,0.097181955275126,0.0928199489785619,0.659031274567409,0.150966821178903
"605.33396-11.945",1,0.489370973560758,0.214095908642353,0.129286790695204,0.167246327101685
"397.27288-9.461",1,0.410015202524522,0.26994016210195,0.143438672858613,0.176605962514914
"397.93283-17.677",1,0.443008540349135,0.244856380900345,0.138204217536519,0.173930861214
"281.11447-8.012",2,0.329686344591299,0.3470117396498,0.149743171697159,0.173558744061741
"426.03097-7.865",3,0.10617883617926,0.110021592956876,0.63741271272562,0.146386858138244
"426.03094-7.87",3,0.0890591073674496,0.0906491558555665,0.694576665715863,0.125715071061121
"524.29983-15.761",2,0.315323031407445,0.363867712883296,0.149505629930328,0.17130362577893
"247.09375-1.482",1,0.407458027001165,0.156516572219555,0.152664664778186,0.283360736001094
"353.07261-1.108",4,0.238300369617127,0.132458280335124,0.161777184295066,0.467464165752683
"458.00995-6.229",4,0.162378589910904,0.0998863189289403,0.135210320060274,0.602524771099882
"187.10897-1.434",3,0.0888754581002657,0.090445851703737,0.695192016223644,0.125486673972353
"239.09605-6.971",1,0.763319557581659,0.0837597256967363,0.0624589821316507,0.0904617345899541
"344.21923-6.306",4,0.167522222793355,0.134470869258137,0.300579474115316,0.397427433833192
"505.20868-9.212",2,0.195505965201244,0.432521301252389,0.201014127542398,0.17095860600397
"415.23416-10.97",1,0.737769941409453,0.0895108960850884,0.0694199675053535,0.103299195000105
"138.05612-1.11",1,0.340394984440001,0.33512740354748,0.149603014102177,0.174874597910342
"138.05614-1.102",1,0.347949011167768,0.32707698320007,0.1493529865732,0.175621019058962
"258.07515-1.088",4,0.269906166952311,0.142000226668968,0.1656730005313,0.422420605847422
"358.19863-7.691",4,0.0795367094158167,0.0535369376139579,0.0816708498049857,0.78525550316524
"464.30237-9.486",1,0.388935466026187,0.287714228318929,0.146119251891855,0.177231053763029
"459.00767-6.22",4,0.137543022625313,0.0867026448556212,0.120857838113274,0.654896494405791
"637.30984-7.785",2,0.314107990183131,0.365343639147668,0.149461869129405,0.171086501539795
"344.18288-6.19",4,0.166658812228774,0.131363968621531,0.278043913864236,0.423933305285459
"205.0355-1.101",4,0.148106265295967,0.0924370888930917,0.127290559356858,0.632166086454083
"130.88934-0.886",3,0.134515570898873,0.122598944173655,0.5153348105434,0.227550674384071
"128.89227-0.885",3,0.153166063085931,0.134116847568763,0.430297195098796,0.28241989424651
"144.04557-8.319",4,0.203339191921035,0.119060806653805,0.152773978067884,0.524826023357275
"295.22802-13.742",4,0.167084464831037,0.132467064183751,0.285145973435955,0.415302497549257
"379.2253-15.421",2,0.174922055450654,0.52324933957736,0.158494726288445,0.143333878683541
"294.10207-6.746",1,0.609974671762051,0.149789762742599,0.101468238527841,0.13876732696751
"499.21932-10.374",1,0.556558207329953,0.136933524725216,0.117312641770185,0.189195626174646
"391.26226-17.199",2,0.191375272679447,0.454466253330094,0.189798815003057,0.164359658987401
"300.19312-7.25",4,0.100971459977561,0.069636692668173,0.110403257557616,0.71898858979665
"393.19557-10.419",4,0.160738028057788,0.122280171807665,0.235767132766689,0.481214667367858
"533.78512-11.039",3,0.19346298611518,0.258950477481369,0.33750647274124,0.210080063662211
"525.03527-6.63",1,0.605645467756801,0.151831540690521,0.102533150880593,0.139989840672085
"525.33576-11.095",2,0.202956244301329,0.372851655404783,0.236049161717149,0.188142938576739
"561.1608-10.086",3,0.0933666220178927,0.0895069821048351,0.672975847126494,0.144150548750778
"600.24079-10.044",1,0.73630302543954,0.0899413656277775,0.0698116344580883,0.103943974474594
"675.34266-11.821",2,0.116449903611242,0.705252687841702,0.090645555913185,0.0876518526338703
"358.19861-7.532",4,0.167304087885002,0.102371463866089,0.137731064772382,0.592593383476526
"450.29943-15.305",4,0.293817461986265,0.147574111674169,0.166366911185152,0.392241515154414
"490.33087-16.252",4,0.109083789977392,0.0704535583069058,0.101329529875152,0.71913312184055
"303.92115-1.206",4,0.148371575035147,0.10902309081432,0.19443334926018,0.548171984890353
"607.34956-10.984",4,0.104476563328149,0.0723028507770351,0.115288588454144,0.707931997440672
"278.12468-1.105",4,0.166100922900669,0.101768630881208,0.137125517916038,0.595004928302085
"491.2657-9.568",4,0.0792310362323569,0.053294107690323,0.081214503090288,0.786260352987032
"536.25306-14.394",2,0.178446474642922,0.509977899732969,0.164165576345783,0.147410049278326
"314.17244-6.347",3,0.0709778247146557,0.0708245368210803,0.755181276517744,0.10301636194652
"314.20884-7.606",3,0.163529265293737,0.137652650798798,0.365283204700305,0.33353487920716
"425.24685-11.588",4,0.141538446436927,0.102644482733914,0.178224379042754,0.577592691786405
"425.24685-11.589",4,0.145517909429374,0.106307209161856,0.18732934335835,0.56084553805042
"431.16446-12.672",2,0.203266167666516,0.31866488896941,0.276540560592968,0.201528382771106
"208.05264-6.434",3,0.180770807444625,0.222539341660933,0.387801997603678,0.208887853290764
"324.14811-6.962",2,0.204016410354577,0.346970198117766,0.254075156021637,0.19493823550602
"286.1775-5.879",4,0.166535155729597,0.137054874382809,0.333210836799719,0.363199133087874
"612.31602-14.436",4,0.142869816633942,0.103855457686267,0.181179653117281,0.57209507256251
"241.08584-10.791",2,0.20261010295412,0.377498702023692,0.233024093347808,0.18686710167438
"373.13289-8.685",4,0.0962962305174815,0.066110879007548,0.104034877376512,0.733558013098458
"257.04361-1.458",3,0.171289011335781,0.20242888825711,0.421293323988237,0.204988776418871
"537.32881-15.312",3,0.0722940968722401,0.0708064441230879,0.749022354928058,0.107877104076614
"335.13515-6.163",1,0.447766817320412,0.15396039152407,0.144060304781048,0.25421248637447
"289.16591-8.045",4,0.166794019636829,0.136837971313437,0.328965641220911,0.367402367828823
"185.05688-1.117",4,0.13850298180838,0.0872310628246216,0.121461848607742,0.652804106759256
"140.96865-1.091",2,0.260852070753867,0.43831944490859,0.143444807447993,0.15738367688955
"399.26959-13.372",2,0.133397462000675,0.656483454537364,0.107616022996187,0.102503060465774
"499.30715-11.017",3,0.200201353747534,0.290639217727818,0.302446095518986,0.206713333005662
"291.9958-5.154",4,0.0833314185317134,0.0564298624453147,0.0868842198002548,0.773354499222717
"664.29146-8.5",2,0.292472403635297,0.392994639281899,0.148018361075192,0.166514596007612
"520.91079-0.973",2,0.140594034811295,0.663207282431448,0.0974857557085651,0.0987129270486919
"230.11479-1.082",4,0.158447590235028,0.119544171255371,0.226003594007009,0.496004644502591
"321.15572-7.107",1,0.524920345557145,0.143132143566819,0.125407234248959,0.206540276627077
"387.10875-9.076",2,0.185061322685997,0.483280049923722,0.176067614070346,0.155591013319934
"427.24391-12.677",3,0.0685154865476296,0.0679592794856137,0.763210465568595,0.100314768398161
"346.13324-7.985",1,0.591058813050864,0.129267859462026,0.108332419558681,0.171340907928429
"368.88975-0.955",2,0.203900271524331,0.353296593579649,0.249470410613042,0.193332724282978
"411.25225-8.049",2,0.189269856219121,0.464563646044897,0.184869318133301,0.161297179602681
"180.03371-1.093",3,0.110474696887456,0.104053671979689,0.609705811046922,0.175765820085933
"221.06684-1.423",2,0.107811883061192,0.730332881686203,0.0818739803125458,0.0799812549400595
"409.12957-11.258",4,0.167491405944725,0.134157582824685,0.297873594383148,0.400477416847442
"239.06758-1.157",4,0.245873502972472,0.134970590050972,0.163052677105575,0.456103229870982
"468.23733-12.887",3,0.198318812127338,0.279828239286642,0.313636375361101,0.208216573224919
"299.18657-10.654",4,0.166537541098742,0.131088785986252,0.276381245952583,0.425992426962423
"322.0133-1.018",2,0.249011792216247,0.456850370045774,0.140921550718986,0.153216287018992
"234.11372-9.295",3,0.145325232227106,0.129744022623832,0.46837780813532,0.256552937013743
"297.08297-1.094",1,0.497152585272599,0.147801489460137,0.132343998933235,0.222701926334029
"383.09061-6.989",4,0.232745378376409,0.130525735282578,0.160695062666132,0.476033823674882
"570.31124-8.831",1,0.44644290066878,0.15408249249357,0.144359394416457,0.255115212421193
"525.23707-17.278",4,0.237175772308318,0.132073149786531,0.161568263375906,0.469182814529244
"283.09377-6.315",3,0.163395468802681,0.13764243652511,0.366393243481825,0.332568851190384
"439.22613-11.265",4,0.146129080203609,0.106881981645547,0.188805770288294,0.55818316786255
"212.02094-1.012",4,0.167012764696299,0.132260405216472,0.283756520635219,0.41697030945201
"617.02482-8.358",1,0.517094689613999,0.197647273667891,0.123342175652045,0.161915861066066
"365.24648-17.03",2,0.203714575242983,0.53552646301632,0.127045622625068,0.133713339115629
"499.27096-10.232",3,0.0820512507121003,0.0795107179085373,0.713946213385016,0.124491817994347
"341.19704-10.768",4,0.163878833808488,0.100648082021435,0.135989796614746,0.59948328755533
"614.33167-13.811",4,0.165323364528145,0.13756119612559,0.348470604741518,0.348644834604747
"351.23081-13.17",3,0.107678540042472,0.111766398695337,0.632425637142625,0.148129424119566
"114.05613-1.439",2,0.188329704242628,0.468897143862935,0.182794121797797,0.15997903009664
"509.27629-9.003",4,0.14869965585249,0.0927538377725924,0.127637751393125,0.630908754981793
"577.37523-14.976",4,0.335825035823648,0.154061635729719,0.163922287995415,0.346191040451218
"449.26795-16.853",4,0.299578206879388,0.1487084871788,0.166284611424574,0.385428694517237
"621.36511-15.074",1,0.552765243995967,0.178135336541338,0.115226965697574,0.15387245376512
"263.1057-7.531",3,0.194091207044073,0.26129172762337,0.334668170335886,0.209948894996671
"207.06972-7.633",2,0.327924827692348,0.349021435963008,0.149740997744662,0.173312738599983
"341.19702-10.625",4,0.201242407003515,0.11816632634061,0.152062519272061,0.528528747383814
"220.06503-1.452",1,0.421356072397542,0.260968901557776,0.141768091361481,0.175906934683201
"219.05117-1.443",1,0.510510847674302,0.201441645277953,0.124786732499309,0.163260774548436
"291.12741-6.522",3,0.164019988796851,0.13767349367963,0.36107403283204,0.337232484691479
"267.0989-2.121",4,0.11890363057552,0.0835518290478398,0.136760388797959,0.660784151578681
"359.07735-6.206",3,0.163411231843944,0.13764373366385,0.36626323848044,0.332681796011766
"284.12539-6.386",1,0.567598649134327,0.170476886314804,0.111733290729085,0.150191173821783
"451.19535-10.149",1,0.54950402924386,0.179852304534956,0.115986687445831,0.154656978775353
"469.29411-17.023",4,0.10363016841609,0.06722876361589,0.0972699611694649,0.731871106798555
"283.15535-7.926",3,0.193621693571361,0.259534361384861,0.336794584944393,0.210049360099385
"503.30251-9.813",3,0.0715045301241586,0.0701126251351193,0.751869126711708,0.106513718029014
"204.08782-1.679",4,0.144097710935697,0.0902820732504022,0.124905308726664,0.640714907087237
"657.36275-14.44",1,0.367168062065775,0.156363333974066,0.159836539990819,0.31663206396934
"556.33218-10.271",1,0.383975767791796,0.292121650558033,0.146660011310668,0.177242570339503
"643.2862-7.932",1,0.519771668202143,0.196123025704979,0.122749544261143,0.161355761831735
"293.15094-6.021",3,0.0882406283294538,0.0897436706242446,0.697319419705935,0.124696281340366
"448.30734-11.773",4,0.33179966913084,0.153614597963165,0.164324308239855,0.35026142466614
"149.95062-0.925",4,0.164318692757345,0.127146824617196,0.255855122972659,0.4526793596528
"253.14469-11.395",1,0.572519309607084,0.167988252511576,0.110561533072105,0.148930904809235
"253.14469-11.391",1,0.572519309607084,0.167988252511576,0.110561533072105,0.148930904809235
"229.10829-7.75",1,0.701016563937355,0.10963901976557,0.0785101027449538,0.110834313552122
"380.15394-10.817",1,0.405134076640849,0.273924086862727,0.144110978930159,0.176830857566265
"297.06518-7.315",2,0.234630212791894,0.480508563900319,0.137241137069502,0.147620086238286
"501.15172-6.158",4,0.330694456070513,0.153485591372039,0.164429176313431,0.351390776244016
"541.23173-15.744",4,0.0902845304303871,0.0592374139197622,0.0870543616423502,0.7634236940075
"409.02384-8.574",4,0.210020738570089,0.121844272531327,0.154908254378854,0.513226734519731
"269.04516-7.779",1,0.58511362306251,0.130649329676524,0.109888439364091,0.174348607896875
"343.08587-8.798",4,0.128819457985416,0.0916329193623895,0.153331580584482,0.626216042067713
"572.33796-16.285",3,0.135467287040387,0.123266674373812,0.511366311158521,0.22989972742728
"471.32508-15.191",3,0.116474051716695,0.108931776270477,0.586941373950443,0.187652798062385
"239.12902-12.324",1,0.763195660608869,0.0822654531523013,0.0626074376026262,0.0919314486362038
"337.12157-8.134",3,0.191711184115674,0.25281027711452,0.345159416063817,0.210319122705989
"513.28424-14.146",4,0.167532668414512,0.134680467842714,0.302470919561148,0.395315944181626
"471.33332-13.473",4,0.26917785963242,0.141808309506491,0.16562353999422,0.42339029086687
"293.15098-5.816",3,0.164263912776464,0.137673006121805,0.358890906550975,0.339172174550757
"431.08373-6.099",1,0.409226377303501,0.156457775677902,0.152312386298885,0.282003460719713
"347.20765-8.549",4,0.314729768973834,0.151314870572318,0.165660150148441,0.368295210305407
"200.12935-8.842",1,0.553000908822684,0.17801174293607,0.115171943249918,0.153815404991329
"627.29634-11.606",4,0.308126165658065,0.15024546638129,0.166001986464067,0.375626381496578
"609.36521-13.706",1,0.767281772498985,0.0816918156104235,0.0614669308771304,0.0895594810134607
"277.08662-1.598",2,0.150623608562221,0.641778983137764,0.102847923381928,0.104749484918087
"327.07241-6.891",1,0.357633205391424,0.155877997760626,0.161243270570572,0.325245526277378
"214.07225-1.803",2,0.113003379874123,0.715110153940526,0.0872388130507064,0.0846476531346441
"459.25249-9.241",3,0.161632025103924,0.13736627213165,0.379877441581774,0.321124261182652
"359.1865-9.498",2,0.171356274465435,0.598714092740339,0.113208792736419,0.116720840057806
"565.33883-14.879",1,0.641422836714734,0.116697312322312,0.0950554481576485,0.146824402805306
"245.01273-1.113",3,0.176680584417127,0.213390514410206,0.402484744004473,0.207444157168193
"203.12897-7.858",4,0.323802968130835,0.152619562097944,0.1650273561903,0.358550113580921
"399.19474-7.264",2,0.203124428122947,0.316607391766367,0.27830665783429,0.201961522276397
"171.83188-16.907",3,0.14289253748462,0.128229291402284,0.479366575106525,0.249511596006571
"361.15053-8.034",1,0.602216889801956,0.126612453387087,0.105404364198804,0.165766292612153
"387.23905-10.372",2,0.131935491432431,0.660752030622013,0.106110661619798,0.101201816325758
"261.10944-1.664",4,0.32059126290943,0.152179299987589,0.165272113271351,0.361957323831629
"251.06775-1.84",3,0.157931831360804,0.136226683192833,0.403866545453266,0.301974939993097
"401.24095-7.01",4,0.159234917785343,0.120462374443161,0.229184383771228,0.491118324000268
"509.30446-10.364",3,0.143584733765003,0.128666593548795,0.476270093644686,0.251478579041516
"315.12406-7.945",2,0.16019042636496,0.574182559461564,0.137942664738781,0.127684349434695
"765.4436-11.449",1,0.515830736282208,0.198370635654493,0.123620948940708,0.162177679122591
"281.61187-11.465",3,0.165249095183783,0.137576190545002,0.349263104414464,0.347911609856751
"186.07731-1.144",2,0.133221101428633,0.656999234628241,0.107433857700065,0.10234580624306
"331.95383-5.727",4,0.116598465424726,0.0817192984463186,0.13315170424083,0.668530531888126
"399.24837-14.828",4,0.134952727311451,0.0968318256161763,0.164686496157718,0.603528950914655
"415.27371-11.179",1,0.541510689156133,0.139989621460894,0.121183275727272,0.197316413655701
"360.1415-5.848",1,0.679499942628718,0.118730789354387,0.084011654025886,0.117757613991009
"409.23638-16.425",4,0.237828735260819,0.132297142497862,0.161690189429258,0.468183932812062
"611.38087-11.944",2,0.130030182539627,0.666292015918589,0.104164205434753,0.0995135961070311
"367.10362-6.487",4,0.258195379269276,0.13875434015751,0.164656794452634,0.43839348612058
"351.18149-8.407",3,0.162385785088926,0.137513061331231,0.374343608177482,0.325757545402362
"303.14513-7.71",3,0.0943202936629541,0.0903382540156268,0.66949753557988,0.145843916741539
"299.07743-6.188",1,0.360928759497124,0.313853424883919,0.148653135011177,0.17656468060778
"245.03378-1.052",1,0.417355980561806,0.264088952137324,0.142373996162375,0.176181071138495
"328.15901-10.49",1,0.766418877301258,0.0822645225295695,0.0616737872310408,0.089642812938132
"505.09948-8.215",1,0.575197956577359,0.132899221165713,0.112476433630187,0.179426388626741
"570.3113-9.612",1,0.410848237063303,0.269267798777758,0.143321033031949,0.17656293112699
"387.25428-11.845",4,0.166291010541214,0.137210721524311,0.336769755892838,0.359728512041637
"211.97092-1.016",2,0.203996346474039,0.348562558002874,0.252903115544638,0.19453797997845
"383.17137-8.306",4,0.335356357739856,0.154011420441185,0.163970691098883,0.346661530720076
"429.26288-8.248",4,0.166369168873223,0.130725234248288,0.274242395388881,0.428663201489607
"361.98231-1.224",4,0.241650096826295,0.133586983981116,0.162369366802517,0.462393552390073
"464.30234-9.711",1,0.697310207177665,0.111191824768856,0.0794601838540483,0.112037784199431
"389.21031-8.737",1,0.344833861936545,0.154934175540353,0.162913642495146,0.337318320027956
"389.21032-8.746",1,0.368067293270534,0.156399777027352,0.159697287859762,0.315835641842352
"257.0821-10.277",2,0.203813413087628,0.329576258500882,0.267492372138537,0.199117956272953
"328.12262-10.391",1,0.465503231179517,0.229359286723649,0.134066047169792,0.171071434927041
"305.21575-16.418",4,0.0993741195634238,0.0646930070607788,0.0940466825206928,0.741886190855105
"313.23864-13.145",1,0.49224229317072,0.212332463499993,0.128688999209885,0.166736244119401
"461.07331-7.162",1,0.502475265411141,0.206164165953684,0.126523323123299,0.164837245511876
"469.27308-12.908",4,0.1670541404091,0.136535489829252,0.323921356063258,0.372489013698389
"469.28455-14.412",4,0.312513136869692,0.150967261233313,0.165786436785384,0.370733165111611
"607.34943-14.736",2,0.297664890508821,0.386117125199978,0.148483137514058,0.167734846777142
"264.12427-12.482",1,0.346274990893966,0.155057593263999,0.1627389879022,0.335928427939834
"694.84835-11.337",1,0.401297530922175,0.277109641430836,0.144618409388449,0.17697441825854
"327.21793-8.937",4,0.262540051973639,0.139998384720769,0.165089593928014,0.432371969377578
"533.13093-7.365",1,0.456220259091738,0.23561338612976,0.135821638155633,0.17234471662287
"313.23866-12.403",4,0.131714773317417,0.0940648690785477,0.158565467409245,0.61565489019479
"702.2809-9.872",1,0.744731854534003,0.0915925722666001,0.0672496497691466,0.0964259234302504
"612.26116-13.565",4,0.157933050697397,0.118954868773979,0.22400815878048,0.499103921748144
"249.10412-9",2,0.261114677576061,0.437918158197158,0.143495637766176,0.157471526460605
"759.15091-1.224",1,0.617750017084902,0.146159121138443,0.0995477906545702,0.136543071122085
"605.35781-14.687",1,0.499286366631082,0.20806734991242,0.127203921907298,0.1654423615492
"233.10323-5.811",1,0.396850846989991,0.156758448070114,0.154718926927512,0.291671778012383
"292.13058-5.732",3,0.124145037754796,0.131613467609358,0.577884075092519,0.166357419543327
"482.28776-8.805",4,0.228866095910927,0.129131461042178,0.159863852809737,0.482138590237158
"320.06515-1.089",2,0.200719420347859,0.396775826370691,0.221066216658759,0.181438536622691
"461.12736-9.736",2,0.117734001304863,0.712984339386394,0.0847172990524194,0.0845643602563236
"408.86593-0.904",3,0.184109424442752,0.230704513555626,0.375436544336033,0.209749517665589
"285.04067-7.817",2,0.200365340074005,0.399756693638427,0.219295586814524,0.180582379473045
"343.19882-6.564",3,0.0889874321768184,0.0856650961033211,0.688892294907236,0.136455176812625
"457.33287-13.295",2,0.14369367586731,0.625896932072935,0.118568786356468,0.111840605703287
"607.34953-10.775",1,0.651396795592061,0.114045498629015,0.0924116746348094,0.142146031144115
"304.02291-6.433",3,0.153229327546934,0.171525264450874,0.482003990189813,0.19324141781238
"507.06609-1.139",2,0.201158247963844,0.392878570368115,0.223411434173371,0.18255174749467
"357.19199-10.457",1,0.665352432041325,0.110257798455004,0.0887072208815953,0.135682548622076
"187.06138-5.573",2,0.326284975182606,0.350906547059319,0.149732360136485,0.17307611762159
"632.27536-10.477",2,0.291296729556803,0.394573489473354,0.147902359560193,0.16622742140965
"632.27517-10.469",2,0.302418407430329,0.379956338042858,0.148841798346674,0.168783456180139
"267.06644-10.654",2,0.318765919776364,0.359728614949977,0.149609125678009,0.171896339595649
"549.30791-9.474",1,0.722732595038529,0.0939208586594688,0.0734324800111841,0.109914066290818
"362.21054-10.805",1,0.493110876982479,0.148414219146025,0.133336630625306,0.225138273246191
"410.27367-16.29",4,0.165472854658056,0.129022064701715,0.264964259491459,0.44054082114877
"389.26986-11.823",4,0.0991977627698044,0.0682953053190983,0.107968929171669,0.724538002739429
"525.29955-11.934",4,0.166708155816964,0.131479730933287,0.27875529531374,0.423056817936009
"343.21268-10.441",3,0.151007461941881,0.133004562104757,0.441291063648627,0.274696912304736
"387.09358-6.124",4,0.337297445770744,0.154216266367759,0.16376753780829,0.344718750053207
"302.1763-16.416",1,0.63331199504457,0.118817448210117,0.0972026141614444,0.150667942583869
"513.23481-8.446",4,0.16674770851536,0.102093038121103,0.137451863787151,0.593707389576386
"475.23434-14.516",1,0.759504782436446,0.0832435507438591,0.0636027252243198,0.0936489415953749
"260.84737-0.887",3,0.185022245277354,0.233069884076484,0.371979132417004,0.209928738229159
"423.2254-6.642",4,0.112475459082618,0.072443469120481,0.103808855375671,0.711272216421229
"334.0354-1.453",1,0.454778936974795,0.153273627266361,0.142460811675646,0.249486624083198
"505.27321-13.257",2,0.179034441592153,0.507707752172301,0.165150936031185,0.148106870204361
"501.2163-11.338",3,0.119546676463986,0.111374483526466,0.575122654301689,0.193956185707859
"264.08794-5.857",4,0.164735268848893,0.127795670465818,0.258896866812236,0.448572193873053
"297.10932-9.184",4,0.193479416747955,0.114769121590435,0.149253410122198,0.542498051539412
"636.26165-13.797",4,0.140004192522189,0.0880545645159477,0.122398735919793,0.64954250704207
"555.31009-9.715",3,0.137933078587526,0.149526848106946,0.532446555910178,0.180093517395349
"343.88577-11.195",4,0.269177736093303,0.141808276840771,0.165623531453743,0.423390455612184
"284.22326-14.775",4,0.293201805180122,0.147448143803933,0.166370332387606,0.392979718628339
"483.22421-10.625",1,0.55657591978844,0.136929818265299,0.117308066479887,0.189186195466375
"230.10352-7.393",1,0.591987865806229,0.158373758160454,0.105870433031959,0.143767943001358
"360.17785-5.85",3,0.105434670468635,0.0998570186458599,0.628564422789669,0.166143888095836
"242.07846-1.441",1,0.682783979340132,0.11733039101729,0.0831742738370118,0.116711355805566
"330.04454-1.052",1,0.52557186772594,0.14301346874114,0.125242339852658,0.206172323680261
"650.1396-11.595",2,0.203653803730029,0.3256149396777,0.270717167771698,0.200014088820573
"274.89597-0.936",2,0.128211591954535,0.671557488873047,0.102321310597656,0.0979096085747624
"142.05103-1.103",2,0.19234786759252,0.449588201847346,0.192229964075347,0.165833966484787
"538.18854-13.408",3,0.0961422270803833,0.0919205384079535,0.662839187172564,0.149098047339099
"304.10402-6.803",4,0.325972967405744,0.152903776567419,0.164849556727467,0.35627369929937
"461.31552-16.598",4,0.158998121596887,0.120184001261371,0.228210492816547,0.492607384325195
"213.11334-9.438",4,0.107299772267496,0.0744668436620932,0.119304190589746,0.698929193480665
"213.11334-9.441",4,0.223900397795868,0.127293495878156,0.158707351999062,0.490098754326913
"511.25552-11.566",4,0.263342133878005,0.14022291132913,0.165162193692172,0.431272761100693
"675.30761-10.416",2,0.202911147458453,0.373492834172852,0.235628250693434,0.187967767675262
"427.26244-12.413",4,0.165949369664827,0.137373998886516,0.341254057970125,0.355422573478532
"427.26244-12.411",4,0.165923745874374,0.137384191767117,0.341571944839577,0.355120117518932
"666.28913-7.935",1,0.424463938779499,0.258576984195821,0.141285359281823,0.175673717742856
"557.14212-7.629",1,0.637305770477367,0.117777684186757,0.0961456834373678,0.148770861898509
"421.29625-14.745",3,0.13504928525388,0.122974199513388,0.513112476370265,0.228864038862466
"465.23952-10.948",4,0.0998347603167633,0.06496817702458,0.0943975969923033,0.740799465666353
"468.27369-12.903",4,0.166863705336263,0.131862094509009,0.281158544455239,0.420115655699489
"275.18658-8.878",1,0.356842986231695,0.155829549846096,0.161353897066338,0.32597356685587
"493.3097-13.3",2,0.179503383516011,0.505884539503904,0.165945689976838,0.148666387003248
"551.29985-14.443",4,0.0822856391531024,0.0544484997855127,0.0809857695355942,0.782280091525791
"329.64975-11.338",1,0.364689959055244,0.310159146849081,0.148390421361618,0.176760472734057
"233.10323-6.276",2,0.108115526578996,0.733474536842566,0.0796444196067982,0.0787655169716391
"382.85955-0.897",3,0.0904825242236406,0.0922276001865807,0.689808572726499,0.12748130286328
"319.0802-1.101",3,0.187069185830038,0.238619525579001,0.364079294614797,0.210231993976164
"471.32524-15.921",3,0.199715334656186,0.287609769304961,0.305508057150058,0.207166838888796
"471.32529-15.925",2,0.201234895629242,0.297870928938968,0.295356508784553,0.205537666647237
"505.27307-12.958",2,0.17759568099428,0.513232875346263,0.162760762715749,0.146410680943708
"467.24207-10.154",1,0.759165369544767,0.0833367113590445,0.0636939970519911,0.093803922044197
"568.36257-15.469",1,0.759328869234437,0.0832917868888177,0.0636500340697095,0.0937293098070358
"391.11897-12.318",2,0.163400478316354,0.563570842562643,0.142085771750474,0.130942907370529
"370.16219-6.592",2,0.332790774035389,0.343508057516928,0.149729349964159,0.173971818483523
"341.12737-17.695",1,0.545629722262381,0.181908415138423,0.116885013722566,0.155576848876629
"525.25331-10.776",4,0.162435206190543,0.0999151422460559,0.135239921316201,0.6024097302472
"425.07647-6.238",4,0.113271829641583,0.0729088469452189,0.10438562221128,0.709433701201918
"255.16032-9.809",2,0.144320344868163,0.624000895420652,0.119258500003364,0.112420259707821
"329.18669-16.308",3,0.13620097471118,0.123776948500742,0.508289014165161,0.231733062622916
"328.24955-14.577",3,0.0708833510535369,0.069571372257936,0.754113924970768,0.105431351717759
"404.19297-7.232",1,0.457855319039504,0.152951446190732,0.141751284584467,0.247441950185296
"243.05122-2.167",2,0.293512306605608,0.391604809672344,0.148117631881717,0.166765251840331
"259.1552-6.397",3,0.142536392611307,0.128002428498527,0.480950999521905,0.248510179368261
"509.09446-6.607",1,0.359774878473878,0.156002916148934,0.160938741034441,0.323283464342747
"673.29217-10.322",3,0.162761767736922,0.186945157544203,0.450251697769481,0.200041376949394
"258.85025-0.886",3,0.190207162638777,0.247922964455099,0.351475393660665,0.210394479245459
"526.24823-11.429",3,0.149032094682096,0.131920667016655,0.450973475772132,0.268073762529118
"209.04564-8.072",3,0.159767633138976,0.136865118884407,0.392502155013517,0.3108650929631
"297.24354-15.445",4,0.304340406932714,0.149586173523767,0.166150100918158,0.37992331862536
"494.29501-14.726",4,0.128472919742133,0.0913442914727963,0.152718804595234,0.627463984189836
"537.7254-10.046",4,0.302015748274424,0.149164489677362,0.166223102887797,0.382596659160418
"198.04098-1.098",3,0.173412165866968,0.206616739765907,0.413946630419288,0.206024463947837
"293.21244-13.319",4,0.155490308102201,0.116254559472604,0.215272967285051,0.512982165140144
"393.24162-10.51",3,0.0968212749682226,0.0925082447539133,0.66035292818864,0.150317552089224
"266.1514-13.673",2,0.175095352490762,0.522609240525316,0.158764854171479,0.143530552812443
"422.89887-1.211",2,0.153826386416644,0.594627651840428,0.130133345279111,0.121412616463816
"636.26162-13.566",2,0.199105298975231,0.40946485866603,0.213661417471352,0.177768424887387
"343.04913-7.323",3,0.0822217223811106,0.0796627642539988,0.713332311379469,0.124783201985421
"347.1865-10.034",4,0.166670749877408,0.131391758530352,0.278214027346842,0.423723464245398
"412.18025-10.46",2,0.152368108548352,0.638088276310278,0.103759113428182,0.105784501713189
"400.18013-9.659",4,0.149277458748993,0.0930616982333655,0.127974351207431,0.629686491810211
"614.26546-8.679",1,0.573017965189498,0.167737433126033,0.110442455218176,0.148802146466294
"359.20765-10.436",4,0.28383868071321,0.145418735610064,0.166288772499597,0.404453811177129
"472.25564-11.303",2,0.204038546640222,0.342075542620957,0.2577346092956,0.196151301443222
"344.65469-8.468",1,0.407325081384429,0.272126387341695,0.143812830788745,0.176735700485132
"352.08539-8.939",3,0.162958138198117,0.187281315266075,0.449592281942656,0.200168264593152
"222.07737-5.893",4,0.156758705477877,0.117638115053876,0.219669226805535,0.505933952662712
"341.09141-5.603",1,0.749570808815438,0.0895969748520753,0.0659998969909361,0.09483231934155
"411.12742-6.101",1,0.767280899755333,0.0816928049829895,0.0614671092059736,0.0895591860557036
"434.24319-13.366",2,0.142687561685357,0.628931844099774,0.117467612816949,0.11091298139792
"344.21922-7.481",4,0.163265173962798,0.125605252053064,0.249021287291681,0.462108286692457
"217.10828-7.015",4,0.161646238055673,0.12342899436863,0.240149805699328,0.474774961876369
"617.33375-13.56",1,0.674273103672825,0.107792847106787,0.0863365916648604,0.131597457555528
"482.25276-13.039",3,0.12564261887913,0.133492694510193,0.572941305923256,0.167923380687421
"482.25284-13.036",3,0.143339442314098,0.156995122017918,0.514645959797767,0.185019475870217
"687.33277-10.201",1,0.40199323457092,0.156665157799662,0.15373596039204,0.287605647237379
"501.28653-10.564",3,0.164632850431443,0.137656328761548,0.355453760669176,0.342257060137833
"353.23352-11.002",4,0.0783911204932599,0.0525948395926492,0.0798404075762428,0.789173632337848
"511.31979-12.601",4,0.147014380715903,0.107721016476666,0.190986414790797,0.554278188016634
"511.31954-12.598",4,0.151184753775379,0.111790824941681,0.202040216705803,0.534984204577137
"473.3279-11.483",3,0.158565995798035,0.13646086662476,0.400037812949885,0.304935324627321
"631.34943-13.608",3,0.198130510206744,0.278863437874595,0.314671542036862,0.2083345098818
"373.22335-12.937",4,0.274261575304326,0.143120450489625,0.165932135857635,0.416685838348414
"485.30443-12.228",3,0.158594673530423,0.136471136117139,0.399862420961908,0.30507176939053
"428.14144-1.082",3,0.0936009730710339,0.0957034122443705,0.679371294508586,0.131324320176009
"216.08785-6.172",2,0.19935570773669,0.54372100084877,0.125363221407425,0.131560070007115
"423.18852-11.554",4,0.1494841745132,0.11010593288356,0.197361904327914,0.543047988275326
"294.1278-10.354",2,0.117630858739283,0.713209404815378,0.0846594977532156,0.084500238692123
"311.16889-16.422",1,0.348663497524233,0.155252463768531,0.162441785720759,0.333642252986476
"431.08372-6.509",1,0.69220277043617,0.102745693020551,0.0815667780397089,0.12348475850357
"225.54921-7.838",2,0.335271174314802,0.340743223498137,0.149702386829676,0.174283215357385
"301.90553-1.207",4,0.180917740903934,0.108995157645943,0.144119132964077,0.565967968486045
"286.18872-1.437",3,0.167498262142482,0.195306025744778,0.434258687220367,0.202937024892373
"273.16092-16.435",1,0.438985860031502,0.247755578847591,0.138900150713448,0.17435841040746
"611.38083-14.125",1,0.665948566603804,0.124563866442917,0.0874570603615647,0.122030506591714
"303.08756-7.66",3,0.100774692335449,0.0959066471573684,0.645823669593248,0.157494990913935
"388.25291-17.324",3,0.0712132479308322,0.0698582034591484,0.752921051365988,0.106007497244031
"369.08286-6.487",4,0.249328355231632,0.136069558673589,0.163560126180909,0.45104195991387
"328.18813-5.877",4,0.158054998656753,0.119093811834071,0.224475523303355,0.498375666205821
"361.06479-1.88",1,0.465434464399539,0.152104900711894,0.139984380787152,0.242476254101416
"349.09075-1.109",1,0.447018351249709,0.242006755262881,0.137496389583383,0.173478503904028
"338.13939-5.662",3,0.144880092354472,0.129471584633793,0.470411493288492,0.255236829723244
"338.13952-5.682",3,0.0918746420748156,0.088202489724655,0.67840848102899,0.141514387171539
"614.27673-14.679",2,0.296485908820683,0.387665080369964,0.148384358970386,0.167464651838967
"537.23489-9.002",3,0.163869525676726,0.137670043923409,0.362389153678656,0.336071276721209
"337.07793-1.44",1,0.714730179983266,0.0962562729471551,0.075566041671635,0.113447505397944
"549.751-8.863",1,0.533923722129952,0.18823360672346,0.119569621931815,0.158273049214772
"475.32821-14.865",4,0.152501360930961,0.0947690327142764,0.129825637152051,0.622903969202712
"703.32769-9.829",4,0.147502410703322,0.108186954166624,0.192210871185143,0.552099763944911
"557.26577-11.77",2,0.203652805002535,0.32559316455252,0.270735079519282,0.200018950925663
"467.32847-17.044",3,0.137631398613521,0.124760119429102,0.502241719019467,0.23536676293791
"503.30242-10.382",3,0.124717734062366,0.132330423364104,0.575993596632062,0.166958245941467
"446.23758-12.615",1,0.394478167262928,0.282893800666817,0.145472487833975,0.177155544236279
"228.96362-0.956",1,0.482065299701454,0.14999553507552,0.13602299518025,0.231916170042776
"274.03938-5.939",4,0.17640514931511,0.106840528162686,0.142096387713731,0.574657934808474
"259.03962-6.753",4,0.242565454269834,0.133890602574875,0.162523415160845,0.461020527994446
"545.2796-9.374",4,0.0886744197758219,0.0604160277655222,0.0939173493168014,0.756992203141855
"565.35149-16.418",1,0.430615479197392,0.253923093249075,0.140300266038136,0.175161161515397
"593.37027-14.265",1,0.386847237059776,0.156806808788495,0.15655560938267,0.299790344769058
"455.3302-17.573",3,0.0768162161031207,0.0748320529701146,0.732768783740498,0.115582947186267
"455.33021-17.575",3,0.0704061378994616,0.0691596326761607,0.755843136330987,0.104591093093391
"215.14019-1.126",3,0.153572961699708,0.134317030788556,0.42816832694214,0.283941680569597
"395.20784-7.668",1,0.663541854324993,0.110754047749896,0.0891881357695784,0.136515962155533
"367.21054-9.966",2,0.152460658259829,0.637892796068104,0.103807265563231,0.105839280108836
"467.19284-9.736",1,0.432933207701397,0.155186241396376,0.147353865531306,0.264526685370921
"339.19996-16.433",2,0.108212280796041,0.733283446314686,0.0796859441978762,0.0788183286913973
"465.23612-6.22",4,0.262651197709162,0.140029593321423,0.165099788691741,0.432219420277674
"408.17007-6.466",3,0.11551378968293,0.108160308197576,0.590611303656315,0.185714598463178
"482.25303-12.579",4,0.0783548415727736,0.0522506588065227,0.0785995026941779,0.790794996926526
"162.97807-1.105",2,0.186387567837283,0.47756033659437,0.178713930492051,0.157338165076295
"399.27528-16.062",3,0.117948774036199,0.123981279652507,0.598363601146659,0.159706345164636
"265.07538-6.251",1,0.696242899636277,0.111639939241343,0.0797336019338904,0.11238355918849
"510.28953-10.695",3,0.153452819324357,0.13425825877159,0.428798942512796,0.283489979391256
"313.0867-6.582",1,0.539330401476299,0.140416599148773,0.121741190481653,0.198511808893275
"171.83198-16.434",2,0.171608532084117,0.598201543805498,0.113328171663293,0.116861752447092
"403.18962-8.17",4,0.164933369206543,0.128114210982423,0.260430701254447,0.446521718556587
"503.1904-10.021",1,0.586426117959274,0.161084257006518,0.107219007994389,0.145270617039819
"646.26959-8.079",1,0.344043829024056,0.331205225637165,0.149497316772909,0.175253628565869
"161.99402-1.003",2,0.107384156638783,0.731663821978238,0.0813837146151368,0.0795683067678424
"539.10503-6.57",4,0.308282498714489,0.150271964328045,0.165995105692392,0.375450431265073
"414.23228-10.44",1,0.35998166564539,0.314793187826775,0.148715180749571,0.176509965778263
"395.14813-6.981",1,0.349623962898975,0.155327439058402,0.162319600373969,0.332728997668653
"601.30019-13.922",4,0.333576197618014,0.153816293546247,0.164150729605917,0.348456779229822
"540.25699-7.445",3,0.164204146753659,0.137673853609913,0.359431956314892,0.338690043321536
"446.90622-0.967",2,0.203644336862915,0.360688581791241,0.244258826430675,0.19140825491517
"319.12231-8.997",4,0.099623284645276,0.0648418695038994,0.0942365529127483,0.741298292938076
"427.19771-10.077",1,0.469623832233859,0.151605509727179,0.138996879913046,0.239773778125916
"629.33134-16.72",1,0.744538219234839,0.0875284927076423,0.0676118846482371,0.100321403409282
"346.98688-7.457",1,0.752388520645625,0.0852504286834967,0.065511860779378,0.0968491898915008
"302.61674-8.872",1,0.476253931874899,0.222345490663352,0.131957547440831,0.169443030020919
"380.08199-6.265",1,0.613573758802574,0.148103481315521,0.100580513305738,0.137742246576166
"201.12459-1.09",3,0.126255362809393,0.116557029659011,0.548849988306717,0.208337619224879
"277.06971-1.038",1,0.480529203121945,0.150204331422041,0.136393303888004,0.23287316156801
"511.26833-13.995",3,0.172689427437325,0.205173721101208,0.416455330247464,0.205681521214004
"297.10944-5.561",4,0.241922029190102,0.133677398369077,0.162415477400706,0.461985095040116
"231.12394-8.616",2,0.203468349395875,0.321978648171869,0.273737051080556,0.200815951351701
"342.88327-0.942",2,0.107935015370998,0.733828279874589,0.0795686957976484,0.0786680089567648
"392.88836-0.908",3,0.137670785817073,0.124786966729115,0.50207427373006,0.235467973723752
"377.20059-10.983",1,0.341897138398762,0.154668968408564,0.163258429909664,0.34017546328301
"400.19799-9.542",2,0.21276491814474,0.518848869658173,0.130348675269607,0.138037536927481
"245.99411-5.882",3,0.0758261158815296,0.0739471224593503,0.736324970499601,0.113901791159519
"510.88197-0.969",2,0.109259110097301,0.725980187074807,0.0834379949201524,0.0813227079077394
"508.87684-0.971",2,0.167284453582414,0.550410502999862,0.147318720555966,0.134986322861758
"282.10387-11.512",4,0.164765038942354,0.127843097454862,0.259123483633021,0.448268379969764
"534.28968-10.375",1,0.605607412407402,0.151849554843533,0.10254249746484,0.140000535284225
"267.03007-8.306",3,0.091511243414229,0.0933714326606883,0.686364138233451,0.128753185691632
"511.2919-12.35",1,0.365701776771178,0.309175528603427,0.148315368179608,0.176807326445787
"295.22799-14.946",1,0.422364261695478,0.155861746524008,0.149615588682113,0.272158403098401
"545.31585-11.416",3,0.161768424556875,0.137395580418866,0.37889759266245,0.321938402361809
"571.25234-10.196",1,0.472969778907547,0.224463015961839,0.132609767622296,0.169957437508318
"529.24847-10.76",4,0.167534503371024,0.13478065747863,0.303400417080941,0.394284422069405
"436.24761-10.177",1,0.544922744849688,0.182285562771507,0.117048431629655,0.155743260749149
"278.10694-6.404",1,0.604477777742284,0.152384818438704,0.102819825050033,0.140317578768979
"265.14462-11.573",4,0.16747324687025,0.135515094231029,0.310822203562953,0.386189455335768
"194.08249-1.683",2,0.109203804930596,0.72614385384648,0.083379905970641,0.0812724352522834
"453.26508-16.927",3,0.132145528495154,0.141830289870098,0.551503559138155,0.174520622496593
"453.26508-16.926",3,0.132262026735417,0.14198248959585,0.551119810400096,0.174635673268636
"371.23015-7.542",4,0.166168437738078,0.130314382638367,0.271898385689701,0.431618793933854
"501.28947-16.273",2,0.166190749683409,0.609272897360358,0.110727381412208,0.113808971544025
"501.28948-16.271",2,0.120567011957156,0.693503602756969,0.094700869850217,0.0912285154356573
"633.36526-12.942",1,0.507779078204718,0.203035577783517,0.125380471340069,0.163804872671696
"338.58221-9.444",2,0.114865658715701,0.709776852466185,0.0890837829320695,0.0862737058860443
"387.07578-8.983",1,0.495081111464373,0.210603291592869,0.128093610648833,0.166221986293925
"394.26259-16.992",3,0.0688943795437321,0.0679089654863777,0.761384406677151,0.10181224829274
"485.29164-12.523",3,0.190911940702572,0.250173487522219,0.348541673741808,0.210372898033401
"399.27514-15.914",3,0.181867479830981,0.225143778423857,0.383783987548752,0.20920475419641
"457.23684-9.12",3,0.14894920490753,0.131873939656346,0.451372896862322,0.267803958573802
"457.2368-9.113",3,0.154723774512021,0.134865092061601,0.422035784144453,0.288375349281925
"209.01266-1.086",4,0.158603301414801,0.119724129868538,0.226619960519285,0.495052608197377
"429.19531-17.025",2,0.225177158233515,0.496738536592721,0.134452337162151,0.143631968011613
"423.27569-10.294",4,0.151732841524274,0.112342244978325,0.20360573205146,0.532319181445942
"130.08744-7.05",2,0.279944803745858,0.41023584883098,0.146572485347121,0.163246862076042
"585.34159-14.802",3,0.105837223958635,0.100195232668329,0.627065938112362,0.166901605260674
"320.1176-7.597",2,0.324858892782197,0.352557144889747,0.149719608629477,0.172864353698579
"517.31781-9.377",1,0.453417750335947,0.153412153675291,0.142773269685063,0.250396826303699
"500.76138-11.409",3,0.0868198890503818,0.0837498957785032,0.696739919097488,0.132690296073627
"612.19257-8.214",4,0.306555426960678,0.149976033557483,0.166067777720713,0.377400761761126
"597.29895-10.591",2,0.258729431108096,0.441578489595521,0.143025816357269,0.156666262939113
"455.3172-14.856",3,0.164377539937065,0.137670023705719,0.357850649200836,0.340101787156381
"447.31213-11.787",1,0.352364379291294,0.322494125521111,0.149152085333462,0.175989409854133
"274.82787-0.894",1,0.406122665398162,0.156557520939204,0.152928894645361,0.284390919017273
"387.23915-10.184",1,0.580994153036892,0.16375887916945,0.108529787475454,0.146717180318204
"453.31476-15.87",3,0.16112998768164,0.184183766701265,0.455721039538449,0.198965206078646
"681.22423-13.047",4,0.133589120868334,0.0956600974293454,0.162071558722894,0.608679222979427
"245.07806-1.1",4,0.080042993624556,0.0539329829602624,0.0824036955656857,0.783620327849496
"339.19994-16.906",2,0.188599147077754,0.467665194917794,0.183381687392259,0.160353970612193
"469.19327-7.096",1,0.56286721362343,0.135597686815161,0.115680383176065,0.185854716385344
"429.19561-9.646",4,0.163140996536839,0.125431125652516,0.248280487233782,0.463147390576864
"561.32225-10.601",2,0.266528693969498,0.429738777984542,0.1444944827761,0.159238045269859
"353.11633-7.003",3,0.0899324098291554,0.0864973830504639,0.685464998261187,0.138105208859194
"353.11635-7.006",3,0.0884733640013964,0.085211630384952,0.690755178197447,0.135559827416204
"387.15827-8.462",3,0.104926775094132,0.0994295851553155,0.630453239385651,0.165190400364902
"540.7747-10.324",3,0.142793667680696,0.156227627980976,0.516443494047912,0.184535210290416
"120.95494-0.913",4,0.166662006395402,0.136956561781363,0.331203671099708,0.365177760723527
"711.28282-8.947",2,0.162210655828891,0.617488720082802,0.108768606750631,0.111532017337676
"134.07427-12.006",4,0.333567914141042,0.153815369272186,0.164151553163513,0.34846516342326
"338.17247-7.43",1,0.351046439645223,0.323852764207911,0.149216168608073,0.175884627538792
"285.13456-8.736",4,0.238440113719698,0.132505920030116,0.161802788304827,0.46725117794536
"597.05652-6.911",1,0.4160810483817,0.265093386053044,0.142563369667249,0.176262195898006
"269.10329-6.28",1,0.359023041054767,0.155960123382462,0.161046423788279,0.323970411774492
"393.19577-8.663",1,0.543007645133213,0.139694089326821,0.120799765705862,0.196498499834103
"398.9831-8.108",1,0.342802009253127,0.154752652330956,0.163153802634753,0.339291535781164
"398.98309-8.118",1,0.351972797111621,0.155502662425087,0.16201445706668,0.330510083396612
"397.16694-10.612",2,0.200256387615451,0.54201925418476,0.125715676229675,0.132008681970114
"187.01453-6.566",3,0.157677323975116,0.136129043396648,0.405377676054556,0.30081595657368
"355.13981-9.48",1,0.535312309171258,0.141192593565072,0.122767259389837,0.200727837873832
"377.1972-8.352",3,0.167866767489571,0.19598028116745,0.433005650708048,0.203147300634931
"388.29891-15.739",4,0.112189618003902,0.0782546934816158,0.126455766547072,0.68309992196741
"185.0821-8.111",1,0.723825569400577,0.0936010132096342,0.0731409926427811,0.109432424747007
"303.05131-7.82",3,0.145066660949885,0.159445628141129,0.508955723863241,0.186531987045746
"453.28651-10.021",3,0.140358548704313,0.126588939252686,0.490519592007007,0.242532920035993
"497.34082-16.771",3,0.175864011738153,0.21165778832912,0.405367885819973,0.207110314112753
"497.34088-16.778",3,0.176003326960634,0.21195140945752,0.404876980817267,0.20716828276458
"278.10701-7.168",4,0.305945277908472,0.149869801997937,0.166091683125415,0.378093236968176
"181.0508-7.11",1,0.448256570815968,0.153914607905079,0.143949423566191,0.253879397712762
"509.04026-6.413",1,0.555852896686958,0.176521076817435,0.114504783530002,0.153121242965605
"509.04016-6.402",1,0.531322764472709,0.1896629998166,0.120159695363073,0.158854540347618
"795.45421-11.327",1,0.40540827338814,0.273698261852652,0.144073995222286,0.176819469536923
"349.20219-11.364",4,0.167532953422487,0.134937683688272,0.304892965403322,0.392636397485918
"173.0569-1.434",4,0.271992015271621,0.142542583957688,0.165804886243496,0.419660514527195
"281.10669-6.82",3,0.12418998221327,0.131669658779406,0.577735699395374,0.16640465961195
"402.19585-11.364",1,0.50011016969505,0.147341883917466,0.131614587348282,0.220933359039202
"313.098-1.651",4,0.129440156235277,0.0821874480411589,0.115609846974335,0.672762548749229
"258.14611-5.601",3,0.160637535154443,0.183361272476082,0.457368267023571,0.198632925345904
"171.83193-1.225",4,0.259943929181595,0.139260668809678,0.16483906504865,0.435956336960076
"356.25567-8.139",4,0.229098917899387,0.129216172723285,0.159915514772161,0.481769394605168
"561.33366-15.734",3,0.163819928434395,0.13766831586417,0.362817714664474,0.335694041036961
"371.16883-15.462",4,0.218087614869342,0.125066814747018,0.157219097497552,0.499626472886089
"401.16427-9.674",3,0.146045473526042,0.130180090066552,0.465063736944824,0.258710699462582
"491.16789-9.088",2,0.1262441565997,0.694372531440829,0.0895158729499956,0.0898674390094754
"378.13825-11.631",2,0.182014246121086,0.495916244857652,0.170346240298453,0.151723268722809
"325.12549-1.045",2,0.184139960604381,0.487170706320965,0.174288140236966,0.154401192837689
"538.18851-13.631",3,0.127094217322722,0.117188993421606,0.5455121571472,0.210204632108471
"496.27436-12.61",1,0.621852480063044,0.121753967282997,0.100231324608835,0.156162228045123
"525.27132-8.16",4,0.132115257906459,0.0836887444609907,0.117371636222516,0.666824361410034
"537.26321-10.814",3,0.106613571484585,0.110526456060144,0.635966703100526,0.146893269354744
"514.2851-8.183",1,0.587193384522071,0.16070866990454,0.107033348262158,0.145064597311231
"449.24458-11.579",3,0.158525709708267,0.136446391991616,0.4002838607659,0.304744037534218
"757.27355-10.412",4,0.293866621107258,0.147584130436073,0.166366592549754,0.392182655906915
"285.24363-16.981",4,0.159326130029004,0.120570135049374,0.229563690946428,0.490540043975194
"254.07832-1.648",4,0.23260141943466,0.130474649042613,0.1606653356963,0.476258595826427
"295.10367-1.469",1,0.580505954419144,0.131703409387225,0.111092221441565,0.176698414752066
"295.10369-1.449",1,0.346414358439735,0.155069294957514,0.162721909910203,0.335794436692549
"539.27907-10.81",3,0.110996674081793,0.115659918769712,0.621403727076485,0.15193968007201
"242.07595-1.017",2,0.202914259650516,0.373448975031698,0.235657006255428,0.187979759062358
"240.00077-1.121",1,0.560555398765319,0.174083198924654,0.113399685160986,0.151961717149041
"344.18285-5.817",4,0.166575038013213,0.137025423544455,0.332593114924262,0.363806423518069
"405.28608-10.327",4,0.231652478774362,0.130136636716792,0.160467233639486,0.477743650869359
"307.17652-5.723",4,0.299557638934318,0.148704578962624,0.166285064023159,0.385452718079899
"451.11712-8.78",4,0.316104630144606,0.151524742913793,0.165576101662291,0.36679452527931
"407.32818-13.266",1,0.628459776912638,0.120069479483324,0.0984857948571902,0.152984948746848
"287.11463-5.704",4,0.106573816052483,0.0739088918535016,0.118264236731011,0.701253055363004
"499.30745-12.805",3,0.122478743395464,0.129538995834982,0.583386695343722,0.164595565425832
"534.23753-13.516",4,0.167205239953527,0.136292749053937,0.320369368376929,0.376132642615607
"189.00494-1.006",2,0.202746193540677,0.375741959512146,0.23416075032291,0.187351096624267
"428.24722-11.821",4,0.130253830532753,0.0826451742439844,0.116148721087382,0.670952274135881
"107.05031-6.903",3,0.149637688077553,0.132259108352313,0.448039229105299,0.270063974464835
"186.11374-8.176",4,0.18666186639666,0.111676993612588,0.146557511964899,0.555103628025853
"361.22331-12.887",4,0.286227560786299,0.145956850584568,0.166333894941495,0.401481693687638
"677.30353-8.246",1,0.387949056774232,0.288583623965708,0.146229713954465,0.177237605305595
"370.88157-6.433",3,0.076086542776265,0.0741798059995099,0.735389589662479,0.114344061561746
"404.07577-5.903",2,0.139870996868163,0.664764851500923,0.0970916504135807,0.0982725012173335
"690.27945-17.913",4,0.167141525438084,0.136403530182268,0.321945541008705,0.374509403370944
"533.78507-11.154",3,0.0791946725315849,0.0769591493062876,0.724222977982885,0.119623200179243
"603.17867-1.097",2,0.286827627865132,0.40064885026392,0.147424535936026,0.165098985934922
"431.04442-8.94",2,0.203970318046228,0.335422829468426,0.262851623450127,0.197755229035219
"516.22802-9.871",1,0.670760962677018,0.122482020085176,0.0862354397925365,0.120521577445269
"593.27406-12.716",2,0.161738899564132,0.569091346866427,0.139922277919219,0.129247475650222
"454.68321-8.837",1,0.456955564109105,0.235111001899566,0.135684919244036,0.172248514747293
"453.17722-8.846",2,0.107887374429568,0.730100944013583,0.0819586411142086,0.0800530404426407
"385.30742-12.292",3,0.148687591360798,0.131725836139211,0.452630158790303,0.266956413709688
"451.25862-13.89",3,0.137851982672598,0.124910316557644,0.501303294484988,0.235934406284771
"493.30948-13.606",3,0.174249362589515,0.208312003631895,0.411029703385167,0.206408930393423
"485.25869-12.681",3,0.0879122253421515,0.0893807795282971,0.698420116940512,0.12428687818904
"561.2513-16.488",1,0.515921884829887,0.198318391583888,0.123600868164112,0.162158855422113
"491.22932-11.438",1,0.344639909830544,0.15491722845436,0.162936876322849,0.337505985392247
"523.14639-9.876",1,0.416415426926218,0.264829478903078,0.142513880201435,0.176241213969269
"477.25003-13.557",1,0.449411425905384,0.153805339652485,0.143687455594847,0.253095778847284
"471.32524-15.722",3,0.138179685348917,0.125132734256328,0.499906142099291,0.236781438295464
"202.10832-7.664",2,0.107169182916959,0.732346829101413,0.0811284359710136,0.0793555520106137
"714.35846-8.949",2,0.129302655841552,0.668400970598906,0.103425279162529,0.0988710943970126
"317.12442-7.411",1,0.450182087725829,0.15373140365318,0.143512246440865,0.252574262180125
"440.252-7.109",4,0.109368833307856,0.076063119042209,0.12229800852073,0.692270039129205
"485.14275-10.353",4,0.309902064213885,0.15054309329174,0.165920314339186,0.373634528155189
"417.16935-8.038",4,0.201233085005059,0.118162327458141,0.152059311511128,0.528545276025672
"492.34642-17.571",3,0.164592052188685,0.137659200650637,0.355842617210152,0.341906129950527
"213.07702-6.287",1,0.442245492771063,0.15445340409227,0.145301235940538,0.257999867196129
"526.28415-10.298",3,0.102999707086151,0.0978007311750797,0.637602202692462,0.161597359046307
"611.3727-12.62",3,0.164409273777117,0.137668859925706,0.357557317164488,0.340364549132689
"199.03375-0.995",2,0.239983588683674,0.471555366452783,0.138690434677242,0.1497706101863
"356.18294-6.54",1,0.40826593473218,0.156490353893783,0.152504051667728,0.282739659706308
"373.08264-8.25",3,0.137391510302413,0.148794331909157,0.534229414617342,0.179584743171088
"373.08267-8.248",3,0.13716046159092,0.148482631173427,0.534990042473377,0.179366864762275
"229.14464-9.43",2,0.286510859802448,0.401083917550161,0.147388433883637,0.165016788763754
"702.28086-9.671",1,0.44966242943998,0.153781348140027,0.143630424449317,0.252925797970677
"581.27155-8.77",4,0.117546104319219,0.0753939515477949,0.107444666607189,0.699615277525797
"497.20584-14.094",4,0.127525761615425,0.081106843253904,0.114331769807222,0.67703562532345
"350.13599-5.711",1,0.543939401542607,0.182811156516595,0.117275466416343,0.155973975524455
"269.21235-16.129",3,0.15276458366821,0.133916238278051,0.432379003822371,0.280940174231368
"381.02876-8.729",4,0.163144712071844,0.125436315629923,0.248302482878436,0.463116489419797
"605.33395-10.9",1,0.467259226669937,0.151890092383272,0.139555168220128,0.241295512726663
"613.0514-7.285",1,0.389507380872701,0.287211769477798,0.146054554966627,0.177226294682874
"289.0832-7.865",1,0.575334276044583,0.13286876233375,0.112440919991068,0.179356041630599
"302.15125-6.975",3,0.161751436410432,0.137391992947935,0.379020119271394,0.321836451370239
"333.2074-12.21",2,0.14984269617073,0.607086880872347,0.125474887172196,0.117595535784727
"473.32796-11.774",3,0.176793158579575,0.2136316416992,0.402086150557593,0.207489049163631
"457.33285-14.347",4,0.165563219743358,0.137503302765958,0.34582803917596,0.351105438314725
"617.40655-15.977",1,0.472984102768217,0.224453733321624,0.132606938066481,0.169955225843678
"439.28357-14.43",4,0.125182648436013,0.0886279225186356,0.147032756849575,0.639156672195777
"251.05623-6.341",4,0.164475401978778,0.127387818457454,0.256972433662157,0.451164345901611
"359.06221-1.187",1,0.370698859823198,0.156497337846983,0.159283553120175,0.313520249209644
"523.25553-11.68",4,0.1538517257852,0.0954788577913379,0.130587478290622,0.62008193813284
"266.07847-1.595",4,0.148802584610126,0.109440851794871,0.195556289894713,0.54620027370029
"350.08025-8.354",3,0.17587764533409,0.211686486800565,0.40531986265146,0.207116005213885
"350.08026-8.358",3,0.177915573377225,0.216066866380827,0.398096299614047,0.2079212606279
"485.22219-7.713",3,0.146646476468647,0.130539333857558,0.462274992230376,0.260539197443418
"506.32588-15.768",4,0.166411817052991,0.130815515634164,0.274767658798518,0.428005008514327
"215.09264-7.033",2,0.201150561898438,0.297231343227004,0.295971405601288,0.20564668927327
"280.10399-1.062",1,0.389663325998,0.156811289028002,0.156049133708248,0.29747625126575
"299.18659-8.932",4,0.178947948992312,0.108059742535528,0.143247772257227,0.569744536214932
"653.3397-9.366",2,0.271086604382744,0.42299102351265,0.145263352987444,0.160659019117162
"287.15025-9.162",3,0.0903876986826357,0.0921222958005444,0.690126140020762,0.127363865496058
"273.17098-7.993",4,0.167288328869925,0.136122651181077,0.318074777308039,0.378514242640959
"505.2732-12.525",3,0.0844593937976815,0.0855788497902447,0.709999285654593,0.119962470757481
"328.18805-6.344",3,0.131778666979181,0.120643976992711,0.526612197397654,0.220965158630454
"274.14109-1.083",1,0.396633985034851,0.281048057756855,0.145209282755497,0.177108674452798
"487.34348-11.991",2,0.175843557550353,0.51983157403409,0.159940932571264,0.144383935844294
"475.33127-16.902",3,0.164620557697535,0.137657222514866,0.355571168790197,0.342151050997402
"198.04097-1.451",4,0.167508320629315,0.134307642032571,0.299152567425767,0.399031469912347
"198.04098-1.462",4,0.0807880282572589,0.0545069887650242,0.0834493475840455,0.781255635393671
"223.0614-6.208",4,0.0792277475434126,0.0532914748670718,0.081209517487808,0.786271260101708
"728.36927-13.046",1,0.717606578250844,0.102745123256515,0.0742470090520549,0.105401289440586
"317.16082-7.698",4,0.134775310287734,0.0851712909204453,0.119095136320001,0.660958262471819
"609.36512-10.16",1,0.746994312386517,0.0906608083745392,0.0666652944698966,0.0956795847690471
"554.66294-8.542",1,0.491821996484346,0.212589675698097,0.128776782773695,0.166811545043862
"134.07425-12.541",1,0.767334468269875,0.0815663977422159,0.0614611111304195,0.0896380228574898
"539.287-13.553",1,0.736777357702485,0.0948596995947562,0.0693038846626334,0.0990590580401258
"439.20918-6.985",4,0.170678540848824,0.104047390059723,0.139394054339908,0.585880014751546
"351.21784-8.094",4,0.297641150415113,0.148335965287916,0.16632229863028,0.387700585666691
"391.119-11.388",3,0.151514838561739,0.13327320071119,0.438749059199888,0.276462901527183
"289.92083-7.726",1,0.460451505122367,0.232739124012588,0.135029299023756,0.171780071841289
"199.13416-9.21",1,0.42860399193737,0.155483451927131,0.148289510720553,0.267623045414946
"497.34099-16.607",2,0.272287025578043,0.421234808569398,0.145455000881655,0.161023164970904
"433.11452-6.323",4,0.195582297815888,0.115702546014515,0.150041680254855,0.538673475914743
"404.25754-12.536",1,0.491615837128308,0.148636313988993,0.133702549222673,0.226045299660025
"382.11463-6.571",1,0.359240335085986,0.155972608835162,0.161015387511761,0.323771668567091
"464.09041-6.231",4,0.236809318931066,0.131946982643119,0.161499079551477,0.469744618874338
"523.28409-12.211",2,0.203703140460775,0.326729481859489,0.269803098557293,0.199764279122442
"401.17327-8.647",4,0.0787783664162647,0.0524556024347352,0.0787364444121505,0.79002958673685
"374.20083-11.652",2,0.246259211946661,0.461281103012585,0.140269610193387,0.152190074847367
"687.29442-8.506",1,0.505058655864103,0.20463462237039,0.125968324789545,0.164338396975963
"330.96636-6.486",1,0.42975622612634,0.254566847132853,0.14044016496427,0.175236761776537
"413.13058-1.105",3,0.190041011945094,0.247401946162786,0.352160829908741,0.210396211983379
"319.08597-7.764",2,0.232898547315969,0.483441671868426,0.13675218323388,0.146907597581725
"114.01975-1.439",4,0.194446824060093,0.115199737817807,0.149618573817575,0.540734864304526
"609.36513-12.941",4,0.164436578793966,0.127327783477746,0.256692751942073,0.451542885786216
"553.31539-15.371",2,0.185887222181978,0.479735552356159,0.177703201534535,0.156674023927328
"679.84314-11.449",4,0.192681577575545,0.114412445943512,0.148949007324256,0.543956969156687
"455.31686-15.433",3,0.0791989087241373,0.0798244599353239,0.727655511238414,0.113321120102125
"524.30566-14.231",2,0.267485349747601,0.428312039197386,0.14466129141097,0.159541319644043
"492.31012-15.14",1,0.402512794904519,0.276095335606969,0.144459722613589,0.176932146874923
"239.12903-8.559",2,0.185215955810908,0.48262063291686,0.176370843600424,0.155792567671808
"282.86649-1.428",4,0.167480704766592,0.134076501673063,0.297194869866655,0.401247923693691
"356.18295-6.061",1,0.61065969997791,0.124551388882394,0.103182961888994,0.161605949250701
"263.07104-5.964",4,0.169263671449652,0.103347368226023,0.138703138030871,0.588685822293454
"427.19785-7.556",4,0.285379627389782,0.145767447116399,0.166319825428209,0.402533100065611
"482.28786-8.58",1,0.378618376436167,0.296985690036485,0.147201896005403,0.177194037521946
"452.24242-9.044",4,0.0893922826998599,0.058700500149742,0.0863655107247025,0.765541706425696
"139.92186-0.895",3,0.156240185665436,0.135542153925353,0.413668804681851,0.29454885572736
"775.87502-9.279",1,0.597924036494873,0.127643517723741,0.106531989823612,0.167900455957774
"402.19583-9.854",1,0.726741366724572,0.0989808344139448,0.0718934486642451,0.102384350197238
"266.00486-1.036",3,0.163721936150336,0.13766407258715,0.363657536260414,0.334956455002101
"509.26047-8.763",1,0.533085241267161,0.188693424762233,0.119760111839726,0.158461222130879
"372.21414-6.427",4,0.166408499284569,0.137140579245656,0.335101243579967,0.361349677889808
"316.16688-7.653",3,0.161106445630103,0.137243081561558,0.383573615068225,0.318076857740113
"635.41708-14.772",4,0.160720684809807,0.0990396600666074,0.134337070214865,0.605902584908721
"387.22527-1.579",4,0.307224714644373,0.15009154989977,0.166040489971437,0.376643245484419
"333.17114-9.502",1,0.442437239011338,0.154437001662881,0.145258427579422,0.257867331746359
"538.32144-11.996",2,0.182612437708401,0.493485741181473,0.171433894870089,0.152467926240037
"361.12927-7.707",2,0.203632601233345,0.360958726798169,0.24407166442369,0.191337007544797
"249.06175-1.444",1,0.454793095156181,0.153272173358332,0.142457556853629,0.249477174631858
"390.27823-17.126",4,0.166619364135572,0.131273070431644,0.27749035613794,0.424617209294844
"619.27807-8.945",3,0.160613009806323,0.137113781118766,0.386939377132444,0.315333831942467
"416.31729-16.701",3,0.153927185587333,0.172601014179693,0.479692566978315,0.193779233254659
"258.14607-1.079",4,0.164496089781763,0.127419900990773,0.257122265424722,0.450961743802741
"585.14741-9.914",3,0.0696196713632494,0.0684937373174663,0.758707769229914,0.10317882208937
"132.92351-0.946",1,0.569502118955826,0.134159779302138,0.113958535851387,0.182379565890649
"335.18664-11.464",3,0.0893153227494001,0.0859540766379474,0.687703511662967,0.137027088949686
"203.05632-1.11",2,0.167128738122678,0.550945577812975,0.147103794501495,0.134821889562853
"395.29172-15.322",4,0.143114900725671,0.104079888080263,0.181733094868406,0.571072116325661
"449.28348-15.706",2,0.204025471699163,0.339462924506075,0.259724003073498,0.196787600721263
"449.28359-15.712",2,0.115153160890679,0.718603019955563,0.08327937944551,0.0829644397082489
"352.28575-16.694",4,0.145117771993076,0.105932796420279,0.1863749461372,0.562574485449446
"472.25585-8.091",1,0.51041946162582,0.145667767398836,0.129053407651707,0.214859363323637
"189.03019-7.059",2,0.296623186507529,0.387484430315413,0.148396063212361,0.167496319964698
"435.2869-11.17",2,0.202123587274968,0.383221601306989,0.229377796815525,0.185277014602518
"601.33885-14.034",2,0.204778116866236,0.53354286986407,0.127447156293236,0.134231856976457
"411.26734-15.423",2,0.203539648079649,0.323291274690283,0.272640215526367,0.200528861703702
"411.26703-15.446",1,0.677025607633873,0.107025812423789,0.0856047598545231,0.130343820087814
"255.93639-7.064",2,0.255393484909194,0.446756057060101,0.142337978579421,0.155512479451285
"485.33837-14.347",2,0.262048727569276,0.436494257878619,0.143674641717519,0.157782372834587
"520.31072-16.436",2,0.255556351444025,0.446501699632475,0.142372395500357,0.155569553423142
"373.15059-9.551",2,0.197384179461723,0.547461312211195,0.124583026337955,0.130571481989126
"515.12358-7.062",4,0.208825645106741,0.121353945091622,0.154541277562721,0.515279132238916
"201.05184-1.097",2,0.201486797657244,0.389784125434224,0.225298699301789,0.183430377606742
"508.94456-7.991",1,0.767266367353721,0.0817085888855981,0.0614701306462609,0.0895549131144198
"538.3215-10.627",2,0.322224369148009,0.355634141287953,0.149683071326705,0.172458418237333
"626.26474-10.406",2,0.261736855861039,0.436969094465563,0.14361518452872,0.157678865144678
"354.3014-17.688",4,0.134546545636886,0.0850442024342003,0.118948039623594,0.66146121230532
"285.17093-10.55",3,0.159810681600666,0.136878545097305,0.392224537819217,0.311086235482813
"285.17092-10.553",3,0.0682854874126852,0.0675706131129923,0.763814658415328,0.100329241058994
"346.16216-5.536",2,0.285752150771831,0.402128376299783,0.14730075219897,0.164818720729416
"299.08871-1.46",3,0.164334937688658,0.189662481393327,0.444960873297425,0.20104170762059
"337.20566-16.42",3,0.128873112568248,0.118516216628087,0.538389238999195,0.21422143180447
"459.2731-13.034",3,0.108197411655242,0.112372187149567,0.630700991716696,0.148729409478494
"554.1567-8.362",2,0.26966022225521,0.425089160099648,0.145029765892547,0.160220851752595
"219.08161-16.901",3,0.199532031414386,0.286516132415586,0.306627255517126,0.207324580652902
"508.22184-13.069",3,0.163203460431275,0.137624697968022,0.367960908588164,0.331210933012539
"459.28879-12.993",3,0.141517887691139,0.1273468773019,0.485450840755307,0.245684394251654
"281.11457-2.423",3,0.117463818640442,0.123392992002385,0.599968567303829,0.159174622053344
"367.2128-8.152",4,0.161216577398509,0.122880090841993,0.238032453763559,0.477870877995939
"517.29404-16.446",4,0.2130481396478,0.123071524209113,0.155809303392264,0.508071032750822
"514.89368-0.968",2,0.174969913224487,0.523072689988717,0.158569240930457,0.143388155856338
"535.18874-1.053",2,0.228735708753538,0.490566278563147,0.135536514485322,0.145161498197993
"501.28943-16.12",4,0.0974846857342474,0.0670042168785763,0.105639451222545,0.729871646164632
"196.07296-1.092",2,0.162972447832383,0.564998851111224,0.141524403515071,0.130504297541322
"258.18249-1.431",4,0.137697436407695,0.099221437707096,0.170131687764217,0.592949438120992
"409.06018-7.899",2,0.189325042811092,0.464306151926739,0.184993368739092,0.161375436523077
"614.27694-14.445",4,0.160441570469035,0.121914068690395,0.23440845868419,0.48323590215638
"616.30549-12.412",3,0.141354286353104,0.127240664055366,0.486169471228524,0.245235578363006
"525.28409-14.242",4,0.287983400635744,0.146343463386784,0.166356291772889,0.399316844204582
"617.3342-13.942",1,0.716234950918973,0.103311999985989,0.0746000607426898,0.105852988352348
"471.13329-11.575",1,0.464363282946808,0.152229032455162,0.140235668696185,0.243172015901845
"611.38074-11.589",4,0.116192408671516,0.0746092562271972,0.106482632124279,0.702715702977008
"567.26165-10.276",4,0.268694893237697,0.141680315755571,0.165589759965605,0.424035031041128
"325.11432-1.087",4,0.184537715574788,0.110693308542557,0.145673617979291,0.559095357903364
"298.18473-11.022",1,0.624137140035378,0.121174217846498,0.0996280026246781,0.155060639493446
"271.10365-1.02",1,0.722555264111798,0.0939727352001538,0.0734797707238745,0.109992229964173
"271.10368-1.023",1,0.522809152574335,0.143513950925868,0.125940958284386,0.207735938215411
"322.14114-5.525",1,0.48902783618367,0.149014877387777,0.134334312943294,0.227622973485259
"499.26846-14.082",2,0.20369779758073,0.3266048696256,0.269905031779523,0.199792301014147
"156.03035-1.444",3,0.138862278958792,0.150789990396877,0.529387621287154,0.180960109357177
"545.17329-1.107",2,0.231031720346578,0.48662388341993,0.136214042174766,0.146130354058726
"309.20735-12.875",4,0.167176856874669,0.136343864887271,0.32108796434802,0.37539131389004
"276.82461-0.888",3,0.190210280603719,0.247932775698728,0.351462508958535,0.210394434739018
"413.12451-10.082",3,0.0742709255955091,0.0744490907896214,0.744186235372671,0.107093748242199
"118.93079-0.997",4,0.164452628649135,0.127352575486061,0.256808139939246,0.451386655925558
"535.30611-12.726",1,0.351261454580638,0.323630572735048,0.149205950855364,0.17590202182895
"538.26856-15.566",4,0.249356518422701,0.136078395503167,0.16356407495583,0.451001011118301
"348.10254-6.751",1,0.587191925861744,0.130169108893028,0.109344837804896,0.173294127440332
"409.19062-8.509",3,0.0955400288325909,0.097877941277835,0.672887860420196,0.133694169469379
"160.9155-0.986",2,0.180811593418714,0.500735975481149,0.168206668257054,0.150245762843083
"611.38096-11.756",4,0.112721714564568,0.0725874513966599,0.10398742771127,0.710703406327502
"311.223-12.888",1,0.528014889119576,0.191494018591066,0.120906572628994,0.159584519660363
"181.08717-7.533",3,0.154175788359718,0.172986051579224,0.478868777751283,0.193969382309775
"374.15717-5.238",1,0.425656650530903,0.257666369251882,0.141097392457274,0.175579587759942
"523.23773-10.949",4,0.179373085748456,0.108262303997302,0.143437356462718,0.568927253791523
"793.43896-10.519",1,0.608095962861196,0.12518182502314,0.103858002072819,0.162864210042845
"517.30786-14.731",4,0.152873304003828,0.113504063905391,0.206964012147039,0.526658619943742
"380.84478-0.942",4,0.156286228531312,0.117118373617733,0.217999136838159,0.508596261012797
"672.30677-10.756",1,0.477661845965158,0.221444270253921,0.131675842964066,0.169218040816854
"225.07702-5.892",4,0.0944201064179725,0.0647041771041787,0.101519266683031,0.739356449794818
"289.89746-6.571",4,0.167515859768772,0.135213848751022,0.30763476936385,0.389635522116355
"447.15609-7.165",4,0.158896129587934,0.0981020848396775,0.133361706927301,0.609640078645087
"321.08633-1.803",4,0.164355770493272,0.127203527340485,0.25611672709003,0.452323975076212
"464.0904-6.003",1,0.635240035174773,0.118316518005094,0.0966924523163601,0.149750994503773
"410.27371-16.141",4,0.214274884494365,0.123562732148209,0.156162811367096,0.505999571990329
"263.09607-8.121",1,0.469844415423163,0.226498426288162,0.133223923188948,0.170433235099727
"297.24364-16.11",4,0.16269862558914,0.124821549323574,0.245731981317007,0.466747843770279
"465.23938-10.19",3,0.161332527973112,0.137298005215218,0.381998563680363,0.319370903131307
"503.30224-11.469",3,0.113773567485321,0.106752914140555,0.597235510284833,0.182238008089291
"441.10443-7.465",4,0.221079875460335,0.126223119626703,0.158003494199493,0.494693510713469
"192.06683-7.579",1,0.709023415135434,0.106301062716074,0.0764546146375503,0.108220907510941
"309.17426-16.424",2,0.329335062743276,0.34741125633444,0.149743321598853,0.173510359323431
"359.24395-11.309",4,0.190077629461092,0.113238730069791,0.147935073749237,0.548748566719879
"139.05139-1.091",3,0.184381967667389,0.231404198944114,0.374408109191741,0.209805724196756
"344.11009-1.577",4,0.322042956612123,0.152381207867328,0.165164236149259,0.360411599371291
"495.28894-12.444",3,0.125997769358393,0.116362205790508,0.549872375737255,0.207767649113844
"215.09264-7.796",2,0.334509278184477,0.341589246319073,0.149712157027313,0.174189318469137
"487.30784-12.754",4,0.164817951300866,0.127927771031152,0.259529583163432,0.447724694504551
"155.10784-8.891",1,0.371652016228872,0.156529351395856,0.159131447984084,0.312687184391188
"562.22486-14.99",3,0.162196196859155,0.137479752854235,0.375763976084996,0.324560074201614
"428.04437-1.127",1,0.478833120744457,0.220697484195181,0.131440545827392,0.16902884923297
"364.18019-7.718",2,0.220337167921408,0.505253452859646,0.132911472744599,0.141497906474348
"267.12393-8.993",3,0.195850780447647,0.26833176726842,0.326387423219769,0.209430029064163
"403.16138-6.171",4,0.173639048311296,0.105499479328358,0.140809965512999,0.580051506847347
"275.07832-1.742",3,0.15932212441851,0.136721706532645,0.395342623053431,0.308613545995414
"689.32195-10.611",4,0.161122630859686,0.0992453898649258,0.134549923740392,0.605082055534995
"489.27123-10.788",1,0.363131376610819,0.311682713431375,0.148502420769886,0.17668348918792
"283.06095-8.058",1,0.442380810599678,0.154441834102314,0.145271027711968,0.257906327586039
"455.17774-6.15",1,0.342696110659717,0.154742949414905,0.163166121953396,0.339394817971982
"647.36304-12.953",2,0.202712550347005,0.376183928539826,0.233874000898325,0.187229520214844
"575.2869-12.793",1,0.403882302088456,0.156619498158149,0.153368663610443,0.286129536142951
"305.16082-6.841",4,0.154337556480655,0.115027223136959,0.21149901606127,0.519136204321116
"442.22723-11.117",2,0.181888882364523,0.496422740992806,0.170120325533055,0.151568051109615
"247.15522-7.486",1,0.752967171006356,0.0881878189722589,0.0651230599068039,0.0937219501145807
"457.26738-7.365",4,0.148027778283215,0.108691367886813,0.193547678932972,0.549733174897
"693.2944-8.963",2,0.253297205680596,0.45004440881321,0.141887314819566,0.154771070686628
"552.30077-10.474",2,0.300358666402738,0.382610107612531,0.148694129967802,0.168337096016929
"383.09211-6.553",3,0.156714874655792,0.176975597111694,0.470442400959353,0.195867127273161
"517.31776-9.711",3,0.156550843657411,0.176714623335562,0.470987522472841,0.195747010534186
"591.35472-13.209",2,0.202551206142378,0.378234827676884,0.232550262753327,0.18666370342741
"389.07282-1.162",1,0.383307229142347,0.156780681685064,0.157179929507254,0.302732159665335
"271.22798-16.886",3,0.089755545578491,0.0914208423903065,0.69224347314772,0.126580138883483
"567.3185-14.678",1,0.662952084390979,0.110915390654218,0.0893447684957966,0.136787756459007
"291.18155-6.547",3,0.165058829808517,0.137608932624391,0.351243821906458,0.346088415660634
"469.28119-10.057",3,0.11153915407753,0.104928974532945,0.605693790288872,0.177838081100653
"363.18153-8.242",3,0.0793373211639264,0.0770866939247389,0.723710191488927,0.119865793422408
"259.09773-8.841",1,0.374072429845294,0.156602765037902,0.158739936471182,0.310584868645622
"482.18602-10.759",1,0.503665858736195,0.205457903669436,0.126267942006348,0.164608295588022
"470.22228-9.221",2,0.201167099251716,0.297355955436955,0.295851422952394,0.205625522358936
"482.20615-12.951",4,0.236894813767291,0.131976447362377,0.161515269120343,0.46961346974999
"304.61471-7.198",2,0.325795097575072,0.351472367034449,0.149728532026886,0.173004003363594
"297.94238-6.43",3,0.152845171252014,0.17093624355738,0.483275747082364,0.192942838108243
"536.20922-14.704",4,0.153721933525913,0.114382240993258,0.209559474342244,0.522336351138585
"203.12895-8.009",1,0.436315780684832,0.249702864234838,0.139353968478752,0.174627386601577
"473.32778-10.369",3,0.163280071674752,0.137632198960735,0.367338882095989,0.331748847268524
"215.06752-1.454",2,0.200111026366714,0.542293602162774,0.125658962471002,0.13193640899951
"522.23745-14.062",1,0.476472882063111,0.150742279771416,0.137367040968813,0.235417797196659
"289.03897-7.048",1,0.345004793251251,0.330182762324222,0.149464759701712,0.175347684722815
"260.15052-6.37",4,0.190784926667707,0.11355899113383,0.148213580959154,0.547442501239308
"361.06488-1.082",1,0.423730924601058,0.155784019435756,0.149327496065333,0.271157559897853
"331.01325-7.371",1,0.488155490812958,0.149140782614017,0.134546778537881,0.228156948035144
"186.07734-1.444",4,0.203913314110817,0.119303989134052,0.152965296004684,0.523817400750448
"272.08907-1.655",2,0.275846847588241,0.416077947280668,0.145996965255175,0.162078239875916
"391.18929-9.63",2,0.118638804109839,0.711008720680687,0.085225185700535,0.0851272895089387
"591.17881-1.091",2,0.166347929607357,0.608949853392285,0.110803910999706,0.113898306000652
"252.08792-6.415",1,0.581000370179676,0.163755802083668,0.10852829092923,0.146715536807427
"332.15312-11.871",2,0.136907927789277,0.646164694624933,0.11127690569276,0.105650471893029
"198.07734-1.048",4,0.15664092931146,0.117508048522595,0.219249111905517,0.506601910260428
"793.43897-10.523",1,0.607858375579422,0.125240049049285,0.103920538500306,0.162981036870987
"693.84059-10.519",1,0.420787789851997,0.155947789782577,0.149946218937955,0.273318201427471
"333.19221-7.993",3,0.127622315785855,0.117584864884841,0.543404054528486,0.211388764800818
"503.2262-10.336",1,0.414585877956681,0.156248159745338,0.151228718414858,0.277937243883123
"560.27276-10.365",4,0.0945151110126487,0.0647753142931061,0.101646176454096,0.739063398240149
"340.22429-7.506",4,0.161912477513099,0.123774458795639,0.241505509721026,0.472807553970236
"341.1008-7.321",3,0.0898419727962412,0.0915166876159779,0.691953965887541,0.12668737370024
"359.28046-10.672",4,0.1176548154099,0.0825571606754846,0.13479558286735,0.664992441047265
"416.25769-12.049",1,0.538871668655836,0.185538857281008,0.118440505045208,0.157148969017948
"496.2219-13.15",3,0.0758029227833108,0.0739264036318613,0.73640827435575,0.113862399229078
"271.22803-14.349",4,0.146907956951459,0.107619737986397,0.190721553142585,0.55475075191956
"162.01983-1.792",2,0.329205188553356,0.347559121934604,0.149743303634998,0.173492385877042
"443.25749-9.066",3,0.136256946675934,0.123815712739446,0.508053588903783,0.231873751680837
"695.29205-8.25",2,0.334441131657776,0.341665057097199,0.149712966868295,0.17418084437673
"519.15745-1.082",2,0.182262685852687,0.494909584776707,0.170796003609708,0.152031725760898
"220.06169-6.973",3,0.133418511811362,0.143499197040499,0.547310747446027,0.175771543702112
"592.79859-12.186",4,0.101609799614975,0.0660269365809032,0.0957453202966799,0.736617943507442
"325.11435-1.664",1,0.406932973916071,0.156533028390946,0.152768743306975,0.283765254386007
"248.00976-7.141",3,0.180361876102884,0.221585943975065,0.389290487525339,0.208761692396713
"391.19886-7.773",4,0.11840679638803,0.0831555567537306,0.135975858678751,0.662461788179488
"380.31713-17.303",4,0.149525682376921,0.110146616294881,0.197473083896092,0.542854617432106
"301.10427-1.105",4,0.110960469495739,0.0772974576142066,0.124632735312365,0.68710933757769
"614.33171-13.981",4,0.113282741832778,0.0729152187099825,0.104393510745885,0.709408528711355
"379.21288-8.611",1,0.415275554400894,0.156217794524894,0.151087575128915,0.277419075945297
"470.27617-10.743",3,0.150139972944753,0.166849121980722,0.492220190020123,0.190790715054402
"556.24876-10.6",2,0.119339213371539,0.709478105002286,0.0856191965770994,0.0855634850490755
"245.13957-9.332",4,0.118021927337931,0.0756692401602446,0.107781295495206,0.698527537006619
"213.04941-1.006",2,0.203848224835057,0.330619799411075,0.266653836258342,0.198878139495525
"315.20403-1.548",3,0.135364620544922,0.123194955862579,0.511795658193079,0.22964476539942
"430.299-16.478",3,0.110929275039537,0.115580359907628,0.62162744260197,0.151862922450864
"254.01306-6.819",4,0.10620585694577,0.0736264937170155,0.117739120060288,0.702428529276927
"577.3026-14.541",2,0.303877334454813,0.378091137401801,0.14893930382993,0.169092224313456
"532.77719-10.792",3,0.176107157137998,0.212170771016707,0.404510854552269,0.207211217293027
"340.2243-7.024",3,0.162925128475025,0.137592948050559,0.370184057371946,0.32929786610247
"389.09143-8.304",4,0.26230711671009,0.139932879069178,0.165068087411885,0.432691916808847
"517.29392-9.752",1,0.353425293117571,0.32140613891414,0.149097990492076,0.176070577476213
"577.37526-13.315",4,0.121545676713834,0.0776990988495897,0.110249017250065,0.690506207186511
"322.14117-5.818",4,0.323776506249414,0.152616030509674,0.16502946312352,0.358578000117392
"175.09771-7.947",1,0.402560665221716,0.276055481427955,0.144453432640658,0.176930420709672
"381.24155-15.39",4,0.270735462017419,0.142217151267786,0.165727163529142,0.421320223185654
"563.32334-13.403",2,0.325199793127135,0.352161620942323,0.149723102828479,0.172915483102063
"197.15489-9.22",4,0.124001630135776,0.0876629248397074,0.14504619682452,0.643289248199997
"172.02529-1.108",1,0.488430630763959,0.149101164725174,0.134479793098352,0.227988411412515
"235.08849-8.14",2,0.232002959773899,0.484965691969013,0.136495443337234,0.146535904919855
"245.87049-0.893",3,0.153819237299902,0.134436611413721,0.426870175246508,0.284873976039869
"311.18661-11.481",4,0.166434969958947,0.137123587778338,0.334714535153975,0.36172690710874
"442.23523-11.078",3,0.0844194643613383,0.0855350169348909,0.710133251200484,0.119912267503287
"279.90809-1.469",2,0.210152744864696,0.523615145626232,0.129421942070983,0.136810167438089
"499.32002-12.188",4,0.158110896038465,0.119157647109747,0.224690882968151,0.498040573883637
"551.27892-11.749",4,0.0832731401470052,0.0550330094368435,0.0817080408792855,0.779985809536866
"227.12905-6.861",3,0.0685698835075626,0.0680314827898343,0.763043845227184,0.10035478847542
"593.15202-7.129",1,0.733971803659702,0.0906256431454534,0.0704339473672696,0.104968605827576
"353.07276-1.44",4,0.284615344341138,0.145595219805375,0.166305311835684,0.403484124017803
"379.16126-7.254",1,0.481088969624457,0.219266677742031,0.130984999036712,0.168659353596801
"299.18663-9.87",3,0.163032055370881,0.137605958435087,0.369336604259743,0.330025381934289
"521.26818-11.575",3,0.115423789910711,0.120931611047422,0.606723662662854,0.156920936379013
"459.13037-7.379",4,0.0787541412963098,0.0524432083913104,0.0787260833309967,0.790076566981383
"181.05075-7.524",2,0.203112046306756,0.316435883453403,0.278454770128102,0.201997300111739
"443.09878-8.853",1,0.592078433954927,0.129028559070601,0.108065256807272,0.1708277501672
"283.15533-8.135",3,0.162483107971636,0.137529146326685,0.37360641706495,0.32638132863673
"353.23347-10.722",4,0.167445260539264,0.135648022400556,0.312304667817684,0.384602049242495
"507.30981-17.063",1,0.688178054628959,0.115040634077335,0.0817969723304579,0.114984338963248
"221.99971-0.996",1,0.521334501574169,0.143778131886263,0.126313206154382,0.208574160385185
"221.99978-1.013",2,0.248032201625271,0.458421882176064,0.14069237715054,0.152853539048125
"639.32136-12.755",4,0.137470446701851,0.0990221444178823,0.169671500490459,0.593835908389807
"505.1782-1.056",2,0.192458225666929,0.556897344814926,0.122582004408337,0.128062425109808
"553.13383-6.399",1,0.554831762595601,0.177053732431627,0.114743926221114,0.153370578751659
"553.13378-6.398",1,0.562766691122071,0.172945236821006,0.112877921257078,0.151410150799846
"499.27375-11.772",3,0.159980778755802,0.136930824236618,0.391121917901406,0.311966479106174
"209.0796-8.442",1,0.712702313196739,0.0968459936950552,0.0761065371557919,0.114345155952414
"313.09319-5.908",1,0.365213501078387,0.309649660790575,0.148351815896647,0.17678502223439
"201.05861-16.907",1,0.385980530534288,0.290329234232423,0.146445859566064,0.177244375667226
"337.03909-6.481",3,0.0996442713626361,0.0949391047273856,0.649987959632679,0.155428664277299
"359.04435-8.008",1,0.766081085097254,0.0816084053750677,0.0618210749202667,0.0904894346074121
"246.06209-1.702",3,0.133807035367159,0.144011145330788,0.546031247273906,0.176150572028148
"410.23162-12.14",4,0.167528799919152,0.134581163514107,0.301566124463852,0.396323912102889
"660.28521-8.871",1,0.651791689036836,0.130759740232558,0.0910372880741483,0.126411282656458
"593.2602-8.155",1,0.462100963344619,0.231629450781212,0.134716810799882,0.171552775074287
"452.21979-7.135",3,0.163622000583128,0.137658645594489,0.364504869096445,0.334214484725938
"364.99746-6.526",3,0.074869414592751,0.0730930965899214,0.739761474780951,0.112276014036377
"437.29132-12.235",3,0.144191627264227,0.12904595939524,0.473535962958048,0.253226450382486
"505.27324-14.522",3,0.0825459741897361,0.0834813798943738,0.716420144047825,0.117552501868066
"114.01973-1.103",4,0.148423587875363,0.109073392348911,0.194568110226394,0.547934909549332
"241.14473-8.119",3,0.164345082036562,0.189680187328967,0.444926693929303,0.201048036705168
"415.16147-6.862",2,0.180958401629272,0.579414642593481,0.117630616652638,0.12199633912461
"305.10674-7.229",2,0.274119177310239,0.418571158381874,0.14573884593852,0.161570818369368
"425.10289-7.092",4,0.0852628436549777,0.0578741308639411,0.0894361363629409,0.76742688911814
"278.0552-1.426",2,0.154476880893382,0.592570128570887,0.130909642414697,0.122043348121035
"310.09352-5.83",4,0.214508663960118,0.12365594090059,0.156229422573868,0.505605972565424
"343.19887-5.657",2,0.195703702033837,0.431375216995828,0.201620533167056,0.17130054780328
"507.20344-13.115",3,0.159634679983828,0.181701226864887,0.460718356800248,0.197945736351038
"349.00252-6.02",3,0.112859457891086,0.106008972750837,0.600702013231586,0.180429556126492
"249.09822-1.841",4,0.103296687601198,0.0670306414867479,0.0970190271210618,0.732653643790993
"575.28449-13.1",1,0.590863024517765,0.158919709205462,0.10614368886062,0.144073577416153
"279.09097-8.467",4,0.0945032976843748,0.0617744254534589,0.0903115481842224,0.753410728677944
"649.34618-8.475",1,0.717727147214939,0.0953830885488278,0.0747671291692431,0.11212263506699
"429.14075-6.761",1,0.544414796800617,0.139414538918891,0.120438933957282,0.195731730323209
"565.23205-14.778",1,0.442159451290983,0.154460747317029,0.145320438289545,0.258059363102442
"469.28126-10.75",3,0.118615183232095,0.110638225297884,0.578718321399756,0.192028270070265
"413.14572-7.909",1,0.593755792642688,0.157517933977097,0.105440441301282,0.143285832078933
"648.30082-7.932",1,0.371893094793192,0.303248908763785,0.147816880630534,0.177041115812489
"408.17805-5.995",4,0.292236802784052,0.147248849667085,0.16637356365346,0.394140783895404
"329.16082-8.68",1,0.758233359781033,0.0859750001672816,0.0637651263901501,0.0920265136615355
"469.29653-12.079",4,0.261400660577824,0.13967668117684,0.164982577900476,0.43394008034486
"455.31716-12.809",1,0.444108092038661,0.154291870370971,0.144884513747867,0.256715523842501
"529.19358-6.865",1,0.734937978722778,0.0903420317336554,0.0701760473528359,0.104543942190731
"311.05626-8.358",1,0.655424125745602,0.129159366912685,0.0901206757542381,0.125295831587475
"493.09956-8.427",4,0.224377277459749,0.127472584522468,0.158822975145808,0.489327162871975
"359.17137-6.976",1,0.360576663804026,0.31420234436757,0.148676396521173,0.17654459530723
"529.30568-17.357",1,0.697532339860829,0.101223833844513,0.0801478382508218,0.121095988043836
"215.06748-1.113",4,0.338499789246687,0.15433902780564,0.163638180917899,0.343523002029774
"573.77258-13.097",1,0.503998264708241,0.146723501441354,0.130651959570142,0.218626274280263
"423.17958-6.818",1,0.362563502637232,0.312240383515451,0.148542130256244,0.176653983591073
"601.02992-7.776",1,0.420099546055453,0.261943909784457,0.141960315610565,0.175996228549526
"537.20097-5.582",3,0.105373220414642,0.0998053458493168,0.628793055996644,0.166028377739397
"367.15129-7.024",1,0.426854354732364,0.256755985556204,0.140907153812379,0.175482505899052
"394.13326-9.805",2,0.107109710477364,0.732537990534324,0.0810564218130473,0.0792958771752644
"399.1428-7.868",3,0.119666744399781,0.126075467192817,0.592680525387347,0.161577263020054
"362.12814-7.494",4,0.178360027560502,0.107779013193236,0.142984218256843,0.570876740989419
"332.92205-0.977",4,0.197626988115823,0.116600800939378,0.150788638959061,0.534983571985738
"486.27123-9.483",2,0.155322980229377,0.589883568787107,0.131926386477133,0.122867064506383
"619.30638-10.325",1,0.360101078991301,0.156021127018263,0.160891761317689,0.322986032672748
"521.17304-1.051",1,0.765441218195411,0.082767482109033,0.0619191314196569,0.0898721682758994
"513.19842-8.083",4,0.319110147041332,0.151968334028359,0.165377425766806,0.363544093163503
"550.35217-15.016",4,0.128069041389416,0.0910085367142859,0.152008122270604,0.628914299625693
"550.3521-15.012",4,0.127022380737371,0.0901415121218691,0.150183383387562,0.632652723753197
"384.22151-13.763",4,0.0987698262749347,0.0643317801036171,0.0935856472787612,0.743312746342687
"423.2315-12.68",3,0.195330058760052,0.266166408506635,0.328894647475801,0.209608885257512
"598.33687-14.466",4,0.078640249837588,0.0528103444726768,0.080278379015184,0.788271026674551
"551.28691-12.463",4,0.122239439594296,0.0780968732833328,0.110729544235209,0.688934142887162
"419.15639-7.465",1,0.416347113409525,0.156169097900458,0.150867533811,0.276616254879017
"281.06681-7.013",1,0.380661652641645,0.156746065777307,0.157637216127718,0.30495506545333
"424.28624-16.031",3,0.104226242255204,0.107763037610766,0.643910946624553,0.144099773509477
"629.1026-6.988",1,0.724983507819892,0.0997039149540036,0.0723466475973464,0.102965929628759
"669.30615-8.502",1,0.480037135282197,0.21993260015231,0.131197791917117,0.168832472648376
"245.04904-6.418",2,0.198809298015215,0.544755529879186,0.125148183711706,0.131286988393893
"430.27059-13.038",2,0.199259723163029,0.408338092344965,0.214305288895119,0.178096895596888
"588.89831-0.973",2,0.11776248544524,0.712922178973015,0.0847332653675863,0.0845820702141581
"457.24815-13.8",4,0.166213953514771,0.137252454382778,0.337825397658802,0.358708194443648
"312.19319-6.023",2,0.20393797677314,0.33388463214318,0.264059201460982,0.198118189622698
"371.15361-9.743",4,0.212995058954014,0.123050190345789,0.155793856545488,0.508160894154709
"596.33477-14.481",4,0.113544353463079,0.0730679360500469,0.104582513993788,0.708805196493086
"137.06083-6.486",2,0.319252323015326,0.359148944898693,0.149621328994269,0.171977403091712
"483.12649-5.265",1,0.348763311303027,0.155260345550517,0.162429158753314,0.333547184393142
"230.15511-14.405",1,0.758252020787514,0.0835891664751066,0.0639394629392867,0.0942193497980928
"431.19289-6.963",4,0.187328373213605,0.111983683871085,0.146830550359062,0.553857392556248
"309.20731-13.187",4,0.163374825467508,0.125760190391467,0.249685436871171,0.461179547269853
"541.28461-11.952",4,0.300687172290358,0.148917707648314,0.166258556955504,0.384136563105824
"591.26255-8.528",2,0.322323944434863,0.35551718463315,0.14968476119164,0.172474109740346
"350.136-6.227",4,0.0784222158056739,0.0522809919236804,0.078612745243504,0.790684047027142
"330.95601-5.727",4,0.110329516019304,0.0768074559372622,0.123703784589298,0.689159243454136
"609.36513-14.144",1,0.447538544927868,0.241639962272625,0.137403558270466,0.173417934529041
"389.16424-8.324",4,0.167284719986351,0.133127178521189,0.289799311597233,0.409788789895228
"688.56579-17.701",2,0.203934241303559,0.333724292649093,0.264185620188289,0.198155845859059
"528.26455-7.84",2,0.265407632818045,0.431417791872627,0.144295317576441,0.158879257732887
"298.94024-6.431",3,0.128154998558509,0.136678442145794,0.564654464177282,0.170512095118415
"171.06641-6.352",4,0.164535319319574,0.127480915491927,0.257407933017536,0.450575832170962
"453.30148-12.803",1,0.480437731451682,0.21967873013087,0.131116827642114,0.168766710775335
"794.29725-5.672",4,0.315552808618088,0.15144103334964,0.165610356958848,0.367395801073425
"415.0821-5.817",4,0.299582399398921,0.148709283695658,0.166284519030676,0.385423797874745
"329.23355-11.799",1,0.742946671022443,0.0879937941701753,0.0680372126150902,0.101022322192291
"492.31024-14.782",4,0.312575394428462,0.150977180503412,0.165783046879084,0.370664378189042
"385.11427-6.501",1,0.423635835698638,0.259211607374644,0.141414988181837,0.175737568744881
"525.19837-8.798",4,0.0980668929493304,0.0674425403344461,0.106428877781592,0.728061688934632
"658.32705-8.985",1,0.455773912671652,0.235918945165419,0.135904426705693,0.172402715457237
"292.14044-1.16",4,0.226307343443374,0.12819181675633,0.159281008392489,0.486219831407806
"303.08764-9.794",2,0.173729421547342,0.527622577356314,0.156657960229104,0.141990040867241
"569.11571-7.313",4,0.219578083350093,0.12564544132749,0.157614684913823,0.497161790408594
"224.02362-1.446",1,0.434728743321731,0.250869124597549,0.139620557538207,0.174781574542513
"224.0236-1.442",1,0.434841243580223,0.250786232885914,0.139601738244852,0.174770785289011
"393.24118-16.913",4,0.139747782767924,0.101036310880542,0.174376552536865,0.584839353814669
"371.06224-6.924",4,0.300382150484528,0.148860454794848,0.16626604582771,0.384491348892914
"489.3132-10.322",3,0.100971276207673,0.0960745512076698,0.645098638388712,0.157855534195944
"583.31316-9.767",4,0.166077969593738,0.130135888974509,0.270902596447614,0.432883544984139
"367.24618-15.253",3,0.136008802686612,0.123643678871515,0.509096591859951,0.231250926581922
"553.29448-9.37",2,0.204004870786662,0.337563120803152,0.26118686185423,0.197245146555955
"205.10821-7.66",3,0.0697483740452429,0.0694390916343362,0.759245164662102,0.101567369658319
"513.28407-14.376",3,0.165205188977311,0.137584452579966,0.349726341978522,0.347484016464201
"633.40152-14.287",1,0.503997087328397,0.146723691107157,0.130652251692748,0.218626969871698
"361.09673-7.531",4,0.167434091184726,0.133786760587573,0.294835224697026,0.403943923530675
"230.13992-7.224",4,0.267547874115873,0.141374014226845,0.165506381861466,0.425571729795816
"537.21149-8.055",1,0.50456437055598,0.146632138846535,0.130511458767537,0.218292031829948
"501.32288-10.616",3,0.124534769878114,0.132101146478114,0.576597523809678,0.166766559834093
"501.32315-11.97",2,0.146500283644297,0.617369667153614,0.121681722934264,0.114448326267825
"434.05845-11.908",2,0.28022178000144,0.409844614262044,0.146609532548158,0.163324073188358
"607.12671-1.064",2,0.113387507872449,0.722423144453004,0.0823109495643313,0.0818783981102163
"259.13011-6.657",3,0.165149439363638,0.137594321353633,0.350309105134475,0.346947134148254
"565.33881-14.783",1,0.40320885030437,0.275516582988851,0.144367973163182,0.176906593543598
"591.31954-14.482",4,0.290219661721614,0.146824965942586,0.166371829370843,0.396583542964957
"560.26642-8.213",1,0.481235368114155,0.219174159975271,0.130955328752668,0.168635143157906
"497.3409-16.939",3,0.151887606778375,0.169477549477984,0.48644395838392,0.192190885359722
"361.14072-7.469",3,0.163787366099179,0.137667026715882,0.363097789969953,0.335447817214986
"420.19333-11.981",3,0.135253384274985,0.123117164666089,0.512260499198877,0.229368951860049
"405.17704-7.353",1,0.39899641761385,0.279043756511782,0.14491358587208,0.177046240002288
"553.25816-8.978",3,0.146264011687779,0.130311215156679,0.464052203746483,0.259372569409059
"671.39383-12.242",1,0.56211621242534,0.135758328126038,0.115874946294767,0.186250513153855
"369.17814-6.383",1,0.726975908090021,0.0926781887189744,0.0723006998714669,0.108045203319538
"412.34353-15.316",3,0.0911504979778945,0.0875676484001532,0.681041439906582,0.14024041371537
"271.22803-13.575",4,0.167282127176717,0.133117503873025,0.289728528358131,0.409871840592127
"261.12809-6.593",4,0.150612759615947,0.111219847643741,0.200437491649999,0.537729901090313
"305.10673-7.226",2,0.25976308249631,0.4399880105211,0.143231659874875,0.157017247107715
"416.21158-12.678",4,0.141508336711335,0.102617251307771,0.178158509257336,0.577715902723558
"193.0178-1.085",3,0.165195529985333,0.137586211694542,0.349827739612659,0.347390518707466
"519.33361-9.709",3,0.197847577221474,0.277445382948253,0.316204317741995,0.208502722088277
"440.31749-16.501",4,0.167533086335996,0.134695802798117,0.302612083707622,0.395159027158265
"419.16106-9.741",2,0.215925331811114,0.513134338198629,0.131440748265487,0.139499581724769
"489.26282-13.04",3,0.0712633783236458,0.0699019184234568,0.752739931590853,0.106094771662044
"291.09106-8.442",4,0.32987519912512,0.153388210494105,0.164505348814357,0.352231241566418
"284.16185-6.307",3,0.0980301726779809,0.100686660036191,0.664569513138062,0.136713654147766
"366.10178-9.073",4,0.325191587010704,0.152802661703467,0.164914717173621,0.357091034112208
"310.63287-9.375",2,0.211568988252604,0.521026199312853,0.129927088012203,0.137477724422341
"441.15216-5.929",1,0.738420501318896,0.0941853729688186,0.0688796286034356,0.0985144971088502
"455.16781-6.398",3,0.200534755540883,0.292840991576218,0.300255325540473,0.206368927342426
"578.71007-9.094",1,0.627981140148358,0.141449533283812,0.0970065025768209,0.133562823991009
"174.97808-1.206",2,0.166160679422472,0.554257519193709,0.145777644934834,0.133804156448985
"187.01454-6.102",1,0.412150924495524,0.15634920891898,0.151723981524122,0.279775885061373
"164.95711-0.995",4,0.144310446948531,0.105181769849898,0.184477519389599,0.566030263811973
"458.27653-9.768",1,0.702700014799823,0.0997397506925584,0.07877156316688,0.118788671340739
"284.09889-1.031",2,0.319820469736952,0.358473443704541,0.149634831990058,0.172071254568449
"447.2289-13.091",3,0.185633106694131,0.234688956442543,0.36964398788508,0.210033948978246
"567.09198-7.791",1,0.530899518327409,0.189896454730882,0.120255484518367,0.158948542423341
"468.1518-1.064",2,0.203813495858951,0.329578637675468,0.267490455212509,0.199117411253073
"371.0986-6.843",1,0.510982361261113,0.145573209129324,0.128912777055917,0.214531652553645
"285.17094-10.039",4,0.0808246503676358,0.0545350114663267,0.0835000328006981,0.781140305365339
"253.13479-9.911",1,0.658919994077713,0.11201439303513,0.0904153703357935,0.138650242551363
"485.32788-12.331",2,0.220124607651629,0.505630555335055,0.132842057111636,0.14140277990168
"283.08246-7.177",4,0.325145758854427,0.152796688508951,0.164918499267298,0.357139053369324
"593.37035-12.661",4,0.0871705595860415,0.0592960371154124,0.0919425203760238,0.761590882922522
"291.01821-1.123",4,0.230287379000245,0.129646541106139,0.160175683342383,0.479890396551233
"448.28226-9.292",1,0.562802719378275,0.135611499398777,0.115697094537432,0.185888686685517
"520.26877-13.785",4,0.157139016167222,0.11806050423586,0.22104379626181,0.503756683335108
"354.10574-5.419",1,0.639874105725651,0.117104719775576,0.09546564344789,0.147555531050884
"376.22445-8.176",3,0.155918927277283,0.175713515633098,0.473086528135164,0.195281028954455
"373.20956-1.636",2,0.235340669541967,0.479310407683206,0.137438893539813,0.147910029235015
"411.26738-15.304",3,0.136900046069058,0.148131888753642,0.535847356639236,0.179120708538063
"216.12424-5.997",4,0.16748168631549,0.134083616188453,0.297254089518568,0.40118060797749
"581.24127-11.236",2,0.197276085657187,0.421830315065227,0.206758125741617,0.174135473535969
"319.13023-8.319",4,0.167226978089103,0.13625143221586,0.319798787376926,0.376722802318111
"395.29186-15.455",4,0.219254890034272,0.125520419897953,0.157529728705063,0.497694961362711
"368.87903-0.916",4,0.139141654994391,0.100496963232514,0.173104625318701,0.587256756454394
"178.06413-12.013",1,0.765910165472708,0.0825328449998082,0.0618009526324264,0.0897560368950569
"334.13331-7.593",2,0.194368392840387,0.438918157384096,0.197668815763179,0.169044634012338
"413.18211-11.379",1,0.649783866824655,0.131647616622492,0.091543312952726,0.127025203600126
"485.32781-11.841",3,0.138450407488089,0.125315824448156,0.498749159762939,0.237484608300815
"293.06381-7.238",1,0.394695238948129,0.156783885901212,0.155123364409846,0.293397510740813
"305.97122-6.425",3,0.182142320839597,0.225807820753677,0.382770712474184,0.209279145932543
"423.26753-15.147",3,0.107299410582839,0.11132445520273,0.633686060989101,0.14769007322533
"423.26751-15.143",3,0.0968073086113145,0.0993050016991415,0.668653397956347,0.135234291733197
"399.16641-7.345",1,0.499127271102172,0.147495667653153,0.131857271442709,0.221519789801966
"366.88191-0.901",4,0.152675514611055,0.113301111230993,0.206371324077342,0.52765205008061
"603.31577-14.192",2,0.263247302885587,0.434674903881075,0.143900250465028,0.158177542768311
"365.88424-0.9",4,0.167532146000582,0.134663397357676,0.302314239266543,0.395490217375198
"323.14476-7.838",2,0.201246569819663,0.297960283846757,0.295270786109269,0.205522360224311
"304.10408-1.061",2,0.203840213751421,0.330371533896109,0.266852920724281,0.19893533162819
"481.26358-12.226",3,0.130926278182673,0.120025129932906,0.530086735773397,0.218961856111023
"445.25795-7.132",3,0.121375825315059,0.112808959991317,0.568027463195504,0.197787751498121
"453.17713-8.865",1,0.461432743172713,0.152561128005839,0.140920545832437,0.24508558298901
"435.34865-15.419",3,0.192102394223032,0.254136310286227,0.34348053945809,0.210280756032651
"621.32885-10.871",1,0.644765425703783,0.133877279263017,0.0928060600827343,0.128551234950466
"347.04439-6.631",1,0.765680477566012,0.0816857289922487,0.0619313079109299,0.0907024855308094
"511.17274-9.084",1,0.711398346926628,0.105315006184129,0.0758441863157474,0.107442460573495
"371.13489-9.925",1,0.424383667586167,0.155745873779203,0.149189424379742,0.270681034254888
"218.08571-7.882",3,0.120357546907778,0.126922128886657,0.590396444299392,0.162323879906174
"621.40136-16.148",2,0.325290404437129,0.352056591650222,0.149723984346467,0.172929019566181
"534.19238-7.09",3,0.200203160728789,0.290650862500975,0.302434432970571,0.206711543799665
"340.65967-9.661",1,0.695632497979331,0.111896416714659,0.0798899362068233,0.112581149099187
"327.21792-12.11",1,0.481756948472087,0.150037670089663,0.13609739713879,0.23210798429946
"667.27467-8.653",2,0.171977026095809,0.597453345157881,0.113502253017434,0.117067375728876
"269.17601-11.727",2,0.162521698175743,0.566498181776143,0.140936304699252,0.130043815348863
"447.22889-11.824",4,0.177998910393161,0.107606233135171,0.142821543497655,0.571573312974013
"322.12338-5.078",1,0.493258968913769,0.148392084627401,0.133300346761176,0.225048599697654
"382.29632-16.237",3,0.112916487140134,0.117934698165767,0.6150341966279,0.154114618066199
"136.87225-0.94",1,0.448189222085902,0.153920923509972,0.143964679081368,0.253925175322758
"491.22936-10.361",1,0.720303345775869,0.094631065948684,0.0740802661222569,0.11098532215319
"501.2866-10.199",3,0.131343848345916,0.120328863757435,0.528386736844419,0.21994055105223
"285.1346-9.071",1,0.464238006552372,0.15224345438889,0.140265024412451,0.243253514646287
"748.27935-8.663",1,0.766569348250634,0.0821807729434642,0.0616365025129465,0.089613376292955
"363.07585-7.633",4,0.327367284716363,0.153080792202754,0.164730137611699,0.354821785469184
"512.67052-9.598",4,0.249877238695672,0.136241428166703,0.163636542184398,0.450244790953227
"485.20359-6.871",1,0.58038281021861,0.131731377991225,0.111124366257791,0.176761445532374
"237.06174-1.446",2,0.320692101432682,0.357440426530299,0.149653980674451,0.172213491362569
"574.16157-5.639",2,0.135917412743782,0.673308737969306,0.0949207295681695,0.0958531197187429
"387.20268-9.932",1,0.363209466185069,0.156183916279465,0.160436332743395,0.320170284792071
"575.09002-8.915",4,0.111825435530631,0.0779707013933683,0.12591374921294,0.684290113863061
"398.83712-0.897",3,0.184142090194522,0.230788087414317,0.375313448947954,0.209756373443207
"215.08278-6.634",2,0.120800466755855,0.706282372462858,0.0864428757612992,0.0864742850199873
"487.32821-13.392",4,0.280484888455032,0.144639628192693,0.166196360063454,0.40867912328882
"591.35512-14.094",1,0.430176193835673,0.155378768472398,0.147951152940129,0.2664938847518
"559.28157-11.133",3,0.141365905836385,0.154234762169124,0.521145062825241,0.18325426916925
"239.04982-5.702",4,0.113387398320902,0.0791910116622197,0.128249902719818,0.67917168729706
"578.86953-0.97",2,0.109165486320739,0.731359236446081,0.0801213130854536,0.0793539641477269
"417.10434-5.991",4,0.319202494132251,0.151981634660009,0.165371001097806,0.363444870109934
"580.23593-10.742",1,0.498947897346048,0.208270349677483,0.127275863849799,0.165505889126669
"417.15917-10.244",1,0.533840267386402,0.188279331237587,0.119588592793242,0.158291808582769
"544.25881-8.861",2,0.214640730215887,0.515450188844631,0.131000721796497,0.138908359142984
"205.05403-7.564",3,0.142346541074367,0.155601232141198,0.517915983845902,0.184136242938532
"629.3679-14.626",3,0.0871425092111784,0.0840354733860853,0.695573026374258,0.133248991028478
"469.30936-13.295",3,0.114310593034699,0.107188486864337,0.595194857053894,0.18330606304707
"313.11956-10.173",1,0.628468116950693,0.120067338230419,0.0984835902336704,0.152980954585217
"388.09522-6.231",4,0.196418457990213,0.116070997677857,0.150349463887555,0.537161080444375
"459.09386-9.675",1,0.416595063165517,0.156157567582532,0.150816489915705,0.276430879336245
"325.27499-15.377",3,0.146923189246565,0.162117864815329,0.502836010610372,0.188122935327734
"289.11193-7.494",3,0.117162028321454,0.123027521087461,0.600967510216914,0.158842940374171
"188.09305-1.444",4,0.174643884760852,0.105988405359473,0.141281366104171,0.578086343775504
"455.26871-12.219",4,0.116874380596053,0.0819378416748722,0.133579518468951,0.667608259260124
"271.04754-6.649",4,0.268011063347956,0.141498098570298,0.165540587101953,0.424950250979793
"602.38336-16.673",2,0.1671014459115,0.551039292567895,0.147066171102607,0.134793090417998
"461.67268-8.84",1,0.450340913173348,0.153716065197548,0.143476098991356,0.252466922637748
"554.28334-13.089",3,0.200629715408232,0.293488882562661,0.299616124604698,0.206265277424409
"515.30253-11.75",3,0.200092636531867,0.289944059362774,0.303143791745366,0.206819512359992
"399.16634-7.146",1,0.706977215754477,0.107152053255899,0.0769802835357058,0.108890447453919
"262.11203-7.748",1,0.387322790578533,0.15680857362091,0.156470682650668,0.29939795314989
"275.15031-7.865",3,0.138559979715151,0.125389758701163,0.498280160557495,0.237770101026191
"507.20328-12.998",3,0.181126791949026,0.223377013512414,0.386502011304659,0.208994183233901
"218.06713-1.621",1,0.765510921496899,0.0817206536508767,0.0619777973527259,0.090790627499498
"370.25996-15.381",4,0.151082228437312,0.111688150347513,0.201750655794774,0.535478965420402
"245.13961-6.291",3,0.102592970860925,0.0974555401031548,0.639107652269716,0.160843836766204
"506.70188-8.931",1,0.677481324359314,0.119594045738774,0.0845259215799417,0.11839870832197
"473.32762-16.424",1,0.750872156365762,0.0856872935374336,0.0659178418724073,0.0975227082243971
"523.284-12.018",4,0.135314480382397,0.0971443376528445,0.165389858449662,0.602151323515098
"302.17248-1.746",4,0.108466092208573,0.0700898146892223,0.100874108699354,0.720569984402851
"383.1715-7.753",4,0.137116725498986,0.0987122031922552,0.168958070678249,0.59521300063051
"293.21243-15.175",1,0.571177989382459,0.133791361620255,0.113522825907392,0.181507823089894
"705.31695-10.598",4,0.122812234213799,0.0784248169733453,0.111124942755724,0.687638006057131
"267.94446-1.21",4,0.233658248493705,0.130848504690714,0.160881573231063,0.474611673584518
"229.08312-1.101",1,0.522633571973543,0.194505003368288,0.122112733219368,0.160748691438801
"417.20542-7.677",2,0.151933102937425,0.600578384837658,0.127899493769589,0.119589018455328
"259.11883-7.862",2,0.187287682869491,0.473590598611247,0.180572551432107,0.158549167087154
"496.20509-9.388",4,0.255293477063718,0.137897231656344,0.164329886060922,0.442479405219015
"408.18537-12.285",4,0.166398489053935,0.137146885682311,0.335246399895087,0.361208225368668
"339.1021-8.474",4,0.270793642411367,0.142232305829792,0.165730877565322,0.421243174193519
"473.29152-10.644",4,0.16509233052454,0.128375141876949,0.261708352698745,0.444824174899765
"358.16228-6.973",1,0.572300234906012,0.168098524406076,0.110613828553983,0.148987412133929
"552.26858-8.152",1,0.631225606946119,0.119357332003388,0.0977544939129116,0.151662567137582
"284.16184-5.95",3,0.163859881823624,0.188835996765609,0.446560559329008,0.20074356208176
"213.05183-1.431",4,0.161100482574929,0.122733488964087,0.237474287463069,0.478691740997916
"492.24708-7.807",4,0.0789595054317812,0.0530748593694911,0.0807958603753085,0.787169774823419
"452.24451-13.042",3,0.13311662266276,0.143102247507366,0.548304993734537,0.175476136095337
"446.32797-15.282",3,0.149963035814374,0.166585365113946,0.492804609256593,0.190646989815087
"629.24821-14.738",1,0.39965083775313,0.278491896309265,0.144830351641105,0.1770269142965
"463.08871-8.502",4,0.172030565208953,0.104712675706903,0.140045687226634,0.583211071857511
"576.20419-13.741",4,0.165742250456515,0.129502822134909,0.267472177025598,0.437282750382978
"195.06994-5.788",3,0.139015771393906,0.125696243876187,0.496324707559622,0.238963277170286
"790.2048-16.89",4,0.167339405323032,0.13334185878122,0.291391725533138,0.407927010362611
"213.11333-9.322",1,0.464956628844634,0.15216045412066,0.140096537863491,0.242786379171215
"291.07241-1.101",3,0.17469478175947,0.209224706756014,0.409472745178601,0.206607766305914
"691.34722-16.559",3,0.0772690345333845,0.0777201299736564,0.734133001286378,0.110877834206581
"274.95628-7.73",2,0.20286042700284,0.374199822509968,0.23516545941134,0.187774291075851
"274.9563-7.729",2,0.203885759330164,0.353841694166726,0.249080017885192,0.193192528617918
"229.10823-8.896",2,0.260018853805332,0.439595462723239,0.143282064272081,0.157103619199348
"229.10828-8.914",2,0.248248537349822,0.458074320594494,0.140743258327538,0.152933883728146
"287.22296-12.507",4,0.155707364010741,0.116488732193968,0.216006079793056,0.511797824002235
"639.31597-14.022",4,0.162442694358614,0.124475917670979,0.244316552961004,0.468764835009403
"365.19719-7.932",4,0.167111157920491,0.132547159157258,0.285692619618015,0.414649063304236
"483.31194-14.636",4,0.167450638856881,0.133880998132201,0.295591839247373,0.403076523763545
"427.21077-12.009",3,0.129135464347261,0.118710423682587,0.537333374502458,0.214820737467694
"616.30535-12.087",3,0.156990081362272,0.135855633501885,0.409391322420197,0.297762962715646
"467.2938-15.193",4,0.148002145177996,0.108666687517429,0.193481993639062,0.549849173665512
"467.29362-15.198",3,0.161772242295824,0.185263924710996,0.453570457835973,0.199393375157207
"593.37028-11.44",1,0.51016513337386,0.145710385400733,0.129116921506462,0.215007559718944
"386.27359-16.935",4,0.166812411645072,0.131732783279929,0.280336302241509,0.42111850283349
"407.17488-10.221",1,0.740233151329801,0.0934412983336771,0.0684115434559013,0.0979140068806205
"407.17493-10.47",1,0.567058302323975,0.134693270550786,0.114593338007839,0.1836550891174
"535.28398-12.213",1,0.6288712852092,0.141043266861566,0.0967846795914081,0.133300768337825
"546.28188-16.378",4,0.18525502044487,0.111026552592207,0.145974436939731,0.557743990023191
"445.1358-5.862",1,0.504198066063542,0.146691294161152,0.130602380993572,0.218508258781734
"279.96963-6.43",2,0.204020758166407,0.338941969690523,0.26012376675665,0.196913505386419
"114.05612-1.097",1,0.455188210734979,0.23632059526443,0.136012829140361,0.17247836486023
"241.08584-10.363",2,0.1887251875984,0.467086201374717,0.18365848172803,0.160530129298853
"227.10383-16.883",4,0.126878081681473,0.0900223220376589,0.149933694979045,0.633165901301823
"377.11007-8.65",4,0.293253976924534,0.147458854113213,0.166370083429719,0.392917085532534
"407.19737-13.706",4,0.167372468335916,0.133483874660438,0.292468993241245,0.406674663762401
"350.27014-15.771",3,0.198876179278102,0.282791990427093,0.310494782638725,0.20783704765608
"466.29455-14.214",4,0.0780124991188502,0.0521768360441264,0.0788344086677284,0.790976256169295
"255.05123-6.204",2,0.312239211365708,0.367629262796828,0.14938709976216,0.170744426075305
"454.22743-11.223",2,0.249615750408156,0.455884388288292,0.14106128369945,0.153438577604102
"254.90573-0.979",4,0.167534490625014,0.134851682180489,0.304069941258368,0.393543885936128
"269.17603-9.145",4,0.0782598168735355,0.0522105261662593,0.0785907957422787,0.790938861217926
"269.17604-9.14",4,0.0783228137680329,0.0522367306267407,0.0785950567140279,0.790845398891199
"323.18417-10.341",3,0.154786231142872,0.134894031664776,0.421697928286956,0.288621808905396
"625.36012-10.853",1,0.607910919911961,0.125227175274341,0.103906708379898,0.1629551964338
"713.35274-13.665",1,0.732150970809749,0.0967584231223647,0.0704980316172697,0.100592574450617
"593.40643-16.877",1,0.566942609683312,0.170810569438101,0.111889053737288,0.150357767141299
"578.30269-13.775",2,0.173592003523477,0.528122985598282,0.156448751674137,0.141836259204105
"436.28372-14.53",1,0.429162403944091,0.155446697820787,0.148169523196393,0.267221375038729
"320.11759-7.258",1,0.733749584960006,0.0906908735462874,0.0704932605606845,0.105066280933022
"464.27902-11.024",1,0.34494623772882,0.330244941141402,0.149466799214912,0.175342021914866
"464.27899-11.037",2,0.299478408165505,0.383751566337029,0.148627421424976,0.16814260407249
"503.28022-14.343",4,0.0914092490213377,0.0624542274589968,0.0975201396187846,0.748616383900881
"581.15006-1.666",1,0.359928583272247,0.314845973716498,0.148718608731964,0.176506834279292
"402.18542-7.486",4,0.281030520792725,0.144768266344553,0.166213738222247,0.407987474640475
"216.08791-1.11",1,0.434830917962024,0.25079383954302,0.139603466038206,0.17477177645675
"401.26991-14.702",3,0.114795318831374,0.120177557056707,0.60880589361259,0.156221230499329
"173.84275-11.202",3,0.167422785211809,0.195168379066792,0.434515157123916,0.202893678597482
"487.34361-12.192",2,0.152856274642277,0.637057556390007,0.104012882168122,0.106073286799594
"223.0953-9.21",3,0.0954593640761453,0.0977872667213254,0.673157468301668,0.133595900900862
"402.19586-9.991",4,0.167529400203283,0.135029353709055,0.305785782606241,0.391655463481421
"459.25219-10.751",3,0.0828842820924409,0.0802534095838764,0.710945546891243,0.12591676143244
"383.20778-11.373",3,0.105052255889134,0.0995352606371685,0.629986772532882,0.165425710940816
"383.20773-11.374",3,0.12960229496702,0.119054997494903,0.535451002896032,0.215891704642046
"769.17957-1.032",1,0.515690855393792,0.198450836043268,0.12365175897757,0.162206549585369
"769.17958-1.04",1,0.405161837199566,0.273901212508545,0.144107238885672,0.176829711406217
"563.32324-14.263",1,0.489448567979852,0.214048059419677,0.129270695458961,0.16723267714151
"526.24849-9.106",2,0.249142758150859,0.456640711542124,0.1409519523955,0.153264577911516
"427.21058-11.728",3,0.15497927165103,0.134982930260621,0.420650215958588,0.289387582129761
"527.31511-9.542",1,0.376972120355694,0.156675947932437,0.158261185548096,0.308090746163772
"402.24189-11.932",2,0.236877978055192,0.476728218825253,0.137861130474475,0.148532672645079
"126.01977-1.437",1,0.590794214901365,0.158953142964021,0.106160396361168,0.144092245773447
"383.17139-7.986",1,0.448309777360466,0.241097365896994,0.137265510460891,0.173327346281649
"509.28937-15.004",1,0.536937989562427,0.140880348131002,0.122352460261558,0.199829202045013
"317.15087-8.903",4,0.253064731075325,0.137224714586333,0.164057831741396,0.445652722596946
"317.15087-8.911",4,0.22736852773567,0.128583434988599,0.159526090654135,0.484521946621596
"275.10398-7.461",1,0.707745495936077,0.106832376402625,0.0767829415893624,0.108639186071936
"649.39636-12.321",3,0.143392972477434,0.128545932319754,0.477130219012099,0.250930876190714
"479.27842-14.942",4,0.164740473932332,0.12780395181704,0.258936393488964,0.448519180761664
"750.29917-7.755",3,0.165197299128929,0.191176350323146,0.442052274739357,0.201574075808567
"523.19831-11.414",3,0.165000759175787,0.137617403635858,0.351835106753355,0.345546730435
"493.09122-8.239",1,0.682196106500071,0.105577089545525,0.0842296085145881,0.127997195439816
"630.31379-9.122",3,0.193660746296877,0.259678805611442,0.336618890967833,0.210041557123848
"602.30271-13.527",2,0.201618516014757,0.300920868392637,0.292455630226574,0.205004985366032
"273.13458-8.291",4,0.16076312423067,0.122311352222031,0.235883664286451,0.481041859260847
"267.09106-6.091",3,0.0922340299301132,0.0885171513706623,0.677100850254606,0.142147968444618
"376.2626-15.381",3,0.186356383059993,0.236645918806818,0.366855121532329,0.210142576600859
"409.23649-9.968",4,0.166902936553048,0.131963445000734,0.281810062284629,0.419323556161588
"140.03538-1.129",4,0.315163070595322,0.151381486562453,0.165634130117796,0.367821312724429
"619.28956-13.6",2,0.202768948656604,0.312091482962799,0.282253394680935,0.202886173699661
"399.25433-14.395",3,0.103191799770326,0.0979635905934317,0.636890802845145,0.161953806791098
"253.14469-10.73",2,0.183335745046553,0.490515569683174,0.172771187754711,0.153377497515561
"357.21459-7.162",3,0.126598091813757,0.1346992556446,0.569789025705131,0.168913626836511
"300.19314-6.173",3,0.158324349494701,0.13637321099283,0.401507800958451,0.303794638554019
"545.26589-10.334",3,0.0682854934454172,0.067569221232016,0.763812956220274,0.100332329102293
"220.14652-11.874",2,0.210026200574944,0.523847026244571,0.129376495861803,0.136750277318683
"295.22791-15.611",4,0.0821812796689779,0.0555648738950842,0.0853474373591433,0.776906409076795
"471.34852-14.803",4,0.172873181837252,0.105125485478745,0.140447546906663,0.58155378577734
"578.21981-14.626",4,0.167291719973221,0.136114922177741,0.317973775939799,0.37861958190924
"215.10386-1.089",1,0.526435414606431,0.19237358653724,0.12126175187335,0.15992924698298
"470.27623-10.428",3,0.158984639671938,0.136607886274977,0.39745684019484,0.306950633858244
"251.0563-5.862",3,0.117694388056164,0.109906732106782,0.582261635074384,0.19013724476267
"397.21352-10.574",4,0.262707844022925,0.140045487201827,0.165104967864382,0.432141700910867
"373.12941-8.941",2,0.10953283438893,0.730602644548349,0.0802985931757595,0.079565927886961
"405.24161-12.642",3,0.15948564014716,0.181456189660515,0.46121575059208,0.197842419600245
"134.07427-10.802",1,0.516421381750476,0.144643201466248,0.127550018918961,0.211385397864316
"570.31118-9.435",2,0.145333141410186,0.653039372299998,0.100044667847639,0.101582818442177
"308.08135-5.557",1,0.584320627065788,0.162117704029517,0.107727841544526,0.145833827360169
"588.21269-8.501",1,0.345808427025151,0.329331023588008,0.149436041944968,0.175424507441874
"264.08793-7.748",1,0.463481107811162,0.152330162592818,0.140442239346149,0.243746490249872
"566.15808-1.065",1,0.339421801665829,0.336184237455835,0.149626345380934,0.174767615497402
"408.20649-8.134",2,0.112758466142551,0.723776723760999,0.0819706499832367,0.0814941601132135
"238.02546-1.588",3,0.20086132395783,0.295111604468362,0.298025899554468,0.20600117201934
"534.29008-11.065",2,0.19891604108254,0.544553304149344,0.125190264155462,0.131340390612654
"491.22934-9.924",2,0.329872780745756,0.34679995741066,0.149742974587508,0.173584287256076
"395.22088-11.307",4,0.213454239194801,0.123234523117128,0.155927067130613,0.507384170557457
"509.30436-11.159",3,0.0920863188469846,0.0883878560568257,0.67763837031204,0.141887454784149
"339.01615-7.652",4,0.27161250366277,0.142444707816319,0.165781961589094,0.420160826931817
"145.0507-1.133",4,0.166124359656631,0.137297164628495,0.339018370417023,0.357560105297851
"383.17133-8.161",4,0.204177861365957,0.119415792114807,0.153052948948335,0.523353397570901
"261.13451-8.319",1,0.727417451430709,0.0925487529157992,0.0721829113990334,0.107850884254458
"255.11406-9.004",1,0.478532905786356,0.220888641677319,0.13150093678524,0.169077515751086
"403.22601-13.458",2,0.202602241523693,0.377597759566611,0.232960247650886,0.186839751258809
"517.10068-7.312",1,0.478033284130557,0.221207157440491,0.1316013168242,0.169158241604752
"619.43537-15.09",4,0.251784040060813,0.13683267916488,0.16389315010922,0.447490130665087
"269.12578-1.588",1,0.402908676224649,0.275765974240829,0.14440761656694,0.176917732967582
"370.98455-8.621",4,0.166132589621024,0.137293218935232,0.338910239473182,0.357663951970562
"233.0669-1.098",3,0.130729964302807,0.119881959335607,0.530884583588214,0.218503492773372
"360.14147-6.2",2,0.313919599318011,0.3655731938258,0.149454742771496,0.171052464084693
"654.26707-8.02",2,0.30082979211346,0.382000991343633,0.148728945133812,0.168440271409094
"497.16114-12.305",2,0.247878065973599,0.458669688406157,0.140656031810309,0.152796213809935
"337.20232-9.303",4,0.159731614217578,0.098532162565942,0.133810197379358,0.607926025837122
"206.90846-0.929",1,0.39360323736599,0.28364749781052,0.145577473706105,0.177171791117386
"228.09915-1.442",4,0.16046701651381,0.121945334783741,0.234523812155501,0.483063836546947
"553.29478-10.713",2,0.175295920141312,0.521866900248078,0.159078545780025,0.143758633830586
"525.21665-10.745",3,0.0815652298317868,0.0824084608958498,0.719712009746199,0.116314299526164
"423.17899-6.989",4,0.16841731743085,0.102926775059561,0.138285452287143,0.590370455222446
"293.12451-5.421",1,0.51016938310745,0.201640245049986,0.124861133391713,0.163329238450851
"267.1215-8.468",2,0.169746200707795,0.541860405341557,0.150779305033625,0.137614088917023
"441.29966-15.571",1,0.397409086911679,0.280388356692124,0.145113096205305,0.177089460190892
"379.26858-16.434",2,0.317362408926475,0.361408293598287,0.149570570740725,0.171658726734513
"637.39593-16.39",1,0.417259553630132,0.156126182332129,0.150679459622843,0.275934804414896
"549.16223-7.709",1,0.767329605346289,0.0816203073689264,0.0614584590542292,0.0895916282305552
"349.20199-10.897",4,0.31578288739253,0.15147602121079,0.165596159079592,0.367144932317088
"483.12629-1.147",1,0.474085602445127,0.151049662883559,0.137937226084134,0.236927508587179
"556.28439-13.791",4,0.186265074936837,0.111493964519727,0.146393987446005,0.555846973097431
"248.07778-1.474",4,0.167246180486927,0.132987256267672,0.288783492378543,0.410983070866858
"381.24155-11.508",3,0.159374224870041,0.136738888385836,0.395013424223664,0.308873462520459
"239.1039-6.321",4,0.128862349316772,0.081861838532651,0.115225601894431,0.674050210256146
"445.07818-6.572",1,0.501052631128178,0.20701113001622,0.126827572572102,0.165108666283501
"593.18836-8.076",1,0.36089779895507,0.156064702854489,0.160776361661096,0.322261136529345
"188.09303-6.583",1,0.639106367732505,0.136410061193237,0.094226365761948,0.130257205312309
"230.03079-1.114",3,0.129477788421142,0.118963223538508,0.535953492831978,0.215605495208371
"436.23791-8.898",2,0.283275639235702,0.405561279558668,0.147002596474209,0.164160484731421
"458.25867-13.044",2,0.171761777547047,0.597890314953472,0.113400610908992,0.116947296590488
"582.25224-10.037",1,0.708702943998196,0.0980061795334169,0.077172318724265,0.116118557744122
"377.21001-12.106",2,0.32502473493977,0.352364654287024,0.149721343593674,0.172889267179532
"322.14116-6.112",3,0.103940264796762,0.107433458356673,0.644863166363846,0.143763110482718
"238.04901-1.101",3,0.163673986810482,0.188513997028022,0.447186053648037,0.200625962513459
"230.10353-7.232",1,0.506875834040254,0.203565188689138,0.125576035450399,0.163982941820209
"624.35245-14.909",4,0.0790409819043599,0.05314108215991,0.0809231085017756,0.786894827433954
"619.38581-13.371",4,0.23971043089045,0.132936775518895,0.162031934162299,0.465320859428356
"573.24047-8.215",1,0.60654637708699,0.151405419120583,0.102311808929528,0.139736394862899
"575.05826-8.356",1,0.452008057089518,0.238515246128408,0.13659671815055,0.172879978631525
"379.21291-7.177",2,0.174685485257429,0.524121213253715,0.15812731992106,0.143065981567797
"428.22936-10.705",3,0.197270492797853,0.274660997622559,0.3192536969705,0.208814812609088
"253.13481-9.684",4,0.153062854412126,0.113699161051189,0.207536247082616,0.525701737454069
"463.33108-15.984",4,0.189581393272122,0.113013393619569,0.147738294400462,0.549666918707847
"549.07974-7.151",2,0.279686103323134,0.410601682195779,0.146537671831151,0.163174542649936
"219.9785-1.037",4,0.170812633769721,0.104113532190426,0.139459058337823,0.58561477570203
"357.16494-10.993",4,0.0962345018769916,0.0660645284894596,0.103951778526359,0.73374919110719
"524.2684-10.706",3,0.128823527569137,0.137533441243897,0.56245040365725,0.171192627529716
"779.29195-5.689",1,0.398716403947602,0.156729884900963,0.15436523682016,0.290188474331275
"445.25795-7.261",4,0.166899968331677,0.131955697681296,0.281760036128035,0.419384297858992
"596.3235-11.577",4,0.165733804754044,0.137452265949262,0.343861546696503,0.352952382600191
"525.21674-10.429",3,0.186806424897137,0.237886612751436,0.365105842106368,0.210201120245059
"621.10004-7.007",2,0.329640487599849,0.347063857859182,0.149743207697312,0.173552446843656
"367.21294-10.894",4,0.167508867896751,0.134313151129613,0.299200106272524,0.398977874701113
"470.23029-9.12",4,0.164029915023433,0.126711493223431,0.253872146115967,0.455386445637169
"427.11712-7.08",4,0.146728579870188,0.107449294201711,0.190276838899393,0.555545287028708
"513.156-11.446",4,0.230124508016385,0.129587764760249,0.160140378822988,0.480147348400378
"477.18046-8.655",1,0.642182507679078,0.135030819248568,0.0934548085502031,0.129331864522151
"253.18105-13.475",4,0.224200846947286,0.127406391034403,0.158780311771025,0.489612450247287
"547.14654-7.713",1,0.760012292488431,0.0852137476178764,0.0633073271523132,0.0914666327413792
"487.32001-14.186",4,0.167517611527558,0.134410068829032,0.300043450307192,0.398028869336219
"273.12062-1.068",3,0.183482711133705,0.229115883428369,0.377789602781918,0.209611802656008
"502.29456-14.227",3,0.15324736942784,0.171552982452349,0.481944251390918,0.193255396728892
"385.18706-8.067",4,0.160972383008166,0.122572531396052,0.236864918898114,0.479590166697667
"275.15028-7.761",3,0.109394238741048,0.103161146200047,0.613767258724143,0.173677356334762
"231.06309-1.004",1,0.372678606240494,0.302508124297984,0.147748920755063,0.177064348706459
"317.17606-12.448",4,0.309776462077475,0.150522286819944,0.165926342399793,0.373774908702789
"110.97584-1.07",4,0.237836361220323,0.132299752320752,0.161691603213712,0.468172283245213
"412.28932-17.103",4,0.16240214412895,0.124421595018246,0.244095959063731,0.469080301789072
"510.23621-9.202",2,0.155008186897181,0.590884494683379,0.131547164378763,0.122560154040677
"442.19092-9.896",2,0.109694599793535,0.730267478245052,0.080377919972815,0.0796600019885987
"530.30001-15.31",2,0.203177528620281,0.317357139635975,0.27766080819033,0.201804523553413
"372.08586-6.138",4,0.279233411813719,0.144341810052904,0.166153020557749,0.410271757575628
"572.21789-10.478",4,0.101581206092866,0.0660099020230654,0.0957236691959916,0.736685222688077
"395.16488-8.512",1,0.525898728238218,0.192673239247783,0.121382220823457,0.160045811690542
"380.2306-6.628",4,0.153913211756013,0.114581902916911,0.210156792650336,0.52134809267674
"521.31259-16.121",1,0.38131287748749,0.294525705893892,0.146934961105063,0.177226455513556
"471.31222-16.012",2,0.144454200201961,0.654919603472771,0.0995733611681399,0.101052835157128
"443.30495-15.323",4,0.166908637673165,0.13671806376826,0.32686658822671,0.369506710331865
"437.09165-8.34",4,0.200520016666315,0.117855861348555,0.151812764792033,0.529811357193097
"457.29653-10.824",3,0.148148704923194,0.13141783113426,0.455204198120459,0.265229265822086
"321.10164-7.52",3,0.148477117993696,0.131606003624913,0.453637990766937,0.266278887614453
"321.10164-7.517",3,0.168299561675585,0.196776926174742,0.431532148311175,0.203391363838498
"295.228-15.244",4,0.167524269135161,0.134501274136175,0.300849599381324,0.39712485734734
"402.91711-0.917",3,0.0830082256735924,0.0803638444716454,0.710498922499862,0.1261290073549
"301.10807-1.598",4,0.0802739662585816,0.0532779084998737,0.0795914686975657,0.786856656543979
"301.10803-1.589",4,0.143446317059585,0.104384148464489,0.182486348600691,0.569683185875235
"545.0036-7.781",1,0.616163343479119,0.146896296454383,0.0999404769072983,0.136999883159199
"411.20623-9.25",4,0.260384973283938,0.13938717968865,0.164883311645195,0.435344535382216
"127.07654-7.977",1,0.572048163372768,0.13359924775802,0.113296467415232,0.181056121453979
"372.21429-5.983",4,0.217418117523144,0.124805189149622,0.157038244233072,0.500738449094162
"195.06656-6.859",2,0.195343698007899,0.433453814875776,0.200522328740251,0.170680158376074
"638.33181-15.012",4,0.327595955034855,0.153109406000866,0.1647101709042,0.354584468060079
"281.11206-5.123",2,0.164775629941768,0.61218618720442,0.110035527420755,0.113002655433058
"525.29958-11.456",3,0.122200313509867,0.113450493970382,0.564813591028431,0.19953560149132
"196.94712-0.984",4,0.130086213621186,0.0926923507809583,0.15559579264191,0.621625642955946
"325.20228-11.575",1,0.611280236866355,0.149176910684244,0.101146465368582,0.138396387080818
"385.09293-7.887",1,0.348814057476296,0.326172101679178,0.149316741288289,0.175697099556238
"233.06685-1.477",3,0.147117289826653,0.13081771466349,0.460074795264472,0.261990200245384
"394.22722-9.125",2,0.195084015990186,0.434931705302551,0.199745822624661,0.170238456082602
"583.18293-9.349",2,0.25489204009727,0.447540208887447,0.142231473695932,0.155336277319351
"536.20804-6.866",2,0.170589000149498,0.538891700134859,0.151992754343609,0.138526545372034
"400.28594-16.467",4,0.330611034808874,0.153475743830088,0.164436993694212,0.351476227666826
"303.12388-7.839",4,0.158386916880638,0.119474258616864,0.225765038056271,0.496373786446227
"317.11629-7.531",3,0.137150994013925,0.148469869032162,0.535021210517554,0.179357926436359
"316.18806-5.758",4,0.137596937729086,0.0991331628199328,0.169927711726425,0.593342187724557
"522.23755-13.806",4,0.337135614909766,0.15419950271389,0.163784744354333,0.34488013802201
"333.19223-6.268",3,0.0716630084653023,0.0715850935767615,0.752902022179301,0.103849875778635
"340.2857-16.306",4,0.163237350595377,0.125566115481916,0.248854273416755,0.462342260505951
"646.32746-9.424",2,0.201383962494147,0.539895028657419,0.126153391686173,0.132567617162261
"500.2977-13.287",1,0.47128864477268,0.151400973023494,0.138602428425799,0.238707953778027
"384.22161-12.326",1,0.399271264766916,0.156720224884739,0.154259394907872,0.289749115440472
"368.24696-16.814",4,0.127575809712306,0.0905994074620805,0.151145207983434,0.63067957484218
"189.11343-6.831",3,0.0851847485060628,0.0863756135186613,0.707565897820473,0.120873740154803
"410.20097-12.297",4,0.159304868697645,0.12054498937472,0.229475064130583,0.490675077797051
"110.92614-0.885",3,0.158857364714097,0.136563856387972,0.398246244944718,0.306332533953213
"227.05632-1.117",4,0.320246233438347,0.152130603777379,0.165297077228336,0.362326085555939
"232.08279-1.105",4,0.33996398998784,0.154484285610628,0.163477070686813,0.342074653714719
"298.23891-15.128",4,0.130488745664416,0.0930304744467609,0.156323498637212,0.620157281251611
"302.17627-16.907",3,0.125303782396397,0.115835577352416,0.552620927690145,0.206239712561042
"326.16378-7.244",3,0.159630818327949,0.181694872510297,0.460731245913419,0.197943063248335
"248.06-6.149",1,0.35405899363451,0.320758674743205,0.149064619469135,0.17611771215315
"427.08036-8.465",3,0.153342971283641,0.134204275809485,0.429374019372712,0.283078733534162
"377.20059-11.269",2,0.155006742294344,0.590889084177249,0.1315454266935,0.122558746834907
"247.15528-6.828",3,0.112398855412427,0.117319700869913,0.616751049277387,0.153530394440273
"319.97675-1.007",1,0.652856639939479,0.130289761590475,0.0907687081655801,0.126084890304466
"319.97663-1.009",1,0.682611477752571,0.117403828535042,0.0832182813062359,0.116766412406152
"401.20457-6.79",3,0.169048043789235,0.198167094508966,0.42897889708657,0.203805964615228
"313.09973-6.298",4,0.161529836144612,0.123279269265048,0.239567865462365,0.475623029127975
"517.19604-8.781",1,0.381276542471057,0.156755271394847,0.157531656362653,0.304436529771443
"253.10835-6.875",3,0.153393973561102,0.134229369180583,0.429107189594128,0.283269467664187
"273.12468-8.012",4,0.262541260920422,0.139998724346284,0.165089705050989,0.432370309682306
"279.09108-8.232",3,0.0746530639589882,0.0748666360379026,0.742906067713696,0.107574232289414
"287.09272-10.492",1,0.492650132751432,0.21208317295393,0.128603726541431,0.166662967753207
"358.26001-14.252",3,0.161358856741891,0.13730421558566,0.381813710855071,0.319523216817378
"273.13462-5.549",4,0.2667661134351,0.141163377427612,0.165446998284023,0.426623510853266
"439.2262-10.197",3,0.0972474707339609,0.0928765336394723,0.658791123760804,0.151084871865762
"509.26766-10.031",3,0.0909735571159903,0.0874123646590756,0.681684423199672,0.139929655025262
"469.29649-11.419",3,0.162279004292471,0.137494616363648,0.375146096298205,0.325080283045675
"402.30156-17.398",4,0.137662450430291,0.0867684619138081,0.120933190426018,0.654635897229883
"289.89751-6.099",3,0.109945193900065,0.114421009872848,0.624894649288893,0.150739146938194
"441.24169-12.019",3,0.159808114972425,0.13687774679172,0.392241105932068,0.311073032303787
"537.26324-9.652",3,0.15333503488248,0.134200366531364,0.42941551287994,0.283049085706216
"403.27047-15.005",4,0.159544976300716,0.0984361978302087,0.133710282016161,0.608308543852915
"481.23441-9.366",3,0.108202979778517,0.102172475156787,0.618233022208804,0.171391522855891
"499.28891-14.026",4,0.167095442849461,0.136475627606838,0.32301080345257,0.373418126091131
"455.33022-17.451",3,0.174169121512747,0.208148388162243,0.411309805023253,0.206372685301757
"455.3302-17.45",3,0.176575403164889,0.213165722066198,0.402856911494922,0.207401963273991
"654.28283-7.174",2,0.11038596034914,0.72267303066839,0.0846042518830911,0.0823367570993793
"506.3259-14.673",4,0.110050026168009,0.0765906934129563,0.123293741298663,0.690065539120372
"389.20809-10.127",3,0.120359436279952,0.112013752442644,0.571975772592959,0.195651038684446
"473.32384-8.655",1,0.575796192041328,0.132765453583722,0.112320568432217,0.179117785942734
"672.34303-12.019",2,0.335506594119556,0.340482388002481,0.149699102768906,0.174311915109056
"620.33813-14.886",1,0.608821502439093,0.125003810980608,0.103667007184574,0.162507679395724
"269.07032-1.46",1,0.341439364924693,0.333998310423892,0.149575685176505,0.174986639474909
"333.00779-6.393",4,0.237214008433917,0.132086295197597,0.161575450703331,0.469124245665154
"251.00067-7.209",1,0.34198436501402,0.333411174259099,0.14956048797951,0.17504397274737
"363.15979-7.223",4,0.145729164274968,0.106505482112773,0.187837087359434,0.559928266252825
"481.35404-16.57",3,0.0689812780464058,0.0685433350222594,0.761742516573911,0.100732870357424
"343.12202-9.946",3,0.14812955235152,0.131406812900526,0.455295301414188,0.265168333333766
"343.12205-9.928",3,0.175427474880162,0.210742938723501,0.406903570524531,0.206926015871806
"573.23266-6.482",1,0.458037319939707,0.152931993327887,0.141709165692524,0.247321521039881
"387.20267-10.625",4,0.297424921259054,0.148293822404723,0.166325882488536,0.387955373847687
"378.9148-0.966",4,0.297041012769616,0.14821872186842,0.166331934973305,0.388408330388659
"332.19989-10.925",4,0.282510335421265,0.14511345935524,0.166256269829514,0.406119935393982
"655.40714-10.801",1,0.343153267517962,0.154784664213216,0.163112799316872,0.33894926895195
"359.12499-8.249",1,0.753047640260947,0.0881543064009791,0.0651022917684971,0.0936957615695765
"605.24609-7.342",1,0.540691684758909,0.140150494553075,0.121392943875139,0.197764876812877
"401.21027-9.844",2,0.232313982949104,0.484435878882095,0.136584903261338,0.146665234907463
"353.11638-7.924",2,0.196848742283398,0.424507255479874,0.205301165039222,0.173342837197507
"353.11636-7.917",2,0.197508417012922,0.420345538135287,0.207571812107123,0.174574232744669
"579.13644-6.704",4,0.211835887697708,0.122582662362633,0.155453405162597,0.510128044777062
"603.23046-7.467",1,0.443229239260901,0.154368699895746,0.145081386480117,0.257320674363235
"307.94003-1.587",4,0.159244340100946,0.120473492296872,0.22922345749276,0.491058710109422
"303.13868-8.207",4,0.172312576746023,0.104850992665452,0.140180547804532,0.582655882783992
"352.2156-12.013",1,0.344986730650932,0.154947476417582,0.162895284472644,0.337170508458841
"731.40186-14.903",4,0.0861968123092787,0.0585705699093206,0.0906639483071593,0.764568669474241
"589.27282-11.236",4,0.224340401717322,0.127458755606318,0.158814069092422,0.489386773583938
"469.29644-13.257",2,0.202783268917075,0.375248665123262,0.234481426536365,0.187486639423298
"421.18407-7.456",1,0.486359158357977,0.21596161037746,0.129908922363312,0.167770308901251
"363.18154-7.359",4,0.166843699505467,0.131811246784728,0.280834032460707,0.420511021249099
"118.89968-16.909",3,0.189885090222212,0.246916188425173,0.352802013787189,0.210396707565425
"625.36019-9.954",2,0.110692492255985,0.728178623623466,0.0808807318265397,0.0802481522940092
"559.38584-12.527",4,0.182193211155798,0.109596594063507,0.144673769167637,0.563536425613058
"359.13494-7.889",1,0.357647900476035,0.155878886647445,0.16124120440376,0.325232008472759
"423.32343-16.408",4,0.128860449094305,0.0916670938099737,0.153404249187876,0.626068207907846
"367.13605-1.07",4,0.0969665985597,0.063252318173575,0.0922055994882926,0.747575483778432
"349.06003-6.973",1,0.643762924507354,0.13432451126824,0.0930579533216939,0.128854610902712
"331.08027-1.091",2,0.203684657324431,0.359729635824672,0.244925045199793,0.191660661651103
"428.24722-12.516",3,0.115516094717736,0.108162164487877,0.590602507050365,0.185719233744022
"407.31692-14.415",4,0.127637778797409,0.090650755773962,0.15125332539766,0.630458140030969
"357.15901-8.56",4,0.173728252050672,0.105542964520527,0.140852002162739,0.579876781266062
"134.87528-0.939",2,0.240656402609095,0.470442397311845,0.13886592409336,0.150035275985701
"270.14619-5.483",1,0.421444780175537,0.155912403987194,0.149808651707399,0.27283416412987
"524.26948-9.379",2,0.323188515724777,0.354503874703439,0.149698409900592,0.172609199671192
"636.27856-8.02",4,0.166829966017159,0.136802256936957,0.328324769503452,0.368043007542432
"273.1247-8.303",1,0.663557552251252,0.125602670029441,0.0880631860182102,0.122776591701097
"239.05971-6.967",1,0.452381792714919,0.238256106776187,0.136528514820576,0.172833585688318
"333.08626-5.56",4,0.131990473589845,0.0942984418223504,0.159075079821227,0.614636004766578
"287.12909-9.076",1,0.355169725904806,0.155722747639331,0.161585004294172,0.327522522161691
"497.34079-16.933",3,0.131849467380425,0.141443974360911,0.55247883214337,0.174227726115294
"127.05136-1.086",4,0.173700202811449,0.105529292729035,0.140838788105774,0.579931716353742
"519.14503-6.186",2,0.144887106024373,0.653993205303511,0.0998056866249499,0.101314002047166
"359.18656-10",1,0.357669835390975,0.317103427718648,0.148859560467978,0.176367176422399
"324.11792-1.008",1,0.58904345763105,0.159805237593783,0.106585168369925,0.144566136405242
"237.04064-7.603",1,0.385291497576455,0.290943604702742,0.146520148214788,0.177244749506015
"211.09773-7.107",1,0.358756075167068,0.155944652790414,0.161084458776462,0.324214813266055
"369.21456-6.561",4,0.167422464246364,0.135739007790235,0.313349673412846,0.383488854550555
"378.16742-6.127",3,0.158204830776418,0.136329128502646,0.402229747720918,0.303236293000018
"438.13789-6.631",4,0.15517624886793,0.115917511778546,0.214225295872246,0.514680943481278
"501.32273-10.137",3,0.143344081554387,0.128515108851273,0.47734922945343,0.25079158014091
"401.21028-9.398",3,0.0743345633319797,0.074518646782169,0.743973083791045,0.107173706094807
"607.34953-13.13",4,0.175103524543841,0.106211383598673,0.141495444772534,0.577189647084952
"413.21842-11.509",1,0.555058953757659,0.137246346268804,0.117699759276765,0.189994940696772
"429.21353-8.624",1,0.370169611711886,0.304882970684145,0.147962316934271,0.176985100669698
"475.25694-8.011",1,0.504316779979892,0.205072753275046,0.126128031628368,0.164482435116694
"497.25844-11.285",4,0.17223713571371,0.104814006746096,0.140144507061224,0.58280435047897
"341.26975-13.652",4,0.167460456091155,0.135579454706561,0.311533665733361,0.385426423468923
"475.26848-10.753",3,0.10536026880403,0.0997944534687518,0.628841240464297,0.166004037262922
"583.33729-14.686",4,0.167162174931741,0.136369161503654,0.321449011892338,0.375019651672267
"297.06656-6.047",3,0.166224314231556,0.193002893786928,0.438579875632603,0.202192916348913
"377.20059-10.797",4,0.165567531372725,0.12918862424688,0.265824191293235,0.43941965308716
"277.08504-7.53",3,0.185127242465583,0.233346054299772,0.371579024449554,0.209947678785091
"375.19437-11.335",2,0.21422844367184,0.516195460111188,0.130858374375322,0.138717721841649
"261.11339-8.67",1,0.711395710515099,0.0972254591478422,0.0764547573970172,0.114924072940041
"402.10462-1.439",4,0.142943958393931,0.103923300579862,0.181346759166189,0.571785981860019
"335.02321-8.075",2,0.325586208419696,0.351714014488595,0.149726724212306,0.172973052879403
"346.16942-10.381",2,0.268771614439234,0.426402492768438,0.144881015485549,0.159944877306778
"633.29459-7.882",1,0.365481229553132,0.156290676786886,0.160094782580787,0.318133311079195
"361.25222-15.375",3,0.13712799309086,0.148438867520057,0.535096931504508,0.179336207884575
"249.2225-15.173",1,0.532927931797161,0.141646301058842,0.12337478793282,0.202050979211177
"239.05628-6.541",4,0.252938610886422,0.137186288719973,0.164041886060709,0.445833214332896
"302.17631-17.7",4,0.234553390099764,0.13116302788922,0.161061126920723,0.473222455090293
"262.09328-1.096",3,0.151404920039507,0.133215360920502,0.439301823280496,0.276077895759495
"403.14355-8.303",4,0.151875763191765,0.112486753586876,0.20401895464685,0.531618528574509
"190.07231-1.432",1,0.344413450885566,0.154897339587089,0.162963922080302,0.337725287447043
"385.10634-5.817",3,0.129310786275023,0.118839981873413,0.536626973152347,0.215222258699217
"385.10629-5.814",3,0.139015051663329,0.125695761272388,0.496327801209887,0.238961385854395
"471.25932-11.21",2,0.336634116842405,0.339236914229497,0.149681647209873,0.174447321718225
"599.23248-11.772",2,0.299250376718715,0.384047980531645,0.148609787075431,0.168091855674209
"398.20087-11.745",4,0.0968555495902206,0.0631857697520224,0.0921204159039654,0.747838264753792
"471.31247-13.354",4,0.154182207872826,0.114863809445295,0.211004857338262,0.519949125343616
"383.00803-7.838",4,0.141752746638912,0.102838491869061,0.178694398784629,0.576714362707398
"397.22337-12.554",4,0.0826657335043701,0.05467297717927,0.0812618294551849,0.781399459861175
"505.35416-12.435",4,0.0989277893506484,0.0680915550225091,0.107600449331997,0.725380206294845
"404.21946-8.839",4,0.136230194688116,0.0859777090720371,0.120025640061703,0.657766456178144
"653.39151-12.907",1,0.431984842452576,0.252901322701458,0.140075807092012,0.175038027753954
"547.23536-10.969",4,0.103255247280789,0.0713714071452917,0.113574420469909,0.71179892510401
"541.29473-10.366",3,0.192308331054277,0.254844254504409,0.342590184573805,0.210257229867509
"649.31315-12.187",4,0.0827787504554866,0.0560148694875569,0.0861480893741945,0.775058290682762
"510.28923-11.917",2,0.203324290534124,0.536255942769529,0.126897387354327,0.133522379342019
"527.21417-9.565",1,0.382636537852689,0.156773134438688,0.157296621939341,0.303293705769282
"387.20272-9.28",1,0.535028080275009,0.187629395177912,0.119318347842136,0.158024176704944
"241.12351-8.46",3,0.144184188020999,0.129041332540637,0.473569589969401,0.253204889468964
"579.28195-10.585",4,0.165563111181042,0.137503332482985,0.345829266210047,0.351104290125926
"206.08236-7.176",2,0.298576200768071,0.384926063018402,0.148556797856755,0.167940938356772
"589.339-13.38",4,0.0935395393526607,0.0611953561899283,0.089568381714195,0.755696722743216
"380.17501-8.496",2,0.167619444379132,0.54925715115697,0.147782638580188,0.135340765883711
"177.077-1.483",3,0.0749321942256859,0.0731490931827147,0.739535942540003,0.112382770051596
"638.27744-14.44",4,0.194742983744069,0.115331155707215,0.149729502411953,0.540196358136762
"317.07027-8.366",1,0.409144003076067,0.270645663263997,0.143560808693598,0.176649524966338
"526.24848-7.902",1,0.374634801164275,0.300674025243227,0.147575177825828,0.177115995766669
"401.15692-6.903",4,0.234601234234328,0.131179783552607,0.161070631125626,0.47314835108744
"567.17863-10.088",3,0.0687047520465116,0.0677670852081597,0.762097384109019,0.10143077863631
"535.30647-9.992",2,0.205401217323081,0.532383645575844,0.127680760217028,0.134534376884047
"222.09843-1.043",1,0.387514037735821,0.156809167500792,0.156436459256214,0.299240335507173
"547.25315-12.058",4,0.211531248380505,0.12245927230801,0.155362938939185,0.510646540372301
"523.20067-11.262",4,0.166688779424495,0.136933972092307,0.330763198360131,0.365614050123066
"527.30553-13.836",4,0.264550067931316,0.140558025897696,0.165267294094007,0.429624612076981
"293.04269-1.035",1,0.585269908427822,0.161651257294036,0.107498546456055,0.145580287822087
"551.75917-10.12",4,0.20549203021213,0.119968823875318,0.153483672372787,0.521055473539766
"487.32838-16.209",1,0.587215703935581,0.160697752307912,0.107027945652357,0.14505859810415
"416.21152-11.092",1,0.436753468350194,0.15490085346166,0.146518195396225,0.261827482791921
"286.16626-7.991",3,0.142121784320158,0.127736765458854,0.482788273166428,0.247353177054559
"311.11735-6.755",3,0.14509482129466,0.129603279411464,0.469431827590536,0.25587007170334
"247.0592-1.033",4,0.328061511617981,0.153167299176363,0.164669189866699,0.354101999338956
"402.19585-11.791",2,0.151630510990921,0.60152441916315,0.127545880061176,0.119299189784753
"416.21153-8.886",4,0.128903859427483,0.0917032929204459,0.153481249493675,0.625911598158396
"475.26855-10.43",4,0.166514127368632,0.131037033068769,0.276072861189367,0.426375978373231
"613.26316-8.25",2,0.25162381596151,0.452688676181363,0.141517318039222,0.154170189817905
"284.77501-1.019",2,0.187681511238508,0.566168824982954,0.120572226755223,0.125577437023315
"341.16399-9.832",4,0.133211897578751,0.0953376524856357,0.161357960005756,0.610092489929857
"341.164-9.837",4,0.121347826863864,0.0855123038101152,0.140677268552131,0.652462600773889
"326.10691-9.841",1,0.766778760885779,0.0820588225774328,0.0615850185595737,0.089577397977214
"397.20572-12.071",4,0.256985228944585,0.138399457864566,0.164524193298989,0.44009111989186
"336.15684-5.824",3,0.159012957697607,0.136617601696968,0.39728062257324,0.307088818032186
"163.02633-1.666",1,0.381210473062131,0.156754316043428,0.15754301985082,0.30449219104362
"449.32773-12.79",4,0.167534386045745,0.134862891129109,0.304176433517985,0.393426289307161
"309.17087-11.841",1,0.625610782847483,0.120798741953988,0.0992387110612755,0.154351764137254
"447.31211-15.304",3,0.114753251519831,0.12012715311453,0.608945290024455,0.156174305341184
"430.22728-10.998",4,0.104333109458238,0.0721933031087215,0.115086553255129,0.708387034177911
"693.35282-9.721",4,0.160341121578137,0.121790926941005,0.233955353896985,0.483912597583873
"471.26027-11.761",1,0.420985538153801,0.155937210150648,0.149904845970643,0.273172405724909
"344.56397-8.217",4,0.261154031475587,0.139606620623458,0.164958810338662,0.434280537562293
"236.093-7.981",2,0.192192845412758,0.55740933509861,0.122472126118042,0.12792569337059
"523.25564-9.696",1,0.534003165900232,0.188190088327449,0.119551560541559,0.15825518523076
"469.30942-13.37",4,0.167260644042924,0.133038830940268,0.289155959712569,0.410544565304239
"388.17289-6.336",1,0.400074953491952,0.156705290330406,0.15410556921349,0.289114186964152
"304.00285-1.006",2,0.118029536170574,0.700745920993216,0.0922004872750987,0.0890240555611119
"585.05622-7.96",4,0.316590610805629,0.151597881495202,0.165545358143321,0.366266149555848
"495.28896-13.846",3,0.120399814767948,0.112045434203182,0.571819195601268,0.195735555427603
"495.28895-13.847",3,0.122450278978004,0.113644354631695,0.563837209050516,0.200068157339784
"436.87724-0.958",2,0.197702110770916,0.419090790929219,0.208262588066018,0.174944510233848
"300.08419-1.448",4,0.153681337628841,0.0953894672384629,0.130491794160515,0.62043740097218
"315.25425-11.476",2,0.181285239177016,0.578765513750216,0.117776616470466,0.122172630602302
"485.29161-11.983",4,0.2876991148671,0.146281378429384,0.166353278235072,0.399666228468444
"497.27362-6.633",4,0.195268072014112,0.115563684857954,0.149925185384003,0.539243057743931
"584.32024-13.572",2,0.203624307248766,0.324983678476775,0.271237263228916,0.200154751045543
"539.26809-11.454",4,0.117510667896735,0.0824426408969565,0.134570301182003,0.665476390024305
"536.30571-14.129",2,0.334789106936608,0.341278186642175,0.149708721230254,0.174223985190963
"322.89322-0.979",4,0.0784280654930563,0.0522836826393895,0.0786141098433378,0.790674142024216
"272.08906-1.442",1,0.363498030534558,0.31132337421835,0.148476469389375,0.176702125857717
"258.13487-6.684",4,0.158491959502267,0.11959537073515,0.226178614458058,0.495734055304525
"239.12907-7.937",3,0.0683071093970141,0.0676407487929023,0.763798269626761,0.100253872183323
"239.12905-7.944",3,0.085710947177626,0.086954226729912,0.705800904103414,0.121533921989048
"239.12905-7.939",3,0.0684174362443157,0.0678227094921672,0.763503066981169,0.100256787282349
"364.18805-7.92",4,0.114695002278718,0.0737386931453709,0.105411088966584,0.706155215609327
"378.24186-12.052",4,0.219352572098422,0.125558232606303,0.157555453889631,0.497533741405645
"503.03699-7.784",1,0.73030303276111,0.0917024134033795,0.0714130400833,0.10658151375221
"487.30754-12.201",4,0.199068645619995,0.117228560414831,0.151303770909767,0.532399023055408
"285.24364-16.537",3,0.11681105242722,0.122603081821615,0.602129419465264,0.158456446285902
"379.17654-7.259",3,0.13546182200901,0.123262858661328,0.511389173414405,0.229886145915256
"157.0143-1.441",4,0.167108504046236,0.136455797103022,0.322714493796118,0.373721205054625
"339.09683-1.441",1,0.482860660820121,0.218149781273624,0.130625073337443,0.168364484568813
"243.19665-14.92",4,0.217562903121199,0.124861858274742,0.157077522009448,0.500497716594611
"455.31713-15.308",2,0.202741090168222,0.311767736536046,0.282540134433431,0.2029510388623
"485.22221-9.1",3,0.163320837457703,0.137635963098733,0.367006032448087,0.332037166995477
"473.29128-10.021",3,0.154844943242951,0.134921157567195,0.421379830632525,0.288854068557329
"382.13576-1.084",4,0.167114049267553,0.132555949619324,0.285752899108385,0.414577102004738
"512.30499-12.278",2,0.116336757242673,0.716030028751507,0.0839363735805415,0.0836968404252782
"189.07704-6.092",1,0.546016999949732,0.181702073527762,0.116795427308089,0.155485499214417
"370.16217-6.388",1,0.451882885394636,0.238602110470928,0.136619535798417,0.172895468336019
"185.09327-1.428",4,0.15942053882129,0.120681991963954,0.229958799244892,0.489938669969864
"497.28917-15.161",3,0.198000778621973,0.278208640700549,0.315377633091115,0.208412947586363
"324.15678-6.757",1,0.380118807090923,0.295612422858945,0.147054669147818,0.177214100902314
"281.13966-7.54",3,0.152232845191539,0.133645989365902,0.43510904240607,0.279012123036489
"356.24441-12.141",4,0.270399310467788,0.142129427519107,0.16570548463706,0.421765777376045
"229.88427-1.216",3,0.118344052742903,0.110423212361389,0.579762782189196,0.191469952706511
"468.2991-14.86",4,0.1675146940211,0.135225584300527,0.307754872870088,0.389504848808285
"307.19165-12.034",3,0.12311146775821,0.114155686400377,0.561249933566843,0.20148291227457
"581.32153-13.566",3,0.191710524553748,0.252808061780566,0.345162233133823,0.210319180531863
"523.26045-14.319",1,0.361840585866405,0.156114616857528,0.160638612779047,0.32140618449702
"317.07806-6.448",2,0.266333444313955,0.430030653551783,0.144460081784005,0.159175820350258
"385.11416-6.897",1,0.506983591644311,0.146237951575481,0.129910084200805,0.216868372579403
"731.40192-14.701",4,0.161593066835783,0.123360504763246,0.239883189815542,0.475163238585429
"288.1819-7.753",3,0.0974208107627641,0.093026193096903,0.658155615801345,0.151397380338988
"415.04938-10.128",3,0.154376733264121,0.134702741216984,0.423903337225323,0.287017188293573
"529.27105-11.633",4,0.162251811664216,0.124221210716642,0.243286520756795,0.470240456862346
"471.23699-12.287",3,0.0687561366360135,0.067804712724145,0.761903202147948,0.101535948491893
"398.13074-1.081",4,0.166499228254746,0.101968502228584,0.137326715110275,0.594205554406395
"291.0911-8.122",1,0.553309416673002,0.137609107308264,0.118151112514336,0.190930363504398
"653.39142-12.782",4,0.144494427402684,0.0904965225142991,0.125144448496693,0.639864601586324
"627.29622-11.459",4,0.0789776763926758,0.0530896650234678,0.0808243766040359,0.787108281979821
"461.11015-7.116",4,0.186455528947879,0.111581857364661,0.146472567759106,0.555490045928353
"387.25486-14.728",3,0.163514953923748,0.137651645444275,0.365402657978108,0.333430742653869
"651.15747-8.034",4,0.27562221259837,0.143460772851709,0.166000413746026,0.414916600803896
"422.20903-11.905",3,0.184305168951644,0.231206484478595,0.374698231336286,0.209790115233475
"176.03545-6.362",4,0.131722197677543,0.0940711542611601,0.158579164056532,0.615627484004765
"491.16009-7.642",2,0.117598817449602,0.713279314787448,0.0846415461516107,0.0844803216113399
"357.14521-1.655",2,0.20324534129668,0.368400717887582,0.239003023906962,0.189350916908776
"465.2361-7.644",2,0.336651985686631,0.339217226276777,0.1496813476525,0.174449440384092
"372.2757-14.803",4,0.151589698467595,0.11219781368983,0.203193967157616,0.533018520684959
"285.10947-1.777",2,0.203970800433689,0.335448296843907,0.262831708920378,0.197749193802026
"267.16036-11.037",1,0.712557856215531,0.0968879669732845,0.0761450374139979,0.114409139397186
"696.30661-11.023",1,0.381021043259267,0.294790801508801,0.146964424687488,0.177223730544445
"689.35273-14.244",1,0.645444522090527,0.115633831824917,0.0939898498931881,0.144931796191367
"499.27112-11.8",3,0.104782330724382,0.108404784377163,0.642059693260503,0.144753191637953
"511.27412-10.682",1,0.448416023154764,0.153899630368344,0.143913295514217,0.253771050962674
"565.37287-13.987",1,0.746738304287473,0.0907663383693791,0.06673141557843,0.0957639417647184
"454.28126-13.035",3,0.077246675433413,0.0752169790013263,0.731222576743365,0.116313768821896
"510.18898-7.428",3,0.125683285422734,0.116123875772254,0.55111895008915,0.207073888715862
"487.25617-14.449",4,0.165201575034109,0.128557467843683,0.262612937209241,0.443628019912967
"219.08163-17.702",3,0.075519403731646,0.0736731829724041,0.737426621333679,0.113380791962271
"441.29946-15.406",2,0.223628898409742,0.499447378445881,0.133967724174215,0.142955998970163
"463.25985-15.883",2,0.191416031518581,0.454264772283941,0.189898571078124,0.164420625119353
"301.06545-1.035",2,0.305295041821759,0.376290076844379,0.14902847049889,0.169386410834972
"148.07688-6.688",1,0.386960231310139,0.156807265371248,0.156535452681864,0.299697050636749
"390.23221-12.49",4,0.0782196530503684,0.0521948800768149,0.0785920705324662,0.79099339634035
"238.10866-9.129",3,0.129769223668686,0.119177896140012,0.534776784307821,0.216276095883481
"475.12533-8.612",1,0.395006054875878,0.282440350613573,0.145408629831562,0.177144964678987
"235.06475-8.328",4,0.198459109027105,0.11696370690163,0.151087133675836,0.533490050395429
"443.30502-13.274",1,0.681504170025443,0.117875551559624,0.0835007123105091,0.117119566104423
"327.07241-7.156",1,0.407328484548825,0.156520675060954,0.152690365541725,0.283460474848496
"638.27735-14.678",2,0.20042735139687,0.399244090381731,0.219598670797565,0.180729887423834
"481.25778-15.096",1,0.359190669331127,0.155969763536037,0.161022487480382,0.323817079652454
"536.26935-9.887",1,0.379479108733052,0.296196848675343,0.147117875688108,0.177206166903497
"473.27615-12.256",3,0.15113867947097,0.133074439443211,0.44063596024478,0.275150920841038
"255.08764-6.646",2,0.202180259548717,0.305902693917016,0.287825730603438,0.204091315930828
"237.0804-6.856",1,0.632988023258473,0.139171370200069,0.0957573641359442,0.132083242405513
"401.17402-7.954",3,0.19698071943448,0.273312781717864,0.320749461206768,0.208957037640888
"537.29948-10.967",4,0.161703077083678,0.0995419588373401,0.134856015243932,0.60389894883505
"363.23063-15.693",3,0.167848727491647,0.19594718715604,0.433067026056421,0.203137059295892
"217.10827-6.873",3,0.147476086571943,0.131028017456888,0.458388533897297,0.263107362073873
"245.10322-7.262",1,0.451199080431605,0.153632592857182,0.143280559868163,0.25188776684305
"475.2344-12.797",4,0.0944021834659345,0.0617136911329726,0.0902336240288244,0.753650501372269
"637.39656-12.481",4,0.0956117968040399,0.0655972170853582,0.103114785103054,0.735676201007548
"635.4172-12.983",4,0.0959426966050387,0.0626384337946789,0.0914194082490109,0.749999461351272
"507.20404-9.679",1,0.584311491886937,0.130833884710451,0.110098141877332,0.17475648152528
"250.95159-1.435",3,0.195488191971809,0.266816102468574,0.328138730964469,0.209556974595148
"248.02361-1.107",1,0.472415124304593,0.151260634920227,0.138334890675356,0.237989350099824
"168.03371-1.047",1,0.720552360296471,0.101529248169661,0.0734884570282101,0.104429934505658
"515.27848-15.204",4,0.165627664474223,0.13748505846747,0.345094309465701,0.351792967592606
"281.1582-14.418",4,0.166371292146592,0.137163698649626,0.335637860782321,0.360827148421461
"352.28576-16.797",4,0.123466276241248,0.0872271363922677,0.144154512566381,0.645152074800104
"567.15159-10.083",1,0.485773220305401,0.14948020958135,0.135125720203757,0.229620849909493
"374.12799-8.335",1,0.365078891037598,0.309780547098191,0.148361788905842,0.176778772958369
"457.29653-11.909",2,0.20291171745205,0.373484805665738,0.235633514059987,0.187969962822225
"529.30239-14.689",2,0.225678853709993,0.495863805543745,0.134607693202889,0.143849647543372
"255.14256-11.026",1,0.725104130260946,0.0996542807380614,0.0723155536890601,0.102926035311933
"619.38561-12.683",4,0.101026188764765,0.069678161221741,0.110478754475353,0.718816895538141
"197.05698-1.447",4,0.124279794822165,0.0878897568422643,0.145511652640891,0.64231879569468
"596.19781-8.941",2,0.324289991235541,0.353218542022534,0.149713150737123,0.172778316004802
"249.08826-6.119",4,0.16746863141924,0.133993304151675,0.296507032248603,0.402031032180483
"441.19021-6.383",1,0.343699477606426,0.154833918461074,0.163048609797668,0.338417994134832
"428.31731-17.553",4,0.223231573920873,0.127041403925968,0.158543546925004,0.491183475228155
"439.28529-16.004",3,0.135329232828393,0.146028919837249,0.541018940193459,0.177622907140899
"359.10179-6.909",1,0.361132872008401,0.313651397420077,0.148639544730325,0.176576185841198
"359.10181-6.904",1,0.355162298131171,0.319635680951421,0.149004642147365,0.176197378770043
"281.11453-1.525",4,0.162726858174145,0.124859979858292,0.245890653308371,0.466522508659192
"234.00794-1.102",4,0.187568416842305,0.112093907794903,0.146928381999764,0.553409293363028
"494.28959-12.063",4,0.149827660794689,0.110443238234056,0.198286284553448,0.541442816417806
"401.21036-7.487",1,0.354087947876796,0.320729134503662,0.149063075881003,0.176119841738539
"389.26998-14.897",4,0.167239154782019,0.13296257775882,0.288606061057229,0.411192206401932
"770.34343-11.364",1,0.356504104066408,0.318277204339151,0.148928512597752,0.176290178996689
"527.2141-9.692",1,0.351694486831424,0.155482501074707,0.1620510779655,0.330771934128368
"353.2335-9.245",3,0.146606272363447,0.130515436891901,0.462462230595195,0.260416060149457
"283.1189-8.724",1,0.397182329058348,0.15675381512309,0.154656327980449,0.291407527838113
"396.17798-6.627",4,0.165014652720652,0.128247011991526,0.261078516360972,0.445659818926849
"211.06135-7.961",3,0.181671471066543,0.224673037341183,0.384505039623415,0.209150451968859
"285.2073-11.028",1,0.404394600970842,0.274534328670547,0.144210246748644,0.176860823609967
"409.0967-8.339",4,0.237844764310152,0.132302627934469,0.161693160798967,0.468159446956412
"411.25222-9.743",3,0.0972827029804241,0.0929069587555189,0.658661967616243,0.151148370647814
"431.21125-8.214",4,0.163543286483238,0.126000485808634,0.250724988887164,0.459731238820964
"430.92861-0.961",2,0.336978024664828,0.338858269600916,0.149675756708942,0.174487949025313
"486.27619-13.348",4,0.102727285093229,0.0666921252194331,0.096589899278148,0.73399069040919
"707.47199-11.921",2,0.135321348619925,0.65084096803061,0.109613888757098,0.104223794592367
"349.27485-14.744",4,0.167473769304922,0.135512308387913,0.310791666821551,0.386222255485614
"331.08046-1.442",4,0.117879214313134,0.0755867024208372,0.107680414674626,0.698853668591403
"468.89731-0.974",1,0.540847235637717,0.140119985031099,0.121353130804673,0.197679648526511
"241.08318-1.105",1,0.677313905923153,0.106945302142095,0.0855280981592173,0.130212693775535
"567.3181-10.218",4,0.0895815112822319,0.0588143637050513,0.0865115446123025,0.765092580400414
"260.1042-6.472",2,0.155880871536351,0.588105581178837,0.132601246233161,0.12341230105165
"381.19219-7.331",4,0.285835433367964,0.145869479569231,0.16632765337966,0.401967433683144
"719.37841-17.267",3,0.163449226855615,0.137646758280809,0.365949036569006,0.33295497829457
"281.11206-5.857",2,0.125180494767411,0.680290861777959,0.099278372621353,0.095250270833277
"457.33284-15.018",4,0.167533014753368,0.1346930439467,0.30258665842165,0.395187282878281
"415.04946-8.247",3,0.103118526533636,0.0979014809907563,0.637162195530892,0.161817796944716
"439.1614-8.614",1,0.369620650212659,0.305405979311918,0.148007572083637,0.176965798391787
"582.88034-0.96",2,0.300397959689681,0.38255925737996,0.148697057289562,0.168345725640797
"582.88103-0.968",2,0.175596446449237,0.590137866640557,0.115192649296512,0.119073037613694
"584.80088-13.523",1,0.479831368136165,0.150298269105521,0.136561252288065,0.23330911047025
"359.18657-9.736",2,0.124909650111584,0.681068922925227,0.0990080252136575,0.0950134017495321
"461.32763-15.375",4,0.15877730420458,0.119926159617185,0.227315942822956,0.493980593355279
"319.08237-6.672",3,0.14089511963242,0.126941247536523,0.488180446480527,0.24398318635053
"384.27576-15.38",1,0.631988350636499,0.139624876547755,0.0960070417662609,0.132379731049485
"203.992-1.033",2,0.198454460476782,0.414056653978866,0.211063699220316,0.176425186324036
"462.00784-7.868",3,0.0829508636793143,0.0839247267001106,0.715061267722857,0.118063141897718
"300.18186-7.145",3,0.0971514708824197,0.0996933894384664,0.6675038143142,0.135651325364914
"543.11827-6.16",1,0.360301195411758,0.156032192598673,0.160862863049236,0.322803748940334
"322.1234-5.488",1,0.557329206725098,0.1367719565561,0.117113446786003,0.188785389932799
"287.05323-1.12",4,0.268877175167889,0.14172869145119,0.165602601406438,0.423791531974482
"455.31715-14.142",3,0.123896956759497,0.114760361066724,0.558167312842766,0.203175369331012
"300.19311-6.61",4,0.0923036669925539,0.0631217779798987,0.0987038637592947,0.745870691268253
"413.2185-12.778",1,0.425100893821484,0.155703201309686,0.149037363722088,0.270158541146741
"447.33646-16.429",4,0.167314835465403,0.136060216958449,0.317266398445591,0.379358549130556
"473.29159-11.796",3,0.19019916991136,0.247897819618483,0.351508419161484,0.210394591308673
"380.14657-6.288",2,0.19611471276509,0.428957127779377,0.202907194257506,0.172020965198026
"591.13642-9.226",4,0.243136079149907,0.134078828006657,0.162617772867299,0.460167319976136
"598.30046-13.215",4,0.0812390233022172,0.0548511237000111,0.0840699857480263,0.779839867249745
"210.04092-5.733",4,0.166024956393001,0.130032994357269,0.270334478588212,0.433607570661518
"361.12546-1.446",3,0.179988628244556,0.220723800644267,0.390644717521727,0.20864285358945
"687.30655-11.431",1,0.394783791850122,0.156783001580829,0.155106840968434,0.293326365600614
"503.23271-9.909",3,0.162342294838582,0.137505648344512,0.37467123978644,0.325480817030466
"535.15388-11.408",3,0.163407480508594,0.137643427206224,0.366294195884975,0.332654896400206
"351.01822-7.437",4,0.185945716114846,0.111346411096157,0.146261844766621,0.556446028022375
"223.10109-8.052",3,0.154121116084846,0.134581517708781,0.425268624006632,0.286028742199741
"326.07067-7.146",1,0.342495614128652,0.154724513148648,0.163189391911451,0.339590480811248
"615.22032-7.848",1,0.60663375628149,0.125539616953905,0.104242818276065,0.16358380848854
"229.07186-1.134",3,0.152356226581498,0.133709148261294,0.434478262128902,0.279456363028306
"132.86792-0.935",4,0.110490737381764,0.0769325743353419,0.123940716809364,0.68863597147353
"351.12978-5.937",1,0.539053659853948,0.185440341876108,0.118398814332292,0.157107183937652
"180.06674-6.405",4,0.124773722801585,0.0795445526408985,0.112469670222046,0.683212054335471
"413.26785-14.073",4,0.159342504479538,0.120589512274846,0.229632035196877,0.490435948048739
"575.35958-13.15",4,0.133910541977719,0.0959354155627973,0.162682884170642,0.607471158288842
"382.1695-11.272",2,0.182656437225374,0.576047918337653,0.118385829330532,0.122909815106441
"607.34976-12.687",4,0.133818195405294,0.0846390555008928,0.118478292895993,0.66306445619782
"489.21362-11.6",4,0.297983180168018,0.148402397092932,0.166316373028262,0.387298049710788
"241.14468-8.623",2,0.154084874833059,0.634467514411425,0.104649180914754,0.106798429840762
"315.0876-7.268",4,0.171958099630299,0.104677108607417,0.140010974383551,0.583353817378732
"504.86479-0.961",2,0.175232999106049,0.522099959139412,0.158980013446737,0.143687028307802
"361.18696-9.028",1,0.375933338198306,0.156651571148467,0.158433891108616,0.308981199544611
"453.1455-6.516",2,0.172694618315393,0.595998123992501,0.113840208704125,0.117467048987981
"682.28013-8.305",2,0.301954278057482,0.380552228841565,0.14880954968684,0.168683943414113
"416.26573-9.351",1,0.623032155831561,0.14371832086922,0.0982377126890926,0.135011810610125
"514.31584-12.299",2,0.197035660750713,0.423344698900975,0.205932326677801,0.17368731367051
"459.08922-1.02",2,0.119125873260947,0.709944420364984,0.085499116398006,0.0854305899760633
"559.06323-7.779",1,0.382725097358668,0.293247432421398,0.146790509505663,0.177236960714271
"381.09365-6.463",1,0.604263442426544,0.15248649507783,0.102872419280585,0.140377643215041
"480.11447-1.448",1,0.526005359691063,0.192613670901187,0.121358294274575,0.160022675133175
"774.86734-9.723",1,0.578118608108197,0.165186057841866,0.109221033428855,0.147474300621082
"394.22721-8.917",2,0.202925957928566,0.373283605545337,0.235765476194332,0.188024960331766
"435.27559-11.597",4,0.0990760305196191,0.0645148532136728,0.0938193562776068,0.742589759989101
"503.33846-9.646",4,0.228094012604231,0.128849600055612,0.159690898561472,0.483365488778685
"638.36805-14.855",4,0.324818062167863,0.152753838579584,0.164945415049888,0.357482684202666
"435.14152-7.359",4,0.205483163519268,0.119965105773742,0.153480792489076,0.521070938217914
"769.19949-7.694",1,0.395021654276179,0.28242696563397,0.145406736918653,0.177144643171198
"443.21133-14.984",3,0.113096038257068,0.106201813552802,0.599805686061874,0.180896462128256
"409.34389-13.999",4,0.263018692768755,0.140132563249301,0.165133188620726,0.431715555361218
"418.33297-17.113",3,0.0759562208261521,0.076288784242207,0.738537355665239,0.109217639266402
"789.1977-8.912",4,0.107759312927486,0.0748205944926928,0.119965250141532,0.697454842438289
"513.27587-13.664",3,0.139383343433361,0.151501883779457,0.527672253266262,0.181442519520921
"505.27325-12.754",2,0.202674305149537,0.537472689413669,0.126649461239023,0.133203544197771
"311.18662-12.723",3,0.114620643121171,0.119968321813333,0.609384724776043,0.156026310289453
"208.02855-1.106",1,0.338698873577907,0.336972262962469,0.149642335117001,0.174686528342623
"277.21739-16.075",4,0.169408933611938,0.103419416912214,0.138774496423865,0.588397153051983
"393.22861-11.445",3,0.16484394104529,0.137636989337714,0.353403350350658,0.344115719266338
"357.21785-15.248",3,0.0799066301569537,0.0805967019043785,0.725279735191096,0.114216932747572
"391.27043-9.458",4,0.0780161372017177,0.0521951094401692,0.0788977218138694,0.790891031544244
"595.28964-12.633",1,0.426575938861301,0.256967251826072,0.140951508160134,0.175505301152493
"376.2626-16.498",4,0.146774864010868,0.107493242121465,0.190391383060396,0.555340510807272
"381.19275-8.578",3,0.152792757238737,0.133930413903241,0.432233502771493,0.281043326086529
"389.26993-12.264",3,0.164476827652004,0.137665885823205,0.356928656152,0.340928630372791
"631.312-13.912",4,0.268581296682648,0.14165012667019,0.16558170071349,0.424186875933672
"497.14213-5.066",4,0.125368252292065,0.0798829305050751,0.112874394323498,0.681874422879362
"330.13835-9.451",4,0.167338138092856,0.13600108279194,0.316515984468763,0.380144794646441
"243.16032-7.662",3,0.0732877582498667,0.0716856249393941,0.745446154333659,0.10958046247708
"181.01776-1.084",4,0.276434946219299,0.143661868312763,0.166038363640947,0.413864821826991
"334.17756-7.966",3,0.151408807538359,0.168753167086011,0.488027204795937,0.191810820579693
"581.32135-13.795",4,0.131529686968826,0.083360994504842,0.116988415529452,0.66812090299688
"458.28763-13.105",4,0.247620245731096,0.135529919777943,0.16331497064166,0.453534863849302
"639.31594-14.199",2,0.203994781523205,0.348669115071043,0.252825002493645,0.194511100912108
"387.16769-7.966",4,0.112363864021592,0.0723781983754043,0.103727866659583,0.71153007094342
"260.10427-5.966",4,0.159664078554315,0.120972081094559,0.230990139146952,0.488373701204174
"341.12425-8.471",4,0.200580160611107,0.117881754442822,0.151833649467992,0.529704435478078
"575.30025-9.737",1,0.397606393444467,0.280220754598597,0.145088481388367,0.177084370568569
"645.0977-7.348",1,0.468713870417949,0.227239655593075,0.13344447516878,0.170601998820196
"271.05742-1.457",1,0.624935951556094,0.120970833018355,0.0994169942610259,0.154676221164525
"583.19871-15.264",2,0.138997619833363,0.639971409473622,0.11349012848402,0.107540842208995
"476.3023-13.039",3,0.075571795745295,0.0758694675061962,0.739826524039427,0.108732212709082
"582.27168-8.996",2,0.28506043417382,0.403083571976468,0.147219319362697,0.164636674487015
"425.16707-6.48",4,0.275568385968338,0.143447396789718,0.165997825767772,0.414986391474172
"379.16596-12.593",3,0.0734830226968808,0.0735870117012424,0.746823896030857,0.10610606957102
"379.16598-12.589",3,0.0744969939408972,0.0746961424283883,0.743428964459048,0.107377899171666
"577.78204-10.595",1,0.691304425079841,0.113719200072178,0.0809976661272479,0.113978708720733
"593.1521-6.688",4,0.317936314864335,0.151797561392767,0.165457436380823,0.364808687362075
"378.16729-7.282",3,0.144718642564091,0.15894917795483,0.51010247085149,0.186229708629589
"385.07802-6.641",4,0.321028149920324,0.152240570146054,0.165240129649745,0.361491150283877
"562.31563-13.091",2,0.137989498509125,0.642964215018075,0.112419061040118,0.106627225432682
"529.27087-11.921",2,0.186480583632615,0.477153540702547,0.178903550511151,0.157462325153686
"388.21665-12.391",4,0.268590797842038,0.14165265289921,0.165582376451202,0.42417417280755
"521.3043-12.27",2,0.145240626044816,0.621208335190364,0.120276861267456,0.113274177497364
"171.07765-1.076",3,0.187378058211578,0.239489345443413,0.36286749862364,0.210265097721369
"271.05853-1.454",1,0.685803378713755,0.116047109405112,0.0824035958626267,0.115745916018507
"497.28918-15.303",3,0.131762670783034,0.120632405831599,0.526677558720232,0.220927364665135
"239.09014-7.886",2,0.15580517978976,0.588347119550737,0.132509473955004,0.123338226704498
"267.55981-8.061",1,0.358923793383927,0.315847450649103,0.148782499506163,0.176446256460807
"287.22296-12.904",3,0.0862230515227061,0.0875178556513366,0.704083422663905,0.122175670162052
"505.25771-13.698",4,0.198751992977047,0.117091073147412,0.151191440780503,0.532965493095038
"313.11949-9.132",4,0.131840626208837,0.0835350921629744,0.117192076872992,0.667432204755197
"283.15534-7.176",3,0.157241759474746,0.135957364065851,0.407932381967722,0.298868494491682
"350.10695-6.279",4,0.21212621043367,0.122700052416785,0.155539235004409,0.509634502145136
"234.00788-1.448",4,0.117785223800407,0.0826608167209403,0.134999657909042,0.66455430156961
"330.20377-7.217",3,0.146805413309358,0.130633612747508,0.461533810539268,0.261027163403866
"495.2972-11.476",4,0.16703323306127,0.132318239740628,0.284142384080677,0.416506143117425
"495.29726-11.48",4,0.167256306042978,0.133023250226131,0.289043198950457,0.410677244780433
"629.33377-14.057",1,0.663115340659943,0.110870743758748,0.0893014113646085,0.136712504216701
"423.27578-9.976",4,0.153209457445644,0.113850462630365,0.207981726365156,0.524958353558834
"393.18829-1.834",4,0.198412307099647,0.116943336463761,0.151070429319979,0.533573927116613
"511.2215-15.2",3,0.0986199346938348,0.101354674462691,0.662600712552366,0.137424678291108
"432.24299-12.948",4,0.266898494284021,0.14119915287681,0.165457200461743,0.426445152377426
"463.22389-11.046",4,0.160215056739752,0.121637008433646,0.233391703501564,0.484756231325038
"295.13013-7.515",1,0.442365874607397,0.245316811073732,0.138316367050333,0.174000947268538
"473.10967-7.551",1,0.475772319149948,0.222654673820273,0.132053625255842,0.169519381773937
"492.25983-11.59",4,0.168116226906407,0.10277681666278,0.13813606905916,0.590970887371653
"375.01892-1.025",1,0.509445088926698,0.202062103947692,0.125018774135534,0.163474032990076
"463.30709-11.139",4,0.136891970590872,0.0985156538846023,0.168507055336623,0.596085320187903
"521.23181-10.282",3,0.147559147431399,0.16304278681184,0.500738643927739,0.188659421829022
"405.18892-10.715",4,0.129672626681606,0.0823183183322283,0.115764071698389,0.672244983287776
"425.28306-16.615",3,0.0683670712851566,0.0675553761752172,0.763416200212092,0.100661352327534
"94.93116-0.887",3,0.162328539424775,0.137503275156954,0.374774638399116,0.325393547019156
"363.18138-7.929",4,0.0782018338512494,0.0524193026785424,0.0794632801124411,0.789915583357767
"444.24309-11.617",4,0.153956735034368,0.114627425580586,0.210293364653481,0.521122474731565
"418.26364-11.436",1,0.550232750653825,0.17946756585244,0.115817204337806,0.154482479155929
"356.2363-14.582",1,0.355215167024406,0.319582004437416,0.149001708536341,0.176201120001837
"411.2311-15.192",3,0.192845061975942,0.256723113261675,0.340247135782954,0.210184688979429
"577.30272-13.101",4,0.299206977710136,0.148637792128601,0.166292607966443,0.385862622194819
"533.31287-11.233",4,0.159697644699051,0.121012240783578,0.23113368610857,0.488156428408801
"293.1799-11.758",3,0.178028267598821,0.216314578608455,0.397694068253196,0.207963085539528
"485.30429-14.236",3,0.15898465873659,0.136607892825711,0.397456721630647,0.306950726807053
"245.09327-6.462",4,0.166983640483761,0.136628889146586,0.325394121039116,0.370993349330536
"214.02087-1.019",1,0.43820290831705,0.154786987631322,0.146198768268328,0.2608113357833
"197.11847-8.899",4,0.15824939063475,0.119316215743408,0.22522759388626,0.497206799735583
"398.16454-10.032",1,0.701768850277737,0.100007755327729,0.0790195855129259,0.119203808881608
"511.25545-12.446",4,0.11884457256965,0.0761445236230106,0.108361397745729,0.69664950606161
"383.23025-7.319",4,0.165764264970899,0.137442190689462,0.343501867948078,0.353291676391561
"273.17096-7.493",3,0.102728611678251,0.0975707095937771,0.638605735905554,0.161094942822417
"267.09876-6.463",4,0.310976765950113,0.150719609676,0.165867182733139,0.372436441640749
"405.26495-11.473",3,0.148189728486835,0.131441415148517,0.455008974130882,0.265359882233766
"537.26338-10.188",3,0.145170171327221,0.129649371099581,0.469087459507377,0.256092998065821
"517.22955-8.986",1,0.508010614838076,0.202900026063839,0.125330279945542,0.163759079152542
"301.16586-7.042",3,0.0954327353569933,0.0977573377674234,0.67324647214097,0.133563454734614
"334.15107-6.987",4,0.132670825057055,0.0839992406890528,0.117733953463675,0.665595980790217
"456.32567-15.019",3,0.164668287478394,0.137653613292279,0.355114109600157,0.34256398962917
"391.22585-9.009",4,0.338050535534656,0.154293526310257,0.163686827201015,0.343969110954072
"391.22598-9.015",4,0.338269836121785,0.154315792414795,0.163663127196715,0.343751244266705
"417.08312-9.505",4,0.252934625044387,0.137185073682288,0.164041381155005,0.445838920118321
"689.35495-13.69",3,0.0684032355449476,0.0678018551459197,0.763544151430937,0.100250757878196
"240.9367-1.42",2,0.159426117067965,0.576677485583658,0.136977872781738,0.126918524566638
"467.13319-5.611",1,0.736212208932473,0.0899680199121943,0.0698358804364164,0.103983890718916
"628.28104-8.074",2,0.321293401122773,0.35673012648406,0.149666089167871,0.172310383225296
"638.33181-13.431",4,0.165385324178812,0.137547668503791,0.347800530318446,0.349266476998951
"339.08512-7.532",3,0.198639366867465,0.281512109387215,0.311844428698684,0.208004095046636
"501.26454-9.837",4,0.158202251272324,0.119262178264086,0.225044410080326,0.497491160383264
"521.26822-12.627",3,0.112212725131065,0.11709886206487,0.617368492980326,0.15331991982374
"589.33887-11.964",2,0.251111146304597,0.453502215483947,0.141402139642836,0.153984498568619
"392.18306-6.677",3,0.112704775210232,0.10588277533622,0.601287744585909,0.180124704867639
"195.13921-12.153",1,0.606101950195698,0.125669424314466,0.104382741785535,0.163845883704301
"334.91698-6.431",3,0.0686174857622974,0.0680933286587906,0.762896425839839,0.100392759739073
"320.04482-1.438",4,0.0781744080443192,0.0523921401871373,0.0794021349981292,0.790031316770414
"403.10391-8.021",1,0.463589341130376,0.230633251986791,0.134433141754536,0.171344265128297
"510.23103-9.573",1,0.594817448359225,0.128382344062757,0.107347161021971,0.169453046556047
"653.33147-15.063",4,0.31322142616615,0.151079577145056,0.165747332376407,0.369951664312387
"465.27762-14.449",4,0.0982009925179424,0.0675435660100644,0.106611031535755,0.727644409936238
"469.30935-14.823",3,0.14903638028558,0.131923080327267,0.450952810587612,0.268087728799541
"469.29645-14.218",4,0.164970810466981,0.128175224099022,0.260727705723677,0.44612625971032
"535.18287-7.415",4,0.248254591655846,0.13573117247046,0.163407317572038,0.452606918301656
"118.89968-17.706",3,0.148267312477857,0.131485956335866,0.454639441128925,0.265607290057352
"538.18849-13.144",3,0.191451403816407,0.251942871006303,0.346265575087781,0.210340150089509
"407.16761-1.5",4,0.244583817066856,0.134552763777886,0.162851427408716,0.458011991746543
"653.0902-7.228",4,0.242227381475495,0.133778706859216,0.162466905854282,0.461527005811006
"527.15446-6.65",1,0.716279911857747,0.0958049842875122,0.0751529418714195,0.112762161983322
"350.1644-9.248",2,0.284982266763948,0.403191691607663,0.147210027297086,0.164616014331303
"499.32014-14.954",3,0.106985189154668,0.110958613425501,0.634730862432907,0.147325334986924
"499.32011-14.955",3,0.105258931425979,0.108955728427595,0.640473433767086,0.14531190637934
"567.1516-10.471",4,0.157951885581542,0.0976145032522066,0.132851059352043,0.611582551814208
"293.92696-7.722",2,0.173189123569785,0.529586050285667,0.155838197169452,0.141386628975096
"450.30187-16.636",2,0.106904125010724,0.73573903776671,0.0792053004894651,0.0781515367331007
"283.15531-10.217",4,0.167412742894226,0.135774413279622,0.313763421818026,0.383049422008127
"317.04766-7.323",3,0.143571708428236,0.157322724654749,0.513880916393077,0.185224650523939
"437.24685-13.347",3,0.0771892073525049,0.0776331071911345,0.7344008766714,0.110776808784961
"441.21357-10.957",4,0.109581493282189,0.0762277102355046,0.122608312609646,0.69158248387266
"243.05118-5.905",1,0.527900375564967,0.142586091694117,0.124652317427407,0.204861215313509
"690.33241-11.218",1,0.552048547364279,0.178511600415138,0.115394197455888,0.154045654764695
"488.31517-15.282",4,0.150909283125966,0.111515284087479,0.201264492257646,0.536310940528909
"441.17717-7.45",1,0.464395200915739,0.152225354827924,0.140228188332361,0.243151255923976
"280.90856-0.979",1,0.40688937526002,0.156534374165292,0.152777374860578,0.283798875714111
"579.13399-10.067",3,0.0877188524618087,0.0845452029261233,0.693487449212002,0.134248495400066
"269.92962-1.018",2,0.146822760020077,0.616383843752766,0.122043467194497,0.11474992903266
"269.92956-1.016",2,0.145441853986165,0.62059639411618,0.120500424569987,0.113461327327668
"490.35744-16.441",2,0.186291617808132,0.477979161749456,0.178518901542866,0.157210318899546
"553.22963-10.272",4,0.226042455159136,0.128093638587017,0.159219086388357,0.486644819865489
"424.84359-0.901",2,0.121792142063679,0.690002203947888,0.0959114506414702,0.0922942033469627
"421.15567-12.476",1,0.489641879230057,0.213928899626314,0.129230582852481,0.167198638291149
"635.34447-10.643",1,0.438572407196194,0.154757473067445,0.14611713460977,0.260552985126591
"286.06045-1.041",4,0.249105674359637,0.135999618223659,0.163528797667347,0.451365909749357
"417.08312-9.127",1,0.502962975428029,0.146889716765152,0.130908683778359,0.21923862402846
"515.08735-6.472",4,0.225852456702442,0.128023113328924,0.15917448729505,0.486949942673584
"629.45591-17.885",2,0.22003252926342,0.505793993167401,0.132811941691085,0.141361535878094
"389.12782-9.228",2,0.317917888688766,0.360742258627879,0.149586425167153,0.171753427516202
"233.10323-5.52",4,0.155552678574635,0.0963684402476445,0.131535615260625,0.616543265917096
"665.29973-8.869",4,0.320905031365377,0.152223347816696,0.165249185059803,0.361622435758124
"290.85577-0.989",2,0.196858014983343,0.424449879185614,0.205332258786336,0.173359847044707
"406.27322-13.162",1,0.750003697917809,0.0859383580593023,0.0661502706656127,0.0979076733572761
"551.32319-13.532",1,0.612877370227735,0.148428983476914,0.100752446281541,0.137941200013809
"240.06472-1.1",3,0.19209921681337,0.254125441807112,0.34349424058765,0.210281100791868
"363.26783-16.384",2,0.118925096509556,0.710383198062875,0.0853861593808047,0.0853055460467641
"154.05106-1.104",2,0.200156926719989,0.401452325582365,0.218297111136761,0.180093636560885
"441.27812-14.577",3,0.161909752656337,0.137424717488443,0.377872733909989,0.322792795945232
"552.30303-14.577",2,0.119219353015668,0.709740103791567,0.0855517254944337,0.0854888176983312
"453.2863-14.775",4,0.261539068112601,0.139715932600384,0.164995821942694,0.433749177344321
"506.20699-9.127",4,0.166676240692559,0.136944637799557,0.330970276925146,0.365408844582738
"500.85341-0.968",2,0.107300069675677,0.735034469463248,0.0793263783173253,0.0783390825437496
"498.84804-0.946",2,0.116989724271485,0.703712355336429,0.0911770176571277,0.0881209027349582
"560.38422-16.858",4,0.167019884161236,0.102229315120523,0.137588623100426,0.593162177617814
"559.72031-8.784",1,0.548120845738608,0.138670269082661,0.119487121496951,0.19372176368178
"313.1196-10.341",4,0.195600369027972,0.115710525346208,0.150048366098305,0.538640739527515
"315.13528-9.683",2,0.199909554298837,0.40341413916746,0.217149638232413,0.179526668301291
"229.1195-6.514",4,0.162512610300663,0.124569857371981,0.244699209403799,0.468218322923557
"392.21951-7.398",4,0.166821789044504,0.131756168256655,0.280484263240208,0.420937779458633
"336.22089-14.243",4,0.152424335270591,0.113044276141518,0.20562500848025,0.528906380107641
"400.90953-0.975",4,0.313591668356837,0.151137822762897,0.165726423162348,0.369544085717919
"529.2708-14.129",4,0.166976058062825,0.132158776840413,0.283083923200022,0.417781241896741
"378.1958-7.166",3,0.155849712241759,0.175604270202792,0.473316339423701,0.195229678131748
"515.30222-10.306",3,0.0810360264527282,0.0818300489320113,0.721488426457615,0.115645498157646
"345.02871-7.612",1,0.668805769232036,0.123326415967698,0.086732027659124,0.121135787141142
"272.90874-1.437",3,0.17031830062282,0.200563880211881,0.424630426404107,0.204487392761193
"361.1151-9.847",4,0.16641487026457,0.130822023356479,0.274805668319179,0.427957438059773
"510.28403-15.266",3,0.120763005757593,0.127420321550319,0.589056116863425,0.162760555828662
"369.07499-6.22",4,0.153292958998135,0.113936801795132,0.208236608166356,0.524533631040378
"143.04628-1.101",1,0.357442491748988,0.317331872541784,0.148873211694632,0.176352424014595
"724.20704-1.613",4,0.165175744021463,0.128514124865963,0.262396996110502,0.443913135002072
"461.00432-6.001",1,0.681842497876913,0.105676487276438,0.0843236716919282,0.12815734315472
"394.26017-14.933",2,0.304220170878847,0.377654564969704,0.148961369493001,0.169163894658447
"387.19255-10.368",2,0.156450852600277,0.62949630456897,0.105864788099916,0.108188054730838
"295.12243-7.529",3,0.114098407858237,0.119343646509854,0.611115544020466,0.155442401611443
"387.09357-7.551",1,0.446842303010581,0.154045913055089,0.144269264537015,0.254842519397315
"310.07975-1.434",4,0.256399832828102,0.138226479010846,0.164458140361341,0.440915547799711
"509.38523-17.346",4,0.222962486683902,0.126939677292236,0.158477101128594,0.491620734895267
"395.3168-16.883",3,0.155664080636884,0.13529140561447,0.416889416861131,0.292155096887515
"443.30164-16.113",4,0.205933652674509,0.120153783600391,0.153626660527629,0.520285903197471
"485.20346-8.948",2,0.178822583275945,0.583669403658658,0.116669118028459,0.120838895036938
"554.18052-13.41",3,0.103565352031828,0.0982799854979077,0.635506622362261,0.162648040108003
"285.1168-12.37",1,0.574068591751897,0.133151046620753,0.112770578892229,0.180009782735121
"562.31576-12.868",2,0.174039943278863,0.526489200506782,0.157132523386802,0.142338332827553
"562.31574-12.925",2,0.199951118684575,0.403088160779146,0.217339734392321,0.179620986143958
"691.33789-10.758",4,0.199281302391838,0.117320768098753,0.151378951680504,0.532018977828904
"578.21706-14.985",4,0.167107388483763,0.132535733636937,0.285614355312479,0.414742522566821
"453.19548-16.27",2,0.151021385699001,0.603424739129757,0.126836800665628,0.118717074505614
"477.19546-14.829",3,0.162527130138317,0.137536189458818,0.373271105756616,0.326665574646249
"411.21562-12.404",1,0.407969696758095,0.156500093500296,0.152563009461449,0.282967200280159
"287.11466-5.368",4,0.288199399690599,0.146390503374945,0.166358424010659,0.399051672923797
"631.34921-12.613",1,0.359259516405625,0.315512348031921,0.148761363269865,0.176466772292589
"653.34479-13.23",4,0.127735141518357,0.0907314630223368,0.151423366302941,0.630110029156366
"383.09074-5.844",3,0.149215573074411,0.132023756599701,0.450087488333704,0.268673181992184
"585.34383-16.918",2,0.327254563345193,0.349790282975214,0.149738242007862,0.173216911671731
"464.31497-14.727",4,0.167486023541953,0.13411579063373,0.297522703491583,0.400875482332733
"686.37376-7.363",2,0.179518529846467,0.505825460601041,0.165971493970524,0.148684515581968
"428.22938-10.266",1,0.366527042576502,0.308376429002366,0.14825279900326,0.176843729417872
"375.1087-7.305",4,0.16329199530395,0.125643046749388,0.249182859134106,0.461882098812555
"531.28647-12.257",2,0.166272056337227,0.609105778347469,0.110766976857537,0.113855188457767
"449.32775-11.509",4,0.183141813048556,0.110041712384038,0.14508138132585,0.561735093241557
"495.27282-14.915",4,0.217833167437879,0.124967507045201,0.157150594153378,0.500048731363541
"328.15173-6.596",4,0.328752805974275,0.153252367653185,0.164607524595426,0.353387301777113
"688.33784-12.308",1,0.613347641965298,0.148209131059432,0.100636348486159,0.137806878489111
"287.22295-12.026",4,0.166505397347314,0.131017841939249,0.275958842717086,0.426517917996351
"220.06171-6.804",3,0.147014826094473,0.162250832569541,0.502533831854302,0.188200509481684
"315.20972-16.917",3,0.145498474124321,0.12984945241764,0.467583365065122,0.257068708392917
"418.89473-0.912",4,0.204551913126618,0.119573602197402,0.153176342452819,0.522698142223161
"358.16947-9.343",1,0.379582278981579,0.296102486681399,0.147107725614408,0.177207508722614
"500.26604-12.116",4,0.0932637128908248,0.0610295557751904,0.0893555263909277,0.756351204943057
"535.30506-15.365",3,0.162515759852761,0.137534384363805,0.373357824052162,0.326592031731273
"511.31992-9.812",2,0.187504173971164,0.472624429745318,0.181027708732042,0.158843687551476
"495.27897-11.946",1,0.481809816358521,0.218811527369189,0.130838782298282,0.168539873974009
"619.42181-16.442",3,0.070628352340688,0.0704341427855593,0.756340669768555,0.102596835105198
"322.11473-1.449",4,0.130368694102576,0.0929295563187796,0.156106042302991,0.620595707275654
"539.27922-11.479",3,0.0773182468373992,0.0777737782426364,0.733967856725498,0.110940118194467
"502.21216-7.594",4,0.20599415392764,0.120179087913314,0.153646180895412,0.520180577263634
"461.01889-7.266",3,0.163232958456356,0.137627651482103,0.367721941543405,0.331417448518136
"221.0668-7.449",4,0.264777331951458,0.140620669348611,0.165286501895953,0.429315496803978
"176.82621-0.92",2,0.249975828701088,0.455309532820471,0.141144025566782,0.153570612911659
"463.34339-12.197",4,0.13868709790518,0.100094071149695,0.172160331891503,0.589058499053622
"531.28652-11.037",4,0.295452189189529,0.147904140423513,0.166352732539314,0.390290937847644
"534.35704-17.277",3,0.133159988019816,0.121636922246778,0.520944486539706,0.2242586031937
"500.22694-10.46",1,0.705504703837746,0.107765299736162,0.0773584155167047,0.109371580909387
"611.12614-7.476",1,0.378597045454734,0.156709983696818,0.157988390252413,0.306704580596035
"178.0641-10.799",1,0.566839772921432,0.134740757736275,0.114650069488264,0.183769399854029
"178.06412-10.81",1,0.431516962546433,0.155286558334536,0.147661305052293,0.265535174066738
"487.32013-14.52",4,0.166635832580535,0.136977991830679,0.33162829229667,0.364757883292116
"394.16958-11.035",1,0.468250015476902,0.227544547199356,0.133534715110506,0.170670722213237
"521.26815-12.311",2,0.162084061427667,0.567949582075342,0.140368268119066,0.129598088377925
"233.10322-6.542",2,0.261197080354972,0.437792326168124,0.143511542105006,0.157499051371897
"215.09263-6.702",4,0.24845071716578,0.135793193181173,0.163435557137396,0.45232053251565
"584.28481-12.681",4,0.146154415435887,0.10690588519727,0.188867473521428,0.558072225845416
"471.18791-7.46",1,0.685494639171064,0.116178143467182,0.0824824326034387,0.115844784758316
"238.10878-5.96",2,0.180651993221414,0.501369188743082,0.167927244555282,0.150051573480223
"292.08292-7.077",2,0.152658493530349,0.637475044544954,0.103910131810978,0.105956330113719
"383.09182-6.176",4,0.167262792773612,0.136178661834772,0.318814862680013,0.377743682711604
"492.76411-11.571",4,0.143034859410621,0.104006538956787,0.181552015033035,0.571406586599557
"301.07192-8.862",1,0.43111169672245,0.155314714056531,0.147749040274771,0.265824548946248
"525.25168-9.938",4,0.238754374715141,0.132612878199412,0.161860080021134,0.466772667064313
"264.1243-8.171",1,0.403262071723935,0.275472396424029,0.144360932245676,0.176904599606361
"489.32304-11.608",4,0.0902522095018057,0.0615914806200397,0.0959932613701401,0.752163048508015
"259.15528-6.216",3,0.159541383066951,0.181547787000836,0.461029732703266,0.197881097228946
"350.06259-1.721",3,0.152409185218035,0.133736174807263,0.434207023518913,0.279647616455789
"757.86429-12.055",4,0.322638043944527,0.15246258701008,0.165118697086345,0.359780671959048
"278.11486-5.967",2,0.265545042392496,0.431211582175325,0.144319943904823,0.158923431527357
"390.24193-11.954",4,0.321843473582745,0.152353747792976,0.16517933083342,0.360623447790859
"385.19196-11.884",4,0.14332685931386,0.104274375630752,0.182214190624363,0.570184574431025
"464.1833-10.068",1,0.644036265832876,0.116007128616871,0.0943630531043129,0.14559355244594
"646.29101-10.896",2,0.106191055685923,0.735815684046878,0.0797391991277804,0.0782540611394184
"537.19868-7.338",4,0.228507571350664,0.129000755751759,0.159783852119101,0.482707820778476
"507.2242-9.727",4,0.296221213010918,0.148057164113503,0.16634352402896,0.389378098846619
"415.18381-5.866",4,0.280184608502924,0.144568521480546,0.166186404129479,0.409060465887051
"633.36539-12.729",1,0.447517956259584,0.241654467037762,0.137407236748122,0.173420339954532
"292.92907-7.729",2,0.170972474506461,0.537533505326276,0.152550020540134,0.13894399962713
"241.14469-7.867",2,0.203146479137408,0.369997524919436,0.237936804618244,0.188919191324912
"420.97717-8.065",4,0.26810896480501,0.141524257235838,0.165547723858461,0.42481905410069
"441.10439-8.177",4,0.247188908775106,0.135392503531864,0.163251294717941,0.454167292975089
"299.08872-1.097",1,0.717820575270045,0.102656724389195,0.0741919183641922,0.105330781976567
"620.34218-6.648",2,0.173247846026607,0.529373169221647,0.155926931927277,0.141452052824469
"609.21407-16.815",1,0.480711685543246,0.150179672239716,0.136349356756483,0.232759285460555
"525.2712-8.325",4,0.22874757319441,0.129088286360841,0.159837465677243,0.482326674767506
"424.91168-0.947",2,0.113358414917497,0.722485848373996,0.082295146315937,0.0818605903925701
"498.28993-13.36",1,0.344681411832542,0.154920861540459,0.162931910184847,0.337465816442152
"359.11376-7.561",1,0.729522924251264,0.0978376468351594,0.0711760748357524,0.101463354077824
"341.18317-5.946",4,0.319030358220586,0.151956826387431,0.16538296151444,0.363629853877542
"164.07182-6.342",3,0.177711691771097,0.215620231404907,0.39882322075513,0.207844856068865
"593.37023-12.908",4,0.0808879414290066,0.0545834059926144,0.0835874991777901,0.780941153400589
"293.21241-14.46",1,0.368725554760044,0.156425448990245,0.159594660484929,0.315254335764782
"413.24656-16.091",3,0.186066213109315,0.235855449119008,0.367977220907128,0.21010111686455
"513.3802-14.883",4,0.310293423840134,0.15060768623345,0.165901287606175,0.373197602320241
"354.13087-5.517",1,0.536686175637676,0.186725214721359,0.118940278514873,0.157648331126091
"533.22488-7.687",1,0.515696504044456,0.198447596835172,0.123650514972383,0.162205384147989
"439.19816-10.443",2,0.114402859034335,0.720229525267329,0.0828658260329519,0.0825017896653844
"222.88603-0.936",1,0.441269209743149,0.246104903096705,0.138506899806249,0.174118987353898
"419.30502-11.216",4,0.163824237717856,0.126407747229889,0.252514247880726,0.45725376717153
"407.14813-8.059",4,0.0789893733075183,0.0530991842220441,0.0808426900838137,0.787068752386624
"465.23605-8.22",2,0.323003528032446,0.354720359307518,0.149695643691537,0.172580468968499
"461.31567-16.82",4,0.167148276952983,0.132661848861087,0.286483603740174,0.413706270445755
"461.31564-16.822",4,0.167131782162286,0.13261038071283,0.286127425817689,0.414130411307195
"654.30262-16.444",4,0.167228723086371,0.132926362449899,0.28834660328896,0.41149831117477
"653.30162-16.435",4,0.167428515975743,0.135716022621899,0.313083235943818,0.383772225458541
"450.29786-9.646",1,0.743432599462865,0.087851653550884,0.0679073641139414,0.10080838287231
"351.2905-17.881",3,0.116907255959255,0.122719358443677,0.601810919598247,0.158562465998821
"238.01816-6.219",1,0.599743737176537,0.12720787914885,0.10605416257985,0.166994221094762
"275.1139-7.689",1,0.664353525613089,0.125256516609857,0.087861468138619,0.122528489638434
"569.4065-14.49",4,0.30946028252412,0.15046974655958,0.165941347949807,0.374128622966494
"509.28835-11.488",3,0.161400609531248,0.137313982937864,0.381519941080301,0.319765466450587
"184.00179-1.021",1,0.621681673143378,0.121797194213353,0.100276419725768,0.1562447129175
"489.32274-12.517",4,0.140085442654987,0.101337840633464,0.175091616504676,0.583485100206873
"194.0461-8.602",3,0.0965084992110455,0.0922376812032591,0.661498444010131,0.149755375575565
"623.41711-12.968",4,0.325956768613411,0.152901694333704,0.164850920476736,0.356290616576149
"208.95367-1.492",2,0.13222106685403,0.659919469776508,0.106403879732972,0.10145558363649
"484.31066-17.229",4,0.165455329582292,0.137531217635936,0.347033194635293,0.349980258146479
"487.12536-7.796",1,0.720703353656812,0.101466980556525,0.0734495641997764,0.104380101586887
"439.28541-14.593",3,0.106160438852946,0.100466422564014,0.625861861410042,0.167511277172998
"517.2959-13.162",1,0.671294680940766,0.122251854627467,0.0860998221302226,0.120353642301544
"323.16165-8.051",4,0.165452253259228,0.128986142063695,0.264779998512773,0.440781606164304
"537.18213-7.483",1,0.384780162371105,0.291400667565247,0.146574815484361,0.177244354579287
"320.1618-7.214",3,0.14486636130088,0.129463146005252,0.47047405411418,0.255196438579688
"599.11833-7.588",1,0.469463388426945,0.226747945833273,0.133298352258474,0.170490313481308
"365.9732-7.532",3,0.19610151950858,0.269402058572199,0.325160892939245,0.209335528979976
"257.13964-6.945",3,0.199792545143021,0.288078057980993,0.305031083204193,0.207098313671794
"203.03512-7.678",4,0.326887073524469,0.153020320572062,0.164771718860142,0.355320887043327
"532.22285-7.692",2,0.203235626852883,0.318205821347414,0.276932903936125,0.201625647863579
"262.09342-1.515",4,0.167476412440655,0.134046050866745,0.296942121846126,0.401535414846475
"221.98388-1.874",3,0.189374836554109,0.245347454178801,0.354886858337069,0.210390850930021
"348.89588-0.979",1,0.44509591035061,0.154204217582264,0.144662713561976,0.256037158505149
"535.1537-10.431",3,0.162750811443854,0.137569661067947,0.37154879817889,0.328130729309309
"504.31025-14.962",1,0.659729286411056,0.111794381527282,0.0902005227889019,0.13827580927276
"650.30112-9.87",1,0.424938347741433,0.155712941705462,0.149071857346213,0.270276853206891
"336.01827-7.321",3,0.0760307986463279,0.0763701168678863,0.738287225759782,0.109311858726004
"331.13025-9.01",1,0.491157539506913,0.212996947131898,0.128915366919705,0.166930146441485
"313.11958-10.711",4,0.267808962975624,0.141444023238095,0.16552575194015,0.425221261846132
"572.29053-11.631",2,0.268584973535142,0.426678950629387,0.144849456483874,0.159886619351597
"415.26239-13.565",4,0.167515893831622,0.135213500035479,0.307631205282041,0.389639400850857
"376.22446-7.966",4,0.134762719762996,0.0966679654546896,0.164318713649525,0.604250601132789
"319.09381-7.502",4,0.21642703805905,0.124415949591214,0.156766911543617,0.502390100806118
"185.09323-1.096",1,0.643380679855311,0.134495199500842,0.0931539659264091,0.128970154717438
"407.00824-8.235",1,0.347626886628743,0.327414823253408,0.149366090988456,0.175592199129392
"378.04303-6.231",4,0.229893661583675,0.129504347214328,0.16009014950872,0.480511841693278
"364.28587-15.36",3,0.158555056252721,0.179935727225717,0.464318753504617,0.197190463016946
"533.28891-15.409",2,0.203454763549976,0.321738408308873,0.273938628325028,0.200868199816124
"467.24194-13.772",4,0.12206208871579,0.0779952472382236,0.110606873068094,0.689335790977893
"495.32503-11.893",1,0.501340335835206,0.206839575512122,0.126766123090843,0.165053965561829
"156.03032-1.111",2,0.155888991767822,0.630674844739337,0.105577286798238,0.107858876694603
"577.37526-14.796",4,0.108783845113243,0.075610871827762,0.12144696196515,0.694158321093846
"475.97611-7.994",1,0.526459289370501,0.192360265632644,0.121256390184885,0.15992405481197
"365.13547-6.45",3,0.127034896861074,0.117144429503615,0.545748625626938,0.210072048008372
"371.19718-12.01",1,0.589929671828488,0.12953205993282,0.108628178922112,0.17191008931658
"597.14742-7.639",1,0.443158706869994,0.24474894500848,0.138177960190681,0.173914387930844
"498.25048-11.291",3,0.120625007937776,0.1122219892213,0.570945537700133,0.196207465140791
"413.24098-7.189",4,0.150420071293128,0.11102849850152,0.199904430284231,0.538646999921121
"226.02785-7.359",4,0.0805050183213862,0.0542898911020503,0.0830556521326303,0.782149438443933
"494.32572-16.48",3,0.069677735018964,0.0685421284327303,0.758495367715555,0.10328476883275
"373.17308-6.068",2,0.268782658232581,0.426386141010364,0.144882879435441,0.159948321321614
"530.26632-9.075",3,0.163911010328186,0.137671267482589,0.362028838674674,0.33638888351455
"695.17728-7.296",1,0.664321574929191,0.110540510885551,0.0889810414188074,0.136156872766451
"399.18888-6.409",1,0.494775073136082,0.210789028987491,0.128158001347851,0.166277896528576
"497.10763-5.264",1,0.548486828258229,0.138596146347399,0.119393013733655,0.193524011660717
"432.22168-15.248",4,0.167099633833851,0.136469314078111,0.322916186236029,0.37351486585201
"455.2111-17.197",2,0.31856038632643,0.359973936248109,0.149603790305782,0.171861887119678
"521.22478-7.566",1,0.690156345171368,0.114203990246128,0.0812912764826155,0.114348388099888
"618.28194-12.608",4,0.179547373136278,0.108345238569678,0.143514835889571,0.568592552404472
"382.29624-16.064",4,0.1674594553708,0.133934539645567,0.296026285344616,0.402579719639016
"389.26992-15.26",4,0.165390459849942,0.137546504355457,0.347744613196565,0.349318422598036
"508.22182-13.314",4,0.204327440295919,0.119478936732893,0.153102368702695,0.523091254268493
"549.27128-12.269",4,0.121026174196325,0.0852532334908042,0.140156179595731,0.65356441271714
"351.23103-15.572",1,0.399393603685061,0.278708644470301,0.144863136549999,0.177034615294639
"320.11755-7.796",1,0.570271663827905,0.133990863411218,0.113758500347194,0.181978972413684
"393.13463-11.234",1,0.342146817029377,0.154692234669036,0.163229704901038,0.339931243400548
"383.2079-7.648",4,0.167339273996488,0.133341315590233,0.291387642505015,0.407931767908264
"742.41542-16.297",4,0.120560837705333,0.084879022176374,0.139405404375719,0.655154735742574
"367.06726-7.948",1,0.389667619875527,0.156811284924662,0.156048354959345,0.297472740240466
"485.22227-9.316",4,0.143577711818981,0.104505026253821,0.182786558184675,0.569130703742523
"367.98882-7.322",3,0.0689172275471722,0.0684660586890004,0.761948033653292,0.100668680110535
"367.98881-7.325",3,0.0684104936938075,0.0678125613368324,0.763523209557805,0.100253735411555
"415.17998-13.417",1,0.434860785938178,0.155044926690131,0.146933359263289,0.263160928108402
"397.16898-10.697",2,0.199726643672509,0.404832032727199,0.216325402383223,0.179115921217069
"368.31708-17.688",2,0.27680441180363,0.414703814788952,0.146136058999003,0.162355714408416
"375.16636-7.166",2,0.191387428131638,0.454406191810606,0.189828546434694,0.164377833623063
"420.18537-11.761",4,0.13656022733495,0.0982260856771759,0.167844556956433,0.597369130031441
"513.33573-15.37",3,0.110420127208819,0.104008691314619,0.609911197899342,0.17565998357722
"303.15645-5.956",4,0.321220053225007,0.152267345341202,0.165225949272343,0.361286652161448
"403.22595-13.278",3,0.147248076448955,0.130894560125094,0.459461100081838,0.262396263344113
"529.27083-10.811",3,0.159387220329413,0.136743157483858,0.39493119181081,0.308938430375919
"222.07737-6.925",3,0.176156928606932,0.212276084031119,0.404335270915001,0.207231716446949
"378.06288-5.882",1,0.615336571463809,0.147281162976044,0.100144937052613,0.137237328507535
"306.11967-1.061",4,0.105589119207885,0.0731537657021584,0.116861916847443,0.704395198242513
"758.68575-5.944",1,0.629640029023867,0.119766086378565,0.0981737723892287,0.152420112208339
"378.20373-6.789",4,0.16729439402408,0.136108776282208,0.317893652570773,0.378703177122939
"268.11928-5.62",1,0.469626687203245,0.151605161910773,0.138996204443025,0.239771946442958
"336.2209-14.208",4,0.160581119760411,0.122085896542934,0.235043962020032,0.482289021676622
"583.3132-10.568",4,0.238067232268241,0.132378695359993,0.161734293404852,0.467819778966915
"313.23863-11.869",1,0.527430053786938,0.142672821295416,0.124771579589763,0.205125545327883
"345.14517-7.245",3,0.181582243491206,0.224459516787564,0.384832848546006,0.209125391175224
"315.21786-11.79",3,0.0786182390341633,0.0791911264884286,0.729604698829457,0.112585935647951
"473.10963-7.359",1,0.344346594745439,0.330882615230684,0.149487269481243,0.175283520542634
"356.92398-0.941",3,0.199971340066454,0.289180751945099,0.303913246876688,0.206934661111758
"407.11399-11.327",2,0.204038666475726,0.342152502744841,0.257676394129578,0.196132436649855
"296.95112-0.958",1,0.610664273350452,0.149465888328881,0.101298312976123,0.138571525344544
"404.21156-11.197",1,0.374470826277584,0.300827181860404,0.147589986284459,0.177112005577554
"741.33457-8.93",1,0.695374052980159,0.101841234692782,0.0807225151170916,0.122062197209967
"549.2244-10.663",4,0.139898777058007,0.087996852388065,0.122333254560673,0.649771115993255
"529.31794-11.565",4,0.323970948349164,0.152641943626456,0.165013946734235,0.358373161290145
"549.30765-10.557",2,0.202078275869028,0.304943497632107,0.28870693815362,0.204271288345245
"232.03138-1.018",4,0.167164913358192,0.136364499199331,0.321382191597358,0.375088395845119
"420.89979-0.954",2,0.239280020074965,0.472722146572139,0.138505333407638,0.149492499945257
"420.89981-0.953",2,0.239348498656936,0.472608451634151,0.138523420799425,0.149519628909489
"275.91708-1.454",2,0.198653678509509,0.412676529941194,0.211840112363741,0.176829679185556
"353.89236-7.773",2,0.113199567617709,0.71454708670213,0.0874339207378674,0.0848194249422937
"463.30706-12.044",2,0.201701167958553,0.387667721897144,0.226602637561571,0.184028472582732
"355.13993-9.936",1,0.471554599927595,0.151367980802074,0.138539310263064,0.238538109007268
"213.08575-0.978",4,0.277187555113594,0.14384663070345,0.166071629630436,0.41289418455252
"447.11501-6.528",1,0.407074131381372,0.156528649458299,0.152740785946132,0.283656433214196
"295.13029-7.021",1,0.420261658901492,0.155975638993818,0.150056154849146,0.273706547255543
"439.26224-13.748",3,0.14409052637096,0.128983029400431,0.47399271976707,0.252933724461539
"244.16674-1.04",3,0.151778887265311,0.133411318892214,0.437416412309983,0.277393381532493
"429.02882-8.849",4,0.285185615094907,0.145723862971804,0.166316306125157,0.402774215808132
"509.12875-1.44",1,0.724890474718612,0.0997421983969557,0.0723706291355664,0.102996697748865
"517.22983-7.022",1,0.540952231614619,0.140099379442705,0.121326254937493,0.197622134005183
"222.86824-0.991",3,0.197250801989558,0.274568373826696,0.319356052517159,0.208824771666587
"309.88735-1.197",3,0.185965671671636,0.235583249536163,0.368364994646478,0.210086084145724
"609.365-14.385",1,0.480311725521351,0.21975855068235,0.131142305126006,0.168787418670292
"384.18518-12.631",4,0.162506402595556,0.124561502287781,0.244665114389528,0.468266980727135
"439.88854-0.953",3,0.191291640030993,0.251414453037371,0.346942542702317,0.210351364229318
"556.07627-8.355",1,0.45647555233263,0.23543882217469,0.13577421723945,0.172311408253229
"431.15638-6.204",4,0.135338845043943,0.0854840254346565,0.11945658311013,0.65972054641127
"341.90374-1.023",2,0.154291515130284,0.593157138111056,0.13068795635557,0.12186339040309
"503.3232-12.399",4,0.11844024959109,0.0831822158780451,0.136028564103698,0.662348970427167
"797.43365-14.174",1,0.659752983914047,0.127261879722109,0.0890264704031379,0.123958665960707
"246.09849-6.691",4,0.286486145985388,0.146014260835708,0.166337762237763,0.401161830941141
"261.0414-5.721",2,0.184981050305563,0.483621616014917,0.175910734257653,0.155486599421867
"573.33178-17.764",1,0.598350628928427,0.155306315756336,0.104320036345579,0.142023018969658
"614.27982-6.339",4,0.109101495587675,0.0758563507095378,0.121908622978017,0.69313353072477
"718.70234-5.944",1,0.436363031281292,0.154931002972323,0.146604020247301,0.262101945499084
"354.98966-7.965",1,0.716897441838794,0.0956250152736522,0.074988321134587,0.112489221752967
"177.10514-8.981",4,0.1530542798592,0.0950600594878675,0.130138553928647,0.621747106724286
"518.65257-8.246",1,0.434885953788025,0.155043045339181,0.146927853285357,0.263143147587437
"391.11899-10.721",2,0.186113541580973,0.478754331785138,0.178158466522612,0.156973660111277
"495.27331-15.329",1,0.608533516544069,0.125074507403859,0.103742822130969,0.162649153921103
"405.2892-14.38",4,0.260259600252521,0.139351266461573,0.164870804441914,0.435518328843992
"370.13321-10.576",4,0.215283025986736,0.123963765016736,0.156448337146775,0.504304871849753
"480.27957-11.757",3,0.158279093149104,0.179487934884821,0.465238098076334,0.19699487388974
"284.92658-1.51",2,0.113094283398333,0.723054695504076,0.08215194706371,0.081699074033881
"251.09722-1.012",1,0.379313795624648,0.156723415622499,0.157867050315351,0.306095738437502
"455.28077-11.894",2,0.265987969799658,0.430547666076688,0.144398916645551,0.159065447478102
"529.2709-12.884",4,0.164207162501551,0.12697739939839,0.255078076341262,0.453737361758797
"139.11291-9.204",2,0.203158579809117,0.31708687764166,0.277893314132158,0.201861228417065
"559.28148-12.489",3,0.183099754311496,0.228158607413573,0.379219667593231,0.209521970681701
"372.83079-0.888",3,0.124696805012878,0.132304185912358,0.576062677230483,0.166936331844281
"374.82788-0.889",3,0.132869707839409,0.142778125869264,0.54911822359717,0.175233942694157
"429.21348-7.348",1,0.751039164248234,0.085639080191826,0.0658731380502844,0.0974486175096556
"447.31202-12.032",3,0.150258092360342,0.132600286831983,0.445002686768525,0.272138934039151
"399.25031-13.695",1,0.395269717417115,0.282214229979731,0.14537659046156,0.177139462141595
"344.09901-1.093",4,0.305364592913926,0.149767882311601,0.166113569104028,0.378753955670446
"504.31045-12.666",4,0.0785695629488032,0.0527502903925735,0.0801582162621623,0.788521930396461
"301.11965-7.153",4,0.166901246132342,0.131959031218512,0.281781556940457,0.419358165708689
"420.25257-11.643",4,0.0805836180308992,0.0543502867873836,0.0831653687628242,0.781900726418893
"82.02983-1.1",1,0.748527963206265,0.0863661801654379,0.0665451003022961,0.0985607563260007
"301.10802-1.075",4,0.160008409595335,0.121386169479722,0.232479443148094,0.486125977776848
"125.03577-1.429",1,0.645251268544125,0.115685116071926,0.0940410683842582,0.145022546999691
"125.03574-1.089",4,0.0780149799939303,0.0521652122914008,0.0787869541262644,0.791032853588405
"457.29656-10.281",4,0.139020347090046,0.100389311948371,0.172851830111134,0.587738510850449
"481.16563-8.492",4,0.259358858399457,0.139092097159451,0.164779297582827,0.436769746858265
"533.67598-8.887",1,0.420303918195132,0.261785011682791,0.141929167705878,0.175981902416199
"488.19682-8.995",1,0.407577233070536,0.271920489553252,0.143778135950886,0.176724141425325
"340.2858-16.435",3,0.199330603203063,0.285342253187916,0.307836865212323,0.207490278396698
"582.34781-14.552",2,0.107541549315267,0.731170337737271,0.0815664710213875,0.0797216419260751
"510.30762-10.672",4,0.104866298714322,0.0726006641612781,0.115838427038972,0.706694610085427
"385.17908-8.13",3,0.164650533018691,0.190214453818518,0.443897144185909,0.201237868976882
"507.15161-9.028",1,0.406108816804107,0.156557929974587,0.152931626711777,0.284401626509529
"209.08202-7.678",3,0.155806397300385,0.175535944727424,0.473460146391105,0.195197511581087
"538.30772-14.152",4,0.167502498437178,0.134252015126187,0.298674904570751,0.399570581865883
"505.25936-8.88",2,0.329012487441321,0.347778675435435,0.149743203872462,0.173465633250782
"281.11205-6.071",2,0.16745126009644,0.606685298798574,0.111339322953856,0.11452411815113
"410.23171-11.862",2,0.202564490372966,0.309796187143139,0.284297524319128,0.203341798164767
"463.26264-13.564",4,0.0787543878012568,0.0524433342213789,0.0787261876815506,0.790076090295814
"375.08953-7.868",3,0.146446008754385,0.161427110297056,0.504409359447558,0.187717521501001
"503.33875-11.639",4,0.145636199809392,0.106418178834518,0.187613317114859,0.560332304241231
"540.2823-10.558",3,0.104928945991152,0.108574177774019,0.64157168014397,0.144925196090859
"505.35415-11.606",4,0.148538253251541,0.109184393436237,0.194865922261809,0.547411431050414
"540.3372-12.141",2,0.197210203095344,0.422247482657203,0.206530230515078,0.174012083732375
"589.30402-9.994",3,0.149734921960046,0.132312956521078,0.447565408833127,0.27038671268575
"514.2851-7.661",2,0.107198646388571,0.732252510320062,0.0811638699700403,0.079384973321327
"199.06134-1.15",2,0.149445305483685,0.60831718886793,0.125018674767315,0.11721883088107
"293.97408-1.013",2,0.203929225596918,0.352118280561198,0.250317696631195,0.193634797210689
"293.97403-1.009",2,0.203978193127726,0.349700952600141,0.252070641371536,0.194250212900597
"312.07605-6.059",3,0.123659321943153,0.131007011145979,0.579487722653044,0.165845944257824
"312.07604-6.059",3,0.123441145325426,0.130735074706959,0.580208147304652,0.165615632662963
"685.29671-9.065",1,0.450040719854521,0.239884778770218,0.136953881207735,0.173120620167525
"164.03878-1.045",2,0.106111287937283,0.736250358649233,0.0795301814019763,0.0781081720115081
"517.28127-14.604",3,0.106123311188276,0.109957164660568,0.637597419785676,0.14632210436548
"509.09463-6.23",4,0.0843647467198591,0.05720345553787,0.0882525007082466,0.770179297034024
"391.10372-7.394",3,0.099630928689474,0.102502408052677,0.659226897804243,0.138639765453606
"391.16137-7.697",2,0.188089722074449,0.565371905948575,0.120746613062236,0.125791758914739
"576.20421-13.524",3,0.146422760283329,0.130406111991879,0.463315621795294,0.259855505929498
"253.05045-7.084",1,0.730411453877676,0.0916706008926299,0.0713841099501652,0.106533835279529
"392.02945-1.728",4,0.196744724990157,0.1162143474771,0.150468688759927,0.536572238772816
"531.31806-15.276",2,0.176456284191694,0.517539358912796,0.160916281997763,0.145088074897747
"139.07654-7.655",1,0.767319623346431,0.0816405312437738,0.0614598276636488,0.0895800177461462
"471.32663-17.008",4,0.167508276382782,0.134307198952971,0.299148745861373,0.399035778802874
"443.31719-15.046",3,0.161789877248863,0.137400084847588,0.378742663887154,0.322067374016395
"337.133-8.105",3,0.147679349953725,0.13114643420405,0.457429475744194,0.263744740098031
"364.18807-6.659",4,0.162636936001778,0.124737790041329,0.245387061068892,0.467238212888001
"591.31949-11.45",3,0.164768740100337,0.137644765985266,0.354141437431915,0.343445056482482
"416.15015-6.249",1,0.647449032824811,0.132683089660721,0.0921311737748116,0.127736703739657
"330.09466-1.446",1,0.764663232957091,0.0831410980563441,0.0621163606875876,0.0900793082989776
"425.21861-6.795",1,0.630467175920761,0.119553018458706,0.0979550619872552,0.152024743633278
"355.29669-12.527",1,0.558101947939198,0.175352049060472,0.113977023065146,0.152568979935184
"350.1281-6.893",4,0.242163576528965,0.133757556955349,0.162456190101957,0.461622676413728
"531.27343-14.729",4,0.325411462624522,0.152831254098534,0.164896510227736,0.356860773049208
"462.0652-6.135",1,0.525020616293091,0.193164389014552,0.121579089537465,0.160235905154893
"440.26591-10.329",1,0.699363767080823,0.100698794626722,0.079660133826759,0.120277304465696
"385.17323-5.523",1,0.725727958695895,0.0930438989032372,0.0726335889869657,0.108594553413902
"603.35454-16.519",1,0.396331750098401,0.156765317856297,0.154816740065941,0.292086191979361
"283.0873-1.635",1,0.705327012922346,0.107839350351991,0.0774040364307224,0.109429600294941
"262.07227-8.2",1,0.536001115680679,0.187098353671522,0.11909659808538,0.157803932562419
"557.20953-6.191",4,0.320555474749451,0.152174261632284,0.16527471477414,0.361995548844124
"642.29658-8.87",1,0.345529682737182,0.154994316093012,0.16282975706391,0.336646244105896
"606.10126-6.982",2,0.253121201779579,0.450321722064568,0.141848827822873,0.15470824833298
"521.3337-15.823",1,0.429853215770868,0.155400577768559,0.1480207968311,0.266725409629473
"501.3451-12.756",4,0.250482141679221,0.136429971907779,0.163719433620452,0.449368452792548
"504.69112-8.765",1,0.594173958094204,0.128534602888879,0.107515920333055,0.169775518683863
"179.00208-1.094",4,0.112153388265536,0.0782264269795403,0.126401773650849,0.683218411104075
"316.16689-7.916",4,0.167409029566246,0.133656020028917,0.293801921721625,0.405133028683212
"387.248-14.749",4,0.162644763990551,0.124748402439993,0.245430694530101,0.467176139039355
"255.23303-17.691",1,0.473981941964738,0.223808099014599,0.132409495252559,0.169800463768104
"369.22845-11.05",4,0.174783258996567,0.106056062438385,0.14134638310194,0.577814295463108
"279.09094-7.176",2,0.137461929528252,0.669965683042217,0.0957719343634042,0.0968004530661271
"449.14587-8.473",4,0.0848340409539937,0.0559634833058168,0.0828753210144961,0.776327154725693
"533.29074-9.741",2,0.26754209393544,0.428227586738344,0.144671094758888,0.159559224567327
"291.12745-6.999",2,0.203928463062037,0.333481896986208,0.264376931266114,0.19821270868564
"313.09797-1.085",4,0.166834204823606,0.131787302380538,0.280681755166786,0.420696737629071
"455.22931-10.73",1,0.342439198707416,0.154719310036036,0.163195926807988,0.33964556444856
"568.19612-14.305",1,0.496203259095312,0.209923634213731,0.127857091756456,0.166016014934501
"529.27094-12.524",4,0.164107607067785,0.126827555567253,0.254396494948388,0.454668342416573
"508.29191-12.99",3,0.0817697590624386,0.0792595854371791,0.714959752010824,0.124010903489558
"506.24348-7.329",1,0.473831039881893,0.223905608778356,0.132439395721711,0.16982395561804
"323.11744-6.958",4,0.165344234641393,0.137556745187277,0.34824582770502,0.348853192466309
"259.19159-11.644",1,0.713652751340975,0.104380555637183,0.0752644414936975,0.106702251528144
"318.14959-6.669",4,0.199438872686944,0.117389025178507,0.151434524206893,0.531737577927656
"290.11489-6.36",3,0.0899494883787511,0.0916359441073377,0.691593830743309,0.126820736770602
"593.27377-12.999",2,0.209981035208841,0.523929809490387,0.129360263182916,0.136728892117856
"389.12452-9.15",2,0.160380527744905,0.573560195174142,0.138183872322448,0.127875404758506
"350.89266-7.148",3,0.118562821508406,0.124727959915429,0.596331864819209,0.160377353756956
"344.21924-6.112",4,0.1674587370084,0.133930077039792,0.295989945912955,0.402621240038853
"511.22156-14.846",1,0.58358059127295,0.131001666057862,0.110289171554352,0.175128571114836
"479.16963-7.623",4,0.334408509108304,0.153908392448479,0.164067306982645,0.347615791460571
"380.31713-17.397",4,0.186462772270832,0.111585198578967,0.146475553000674,0.555476476149526
"245.13098-7.322",3,0.126054416299601,0.116405079569313,0.549647646772313,0.207892857358773
"225.14973-9.986",4,0.0816346293228573,0.0551515242930298,0.0846089978527242,0.778604848531389
"631.34706-7.786",2,0.185976401234133,0.479349434943014,0.177882221620267,0.156791942202586
"531.20923-7.533",1,0.611240937635662,0.14919533903771,0.10115615532173,0.138407568004898
"362.20874-7.599",3,0.160914718525071,0.13719433319286,0.384892723111606,0.316998225170464
"705.36268-16.648",3,0.123367623578906,0.130643502727431,0.580450930510865,0.165537943182798
"441.19575-11.695",4,0.144672433024342,0.105517798456479,0.185323715415483,0.564486053103696
"447.29983-16.443",1,0.439608117942814,0.154673692858036,0.14588787835484,0.259830310844311
"447.29986-16.447",1,0.568593915967341,0.134358564005674,0.114194528694442,0.182852991332543
"304.93175-1.587",2,0.203967883111989,0.335295640736089,0.26295111855534,0.197785357596582
"377.13567-7.121",1,0.440369329491171,0.154611133410534,0.1457189767712,0.259300560327096
"406.206-12.338",1,0.556851534411982,0.176001296856309,0.11427062077827,0.152876547953439
"329.15278-11.483",2,0.203943762570182,0.351468932966171,0.250786620474891,0.193800683988757
"483.30992-12.142",4,0.166428321755584,0.130850766851488,0.274973788777674,0.427747122615254
"317.11456-8.552",1,0.704125433920018,0.108340375663412,0.0777124818777602,0.10982170853881
"389.11251-5.605",3,0.15014853610619,0.166861897693409,0.492191904404643,0.190797661795757
"397.18704-9.947",2,0.24539157860653,0.462687284121989,0.140058974592467,0.151862162679014
"523.32825-17.235",2,0.122068296657049,0.689212347070493,0.0961847491752802,0.0925346070971785
"306.09852-8.186",4,0.159502676578136,0.120779578711875,0.230304663280247,0.489413081429742
"347.20757-11.901",2,0.319612693958773,0.358720281832423,0.149629987549873,0.172037036658931
"268.1457-11.136",1,0.525451086086644,0.143035499178275,0.125272915116068,0.206240499619013
"653.38313-13.269",1,0.412175525748675,0.268200987108431,0.143131885978387,0.176491601164507
"313.11428-1.067",1,0.384520271800341,0.29163334556827,0.146602448835175,0.177243933796214
"262.84448-0.887",3,0.181810952006562,0.225007779082124,0.383992069092147,0.209189199819167
"229.14467-7.01",4,0.223851580437087,0.127275132051289,0.158695460851793,0.490177826659831
"489.32302-11.924",4,0.110938481927935,0.0715432805586151,0.102689856781368,0.714828380732082
"399.23909-12.927",4,0.115401169914124,0.0807733888248766,0.131307701948726,0.672517739312274
"447.03951-7.805",1,0.439228978228337,0.154704541424092,0.145971875801685,0.260094604545886
"358.86094-0.945",2,0.203324494504966,0.367053142497574,0.239908585152517,0.189713777844943
"469.7353-9.96",4,0.108165582884922,0.0699127092596365,0.100652126853543,0.721269581001898
"272.09301-9.308",3,0.162428506008483,0.13752020843784,0.3740206994278,0.326030586125877
"616.29255-15.773",3,0.156547792472583,0.176709773257124,0.470997661359119,0.195744772911174
"388.30709-13.314",4,0.161870256596995,0.12371938718848,0.24128815912659,0.473122197087936
"551.28025-10.765",3,0.194186853208507,0.261655434105793,0.334231102551643,0.209926610134057
"493.31503-7.502",4,0.0925195198878894,0.0632829754660556,0.0989900363619996,0.745207468284055
"623.07953-7.281",4,0.227952757175537,0.128797876295554,0.159658983983716,0.483590382545193
"484.2745-10.828",4,0.327457306383932,0.153092070731295,0.164722290006542,0.35472833287823
"275.09613-8.894",1,0.565915861642344,0.134941128200729,0.114889860539492,0.184253149617434
"249.1134-9.478",1,0.658762999421402,0.112057039460731,0.0904570464781835,0.138722914639684
"364.26265-13.325",2,0.159324296628793,0.577008985057306,0.136849939222753,0.126816779091148
"407.13512-7.135",1,0.352172296177032,0.155517015467066,0.161988130164529,0.330322558191373
"281.13967-9.145",3,0.0682855096464754,0.0675718180066088,0.763816004007312,0.100326668339604
"352.15888-9.97",1,0.713714027506195,0.104355177166988,0.0752486797386397,0.106682115588177
"641.29308-8.018",1,0.382993118725131,0.156777250568062,0.157234645070759,0.302994985636047
"621.40142-16.278",2,0.146461148427867,0.650630198342368,0.100647252548689,0.102261400681077
"541.33049-10.205",4,0.165640724514858,0.137481211406814,0.344944290117095,0.351933773961233
"444.1378-1.451",1,0.436157734516097,0.154946766700216,0.146649110359216,0.262246388424472
"623.38075-12.016",4,0.0780274661593939,0.052219120885786,0.078971109621483,0.790782303333337
"451.22014-7.684",2,0.255352416527209,0.446820221368216,0.14232928645239,0.155498075652186
"565.26621-12.186",4,0.0846391793672499,0.0558470062081214,0.0827283409426444,0.776785473481984
"447.275-15.754",3,0.0848152986569565,0.0859696728517232,0.708805259051737,0.120409769439584
"375.1816-7.642",2,0.163622672921413,0.562827893036601,0.14237831920024,0.131171114841746
"670.35796-15.086",4,0.140403729416825,0.101622787209028,0.175770022522485,0.582203460851662
"437.24677-15.87",2,0.202765996587917,0.312056999473107,0.28228391192515,0.202893092013826
"572.85195-0.963",2,0.159826720520924,0.57537125011388,0.137482567199136,0.127319462166059
"327.08761-7.599",3,0.198007207530988,0.278240904159945,0.315342774931033,0.208409113378035
"375.20247-10.838",3,0.118812457515389,0.110794468710085,0.577957774443704,0.192435299330821
"529.27096-10.696",3,0.195151269664038,0.265439793121899,0.329743798991771,0.209665138222292
"333.10947-8.712",1,0.492133552631814,0.148559685870062,0.133575914302028,0.225730847196097
"339.10212-8.309",2,0.108093968016235,0.733516980140358,0.079635252444992,0.0787537993984144
"337.20228-11.04",3,0.0709096740697098,0.0707485602673496,0.755407562809938,0.102934202853002
"541.17029-6.157",4,0.340574047901008,0.154543437713894,0.163408796418214,0.341473717966883
"671.3419-15.408",1,0.441362864905099,0.154528232126658,0.145498013999581,0.258610888968662
"571.30527-8.787",1,0.423504071659575,0.155797122091716,0.149375409866238,0.271323396382471
"571.30499-8.792",4,0.273542613341706,0.142938772680796,0.165893642144454,0.417624971833044
"641.33154-14.921",3,0.156879019462205,0.135810171102825,0.410031282305635,0.297279527129336
"372.21425-7.274",3,0.143308616364067,0.128492734494952,0.477508026430084,0.250690622710898
"451.16629-6.636",1,0.614008652122164,0.147900393213614,0.100473101444779,0.137617853219444
"365.9732-8.242",4,0.175037011476157,0.10617914319163,0.14146452645077,0.577319318881443
"279.12399-9.348",3,0.109960606531751,0.103629505365709,0.611639619372246,0.174770268730294
"438.1961-11.057",2,0.278745643210736,0.41193497571776,0.146409394809336,0.162909986262168
"580.23573-15.727",3,0.124607897639181,0.132192759222485,0.576356139605676,0.166843203532658
"392.26328-14.033",4,0.15971826917344,0.121036938358742,0.231222059175632,0.488022733292185
"380.28076-15.292",4,0.137026024887954,0.0986328490336352,0.168775848661167,0.595565277417244
"539.17245-14.099",4,0.326696539390867,0.15299618353705,0.164788085656119,0.355519191415965
"363.19447-11.651",3,0.183182007238871,0.228363373926833,0.378912996117361,0.209541622716934
"478.21223-10.371",4,0.322185423622683,0.152400763849053,0.165153403252999,0.360260409275265
"571.23746-11.636",4,0.0972616217766598,0.0668364024611641,0.105337592305337,0.730564383456839
"361.08637-1.007",2,0.170956785549907,0.53758916570575,0.152527156852738,0.138926891891604
"555.30036-12.673",1,0.410910026937855,0.156396989765919,0.151974514824159,0.280718468472066
"310.92718-0.969",1,0.353764477007511,0.155628607888046,0.161775753381144,0.328831161723299
"387.16641-7.131",1,0.608723192895109,0.15037847428633,0.101776411938383,0.139121920880178
"257.9269-6.102",1,0.394980594518764,0.282462198549127,0.14541171860189,0.177145488330219
"419.31731-16.444",4,0.121534507191869,0.08566281643275,0.140980507529983,0.651822168845398
"355.20223-14.207",4,0.120684491212586,0.0849783938348383,0.139604554251804,0.654732560700771
"353.19717-7.741",3,0.154034981692358,0.17276785114262,0.479335390380537,0.193861776784485
"287.11457-6.136",4,0.0860374419327801,0.0584517843360645,0.0904545819106492,0.765056191820506
"290.87358-0.94",2,0.200952998733368,0.394731986217232,0.222291781439158,0.182023233610242
"195.13919-12.325",2,0.287557106906502,0.399649188257642,0.147506544116795,0.165287160719061
"430.22726-11.434",4,0.0780906988110533,0.052155140077114,0.0786356562499625,0.79111850486187
"409.1077-8.345",4,0.136108768467821,0.0859105262303119,0.119948310304569,0.658032394997297
"516.29273-10.689",4,0.273886808826632,0.143025908799602,0.165912279889006,0.417175002484761
"525.14097-10.023",2,0.274525535683744,0.417983123377928,0.145800388005011,0.161690952933317
"510.25288-8.211",1,0.554784447876357,0.17707844200492,0.114754999726535,0.153382110392188
"231.02367-1.071",1,0.423868879946768,0.259032814021482,0.141378581188683,0.175719724843066
"590.27181-6.911",3,0.164164158898547,0.189364764729533,0.445536154155167,0.200934922216753
"344.21927-7.147",4,0.15839980674419,0.119489101643397,0.22581564371282,0.496295447899593
"445.29626-16.651",3,0.129757953917902,0.138733835161223,0.559370363251782,0.172137847669093
"291.10238-7.339",1,0.435495598769171,0.15499718879632,0.146794359900635,0.262712852533874
"457.33293-12.849",1,0.497235831072053,0.147788682058709,0.132323503012871,0.222651983856367
"285.04408-6.79",1,0.524605805584006,0.143189294402498,0.125486810475532,0.206718089537965
"246.09849-6.534",4,0.33436960396161,0.153904121403551,0.164071236051361,0.347655038583478
"403.19776-9.478",2,0.33281992386672,0.343475387602546,0.149729114616311,0.173975573914423
"293.10322-8.268",4,0.201461215350233,0.118260132939264,0.152137698838838,0.528140952871665
"403.19094-10.846",3,0.15367537809334,0.134366906637798,0.427629378116154,0.284328337152709
"325.27495-17.703",4,0.188617650144899,0.112574256683737,0.147352875269682,0.551455217901682
"657.28342-8.573",2,0.32997473149136,0.346684220725037,0.149742832374037,0.173598215409566
"352.15888-10.148",1,0.762814051621725,0.0823624380945484,0.0627106663612959,0.0921128439224307
"527.21647-14.226",3,0.169928092809922,0.199822458304299,0.425968366271029,0.20428108261475
"329.15271-11.48",3,0.191930577316938,0.253550937446609,0.344219871186796,0.210298614049657
"635.3337-13.066",4,0.106508900755493,0.0738590515469426,0.118171499146273,0.701460548551291
"452.31746-17.043",3,0.0736192455124711,0.0719799585395114,0.744254168813816,0.110146627134202
"345.14755-12.097",1,0.432044611747585,0.252856840747572,0.140065968157769,0.175032579347075
"409.04398-8.474",3,0.131172066745854,0.120204044616643,0.529086575755002,0.219537312882501
"397.1427-7.573",2,0.203365718056628,0.320231205239537,0.275209202019918,0.201193874683917
"469.29641-12.404",3,0.164120887205896,0.137674235510376,0.360178942225771,0.338025935057957
"680.26318-7.866",2,0.235742390105602,0.478634268785335,0.137549979259516,0.148073361849547
"615.3159-14.611",2,0.193116781319947,0.445619922384417,0.194232839904124,0.167030456391512
"456.17032-10.282",1,0.446028018752956,0.154120254516622,0.144452925132066,0.255398801598356
"231.05123-1.111",2,0.202758758998434,0.31197263522656,0.282358597339511,0.202910008435495
"440.03708-6.004",1,0.58712474827903,0.130184677084141,0.109362414747627,0.173328159889201
"459.29713-14.804",4,0.101177385584515,0.0657692527462119,0.0954176842376706,0.737635677431603
"456.20647-11.063",3,0.154812228648231,0.1349060523466,0.421557135513262,0.288724583491906
"483.28848-13.406",3,0.149396052784026,0.132124696493161,0.449213447242153,0.269265803480661
"290.93422-0.931",2,0.203643518456852,0.360707545073756,0.244245680860201,0.191403255609191
"287.92238-0.952",1,0.508892602347794,0.202384446254542,0.125138861564707,0.163584089832956
"501.21633-10.942",3,0.146060089441898,0.130188877256014,0.464996173573848,0.25875485972824
"417.08318-9.363",4,0.191522404828607,0.113891767803127,0.148501511299399,0.546084316068867
"382.11466-6.233",4,0.0839910734980356,0.0554601953057966,0.0822418374621732,0.778306893733995
"629.33376-12.132",2,0.223331845923407,0.499968718623675,0.13387385220268,0.142825583250239
"338.08842-7.32",4,0.177933768607435,0.107575037218712,0.142792134437911,0.571699059735941
"397.96435-6.766",1,0.548264808572399,0.180508011336695,0.116274528377508,0.154952651713398
"386.09198-7.569",1,0.404595224856852,0.15660069366998,0.153229207239922,0.285574874233247
"487.08882-8.95",1,0.60306300741016,0.153056649517716,0.103166833843611,0.140713509228513
"293.10668-7.867",1,0.661527937189593,0.126486835428819,0.0885772502299927,0.123407977151595
"301.15593-10.598",4,0.113959236085148,0.0733099643770859,0.10488178097218,0.707849018565586
"568.84108-0.966",2,0.194291322737663,0.439340360403761,0.1974503150977,0.168918001760877
"549.23717-15.29",3,0.161958013946779,0.185577963698017,0.452947905764416,0.199516116590788
"426.28658-10.667",4,0.315600635185902,0.151448316379243,0.165607415624987,0.367343632809868
"533.09446-7.809",1,0.352035227134841,0.322832706626993,0.149168414717002,0.175963651521164
"577.37507-15.842",4,0.206770483090804,0.120503039304112,0.153895191530134,0.51883128607495
"145.0983-1.011",1,0.566545563415359,0.134804633561087,0.114726439178729,0.183923363844825
"329.11062-1.447",1,0.467384769762039,0.151875159214041,0.139525586239524,0.241214484784396
"447.31208-13.401",4,0.161342092543653,0.12303938916152,0.23864241798751,0.476976100307317
"443.30138-15.964",1,0.555035051898203,0.137251318852405,0.117705928426791,0.190007700822601
"321.10947-7.305",2,0.173205028201463,0.59496450142933,0.114079747432042,0.117750722937166
"525.14704-1.441",2,0.119289097101145,0.697152093824178,0.0934407838998936,0.0901180251747837
"531.2456-7.562",1,0.51972897043629,0.196147255136031,0.122759019939412,0.161364754488266
"416.24706-14.828",3,0.155082028317436,0.174397899818094,0.475864017484174,0.194656054380297
"351.23081-14.21",4,0.158278597448385,0.119349730734733,0.225341354956998,0.497030316859884
"312.98324-5.726",3,0.19827178099354,0.279585632893682,0.313896093515023,0.208246492597755
"281.05485-1.43",4,0.134701941015519,0.0966155915371407,0.164201306740784,0.604481160706556
"300.19302-6.445",3,0.15394153784805,0.13449554200204,0.426222724801657,0.285340195348253
"502.18389-8.905",4,0.167055455255266,0.136533647034948,0.323892953020138,0.372517944689648
"303.06833-10.505",3,0.0842243480766927,0.0814464067622995,0.706114253265399,0.128214991895609
"429.10437-6.373",1,0.415073712668166,0.156226760595743,0.151128921405498,0.277570605330593
"222.99921-1.028",1,0.498453987586703,0.147600411691839,0.132023350932358,0.2219222497891
"253.13474-10.472",3,0.200893410473028,0.295341434172035,0.297801903001271,0.205963252353666
"451.13836-6.98",4,0.325727272089652,0.152872130714513,0.164870182785088,0.356530414410747
"303.12-1.083",4,0.28969283628052,0.146712629117354,0.166369466944951,0.397225067657175
"311.14038-7.743",3,0.118612392971767,0.110636014171,0.578729074997681,0.192022517859553
"379.18951-7.656",3,0.11664244824831,0.109066678926452,0.586296679558546,0.187994193266693
"420.28906-16.919",3,0.0854563734920123,0.0825410748367486,0.701667444160791,0.130335107510448
"473.32771-13.426",4,0.0790815769695024,0.0531739278892182,0.080985949023478,0.786758546117801
"237.11339-8.59",4,0.167502319310342,0.135332324780732,0.308861821416196,0.38830353449273
"528.31033-14.525",4,0.178809290325923,0.107993597206716,0.143185758336545,0.570011354130816
"363.23897-7.806",3,0.0953089296864652,0.0976182152703054,0.673660293201806,0.133412561841423
"386.29142-12.811",4,0.271081062283543,0.142307048357663,0.165749060765298,0.420862828593497
"397.06978-7.431",4,0.166580454693486,0.131184750499133,0.276956637552163,0.425278157255219
"371.20761-12.189",4,0.0784768651274979,0.0523064340176044,0.0786266406397072,0.790590060215191
"576.25705-8.605",2,0.290559206513718,0.39556803992386,0.147827538568806,0.166045214993616
"709.98964-11.133",3,0.0964699640930826,0.0989246563047955,0.669780372444791,0.134825007157331
"293.21244-14.613",1,0.493497524680791,0.211566142904213,0.128426265869606,0.16651006654539
"403.02706-8.471",3,0.119066324254301,0.110995284742739,0.576978298898499,0.19296009210446
"232.08284-1.454",4,0.124859661797517,0.0795934944574878,0.112528255803001,0.683018587941994
"269.176-10.463",1,0.358875127053731,0.155951569669915,0.161067510381935,0.324105792894418
"364.17999-8.814",1,0.416979992788766,0.156139472509071,0.150737152001481,0.276143382700683
"366.26509-14.984",1,0.637306495426537,0.137219851412476,0.0946772552275564,0.13079639793343
"360.25792-13.137",1,0.54780232063169,0.138734689470398,0.119569009810853,0.19389398008706
"314.13605-5.531",4,0.176548467889364,0.10690959377172,0.142162077654617,0.574379860684299
"663.3019-9.072",1,0.709769535825715,0.105991090803794,0.0762628745046957,0.107976498865795
"476.23292-9.702",3,0.148915688818575,0.131855018506204,0.451534253765275,0.267695038909946
"512.27694-11.52",1,0.553941792566959,0.137478271152983,0.117988018361002,0.190591917919056
"242.11485-1.479",2,0.122983809698285,0.686591934325355,0.0970920707941177,0.093332185182242
"587.23248-10.329",3,0.116055910083069,0.108596302107903,0.588540748895289,0.186807038913739
"380.08197-6.014",1,0.513124965065882,0.14521036792296,0.128376780197373,0.213287886813785
"491.16259-1.066",1,0.399853022140937,0.156709525639155,0.154148107873997,0.289289344345911
"381.31241-12.866",1,0.384785574906049,0.156794387438872,0.156920910533751,0.301499127121328
"525.33582-11.403",3,0.162285592225307,0.137495778054312,0.375096774488737,0.325121855231644
"365.23347-12.111",4,0.0989593993966342,0.0681154057162033,0.107643566016652,0.72528162887051
"579.39181-13.584",4,0.252937175342412,0.137185851115596,0.164041704220294,0.445835269321698
"444.2794-16.501",2,0.203826519648904,0.329958742825193,0.2671845029934,0.199030234532502
"596.27698-8.527",1,0.43935879399753,0.247485066830724,0.138836244030717,0.17431989514103
"336.15685-6.078",3,0.131171214257516,0.120203424724104,0.52909004709158,0.219535313926801
"635.33381-13.494",2,0.145560028932568,0.620236795804129,0.120631867259134,0.113571308004169
"420.24292-10.504",1,0.354152221719693,0.320663573211292,0.149059643486083,0.176124561582932
"323.06471-7.324",3,0.187059849534707,0.238593374081109,0.364115836977269,0.210230939406916
"449.32756-11.88",1,0.385214214308052,0.15679761014665,0.156845349451792,0.301142826093507
"106.95706-0.909",4,0.1675134794664,0.13436193188341,0.299622903619403,0.398501685030786
"350.24689-12.094",4,0.164509629768658,0.127440933591841,0.257220632713558,0.450828803925943
"343.22788-13.817",3,0.122064899016203,0.113345348650443,0.565342134431144,0.19924761790221
"529.22294-14.447",4,0.146226387301597,0.106973823989298,0.189042979979254,0.557756808729852
"710.49557-11.151",3,0.0951457898502193,0.0910561311638571,0.666482920095393,0.147315158890531
"709.4868-11.157",3,0.115717467064398,0.108324251690182,0.589833783433434,0.186124497811986
"504.31022-15.102",3,0.146345105213083,0.161281396522918,0.504742017633672,0.187631480630327
"238.83541-0.883",4,0.162680788894827,0.124797301536914,0.245632001784028,0.466889907784231
"316.15899-10.678",1,0.73952885687014,0.0937304373657644,0.068593422138121,0.098147283625975
"337.17723-8.556",4,0.0881048310002437,0.0599918351063971,0.093169136506117,0.758734197387242
"299.25924-17.181",4,0.166973406290329,0.132151533197117,0.283036244493333,0.417838816019222
"494.29442-13.656",4,0.164621655011587,0.127616033561126,0.258043938917262,0.449718372510024
"730.42103-10.137",4,0.167532738703321,0.13494516419143,0.304965210012719,0.39255688709253
"609.25107-8.533",1,0.345618432604405,0.329532118300718,0.149442953472251,0.175406495622626
"571.25308-11.979",4,0.258743436673742,0.138913860750293,0.164715106083606,0.437627596492359
"458.86851-0.974",1,0.412422378049924,0.156338421080795,0.151669006920095,0.279570193949186
"502.1362-7.609",1,0.454795160286409,0.236590574408549,0.13608542587835,0.172528839426692
"611.38146-13.416",1,0.427491886640538,0.155555241840367,0.148527842288654,0.268425029230442
"453.03754-1.593",2,0.146091459413363,0.618617618216233,0.121224356131586,0.114066566238818
"537.32884-15.064",1,0.424134033419116,0.155760539947535,0.149242264224915,0.270863162408434
"571.23749-10.809",4,0.152194360196699,0.112809988923061,0.204947787607126,0.530047863273113
"253.05034-1.096",1,0.566154518049799,0.134889432173492,0.114827929466227,0.184128120310482
"243.11555-7.538",3,0.199275374948971,0.285025254354902,0.308164997006645,0.207534373689482
"309.20727-13.5",2,0.242561909972206,0.467305222217472,0.139354870702454,0.150777997107868
"301.10842-7.655",4,0.151649857884352,0.112258478040779,0.203366767736167,0.532724896338702
"147.06758-1",3,0.133269092776559,0.143302636549636,0.547802840295208,0.175625430378596
"439.35456-16.89",4,0.144018521127526,0.10491160528866,0.183800368431254,0.56726950515256
"569.28532-12.975",4,0.148710960276457,0.0927598662898132,0.127644350739334,0.630884822694396
"407.11398-11.048",2,0.172248558593854,0.532978966332266,0.154428617065164,0.140343858008717
"284.16916-10.524",4,0.234517902606234,0.131150596070013,0.161054071285752,0.473277430038001
"371.21899-7.436",3,0.144500688039449,0.129237659730004,0.472136421295741,0.254125230934806
"261.17091-7.283",3,0.0705626494573473,0.0703605076301828,0.756558344966418,0.102518497946052
"270.09852-6.672",4,0.0843806893436168,0.05721537244162,0.0882735488260712,0.770130389388692
"332.85464-0.93",2,0.167683609574027,0.549035881764422,0.147871742106366,0.135408766555186
"617.37021-14.549",1,0.360433900832092,0.314343971395457,0.148685762563113,0.176536365209338
"413.27736-7.909",3,0.14762196287716,0.131113055255408,0.457700525332452,0.26356445653498
"128.07179-1.108",4,0.165538391179975,0.129137096583675,0.265557168310083,0.439767343926266
"587.28817-9.988",3,0.163025795609999,0.137605224216311,0.369386439058405,0.329982541115285
"421.29607-14.323",4,0.165681944675611,0.137468728134581,0.344467775092813,0.352381552096995
"371.13499-7.595",1,0.417712378840254,0.156104390836394,0.150585882984983,0.275597347338369
"301.14073-7.188",1,0.367547962596218,0.307391792440369,0.148173726131677,0.176886518831735
"651.29378-11.55",4,0.170408685064835,0.103914175951017,0.139262986370867,0.586414152613281
"251.10394-8.507",2,0.203997304522045,0.348496371793477,0.252951654148936,0.194554669535543
"412.30719-16.737",4,0.0890556736571047,0.0606999887284453,0.0944184542572662,0.755825883357184
"489.28671-10.759",3,0.163377843374585,0.137640956982839,0.366538368641363,0.332442831001214
"366.19572-9.95",2,0.317638973400694,0.36107647981831,0.149578562095026,0.17170598468597
"461.15072-6.281",3,0.12104405053583,0.127766195917584,0.588127189384528,0.163062564162058
"274.09353-5.658",1,0.662195119212097,0.111122253006964,0.0895457918707977,0.137136835910142
"323.01201-5.733",2,0.203851188993562,0.330713009553248,0.266579156606296,0.198856644846895
"345.10911-6.626",4,0.165228017853463,0.128601990277295,0.262835347201971,0.443334644667271
"350.24665-13.394",3,0.103611367593487,0.10705478906024,0.6459584494558,0.143375393890473
"322.13321-8.127",1,0.53177969803051,0.189411233211297,0.120056208730777,0.158752860027416
"295.22786-16.464",3,0.11359480973973,0.118742506123691,0.612784971013884,0.154877713122696
"489.32276-8.939",2,0.125297795445859,0.679953780835738,0.0993955313186192,0.0953528923997842
"487.19486-10.982",1,0.389059828517596,0.287604868547864,0.146105224149035,0.177230078785505
"183.04124-1.095",4,0.155108479015279,0.115845050933356,0.214001198429247,0.515045271622117
"508.3414-17.203",3,0.159679186214192,0.18177448259583,0.460569801715648,0.197976529474331
"389.30634-15.929",4,0.325363576806242,0.152825036374198,0.164900484053562,0.356910902765998
"754.35006-9.32",2,0.284418260392392,0.40397288516121,0.147142440551579,0.164466413894819
"581.13388-10.04",1,0.434896819149078,0.155042232842208,0.146925476144242,0.263135471864472
"609.35599-13.744",4,0.331913021317593,0.153627675811903,0.16431341683533,0.350145886035173
"132.88637-0.891",3,0.146393818838179,0.130388833700778,0.463450021499441,0.259767325961602
"407.28064-9.291",1,0.732435479876478,0.0910766038042544,0.0708439880792743,0.105643928239994
"473.24053-13.894",4,0.167534602745399,0.134832872418925,0.303891749241558,0.393740775594118
"299.07738-5.701",1,0.346946130901152,0.155113566323085,0.162656445100652,0.335283857675111
"461.24449-15.305",3,0.160509772683932,0.183148681416368,0.457795387030041,0.198546158869658
"621.4014-12.325",4,0.258761160190732,0.138919006967856,0.164716973758305,0.437602859083108
"304.08294-8.16",4,0.162079656236213,0.123993622813378,0.242375217666551,0.471551503283858
"529.00873-7.071",1,0.721756057664019,0.094206473663162,0.0736928967185767,0.110344571954243
"457.1723-7.954",1,0.429759816460663,0.155406855353687,0.148040923617325,0.266792404568325
"402.27832-13.876",1,0.435111482699856,0.155026145013079,0.146878496529413,0.262983875757652
"98.02477-1.096",3,0.164079505421826,0.13767408820449,0.360547368751871,0.337699037621812
"415.1404-8.778",1,0.492355210714938,0.148526786730887,0.13352167047077,0.225596332083406
"442.29277-13.499",1,0.63323961789377,0.118836215087157,0.0972217621487384,0.150702404870335
"429.2418-10.638",2,0.218410665907181,0.508680876030031,0.132276990344848,0.14063146771794
"429.24187-10.64",1,0.382429963896953,0.293513950825715,0.146820953459977,0.177235131817355
"364.9385-0.96",1,0.369811433468783,0.305224076444586,0.147991903243897,0.176972586842734
"398.23385-17.302",1,0.687590110678028,0.115289601307015,0.0819472065000525,0.115173081514905
"271.15537-6.965",3,0.0723390268633122,0.0708460738098422,0.748860521902999,0.107954377423847
"343.1295-6.958",2,0.176443091551393,0.517588883047111,0.160895162638158,0.145072862763338
"568.26866-13.713",1,0.765857870456132,0.0816504832989507,0.0618825718008053,0.0906090744441124
"481.09133-7.174",4,0.253648031943802,0.137401917959836,0.164130810101845,0.444819239994517
"266.79607-0.88",1,0.50077591441829,0.147237136073793,0.131450056020022,0.220536893487894
"264.79902-0.878",1,0.477502743155949,0.150607556857535,0.137120396043988,0.234769303942527
"259.11889-8.56",3,0.169826340532797,0.199629883360952,0.426316934684438,0.204226841421813
"501.32288-9.797",4,0.165870134902297,0.129739024021587,0.268734294767126,0.43565654630899
"405.16972-7.857",1,0.356727360604433,0.318051944950145,0.14891550875081,0.176305185694611
"255.12396-9.622",3,0.179828702057871,0.220356701116735,0.391223724659315,0.208590872166079
"710.99734-11.161",3,0.164534441166386,0.137662802278769,0.356387837906775,0.34141491864807
"422.26807-13.768",2,0.108478629251318,0.732752751772129,0.0798031921730078,0.0789654268035458
"651.37596-15.055",1,0.358868439499515,0.315902749225272,0.148785964036729,0.176442847238484
"469.29646-12.949",3,0.123365457164561,0.11435154284907,0.560254239842096,0.202028760144274
"615.31807-14.126",1,0.719123344851394,0.0949756769506716,0.0743948902039102,0.111506087994024
"469.29651-12.523",3,0.155727478794558,0.175411537923138,0.473722139606582,0.195138843675722
"450.29781-10.057",1,0.551733924634621,0.178676964762933,0.11546756241472,0.154121548187726
"571.18975-10.072",3,0.126531594563581,0.134615087937936,0.570008381789999,0.168844935708484
"645.36498-14.584",2,0.215158374091205,0.514515850197454,0.131178672878598,0.139147102832742
"615.14932-7.926",1,0.598033691411858,0.155458286959313,0.104397448343846,0.142110573284983
"188.09306-6.085",1,0.432899422838591,0.155188669213343,0.147361214662551,0.264550693285515
"419.05235-7.085",3,0.0682904453418437,0.0675515329373279,0.763768608924458,0.10038941279637
"419.28071-14.252",4,0.167454255642177,0.135608342635405,0.311856816964126,0.385080584758293
"569.25072-10.754",1,0.406030761105233,0.156560229432824,0.152947022473393,0.28446198698855
"533.31322-10.458",3,0.0809124777784987,0.0816950608855399,0.721903162231795,0.115489299104166
"299.05635-9.195",2,0.233638076705383,0.482186845675927,0.136962201425546,0.147212876193143
"566.83546-0.971",2,0.136497519873994,0.672052350646579,0.095240884460065,0.0962092450193621
"233.01268-1.112",3,0.0967040014416172,0.0991884896087193,0.668998501381064,0.135109007568599
"459.27323-12.043",4,0.117606437833861,0.0754288730556582,0.107487394734195,0.699477294376286
"287.13633-1.608",4,0.166904182312972,0.136723071376525,0.326951379339998,0.369421366970505
"646.857-0.97",2,0.11700396765297,0.714576575694658,0.0843086810398386,0.0841107756125335
"644.85178-0.973",2,0.106347600883513,0.735160432219131,0.080024649329969,0.0784673175673879
"651.37589-10.801",4,0.141844871245501,0.0890594741087731,0.12353459802472,0.645561056621006
"467.28068-12.898",4,0.166984530138728,0.13218200579128,0.283237052256677,0.417596411813315
"622.29006-13.799",4,0.0939907634601095,0.061466522655071,0.0899164446041679,0.754626269280652
"441.22638-12.467",1,0.62433254222459,0.143120511071715,0.0979145470377023,0.134632399665993
"309.08594-10.509",3,0.154483335250236,0.173463721884201,0.477849382548617,0.194203560316946
"633.29556-8.077",1,0.555658500972818,0.17662238857662,0.114550332772409,0.153168777678153
"406.25209-15.249",3,0.139748798128284,0.126185492450837,0.493164078202924,0.240901631217955
"393.06233-7.867",3,0.0905674957970938,0.0870557654857262,0.683159470124633,0.139217268592547
"427.26237-16.447",4,0.311351805712444,0.150780572214778,0.165847989824129,0.372019632248648
"427.26219-16.447",4,0.303500102613092,0.14943522924405,0.166178086782513,0.380886581360345
"440.21172-9.883",3,0.104440036047871,0.108009626437451,0.643199158097476,0.144351179417202
"677.26986-7.584",1,0.413918813237868,0.156276798899631,0.151364873428966,0.278439514433534
"205.10821-7.335",3,0.088833535846028,0.0855293932445804,0.689450099223139,0.136186971686252
"635.38079-12.07",1,0.546098717876063,0.139077796105774,0.120006720501034,0.194816765517129
"469.30939-14.641",3,0.0910418408102496,0.0928491758152875,0.687935664809805,0.128173318564658
"469.30938-14.641",4,0.185789035634749,0.111273941202002,0.146196841625989,0.556740181537259
"621.29255-11.708",4,0.118389257052986,0.0758815687297989,0.108040621451773,0.697688552765443
"497.25808-11.121",1,0.548497766699689,0.180384607334443,0.116220453817402,0.154897172148467
"388.27077-9.177",3,0.15129656550364,0.168583827218437,0.488398272315311,0.191721334962612
"223.08249-1.085",1,0.47930848318703,0.220395161905786,0.131344809016598,0.168951545890586
"478.22745-13.363",1,0.422319291792617,0.155864254761865,0.149625045355092,0.272191408090425
"385.11417-7.065",1,0.734890599486849,0.0903559392514861,0.0701886948074665,0.104564766454198
"247.15524-6.589",3,0.108608166682728,0.112852535958646,0.62933599827638,0.149203299082246
"515.13539-11.085",4,0.155967931208219,0.0965848399828395,0.131765129895064,0.615682098913878
"556.20658-7.023",1,0.596966356589228,0.127871940105519,0.106783364063117,0.168378339242137
"653.30953-11.63",4,0.0962575553133547,0.0628272764150493,0.0916613494077028,0.749253818863893
"675.27211-8.583",2,0.306174203784146,0.375178827876291,0.149081018673947,0.169565949665616
"374.27025-16.215",1,0.432353774245519,0.15522764530615,0.147479806346388,0.264938774101943
"482.30482-13.695",4,0.154188389277952,0.114870303163218,0.211024458100185,0.519916849458645
"363.11992-6.817",4,0.135701616371241,0.0856850944361473,0.119688576415055,0.658924712777556
"465.27797-13.733",1,0.413545149133408,0.267105869879867,0.142934528093066,0.176414452893659
"611.40896-17.055",3,0.184210972989961,0.230964576116005,0.375053726577393,0.209770724316642
"531.28662-14.063",4,0.166847391871397,0.136784349044923,0.328008615310082,0.368359643773599
"695.05661-7.229",4,0.140851530664134,0.0885178273061203,0.122923388482665,0.647707253547081
"314.20888-6.217",4,0.278914568878345,0.144265316750404,0.166141199804942,0.410678914566309
"580.31827-14.265",3,0.14099940569912,0.153726601066767,0.522351780623383,0.18292221261073
"238.0254-1.088",2,0.148013940748861,0.612731005996264,0.123387344702079,0.115867708552797
"335.02042-7.329",3,0.133127860646924,0.121613970681912,0.521076850619293,0.224181318051872
"639.37585-12.597",4,0.0916567757461841,0.0626389090442658,0.0978474096094492,0.747856905600101
"283.19165-11.091",2,0.247094100190882,0.459932326635967,0.140469969374584,0.152503603798566
"517.26354-12.423",1,0.614168072698081,0.147825982375722,0.100433719370704,0.137572225555493
"465.23957-9.643",4,0.313621628996558,0.151142522149284,0.165724717139421,0.369511131714737
"551.09694-9.237",2,0.300659989641907,0.382220383112326,0.148716468332463,0.168403158913305
"284.98502-7.724",2,0.180466159802911,0.502104659783711,0.167603176428039,0.149826003985338
"592.26261-9.615",4,0.322697789773405,0.152470712839949,0.165114083002602,0.359717414384044
"432.22189-14.969",4,0.178480170971255,0.107836438234197,0.143038206282003,0.570645184512545
"491.19039-10.167",1,0.767319789933336,0.0815423353238908,0.0614671764854623,0.089670698257311
"433.28429-10.56",3,0.086251923372451,0.0832467262059367,0.698793268739529,0.131708081682083
"418.22723-11.952",2,0.107611898816295,0.730951270307981,0.0816472095100213,0.079789621365703
"471.325-12.622",3,0.134488870827934,0.122580118432139,0.515445778478032,0.227485232261895
"619.23809-8.537",1,0.694224167044781,0.102169564610342,0.0810286586392827,0.122577609705595
"413.21844-11.298",4,0.304066379278891,0.149537134120332,0.166159424811336,0.380237061789441
"179.99732-1.094",4,0.145738173646475,0.106513947178545,0.187858801372004,0.559889077802977
"372.05499-9.483",1,0.364231201292657,0.156233202091354,0.16028361490279,0.319251981713199
"353.13561-5.603",3,0.109193902258671,0.113538731928112,0.627389963741788,0.149877402071428
"316.18805-6.154",4,0.172474147839059,0.104930167277103,0.140257647644769,0.582338037239069
"380.23057-6.453",4,0.147493912958792,0.108178819715303,0.192189409669403,0.552137857656502
"501.347-17.071",4,0.139241255130271,0.100585422651139,0.173312618638144,0.586860703580446
"575.27639-11.312",2,0.201496965607539,0.389685593408277,0.225359166237598,0.183458274746586
"401.09937-8.387",3,0.149581464090322,0.13222790861863,0.448312861848106,0.269877765442942
"587.15454-7.077",1,0.750164231012022,0.0858919067563095,0.0661073109787988,0.0978365512528699
"359.13806-8.037",3,0.114392117422495,0.107254512847027,0.594884798056468,0.18346857167401
"482.72496-11.576",1,0.400959682167719,0.156687564549569,0.153935528666419,0.288417224616293
"491.75617-12.257",2,0.146733010423923,0.616658341492844,0.121942701539331,0.114665946543902
"249.14972-15.17",2,0.315996727575041,0.363052791687209,0.149528257899153,0.171422222838596
"308.11771-7.489",4,0.33045382807152,0.153457144134941,0.164451687921813,0.351637339871726
"303.23308-16.894",3,0.165166846838237,0.191122587902187,0.442155092366212,0.201555472893365
"536.88492-0.973",1,0.67778101598381,0.119465762967485,0.0844495935326714,0.118303627516033
"547.31828-15.06",2,0.290655889161994,0.395437482660168,0.147837437226684,0.166069190951154
"394.0599-7.868",3,0.11421747830351,0.119485957416291,0.610720879717133,0.155575684563066
"437.25514-10.372",4,0.167203429623136,0.132840529476716,0.287735970379403,0.412220070520746
"564.24055-16.098",3,0.161108770242616,0.137243660582826,0.383557529632171,0.318090039542387
"251.00066-7.062",2,0.276024999399381,0.415821877009556,0.146023057123417,0.162130066467646
"432.25269-14.856",4,0.134393193395466,0.0963498431497965,0.163606657945443,0.605650305509294
"432.25264-14.854",4,0.120405253941702,0.0847540590633732,0.139155189403135,0.65568549759179
"340.15884-10.453",4,0.123069752550703,0.0785721144948065,0.111302309743053,0.687055823211438
"382.20598-12.611",2,0.219475782330795,0.506783264503993,0.132629265328639,0.141111687836573
"502.27131-12.743",2,0.195055478755204,0.435093058905552,0.199661260182728,0.170190202156516
"347.15003-10.161",4,0.166401967772677,0.137144701396953,0.335196022065665,0.361257308764705
"467.13322-5.764",4,0.257216718930717,0.138467625471247,0.164549969300879,0.439765686297157
"507.3253-13.85",3,0.109731449377243,0.10344013626911,0.612500832414657,0.17432758193899
"587.25731-10.777",4,0.338275400995757,0.15431635606906,0.163662524643826,0.343745718291356
"331.13022-8.827",4,0.0785816484884336,0.0527606083987144,0.080178950159991,0.788478792952861
"108.99655-1.069",1,0.356510361039849,0.318270888245912,0.148928149457725,0.176290601256515
"576.28819-13.092",1,0.4600096977442,0.152718391081124,0.1412517138722,0.246020197302475
"173.83136-0.922",4,0.158208507484952,0.119269346066137,0.225068691677443,0.497453454771467
"414.30133-15.998",4,0.0780571389460866,0.0522625947339916,0.0790902637424806,0.790590002577441
"674.27971-6.442",2,0.235978541022482,0.478237255643999,0.13761503347831,0.148169169855209
"378.20379-7.868",3,0.109978815511911,0.114460550001881,0.624782999533066,0.150777634953142
"549.251-11.159",3,0.160808276797819,0.137166440090356,0.385618749748981,0.316406533362843
"571.06619-6.156",1,0.348518309385595,0.155240961619407,0.162460123347605,0.333780605647393
"248.09765-10.164",3,0.154678720381058,0.134844162734695,0.422279165630339,0.288197951253908
"451.12527-6.276",4,0.166202132557509,0.137258580491147,0.337984845576921,0.358554441374422
"485.20362-7.219",1,0.620260592747975,0.122156200318814,0.100651543172009,0.156931663761202
"507.26064-8.517",4,0.167346745903518,0.133372465606389,0.291622243289072,0.407658545201021
"589.21484-7.266",4,0.165328167098848,0.137560181273843,0.348418961991523,0.348692689635786
"572.26651-14.74",4,0.149334742911062,0.0930921893144773,0.128007642916979,0.629565424857482
"669.32647-14.12",4,0.204249270968851,0.119445943968019,0.153076554804084,0.523228230259046
"352.28571-16.144",4,0.0795424334117094,0.0535414534191894,0.081679277811831,0.78523683535727
"388.80835-0.889",3,0.193479022918076,0.259009250867782,0.337434692143251,0.210077034070891
"404.25753-12.423",3,0.0683309555474566,0.0675438849007795,0.763570657525215,0.100554502026549
"234.93531-0.925",4,0.154302153275115,0.114989942168878,0.211386112452407,0.519321792103601
"385.27105-13.925",4,0.300428594844884,0.148869186802409,0.166264921288278,0.384437297064429
"356.28082-15.906",1,0.699604249615531,0.100629776118135,0.0795960899670828,0.120169884299252
"437.24663-15.558",1,0.614406698990761,0.147714637629523,0.100374763226046,0.13750390015367
"728.29629-10.465",2,0.278054859153162,0.412917673996209,0.146313452217991,0.162714014632637
"398.32785-14.951",4,0.156197250551263,0.11702109168714,0.217689077827721,0.509092579933876
"572.06377-6.156",1,0.383585710510079,0.156783571248239,0.157131326238333,0.302499392003349
"321.10946-6.628",4,0.157498336597262,0.118463065742473,0.222368819213713,0.501669778446552
"433.20971-6.68",2,0.204003121845141,0.337433522257977,0.261287158959302,0.19727619693758
"93.04584-1.425",1,0.357079990234648,0.155844214218724,0.161320816978745,0.325754978567883
"324.25459-15.378",4,0.128443518392282,0.0913198265343334,0.152666942706005,0.627569712367379
"126.05613-1.122",4,0.124351208945476,0.079303789060683,0.112181231606543,0.684163770387298
"269.1145-7.707",2,0.164611478443965,0.559507582576593,0.14368984838709,0.132191090592352
"357.10151-9.038",3,0.198130409651718,0.27886292726148,0.314672091531342,0.208334571555459
"389.00849-7.852",4,0.148810851776861,0.0928131279366785,0.127702641673786,0.630673378612675
"248.82142-0.877",3,0.184550842580833,0.231840504234433,0.373769243698528,0.209839409486206
"487.04215-7.082",1,0.75795204455079,0.0860945389116803,0.0638375794474735,0.0921158370900567
"321.20711-12.094",4,0.318847372960434,0.151930379919314,0.165395603646447,0.363826643473804
"375.13127-6.803",1,0.527270414640366,0.142702212918538,0.124812050261764,0.205215322179333
"425.23208-13.193",4,0.335021657402817,0.153975264989223,0.164005002933313,0.346998074674646
"605.37023-12.725",4,0.148271814349305,0.108926697733042,0.194175446502711,0.548626041414942
"437.29138-12.408",3,0.140974247269696,0.126992982925055,0.487834515465923,0.244198254339325
"289.10816-7.433",4,0.162996036890615,0.125229580917467,0.247430271961984,0.464344110229934
"585.23584-10.313",4,0.281038551968134,0.144770154298833,0.166213987162032,0.407977306571001
"677.30037-13.063",4,0.149679313376384,0.110297380519618,0.197885837854307,0.54213746824969
"701.85388-6.922",2,0.186939732608784,0.475134042759932,0.179847731059396,0.158078493571888
"485.23995-11.337",1,0.703634067443607,0.108545404605179,0.0778385895474865,0.109981938403727
"555.28492-15.363",3,0.164744243293713,0.137647083217065,0.354380009966652,0.343228663522569
"595.3493-15.737",1,0.479793418322048,0.150303361164283,0.136570380639993,0.233332839873675
"381.10649-7.867",3,0.139454932829446,0.151599894535237,0.527436575218184,0.181508597417133
"223.09775-8.385",3,0.158838481447747,0.136557273562034,0.398363006795124,0.306241238195095
"702.32782-7.499",2,0.128626013493848,0.670359402300704,0.102740056443278,0.0982745277621698
"401.13775-7.658",2,0.203029117536436,0.37178852570494,0.236749598845774,0.188432757912851
"457.30951-15.007",4,0.158661671168123,0.119791790574673,0.226852571008824,0.49469396724838
"457.30941-15.004",4,0.159213129912924,0.120436678068891,0.229094126480048,0.491256065538137
"320.88218-7.06",1,0.43429438924334,0.155087019489192,0.147057164626696,0.263561426640771
"307.11893-10.195",1,0.653385736199371,0.113511042286726,0.0918840708751473,0.141219150638756
"575.19896-6.778",4,0.339807938783271,0.154469025457075,0.163494427098758,0.342228608660896
"713.35281-13.404",2,0.202646269353772,0.37703970323246,0.233320275365145,0.186993752048623
"393.10134-11.867",2,0.125442186827469,0.679538759013091,0.099539809740207,0.0954792444192334
"361.09659-6.48",3,0.0736992268883642,0.0738237558713855,0.746100387517566,0.106376629722684
"495.32499-14.917",1,0.400463843679164,0.156697664438122,0.154030916854416,0.288807575028299
"495.32503-14.928",4,0.218083330957479,0.125065144058562,0.157217946511149,0.49963357847281
"126.9037-0.881",1,0.359858543415148,0.15600760743324,0.160926706445148,0.323207142706463
"383.12698-9.823",3,0.0787078744032841,0.0765238375733283,0.725972639761592,0.118795648261795
"394.27273-14.599",2,0.200734658957376,0.396644468715097,0.221144699167151,0.181476173160376
"521.2401-10.948",4,0.295140102461402,0.147841633045517,0.166356007943284,0.390662256549796
"774.84832-10.454",1,0.501618237374742,0.147103930387345,0.131241708317366,0.220036123920548
"513.27601-13.14",3,0.186552005890751,0.237182990549582,0.366096110196426,0.210168893363241
"258.10964-1.439",1,0.767308725084493,0.081657704498569,0.0614616915411408,0.0895718788757969
"423.27578-10.768",3,0.141467290108998,0.127314054891306,0.485673214660206,0.24554544033949
"383.17144-7.581",3,0.0711739194877267,0.0698239303735986,0.753063169292651,0.105938980846024
"414.81486-0.895",2,0.203460820749174,0.364553599093708,0.241602451210347,0.190383128946771
"250.81852-0.881",3,0.189030915596329,0.244307520845068,0.356280949888804,0.210380613669799
"400.22381-15.273",3,0.184926313456843,0.232818313138853,0.372344247048759,0.209911126355546
"609.36558-12.078",4,0.0940025185391962,0.0643916109770994,0.100962009512929,0.740643860970776
"343.28536-17.037",4,0.120660378729214,0.0849590125180738,0.139565699985693,0.654814908767019
"312.86442-0.983",4,0.165478548058799,0.129032012040177,0.265015358044697,0.440474081856327
"325.27496-17.321",3,0.112066869610078,0.105361407317725,0.603700708885809,0.178871014186388
"359.11693-8.228",4,0.153828956018502,0.114493873638938,0.209893102803294,0.521784067539265
"359.11699-8.224",4,0.142949193830364,0.103928092889536,0.181358569582539,0.571764143697562
"349.21519-14.943",3,0.0793139286532296,0.0770657788766365,0.723794284222978,0.119826008247156
"390.88071-0.977",4,0.25499381204277,0.137807528022598,0.164294374584916,0.442904285349716
"457.29661-15.03",3,0.1736283793942,0.207052076915896,0.413194460211805,0.206125083478099
"621.36527-13.27",4,0.117507127758951,0.0824398291401604,0.134564772324531,0.665488270776357
"449.2914-11.173",4,0.143718850397317,0.090077038537825,0.124676305319278,0.641527805745581
"449.33896-15.041",1,0.463913107975391,0.23041718526162,0.134371224414882,0.171298482348107
"213.11334-9.664",1,0.492062034576954,0.148570289144852,0.13359341283192,0.225774263446273
"299.15017-7.548",4,0.167351993637041,0.133394651124563,0.291789896605965,0.407463458632432
"369.20336-7.445",4,0.167533388522383,0.134920854776099,0.304730825750923,0.392814930950595
"348.19301-7.986",4,0.166884783389076,0.10216168846087,0.137520781714809,0.593432746435246
"777.37104-11.928",1,0.710668862420992,0.105617699622471,0.0760317201444417,0.107681717812095
"543.33674-11.542",2,0.123717689140696,0.684489126692937,0.0978209328623536,0.0939722513040128
"591.35459-12.995",3,0.0984582791314045,0.0939203455898215,0.654348305146591,0.153273070132183
"601.31559-14.784",1,0.371343155571542,0.156519170459917,0.159180865595228,0.312956808373314
"410.23166-12.299",2,0.12843890867585,0.670900448125851,0.102550913121548,0.0981097300767506
"397.17923-7.643",2,0.203549494662688,0.362773534541934,0.24282018466217,0.190856786133209
"287.10383-7.042",2,0.175734055488444,0.589860946044322,0.115256213994107,0.119148784473127
"291.11993-1.017",1,0.744428531336108,0.0875605366796822,0.0676412014838693,0.100369730500341
"164.07183-7.547",1,0.705535399635751,0.107752508697429,0.077350534384733,0.109361557282087
"315.03208-7.535",3,0.19938764329209,0.285671812423952,0.307496402767719,0.207444141516239
"558.2572-10.193",4,0.208398796116811,0.12117801582302,0.154408651697879,0.51601453636229
"549.28423-13.666",3,0.0957861330094695,0.0916118985359926,0.664141959950172,0.148460008504366
"368.8858-0.961",4,0.334698967675061,0.15394017407993,0.164037881879502,0.347322976365507
"475.08887-8.243",1,0.719424780098666,0.0948876691817054,0.074314520620117,0.111373030099512
"461.15203-1.061",1,0.55281136654987,0.137711923945612,0.118279523706509,0.19119718579801
"473.32802-12.817",1,0.431508200749562,0.15528716965419,0.147663203013617,0.265541426582631
"449.24516-15.338",3,0.160173072092653,0.182589981039491,0.458920545187446,0.198316401680411
"421.16388-7.275",4,0.255763653870799,0.138037526856011,0.164384939087213,0.441813880185977
"507.27502-9.122",2,0.318694443696203,0.35981390217126,0.14960728231328,0.171884371819257
"395.13827-9.999",1,0.766131437616435,0.0824183905330688,0.0617454706242956,0.0897047012262005
"180.86211-0.941",2,0.180083928445156,0.503611348932641,0.16694088748592,0.149363835136283
"444.31237-16.264",1,0.650772504159791,0.131210138003731,0.0912942068987049,0.126723150937773
"387.14853-11.128",1,0.410206417513165,0.269785635169876,0.143411743395679,0.176596203921279
"336.15681-7.196",2,0.333353319608254,0.342878327168398,0.149724464251136,0.174043888972213
"314.23391-13.849",2,0.19820119205782,0.415781501244715,0.21009853482933,0.175918771868135
"517.19334-8.141",1,0.359479483275967,0.155986239442867,0.16098114897427,0.323553128306897
"517.19338-8.14",1,0.358912873703432,0.155953756735887,0.161062132315151,0.324071237245529
"517.29578-13.027",4,0.133176886223753,0.0842816767505123,0.118062906802878,0.664478530222857
"246.09846-1.103",1,0.357409508305405,0.31736503454409,0.148875184048495,0.176350273102009
"603.3424-13.8",4,0.175132530017581,0.106225440448874,0.141508921450759,0.577133108082786
"355.2603-14.314",2,0.290722035834097,0.395348191651614,0.147844193810118,0.166085578704171
"383.12689-9.557",4,0.161300738216858,0.122986810785477,0.238440689958157,0.477271761039508
"383.12678-9.522",4,0.266513196013013,0.141094906219628,0.165427340435649,0.42696455733171
"622.29-13.563",4,0.166391087425702,0.137151507464697,0.335353354796357,0.361104050313243
"631.34697-15.278",1,0.483725222749307,0.217606905643069,0.130448758725001,0.168219112882624
"495.29684-15.979",2,0.30493597749911,0.376745169986482,0.149006405334109,0.169312447180299
"704.9053-10.428",3,0.160917517477718,0.183828296712364,0.456431922283979,0.198822263525938
"260.1254-1.425",3,0.0835009801828487,0.0808027094556297,0.708722861554447,0.126973448807075
"473.3239-8.449",3,0.158711689798837,0.136512741221893,0.399144641350266,0.305630927629005
"529.27194-11.325",4,0.163416490525711,0.125819362901265,0.249940341562691,0.460823805010334
"445.33276-17.288",3,0.189950953575587,0.247121006220391,0.352531409406894,0.210396630797129
"540.32073-16.304",1,0.442029529531595,0.154471815579549,0.145349425567848,0.258149229321007
"363.13458-11.945",2,0.20362089864434,0.324912249213784,0.271296222710837,0.200170629431038
"285.06181-6.724",1,0.733290092998361,0.096290825912962,0.0702040634048033,0.100215017683874
"607.42218-17.495",1,0.499661623680629,0.207842511314148,0.127124093505994,0.165371771499229
"444.22191-12.682",1,0.412113701652647,0.156350678819312,0.151731515163424,0.279804104364617
"354.30138-16.904",3,0.150862947000868,0.132927284060732,0.442010730969935,0.274199037968465
"461.3277-15.295",4,0.107471578449454,0.0745990474529807,0.119551084952963,0.698378289144603
"491.21128-12.032",4,0.147721989424915,0.108397412615276,0.192767193449709,0.5511134045101
"615.22753-11.115",3,0.167374058948867,0.19507959868324,0.434680697154704,0.202865645213189
"334.00264-7.534",3,0.199721596480909,0.287647575594429,0.305469499560816,0.207161328363846
"665.04592-7.279",4,0.159148399698638,0.0982320778052228,0.133497457037693,0.609122065458446
"172.95801-1.02",3,0.11518860956883,0.120649207930703,0.607502788482267,0.1566593940182
"293.10064-6.196",4,0.258647315382647,0.138885937252819,0.164704957299637,0.437761790064897
"699.37361-15.115",4,0.100923131434277,0.0696000776805898,0.110336609218217,0.719140181666916
"299.15018-7.537",4,0.166595068353832,0.131217771380494,0.277155711386735,0.42503144887894
"178.86513-0.94",2,0.191038734127019,0.456120522499117,0.188981872882177,0.163858870491687
"397.24595-7.06",3,0.188471879986988,0.242645624047621,0.358528939719267,0.210353556246124
"347.25912-17.65",4,0.227598223366943,0.128667843248656,0.159578511124745,0.484155422259655
"441.26269-14.049",4,0.117908631602474,0.0756037178939573,0.107701215023415,0.698786435480154
"442.29665-15.373",3,0.168849432616862,0.197796650509793,0.429657034592843,0.203696882280502
"404.31729-16.805",3,0.193895294031803,0.260552858845561,0.335559249600088,0.209992597522548
"304.13051-6.528",1,0.381272649241307,0.294562229105938,0.146939030463615,0.17722609118914
"555.33111-16.478",2,0.286622458682689,0.400930573866799,0.147401186765919,0.165045780684593
"503.12032-8.231",1,0.71553352186661,0.0960224007111929,0.0753519059091601,0.113092171513037
"393.17694-8.206",1,0.384073980231918,0.2920334931003,0.146649662126946,0.177242864540836
"224.90653-0.913",4,0.16751919997959,0.135177874393128,0.307268514263749,0.390034411363532
"396.96677-6.772",1,0.465561002988961,0.152090140709861,0.139954663168677,0.242394193132502
"583.33744-14.441",2,0.187208476210616,0.473942955302884,0.180406833305458,0.158441735181043
"540.33709-11.605",2,0.21457091753918,0.51557631737517,0.13097665638635,0.138876108699301
"449.32784-15.392",3,0.145836121608542,0.160548227993487,0.506419837084225,0.187195813313747
"603.35444-14.4",4,0.25966815649897,0.139181318900001,0.164811046203752,0.436339478397277
"439.29921-16.403",4,0.249230872025136,0.136038955933551,0.16354643470469,0.451183737336623
"623.38089-16.886",1,0.547825514831444,0.180740892807746,0.116376452280645,0.155057140080165
"510.32644-13.286",4,0.220561428277947,0.12602430159092,0.157870376713795,0.495543893417338
"425.14311-6.534",4,0.329681670316157,0.153364988383798,0.164523147034377,0.352430194265668
"231.15178-10.5",1,0.616644904340477,0.14667236320226,0.0998213372143649,0.136861395242898
"524.2046-8.232",2,0.325783607741675,0.351485652878754,0.149728435318525,0.173002304061047
"478.29448-15.344",3,0.130166208896995,0.139260280296708,0.558024906093372,0.172548604712925
"306.10204-7.019",1,0.535514126847008,0.141153957816044,0.122715790180442,0.200616125156505
"221.01253-1.44",1,0.652011024710273,0.130662890491074,0.0909819821050521,0.126344102693601
"451.29864-16.181",3,0.145836595265895,0.130054239179715,0.466027926943969,0.258081238610422
"633.32875-11.716",4,0.142145373534513,0.0892230234306653,0.123718678882908,0.644912924151914
"506.88989-16.912",4,0.15970450680988,0.121020456241943,0.231163074775104,0.488111962173073
"311.07748-7.4",1,0.369369938210746,0.156449758898158,0.15949363547644,0.314686667414655
"349.12537-1.058",4,0.268511436789265,0.141631544985819,0.165576722823412,0.424280295401504
"555.16427-8.119",1,0.622132319514554,0.12168311177206,0.100157440302953,0.156027128410432
"490.97856-6.005",1,0.417633784765773,0.263870735195989,0.142332489227848,0.17616299081039
"582.27199-9.756",2,0.250745371132086,0.454083634553883,0.141319439659433,0.153851554654598
"366.2109-14.398",4,0.152176325376628,0.0945977049044056,0.129641058491322,0.623584911227644
"268.10395-1.045",4,0.151809644564273,0.112419863218536,0.203827526934331,0.53194296528286
"543.25019-10.713",2,0.20403352673972,0.344822559911546,0.255670146965293,0.195473766383441
"525.27114-7.901",4,0.198505166900398,0.116983748727211,0.151103562670298,0.533407521702093
"535.1538-10.747",3,0.139541182373806,0.151718041692956,0.52715263378226,0.181588142150978
"385.16939-11.003",4,0.276431218426538,0.143660949670341,0.166038194387346,0.413869637515775
"513.20079-13.266",2,0.183832668137326,0.488454229209741,0.173704650295245,0.154008452357688
"505.30224-15.324",4,0.0789652467005448,0.052552889146202,0.0788226824898438,0.78965918166341
"189.05587-7.533",3,0.147826487021787,0.131231822203952,0.456733504103139,0.264208186671122
"369.88798-6.428",3,0.0690101574145163,0.0679988295594771,0.76095297623998,0.102038036786027
"441.27819-16.827",3,0.156636451977874,0.176850768863046,0.470703035828568,0.195809743330512
"387.13007-7.435",2,0.31535549592456,0.363828386959061,0.149506747037858,0.171309370078522
"519.31153-14.548",1,0.34898833453485,0.325990215811742,0.149309253825643,0.175712195827765
"223.06479-6.252",1,0.429816958247858,0.254521280102792,0.140430300999164,0.175231460650186
"525.32027-16.549",4,0.251378726812033,0.136707758080189,0.163839751851308,0.448073763256471
"617.40647-14.235",1,0.459332793108202,0.233495158601333,0.135240096510977,0.171931951779488
"498.91633-0.962",2,0.30391710392922,0.378040460628099,0.14894187996651,0.169100555476171
"498.91632-0.965",2,0.303569936706498,0.378483142494448,0.148919245429747,0.169027675369307
"183.1391-10.805",1,0.604823512398587,0.152220886855497,0.102734970463554,0.140220630282362
"387.14114-6.153",4,0.270861252460553,0.142249906029495,0.165735179449918,0.421153662060034
"461.10964-7.642",2,0.182199910676062,0.576951684416735,0.1181835925831,0.122664812324104
"489.27826-14.113",2,0.203415278379678,0.365417057609655,0.241015207369896,0.19015245664077
"643.15598-9.763",2,0.150648260561571,0.641726749571428,0.102860846306269,0.104764143560732
"602.34853-16.154",2,0.184282905194481,0.486571292674171,0.174561233120559,0.154584569010789
"691.27972-12.187",4,0.274804376321907,0.143256765236238,0.165960089070761,0.415978769371093
"523.08976-0.995",2,0.223711565462597,0.499302386558264,0.133993796793308,0.142992251185832
"224.8122-0.877",4,0.14502242395209,0.105843794405387,0.186148913847261,0.562984867795262
"681.07719-7.011",1,0.476583322612454,0.222134294401239,0.131891752314332,0.169390630671975
"211.89401-1.385",2,0.231402834008515,0.485989616249417,0.136321931665093,0.146285618076975
"518.36217-17.629",4,0.150096638478065,0.110708409847631,0.199017171347418,0.540177780326887
"555.30021-12.052",2,0.313328776388758,0.366294359084709,0.149431796807271,0.170945067719262
"261.02138-8.444",4,0.26851809843488,0.141633317406833,0.16557719821074,0.424271385947547
"421.99734-8.47",4,0.167485813674651,0.134114204701375,0.29750943215439,0.400890549469584
"597.28189-13.47",1,0.767329823716304,0.0816197675695433,0.0614584364491771,0.0895919722649756
"651.41211-11.114",1,0.616177492257768,0.123181347226265,0.101728756198507,0.15891240431746
"597.26864-12.568",4,0.112812692828546,0.0787413169113256,0.127386839753369,0.681059150506759
"530.74683-8.545",1,0.637898438119551,0.117622687843462,0.0959887811019353,0.148490092935052
"508.22766-14.939",4,0.134771778961325,0.0851693297106767,0.119092867278,0.660966024049999
"469.2964-14.474",4,0.166581453859497,0.137020566071698,0.332492648714693,0.363905331354112
"299.0563-11.176",3,0.152191200901851,0.169938571913849,0.485439754350882,0.192430472833418
"412.27399-12.029",3,0.111981729517772,0.116825012236329,0.618134838449429,0.15305841979647
"412.27395-12.027",3,0.113901487318821,0.119108440005597,0.611768291235069,0.155221781440513
"172.07287-1.016",1,0.36680295392787,0.156348083514448,0.159892766173906,0.316956196383776
"752.3652-11.027",1,0.527778109959212,0.191625655594197,0.120959877855712,0.159636356590879
"359.20773-12.418",4,0.122114373288889,0.0780252117323289,0.110643049670946,0.689217365307836
"299.13635-1.439",1,0.387497248564375,0.156809118024092,0.156439465246319,0.299254168165213
"458.17551-12.313",4,0.330774425704646,0.153495016934088,0.164421669421029,0.351308887940237
"371.90115-0.959",2,0.26783351456417,0.427794173235965,0.144721281460591,0.159651030739275
"523.25548-8.946",1,0.344075819694438,0.331171117750243,0.149496264323119,0.1752567982322
"462.23246-14.381",4,0.116802320248916,0.0818807445444415,0.133467681480196,0.667849253726446
"533.31279-11.497",3,0.158262964170783,0.136350629350309,0.401879011207055,0.303507395271853
"647.31158-8.868",4,0.222953940223929,0.12693644351584,0.158474985644488,0.491634630615743
"409.22362-7.26",2,0.192891431418775,0.446793856753054,0.193637930860826,0.166676780967345
"544.16923-9.024",2,0.214837005069661,0.51509573474311,0.131068296696926,0.138998963490303
"365.23349-10.971",4,0.271142635592142,0.142323033612758,0.165752920516501,0.420781410278598
"401.21046-7.904",3,0.189613107398498,0.246076074667458,0.353915822984513,0.210394994949532
"625.32144-7.866",3,0.125271688181082,0.115811161662927,0.552747833254022,0.206169316901969
"420.99983-8.472",3,0.144449489325638,0.12920597343545,0.472368610280798,0.253975926958114
"413.2679-13.901",3,0.174497788808129,0.208820110484756,0.410161777151007,0.206520323556107
"479.26634-14.565",2,0.337615131839489,0.33815833650113,0.149664148226751,0.17456238343263
"492.12839-6.447",1,0.607963292760067,0.150736541763441,0.10196340525232,0.139336760224172
"253.08319-8.141",4,0.149285454835671,0.109911451516463,0.196831598254162,0.543971495393703
"361.1659-7.56",2,0.202283587038658,0.381422260280108,0.23051506096421,0.185779091717024
"299.09987-1.406",4,0.130009581444052,0.0825078725652521,0.115987235602744,0.671495310387952
"457.29651-16.934",3,0.0782126466044616,0.076080925415758,0.727752230924852,0.117954197054928
"429.19958-5.893",4,0.227858577349272,0.128763363453417,0.159637658636185,0.483740400561125
"615.31587-14.818",1,0.387365739230281,0.156808712771906,0.156463000518673,0.29936254747914
"570.22815-9.176",2,0.14635777317843,0.617804918114313,0.121522134656539,0.114315174050717
"554.18047-13.629",3,0.0779358266974903,0.0758333363232979,0.728746836207082,0.117484000772129
"394.16956-11.917",3,0.175207824278372,0.210285551556558,0.407674850264665,0.206831773900406
"487.31996-13.499",4,0.152444115135746,0.113064465285992,0.205683525145017,0.528807894433245
"531.20365-13.04",3,0.125423544361875,0.11592663886226,0.55214721201547,0.206502604760396
"423.26743-15.244",3,0.171391126737891,0.202626830489588,0.420941518900997,0.205040523871524
"443.05211-9.181",2,0.185779128151027,0.480202661877692,0.177486854752356,0.156531355218925
"492.76409-12.042",3,0.0720646158591792,0.0706042585158542,0.749849161935376,0.107481963689591
"491.17784-7.287",4,0.336894626607885,0.154174433442342,0.16381027689448,0.345120663055292
"412.21669-10.586",1,0.521314169680836,0.195249483690597,0.122406727771965,0.161029618856602
"395.13978-1.407",2,0.108839025162342,0.727227520427223,0.082994150737648,0.0809393036727868
"391.13755-6.644",1,0.722454728537337,0.0940021437720034,0.0735065813623299,0.110036546328329
"544.35447-16.174",4,0.110945733988339,0.0715475341616337,0.102695154519289,0.714811577330738
"327.13524-6.947",4,0.166703492886739,0.131468688593922,0.278687123506515,0.423140695012824
"181.99534-1.093",2,0.20177283719531,0.302221190623098,0.291234366036631,0.20477160614496
"598.28982-14.378",1,0.45966748026077,0.152755817087543,0.141331214585816,0.246245488065871
"379.17956-17.81",4,0.119005786486082,0.0762375663336462,0.108474797992381,0.696281849187891
"335.25938-14.145",4,0.163981905845789,0.126640144687871,0.253551329820638,0.455826619645702
"473.29158-16.109",3,0.188974281594775,0.244137576049935,0.356509688625497,0.210378453729793
"430.22725-12.02",2,0.172212984355658,0.533106683301901,0.154375727805886,0.140304604536555
"621.32056-16.924",1,0.495822439722715,0.148005112698076,0.132671217611554,0.223501229967655
"656.88578-0.975",2,0.112878209300513,0.723519430862503,0.082035192206429,0.0815671676305541
"656.88541-0.961",2,0.114421773508327,0.720188574336653,0.0828762181513771,0.0825134340036425
"310.23897-15.11",4,0.0815746009182136,0.055106017924957,0.0845274867504581,0.778791894406371
"457.29652-13.51",3,0.0875964358131315,0.0844369829893307,0.69393053795206,0.134036043245478
"323.25924-16.416",4,0.212706880616353,0.122934252550657,0.155709776167984,0.508649090665006
"509.23991-10.974",4,0.103698904100059,0.0717094507424354,0.114195580820309,0.710396064337197
"329.11452-9.47",1,0.595557186883462,0.128206979528382,0.107153120096713,0.169082713491442
"449.28481-13.482",1,0.76559289013899,0.0826925746433361,0.0618808352666871,0.0898336999509864
"301.21749-15.926",4,0.167488803907289,0.134137101579644,0.297701350138576,0.400672744374491
"316.16689-7.463",2,0.20305240991874,0.371441186162025,0.236979130022529,0.188527273896706
"391.20884-6.156",4,0.210567715139993,0.122067584541103,0.15507407982394,0.512290620494964
"352.04176-1.019",1,0.430958882507293,0.253666379039332,0.140244150406137,0.175130588047238
"352.04188-1.015",1,0.472496324323576,0.224770074255051,0.132703219088964,0.170030382332408
"555.34452-15.274",1,0.372588017800701,0.302593428400736,0.147756811288369,0.177061742510193
"390.13101-6.633",1,0.666995942629311,0.109806135309494,0.0882706089930134,0.134927313068181
"393.11938-7.695",1,0.391363045424694,0.285589554480669,0.145841375780607,0.17720602431403
"588.12708-6.34",1,0.391601857939284,0.156806073233139,0.155695582038245,0.295896486789332
"318.15015-6.845",3,0.160911947452709,0.183818990209113,0.456450554743661,0.198818507594517
"601.339-14.266",3,0.189529475666034,0.245819559842319,0.354257145545181,0.210393818946467
"521.20375-7.454",4,0.184365380601158,0.110613084559331,0.145600990133431,0.55942054470608
"488.16021-8.523",4,0.178092505063283,0.107651039850953,0.142863763600772,0.571392691484992
"307.11482-1.057",4,0.130172129781154,0.0825992566061899,0.116094730774213,0.671133882838443
"398.16859-5.804",4,0.186761561681661,0.111722927913605,0.146598483511055,0.554917026893679
"438.13448-7.492",1,0.414596017660154,0.266269527555493,0.142781619473289,0.176352835311064
"309.05541-6.886",4,0.07855352350809,0.0527365620867879,0.0801305688091724,0.78857934559595
"541.32103-11.214",4,0.129750171951908,0.0823619557715603,0.115815469246925,0.672072403029606
"395.20787-8.103",1,0.750856087033155,0.0890648014840067,0.0656680236565635,0.0944110878262744
"646.78297-7.654",2,0.10677820740564,0.735950137851697,0.0791749740624257,0.0780966806802376
"561.25603-7.34",1,0.435681880840053,0.154983068184549,0.146753523620803,0.262581527354595
"437.12259-6.794",4,0.337453273021875,0.154232354155486,0.163750923600716,0.344563449221923
"523.31952-11.364",4,0.167451220428514,0.133884451339044,0.295619757983133,0.403044570249309
"533.31289-8.874",4,0.255081012477332,0.137833654213917,0.164304742250099,0.442780591058652
"538.3547-13.457",4,0.162473710132409,0.124517547091157,0.244485941298789,0.468522801477645
"375.25433-14.761",3,0.149941985791829,0.132427165712249,0.446553828658272,0.27107701983765
"204.08782-1.055",2,0.251856118128859,0.452320572147535,0.141569226142789,0.154254083580817
"131.9845-0.949",4,0.0954130358736922,0.0654481545547055,0.10284810982976,0.736290699741842
"467.26569-9.139",4,0.12508032567507,0.0885441145127213,0.146859559117004,0.639516000695204
"546.27886-6.791",3,0.10113240538095,0.096212093670399,0.644504178823718,0.158151322124933
"492.89923-0.951",2,0.179954303517406,0.504120483465242,0.166717571609693,0.149207641407659
"519.33338-11.142",3,0.163140430174342,0.137618116785639,0.368469315773725,0.330772137266294
"471.30667-16.952",3,0.149260140621504,0.132048725714312,0.449871888447633,0.268819245216552
"249.0883-7.201",4,0.311615085693791,0.150823171750049,0.165834315960445,0.371727426595715
"537.23476-7.405",4,0.167504259474828,0.135317290071733,0.308704283452068,0.388474167001371
"531.20923-7.361",1,0.358984541212992,0.155957901247649,0.161051915447049,0.32400564209231
"325.16587-12.102",1,0.477073375426763,0.221820482037392,0.13179373900247,0.169312403533375
"583.32607-13.543",3,0.139409544836647,0.125959629627415,0.494629315396634,0.240001510139304
"673.32688-11.004",4,0.136017239951972,0.0977535029698706,0.16676829619602,0.599460960882137
"655.4073-11.55",4,0.0929599385194275,0.0608469229911348,0.0891210347436613,0.757072103745776
"686.32228-11.616",1,0.62044553438935,0.122109542897023,0.100602730039036,0.156842192674591
"257.21235-15.156",3,0.138132475758862,0.149797227833094,0.531790138940734,0.18028015746731
"459.1514-6.83",1,0.621095063868725,0.121945526013732,0.100431280182197,0.156528129935346
"490.29456-13.885",4,0.305139102149015,0.149728089743054,0.166121839476111,0.37901096863182
"278.0672-7.463",4,0.1368251677818,0.0984572920020929,0.168373342562806,0.596344197653301
"259.07869-0.953",4,0.10192186945657,0.0703575275220473,0.111717723894511,0.716002879126871
"550.24626-9.319",2,0.230982163355637,0.486708643239522,0.136199600876842,0.146109592527999
"242.94002-0.97",4,0.338451859937968,0.154334194314051,0.16364338850597,0.343570557242011
"241.93225-0.976",4,0.337763940234812,0.154264269899774,0.163717666081257,0.344254123784157
"495.37007-16.955",3,0.16328636053691,0.137632790037277,0.367287619195516,0.331793230230297
"599.25185-10.97",2,0.203123566331766,0.370355507640431,0.237698778043965,0.188822147983839
"568.26866-13.477",4,0.134887592671131,0.0967756324118899,0.164560292976125,0.603776481940854
"518.13109-6.971",1,0.766160418339494,0.0815941772722784,0.0617991632057293,0.0904462411824979
"540.08144-7.778",1,0.349620739343366,0.325331370536203,0.149281564194042,0.17576632592639
"437.22186-13.931",1,0.409867957152481,0.270059234112151,0.143459379943278,0.17661342879209
"457.29673-12.543",1,0.767218037924784,0.0817548394913375,0.0614806489426608,0.089546473641218
"333.11017-7.096",3,0.0812744184398131,0.0788174800008474,0.716742783240375,0.123165318318965
"524.17287-12.947",4,0.0845642538558162,0.055802240252416,0.0826719071395008,0.776961598752267
"236.09302-7.723",1,0.480522631867385,0.150205218676367,0.136394886215895,0.232877263240352
"343.9007-1.022",2,0.164562479298225,0.559672666180334,0.143624479958042,0.132140374563399
"358.85029-0.895",4,0.0961570458691733,0.0627670002973017,0.0915841335678004,0.749491820265725
"628.78293-8.044",1,0.487654472888522,0.149212704612179,0.134668692448336,0.228464130050963
"489.07887-6.59",2,0.203097592155505,0.536680049147278,0.126811066384968,0.133411292312249
"416.25844-10.663",4,0.321637749563098,0.152325333620404,0.165194807676717,0.360842109139781
"273.08831-7.172",4,0.110372017835487,0.0712108502119267,0.102275529543341,0.716141602409245
"317.14321-6.846",3,0.150374538211097,0.132663679471823,0.444429155536439,0.272532626780641
"625.36016-12.546",4,0.228625015510212,0.129043606029747,0.159810118051334,0.482521260408707
"257.93445-1.014",1,0.711003424764037,0.105478855850034,0.0759457155598235,0.107572003826106
"449.16424-13.711",4,0.151888985509024,0.112500138036509,0.204057290540654,0.531553585913813
"206.86998-0.86",2,0.20384012971922,0.355408724239171,0.247963214194198,0.192787931847411
"558.29022-12.773",4,0.144398649020788,0.105263541590154,0.184683032317204,0.565654777071855
"453.30155-13.67",4,0.132999016754564,0.0951560010743736,0.160957062256022,0.610887919915041
"457.29649-11.668",4,0.235641150461306,0.131542591342659,0.161274892496107,0.471541365699928
"591.25286-1.838",1,0.610934708874239,0.149338978011135,0.101231652883024,0.138494660231602
"521.18329-11.786",3,0.164641047290218,0.137655719062847,0.355375354608026,0.342327879038908
"473.32146-15.196",3,0.162050532708615,0.185734634592173,0.45263777432294,0.199577058376272
"287.98695-1.003",4,0.167519700663992,0.135172135076908,0.307210346112121,0.390097818146979
"457.29648-14.917",4,0.165499802413363,0.12906922346957,0.265206798967082,0.440224175149985
"387.11203-7.244",3,0.156530583655448,0.176682421579019,0.471054844400452,0.195732150365081
"368.2807-15.379",3,0.136450335419571,0.147527617371965,0.537327877095897,0.178694170112566
"368.28076-15.355",2,0.203905403066541,0.353097225541824,0.249613442435476,0.193383928956159
"371.23021-6.109",3,0.161147679852636,0.137253308807046,0.383287957289494,0.318311054050823
"637.43276-10.479",4,0.272338892307863,0.142631731128413,0.16582542510291,0.419203951460814
"359.04503-1.03",1,0.751209198054719,0.0889183827140008,0.065576856276038,0.0942955629552424
"359.04507-1.03",2,0.336034823355826,0.339898123579721,0.149691280156867,0.174375772907587
"542.33633-17.204",4,0.166977268457599,0.13216208744247,0.283105725528758,0.417754918571173
"342.16715-7.105",1,0.44488061858857,0.243521025463786,0.137875471767249,0.173722884180395
"321.17087-10.187",4,0.0899723920760487,0.0613829468275443,0.0956246469800953,0.753020014116312
"605.334-12.772",1,0.524091419800613,0.143282555856902,0.125616902381734,0.207009121960751
"428.27694-13.294",4,0.0780271687162737,0.052154529033396,0.0787285002098526,0.791089802040478
"469.2966-13.888",4,0.177744905052877,0.107484543220208,0.142706758721679,0.572063793005236
"378.04297-6.007",1,0.624340424788517,0.121122492946617,0.0995743073828345,0.154962774882032
"403.24935-11.259",4,0.240219497615457,0.133108321051895,0.162121945956087,0.464550235376561
"605.33404-12.343",1,0.383784705391058,0.15678554841492,0.157096541756202,0.302333204437821
"538.82414-0.901",3,0.17580523848956,0.211534160110018,0.405574866233303,0.207085735167119
"667.31971-12.431",4,0.140982487758964,0.102142742106949,0.17701474471871,0.579860025415377
"650.86833-0.969",2,0.109268602460022,0.731147539884375,0.080170645471719,0.0794132121838837
"222.96791-7.208",1,0.388579038206722,0.288027967611448,0.146159330733802,0.177233663448028
"261.02288-1.019",4,0.132403807236113,0.094649298563894,0.159842965722324,0.613103928477669
"301.11942-10.978",4,0.265031853749289,0.140690673594437,0.165307801439195,0.42896967121708
"461.12055-7.488",1,0.698604175110875,0.100916681956652,0.0798624177473654,0.120616725185107
"553.30265-14.112",1,0.635527004315928,0.11824179506148,0.0966165064858636,0.149614694136729
"441.31271-16.875",4,0.123329692184483,0.0871161150130801,0.143927877345564,0.645626315456873
"331.20475-14.526",4,0.120105167429059,0.084513247700153,0.138673705256493,0.656707879614295
"299.91918-1.02",2,0.229411135405761,0.489403261757464,0.135737618421804,0.14544798441497
"468.14528-6.842",4,0.112423929887752,0.0784375807506181,0.126805345163369,0.682333144198261
"460.21692-13.704",4,0.127502426696534,0.0905386214512798,0.151017286601439,0.630941665250747
"487.34345-12.947",1,0.501968190371661,0.147048367455017,0.131155090111947,0.219828352061375
"635.41713-14.63",2,0.283023451424797,0.40591289681251,0.146971203458209,0.164092448304484
"435.27567-11.4",4,0.114219587260494,0.0798436552725633,0.129507083463649,0.676429674003293
"152.03539-1.089",4,0.097510112890587,0.0635779149210576,0.0926222055762444,0.746289766612111
"379.26872-17.809",1,0.363457660658589,0.156196079886292,0.160399370967358,0.319946888487762
"594.2119-14.615",4,0.235037163125027,0.131332193621357,0.161156795684383,0.472473847569233
"517.70953-9.175",1,0.722426029639104,0.0940105384540726,0.0735142346981139,0.11004919720871
"281.13976-6.754",2,0.25925826503781,0.440763957412962,0.143131559048503,0.156846218500725
"493.33024-16.122",3,0.162086082055774,0.137459249929615,0.376579776073211,0.3238748919414
"546.77478-11.764",4,0.217143299215714,0.124697488783638,0.156963438018015,0.501195773982633
"469.27304-14.595",3,0.0718614668868466,0.0718044605531332,0.752240673495711,0.10409339906431
"321.04903-7.534",2,0.203405211192828,0.320885973358056,0.274655970851117,0.201052844597998
"518.1345-7.194",1,0.637956624750066,0.117607461060352,0.0959733760599335,0.148462538129648
"368.08039-8.458",3,0.137651231329859,0.124773639436572,0.502157411380078,0.235417717853491
"397.22341-12.328",1,0.487613043034662,0.149218639181736,0.134678769983172,0.228489547800431
"288.10909-1.068",1,0.747990720730906,0.0902497978116887,0.0664079518874007,0.0953515295700045
"462.32296-14.116",4,0.102052414237852,0.0662905346467556,0.0960802140322626,0.73557683708313
"608.2673-11.625",1,0.398247322688109,0.279677233703629,0.145008160566866,0.177067283041396
"525.21681-10.947",4,0.117303508496756,0.0752534902031102,0.107272731368243,0.700170269931892
"381.11288-7.669",2,0.201626733908134,0.300988965562001,0.292391445483904,0.204992855045962
"278.82177-0.889",4,0.181393194558156,0.10921974651544,0.144326764032631,0.565060294893774
"277.82078-0.891",4,0.150579623567488,0.0937534404579244,0.128727587931685,0.626939348042902
"580.32857-12.402",3,0.16504750393169,0.137610638467839,0.351359610061003,0.345982247539468
"317.16071-10.323",4,0.303966947896441,0.149519295998683,0.166162760790769,0.380350995314108
"542.37058-13.252",4,0.0780272794451369,0.0521544826008254,0.0787281596608765,0.791090078293161
"340.28573-16.795",4,0.105439972475757,0.0730395565731227,0.11665032770214,0.70487014324898
"237.08826-7.574",3,0.155028671845842,0.135005545578917,0.420381246670983,0.289584535904258
"399.23915-8.736",1,0.590896925531659,0.129305790467768,0.108374829740674,0.171422454259899
"241.18104-13.738",4,0.0946656499962948,0.0618719321979069,0.0904366407599361,0.753025777045862
"399.18458-15.249",3,0.123616302065463,0.114544662295483,0.55926986651641,0.202569169122644
"579.31824-12.12",4,0.167331261655668,0.136018988311858,0.316741691026585,0.379908059005889
"541.32666-14.879",4,0.165052878266231,0.128309912748658,0.261387115513149,0.445250093471962
"392.29206-13.169",4,0.117341275004057,0.0752753614863468,0.107299511252214,0.700083852257383
"559.40089-17.914",2,0.203926649619835,0.333407160020347,0.264435965081883,0.198230225277934
"600.31049-14.502",4,0.141387317573307,0.102507868373255,0.177894178001272,0.578210636052165
"600.31052-14.494",4,0.153092562366841,0.113729792138606,0.207626314082612,0.525551331411941
"403.96569-7.319",3,0.151114291149442,0.133061472932883,0.440757839144335,0.27506639677334
"705.35708-14.849",1,0.520619673881353,0.143905443996681,0.126493483885277,0.208981398236689
"265.10613-7.476",3,0.154024161146149,0.134535181518888,0.425784256929135,0.285656400405829
"256.63877-8.795",4,0.256377033834418,0.13821972486741,0.164455542572025,0.440947698726146
"273.07709-9.028",1,0.45497345710767,0.153253628487217,0.142416084815047,0.249356829590066
"271.16656-8.844",1,0.550830840710112,0.138118781335253,0.118789809947769,0.192260568006867
"492.34642-16.311",1,0.632019364104263,0.119152205253645,0.0975445562709947,0.151283874371098
"168.06676-1.076",2,0.146826826048956,0.616371405491705,0.122048033896355,0.114753734562984
"297.24355-11.714",1,0.406252156030256,0.273004778574856,0.143959580467634,0.176783484927254
"295.92394-7.733",2,0.144690160065663,0.622879886920695,0.119666933537804,0.112763019475838
"357.12257-7.6",3,0.109356650913748,0.103130023924038,0.613908359602299,0.173604965559915
"651.29395-9.053",2,0.201370365528387,0.390900096154482,0.224615470797992,0.183114067519138
"518.29523-12.552",4,0.256312679037293,0.138200652941362,0.164448199546075,0.44103846847527
"389.0778-8.114",3,0.153631367522934,0.134345499383826,0.427861132408089,0.284162000685151
"386.85378-0.897",3,0.184874295125594,0.232682199962694,0.372542050306619,0.209901454605093
"441.28639-15.162",4,0.078896042749597,0.0530229717218479,0.0806955971098673,0.787385388418688
"221.04573-7.108",1,0.720431504862479,0.0945936228502575,0.0740460936127233,0.110928778674541
"429.30151-13.742",2,0.241995697002263,0.468235115821179,0.139210826979845,0.150558360196713
"637.38832-13.944",2,0.323855725516256,0.353724542274016,0.149707692153864,0.172712040055865
"499.06974-5.726",1,0.363498307919865,0.311323102582249,0.148476449663737,0.176702139834148
"378.20402-7.647",3,0.147248489172983,0.162590350223763,0.501763257596352,0.188397903006902
"457.28345-11.265",4,0.0790632565881858,0.0526048992465874,0.0788716318020265,0.7894602123632
"605.33399-13.247",1,0.371609812190659,0.156527971116078,0.159138207915987,0.312724008777276
"294.18326-11.977",1,0.532060032127915,0.189256909657961,0.119992680925898,0.158690377288226
"555.24254-13.139",3,0.118695805833342,0.110702099687273,0.578407560150404,0.192194534328981
"345.10171-8.853",4,0.164297535237558,0.127114554247133,0.255706588332399,0.452881322182909
"345.10169-8.869",3,0.152773448393565,0.13392070017118,0.432333231814269,0.280972619620986
"403.30993-17.082",4,0.0968928474514383,0.0632081221548151,0.0921490287646033,0.747750001629143
"395.19393-7.006",4,0.148344120524854,0.108996551916467,0.19436229904014,0.548297028518539
"431.31698-16.82",3,0.180885170349441,0.222807657997742,0.387384801480848,0.20892237017197
"279.92045-0.913",4,0.123091241694326,0.0869224471858033,0.143533040813585,0.646453270306285
"387.21394-6.365",1,0.54298624534737,0.183321748955321,0.117495234592267,0.156196771105042
"507.20325-12.043",4,0.167295300923504,0.136106681513389,0.317866381604162,0.378731635958944
"386.18213-9.313",4,0.315207632787713,0.151388312890801,0.165631429598054,0.367772624723432
"187.1341-11.73",4,0.167461788155951,0.133949162922525,0.296145530002636,0.402443518918889
"395.20776-11.963",3,0.189238600650963,0.244933870106039,0.355440138090413,0.210387391152586
"450.29797-9.824",1,0.37450388002203,0.300796300277839,0.147587004808745,0.177112814891386
"293.21236-14.758",3,0.160227065138249,0.137004277422194,0.389508854855904,0.313259802583654
"407.12838-9.098",4,0.0923007860954426,0.0604505273338747,0.0886120146838658,0.758636671886817
"483.2006-9.348",1,0.493207887659174,0.148399722210495,0.133312862891926,0.225079527238404
"630.20222-9.768",2,0.106644070484129,0.736164658189386,0.0791492022672138,0.0780420690592707
"288.08793-7.316",3,0.114153000091138,0.107060780718996,0.595794020054255,0.182992199135611
"361.23856-12.866",4,0.167460271940218,0.135580332491543,0.311543449605419,0.385415945962819
"500.26902-10.748",1,0.374705600387473,0.156620113433932,0.158636291020365,0.31003799515823
"359.1382-6.664",3,0.199776240678164,0.287978782400004,0.305132087344987,0.207112889576846
"279.05193-5.744",3,0.0687431641697945,0.0682524008442949,0.762502139346242,0.100502295639669
"417.16878-8.589",3,0.194506229718957,0.262884551959943,0.332761650897404,0.209847567423696
"366.1058-5.415",2,0.325077131431224,0.352303867980814,0.149721877914385,0.172897122673577
"526.85593-0.973",1,0.424249867302591,0.25874085191525,0.14131893861797,0.17569034216419
"524.85159-0.943",4,0.183471764247046,0.1101960983996,0.145222183600949,0.561109953752405
"526.85581-0.979",1,0.400414294805314,0.277849910779835,0.144732532259208,0.177003262155643
"593.37028-15.92",4,0.165744712951165,0.101589628563116,0.136944971260654,0.595720687225064
"302.83558-0.99",3,0.147598586850965,0.163100311340434,0.500608554290557,0.188692547518045
"642.15806-9.768",2,0.107163177419774,0.732366084465402,0.0811211942851496,0.0793495438296736
"250.07226-7.544",4,0.122932850564965,0.0867939112712106,0.143271346849486,0.647001891314338
"549.36507-17.202",4,0.0893405693999692,0.0609122054823762,0.0947930988321498,0.754954126285505
"537.27128-11.354",1,0.629853742277409,0.119711070072522,0.0981172662954653,0.152317921354603
"391.28549-11.209",4,0.151555171325373,0.112163020517523,0.203094957394265,0.533186850762839
"309.94798-1.012_1",1,0.386206583917526,0.290128057016001,0.146421332137579,0.177244026928893
"309.94798-1.012_2",1,0.369827381000223,0.30520887794041,0.147990590644438,0.176973150414928
"447.22889-12.263",4,0.338333753831457,0.154322262449974,0.163656202890275,0.343687780828294
"398.90517-0.937",4,0.145275252434229,0.0909178588644039,0.125613161098448,0.638193727602919
"433.32014-15.717",4,0.156931668668333,0.11782975676606,0.220290921249514,0.504947653316093
"399.09371-6.25",1,0.353820566479721,0.155632443425786,0.161768198835895,0.328778791258599
"415.27045-13.142",2,0.203716861771264,0.358925251585311,0.245486113423108,0.191871773220317
"663.26802-8.36",1,0.643819172715161,0.116064588991385,0.0944205787762426,0.145695659517212
"369.21058-14.465",4,0.18394831875242,0.110418679790158,0.145424656730686,0.560208344726736
"348.26747-16.787",2,0.202865543760355,0.374129152944769,0.23521165727962,0.187793646015256
"463.17459-8.045",1,0.623218587761619,0.14363254114834,0.0981913968728437,0.134957474217197
"519.28899-14.628",3,0.135944813190541,0.123599241780108,0.509365252455643,0.231090692573708
"443.31678-16.273",4,0.241376235859695,0.133495743862249,0.162322632781222,0.462805387496834
"327.1352-6.506",4,0.146528959683461,0.107259996431675,0.189784428990325,0.556426614894539
"396.89096-0.972",4,0.163956121378035,0.126601939914536,0.253380015158784,0.456061923548645
"513.14086-9.99",1,0.591992110880444,0.158371699899228,0.105869401300332,0.143766787919996
"430.22726-12.318",3,0.145852026001848,0.130063553641742,0.465956785095785,0.258127635260625
"554.34702-15.063",4,0.167520297050328,0.13444436503661,0.300345136545281,0.397690201367781
"605.37007-12.264",3,0.117214530529624,0.109524101598939,0.584103956352068,0.189157411519369
"459.11569-11.14",3,0.152308139380178,0.133684564515724,0.434724294712378,0.27928300139172
"541.31531-16.015",1,0.687340439667127,0.115395370075278,0.0820109955258597,0.115253194731735
"637.39616-15.423",2,0.202728632224695,0.375973319365807,0.234010578026505,0.187287470382993
"500.29167-13.39",3,0.189243332899341,0.244948199898429,0.355420942702412,0.210387524499818
"285.02899-7.648",4,0.167528670289967,0.134578527489275,0.301542322948761,0.396350479271997
"421.17673-10.348",2,0.14332515328314,0.627009865188379,0.118164574422015,0.111500407106467
"677.30051-13.499",4,0.301142983525302,0.149002849277773,0.166246911777945,0.38360725541898
"473.11726-6.7",1,0.47870239727414,0.220780698919374,0.131466848863089,0.169050054943398
"211.15267-11.024",4,0.293766167687725,0.147563651523226,0.166367236504296,0.392302944284752
"642.13485-6.432",3,0.169382875568582,0.198794209598675,0.427834592447882,0.20398832238486
"285.24367-14.581",4,0.0843442280797153,0.055670849978848,0.0825064596989567,0.77747846224248
"559.7567-12.058",1,0.406567734671408,0.156544204182411,0.152841001209882,0.284047059936299
"243.19666-13.358",1,0.518325965082969,0.144310634477686,0.127071200396243,0.210292200043102
"565.21479-6.939",1,0.683681328020548,0.105159097810203,0.0838344993524293,0.127325074816819
"337.15067-6.751",4,0.276772763335373,0.143744974190517,0.16605351801302,0.41342874446109
"369.82913-0.892",1,0.430211846153176,0.254225244179557,0.140366074692882,0.175196834974384
"346.89516-0.929",3,0.196779218821478,0.272393420516015,0.321776743325562,0.209050617336944
"519.31145-13.503",1,0.452885462349808,0.153465646676371,0.142895203197638,0.250753687776183
"334.17756-7.643",4,0.167281298338407,0.133114419684437,0.289705980619339,0.409898301357817
"380.16774-1.056",4,0.231466614160248,0.130070174741397,0.160427994348036,0.478035216750318
"411.23904-13.161",4,0.298065250595293,0.148418295659009,0.166314904468824,0.387201549276874
"538.26881-15.333",1,0.347669027043815,0.327370599670667,0.149364388811818,0.1755959844737
"540.30022-12.829",1,0.542226673734668,0.139848510351577,0.120999890764644,0.19692492514911
"524.30022-8.894",3,0.185922339218039,0.235466199017667,0.368531961545815,0.210079500218479
"649.27804-9.018",3,0.15862518323181,0.180049742289462,0.464085072102558,0.19724000237617
"264.12428-7.621",4,0.149217027821042,0.109844594572709,0.196649739831615,0.544288637774634
"407.2572-14.892",3,0.0692223687741864,0.0681677725279432,0.760167258748487,0.102442599949383
"622.33687-13.869",4,0.0795775683486495,0.0528854232753353,0.0791571417026255,0.78837986667339
"429.27809-13.821",4,0.109926406798421,0.0764948748666435,0.123112657831256,0.69046606050368
"369.13393-1.075",2,0.106223077436673,0.736686871290679,0.0791635959104697,0.0779264553621778
"505.05264-8.27",1,0.604510634438424,0.126056812476619,0.104801320820493,0.164631232264464
"469.29644-11.891",2,0.33230545399017,0.344052606802677,0.14973298147607,0.173908957731083
"752.87202-11.019",1,0.443903784484915,0.154309828143717,0.144930319795201,0.256856067576166
"487.02309-6.428",3,0.182638963191331,0.227019806787001,0.380932919050142,0.209408310971526
"322.91395-0.968",1,0.376136747833236,0.156656505819206,0.158400177224509,0.308806569123049
"670.29101-10.411",4,0.155407258952585,0.0962925859897043,0.131455058728092,0.616845096329619
"399.18534-10.305",4,0.166345791499449,0.137179047828933,0.336001138363412,0.360474022308205
"565.35186-17.53",4,0.143307950778816,0.104257010803265,0.182171179235647,0.570263859182272
"263.12904-8.647",1,0.605136249905675,0.125904698486266,0.104636779382038,0.16432227222602
"309.17089-9.957",2,0.199857407330393,0.403821103897694,0.216912631039175,0.179408857732737
"459.28895-13.384",4,0.1674750032671,0.135505673672487,0.310719026066728,0.386300296993684
"506.86892-0.904",3,0.16511550314417,0.13759999720507,0.350660957778077,0.346623541872682
"669.27251-7.604",1,0.640055344958046,0.117057105160191,0.0954176453830162,0.147469904498747
"279.09104-7.358",1,0.448623615857971,0.240876977381063,0.13720919257583,0.173290214185136
"688.91052-13.034",3,0.0780802339056142,0.0786044895173894,0.731410541529718,0.111904735047278
"487.15108-6.565",4,0.105359427563418,0.0682544635434244,0.0985663770022104,0.727819731890947
"482.16983-6.157",1,0.414875911074847,0.15623548353002,0.151169408746442,0.277719196648691
"513.13879-6.582",1,0.651436079750274,0.114034960218876,0.0924012549930383,0.142127705037812
"389.07772-7.127",3,0.0860631767594033,0.0830793977019466,0.699475378773793,0.131382046764857
"475.30671-16.801",3,0.184929246755129,0.232825994773704,0.372333089275835,0.209911669195332
"633.31814-13.549",1,0.393322546752307,0.283889863136922,0.145610928039013,0.177176662071758
"552.20117-14.713",1,0.489359090222072,0.214103237556583,0.129289255335053,0.167248416886292
"376.10402-8.943",3,0.113767306526647,0.106747829461575,0.597259283152938,0.18222558085884
"336.16991-7.331",1,0.427564647609603,0.155550602334371,0.148512274917388,0.268372475138637
"356.8531-0.892",4,0.0856797801762285,0.0564697834331427,0.0835163400175009,0.774334096373128
"294.80384-1.007",3,0.195416821191019,0.266522044550107,0.328480476671137,0.209580657587737
"501.14111-12.451",4,0.20208935719081,0.118528827695075,0.15235230730653,0.527029507807584
"569.23154-9.131",2,0.320420267270251,0.357762161805142,0.149648211924252,0.172169359000356
"635.33394-14.539",2,0.321629777701402,0.356333601843312,0.149672472118798,0.172364148336488
"526.21131-14.288",3,0.0688699631086341,0.0678902814391574,0.761475711461459,0.10176404399075
"129.97581-0.975",1,0.603981229509531,0.126185345423511,0.104940537528128,0.16489288753883
"330.91094-6.431",3,0.137385191864899,0.148785801475656,0.534250215253023,0.179578791406422
"528.30001-10.596",3,0.160059510155098,0.136954598061412,0.390608430709107,0.312377461074383
"353.16373-17.687",3,0.110085276977773,0.114585784471973,0.624429476364439,0.150899462185816
"208.98494-1.458",4,0.167144479524613,0.136398696505376,0.321875281537244,0.374581542432767
"553.29595-10.985",4,0.146594684788805,0.107322278862577,0.189946267897189,0.55613676845143
"603.34256-13.568",3,0.134746108490511,0.145253659249136,0.542938947097699,0.177061285162654
"445.19067-11.25",1,0.369115665486056,0.305888175433086,0.148048742227541,0.176947416853317
"350.17249-6.548",4,0.165850978691953,0.129703280596498,0.268541981697132,0.435903759014417
"304.83275-0.938",1,0.484395799000628,0.21718680327248,0.13031170280589,0.168105694921002
"573.34402-13.476",1,0.58146663422005,0.163525136083237,0.108416030599849,0.146592199096864
"435.3345-12.884",1,0.508674752353112,0.145958809283679,0.129488793652288,0.215877644710921
"531.04551-6.584",2,0.213745638248436,0.517069444067336,0.130690986660546,0.138493931023682
"412.20929-8.363",1,0.500982295975269,0.20705309081401,0.12684258891995,0.165122024290771
"273.12469-7.109",3,0.163722662531701,0.188598234952016,0.447022296711346,0.200656805804937
"271.05913-1.081",2,0.182302137901215,0.494749368308854,0.170867679803595,0.152080813986335
"246.09983-5.47",4,0.167532496423729,0.134953102247691,0.305041990700119,0.392472410628461
"244.89768-0.988",3,0.141950830751638,0.127626744561213,0.483543607663177,0.246878817023972
"301.14479-8.165",3,0.130512020486377,0.119722735735181,0.531769319844591,0.217995923933851
"305.96852-7.228",3,0.200813565908415,0.294771850501716,0.298357587541643,0.206056996048226
"413.10109-8.245",3,0.149080669590132,0.131948005476552,0.450739165766044,0.268232159167271
"329.118-9.174",2,0.182901446431656,0.492303165290644,0.171965256782569,0.152830131495131
"599.23688-8.157",1,0.378509320221633,0.297085841311909,0.147212457115155,0.177192381351303
"673.29196-10.045",4,0.140582142375781,0.101782820274341,0.176152183080852,0.581482854269027
"235.1011-8.392",4,0.167530091929825,0.134609166833954,0.301819657611958,0.396041083624264
"423.13491-6.587",2,0.288766629842365,0.39799857437159,0.147639055590805,0.16559574019524
"132.06668-1.045",1,0.535068273630555,0.141239263023835,0.122829485646221,0.200862977699389
"509.34086-12.775",4,0.0988210081660278,0.0680109963785438,0.107454850569816,0.725713144885613
"527.25521-12.739",2,0.121405814544447,0.691106777720871,0.0955293938928577,0.0919580138418234
"527.25532-12.738",2,0.11957858573142,0.696325856329745,0.0937260439847566,0.0903695139540789
"647.38095-13.274",4,0.128911909459145,0.0917100065765658,0.153495533325214,0.625882550639075
"429.02878-9.313",2,0.150151992927248,0.606127799235056,0.125830985407272,0.117889222430424
"737.48638-16.197",4,0.208315384263863,0.121143587853873,0.154382639239729,0.516158388642536
"505.30231-15.003",2,0.197591118281837,0.419811725420867,0.207865337279241,0.174731819018056
"482.34112-14.836",4,0.166405906168269,0.130802934103455,0.274694230537797,0.428096929190479
"464.2483-11.003",4,0.145032114689484,0.105852836402061,0.186171862607879,0.562943186300575
"430.22731-13.333",1,0.70696105231941,0.0985102229855084,0.0776364342439651,0.116892290451117
"378.27798-15.763",2,0.106357520127127,0.736562326144926,0.0791323699939319,0.0779477837340145
"528.31036-11.577",2,0.157960082182547,0.626336850300074,0.106633377690044,0.109069689827335
"457.33288-13.557",4,0.152353971297745,0.112972505755581,0.205417192296449,0.529256330650225
"505.27331-12.403",4,0.167451554425782,0.133886439297612,0.295635836664842,0.403026169611765
"410.32795-11.515",4,0.0924330407155984,0.0605300721089416,0.088714164911538,0.758322722263922
"755.2161-5.999",2,0.32421583573519,0.353304877694737,0.149712251098345,0.172767035471728
"549.28441-13.89",4,0.118730308371162,0.083413504830062,0.136486270438801,0.661369916359976
"519.11861-7.218",4,0.301104938393487,0.148995761762996,0.166247904534344,0.383651395309173
"368.28078-15.856",4,0.167425198888623,0.133738916132056,0.294454918844649,0.404380966134672
"222.90331-0.916",4,0.209349019204599,0.121569083649772,0.154702778089615,0.514379119056015
"466.89283-0.941",4,0.167532987407742,0.134692005833256,0.30257709457788,0.395197912181123
"527.315-11.582",2,0.196340778399016,0.549449263738167,0.124165312573432,0.130044645289385
"631.2768-7.849",4,0.220786642365765,0.126110747155357,0.15792834629701,0.495174264181867
"564.20404-14.06",4,0.294694508282494,0.147751978043007,0.166360220642837,0.391193293031662
"339.14836-10.236",4,0.142918226929617,0.103899750210683,0.181288732547236,0.571893290312464
"397.16897-14.205",4,0.167094170471553,0.132495970694957,0.285342723477724,0.415067135355766
"430.86038-0.938",4,0.194708753288045,0.115315976123097,0.14971670180232,0.540258568786538
"430.86043-0.936",1,0.665200406768393,0.124888590761664,0.0876467803522189,0.122264222117723
"275.03707-9.207",3,0.174697538263283,0.209230378902214,0.409463098550031,0.206608984284471
"653.22788-13.099",1,0.425285300540989,0.15569210171065,0.148998208543368,0.270024389204993
"385.04636-8.091",3,0.197671139204287,0.276579274810531,0.317147173915857,0.208602412069325
"566.9038-0.963",2,0.249638748913963,0.45584764810035,0.141066581142935,0.153447021842752
"633.36527-13.223",4,0.163707829637329,0.100561464591231,0.135901464442425,0.599829241329015
"546.66558-8.379",2,0.292562631883228,0.392873800789048,0.148027098186385,0.16653646914134
"303.09106-7.652",1,0.350473836878163,0.155392169471815,0.162210223046829,0.331923770603194
"254.9171-0.919",2,0.18849217423489,0.564587063198421,0.120918060354995,0.126002702211694
"254.91708-0.974",2,0.202546414484898,0.537712369025564,0.126600524719215,0.133140691770323
"301.01783-9.806",3,0.156847962555535,0.135797396703495,0.410209824708908,0.297144816032062
"432.28904-13.475",4,0.0840036575511523,0.0569334118799232,0.0877753282231049,0.77128760234582
"138.86927-0.939",1,0.437697191054898,0.154827062521028,0.146310363169648,0.261165383254427
"489.19529-13.068",4,0.166208057703722,0.137255518727641,0.337905004040308,0.358631419528328
"385.16357-7.243",3,0.192516968705757,0.255568699770844,0.341683343783857,0.210230987739542
"518.24248-14.094",4,0.0954376941481025,0.0654666447139146,0.10288118105841,0.736214480079573
"430.27326-12.831",4,0.137735265087598,0.0992546812181141,0.17020856154547,0.592801492148817
"653.24808-13.893",1,0.495469378188435,0.210367882259455,0.1280118485213,0.166150891030811
"482.25277-12.331",4,0.241512307222803,0.133541100834294,0.16234589038906,0.462600701553842
"480.27866-15.16",3,0.183529613115838,0.229233815747238,0.377614059675703,0.209622511461222
"353.09923-5.657",2,0.11382143344449,0.721486858138925,0.0825473253023262,0.0821443831142588
"593.29774-10.576",1,0.391126598478786,0.156807974481905,0.155782624594997,0.296282802444313
"589.37522-13.45",1,0.552028033741562,0.178522378780775,0.115398981799737,0.154050605677926
"399.32304-12.829",4,0.117238964285332,0.075216107423809,0.107226952081455,0.700317976209404
"519.11547-7.923",2,0.106468510120247,0.736421830293479,0.0791303539509552,0.0779793056353186
"465.28711-14.657",2,0.134734346987076,0.652565718317259,0.109002202861784,0.103697731833881
"441.27812-13.818",4,0.188393665699744,0.112471911727082,0.147262684431504,0.551871738141671
"441.27822-13.815",4,0.190412108204087,0.113390314968852,0.148067067079615,0.548130509747446
"530.25488-8.31",4,0.156312596588556,0.117147238173806,0.218091286505934,0.508448878731704
"670.21984-13.826",4,0.12561441038734,0.0889819876803556,0.147765897814715,0.63763770411759
"569.14394-8.269",1,0.720480423780807,0.094579329880464,0.0740330497340468,0.110907196604683
"440.26585-14.825",4,0.163675863871203,0.126191615880452,0.251560324317233,0.458572195931113
"415.0494-8.846",1,0.473780467394202,0.223938297907303,0.132449413105952,0.169831821592543
"431.31704-14.841",4,0.0969034905086893,0.0665671136226091,0.10485363264742,0.731675763221282
"485.27058-14.708",4,0.207067130283756,0.120626461109011,0.15398962396572,0.518316784641512
"453.1772-11.752",4,0.206821243921009,0.12052417296917,0.153911378501471,0.51874320460835
"498.35538-14.616",3,0.191867635122614,0.253337675064409,0.344489930825135,0.210304758987841
"401.21037-8.031",3,0.162830878175037,0.137580670487389,0.370924481089401,0.328663970248173
"218.1035-1.094",4,0.155769860623068,0.11655634774163,0.216218568958769,0.511455222676532
"502.30759-14.01",3,0.162424590985752,0.137519559063313,0.374050335993906,0.326005513957029
"710.49561-11.038",2,0.154683043638638,0.591916602501511,0.131156646424718,0.122243707435133
"465.27802-14.948",3,0.135659699930607,0.123400879229337,0.510560820081922,0.230378600758134
"465.27794-14.95",4,0.167222272760883,0.136260546210607,0.319923885804463,0.376593295224048
"375.2905-14.751",3,0.156024322250082,0.135449173205188,0.414881921762756,0.293644582781974
"453.29921-15.134",1,0.507414097576782,0.146167170982087,0.129802908774504,0.216615822666628
"617.40667-16.686",4,0.187497967749576,0.112061571483947,0.146899697574488,0.553540763191989
"420.34858-17.943",3,0.174822335684212,0.209487488867808,0.409026211105154,0.206663964342826
"410.87091-0.944",2,0.107368665180644,0.734907818586522,0.0793502486531336,0.0783732675797004
"305.0412-7.726",3,0.113638299748724,0.11879437204136,0.612640787082703,0.154926541127213
"153.91268-0.829",3,0.107946154560713,0.101958704965827,0.619194180161236,0.170900960312225
"623.80339-7.724",2,0.111401098325391,0.726678157958591,0.0812486422389069,0.0806721014771107
"309.20729-13.372",4,0.316453788448129,0.15157734534946,0.165554067984594,0.366414798217818
"498.26324-13.068",3,0.159461500775346,0.136767431055404,0.394460233014514,0.309310835154737
"355.24911-13.263",4,0.292644971214248,0.147333420862025,0.166372515514448,0.393649092409279
"283.1342-10.56",2,0.31524823134568,0.3639583436007,0.149503045747684,0.171290379305936
"493.29464-15.329",4,0.162064449026016,0.123973612895017,0.242295495329872,0.471666442749095
"545.31234-15.608",4,0.156500915449932,0.117353867078865,0.218752994821636,0.507392222649568
"370.29639-16.924",3,0.127286530767366,0.117333333731642,0.544745082562471,0.210635052938521
"400.14648-1.058",2,0.203440717745798,0.321493075768492,0.274144745820215,0.200921460665495
"580.23246-16.11",3,0.108802769772893,0.102670860445399,0.615986107739569,0.172540262042139
"263.03458-1.442",1,0.446083673189541,0.154115202851771,0.14444038391093,0.255360740047758
"595.34955-14.754",2,0.123740159891658,0.699849509948617,0.0881028648376031,0.0883074653221219
"623.34444-8.944",2,0.108944586504184,0.726913135338823,0.083106278416881,0.0810359997401116
"519.24544-6.932",3,0.187419174490497,0.239605822166825,0.362705762317581,0.210269241025096
"641.33167-15.12",4,0.162961299402087,0.125181550473585,0.247228780446338,0.46462836967799
"509.23737-7.319",3,0.153892788807638,0.134472088647106,0.426481023334682,0.285154099210574
"333.00483-7.535",3,0.195650907745257,0.267491715536684,0.327355983992485,0.209501392725573
"681.13192-7.452",1,0.501006127520843,0.1472008047543,0.131393132615696,0.220399935109161
"673.35791-14.773",4,0.144410923910585,0.105274926944713,0.184711667236676,0.565602481908026
"429.85915-0.939",4,0.148318292971791,0.108971593464878,0.194295510924718,0.548414602638612
"538.28385-12.807",1,0.650707782662365,0.114230216693757,0.0925944187807565,0.142467581863122
"471.11522-7.385",4,0.142068424421546,0.0891811573056075,0.123671577974805,0.645078840298042
"456.22529-13.364",4,0.246333552547304,0.135118637655369,0.163122902283125,0.455424907514202
"591.39086-13.142",4,0.103198206711813,0.0669721143211631,0.0969448675101332,0.73288481145689
"235.10111-7.779",4,0.16443174750348,0.12732032804431,0.256658082497284,0.451589841954926
"439.26228-16.094",3,0.183039660110491,0.228009292015741,0.3794435577633,0.209507490110468
"709.50334-14.95",3,0.159647084848009,0.136827109692949,0.393276547603767,0.310249257855276
"520.26616-14.316",1,0.556465604692683,0.176202035791512,0.114361148067682,0.152971211448123
"225.18603-12.523",4,0.19319993771678,0.11464433786983,0.149147113324628,0.543008611088763
"335.12693-7.916",3,0.104872632773643,0.0993839735592948,0.630654472814866,0.165088920852196
"724.49306-11.149",3,0.134730964590144,0.145233563747849,0.542988811904319,0.177046659757688
"333.09019-9.913",4,0.078064072197347,0.0522714424881769,0.0791131748924759,0.790551310422
"421.33259-17.344",3,0.149415792464025,0.165772264010507,0.494611731415097,0.190200212110371
"157.06198-1.079",1,0.383079151121506,0.156778208453725,0.157219670102752,0.302922970322016
"431.14834-6.041",4,0.166795125067747,0.131689960206035,0.280066182171383,0.421448732554834
"466.1991-7.721",4,0.112633307797655,0.0786011193731013,0.127118292021779,0.681647280807465
"543.25032-11.394",3,0.160003107414658,0.1369375942005,0.390976493800825,0.312082804584016
"566.2352-5.607",1,0.678366039964189,0.106651211230368,0.0852483093756291,0.129734439429814
"515.20729-13.894",4,0.137691047624183,0.0992158241646083,0.170118709908507,0.592974418302702
"447.22897-12.68",4,0.16947761430677,0.103453467698976,0.138808201336787,0.588260716657468
"509.26823-10.979",1,0.516452986355145,0.144637711812999,0.12754208011732,0.211367221714536
"621.40159-12.55",4,0.306718865581956,0.150004340025989,0.166061216728701,0.377215577663354
"333.14588-7.482",3,0.163480315872035,0.137649124859053,0.365691051833049,0.333179507435863
"356.28075-13.947",1,0.351159901280045,0.15544332247481,0.162121071633209,0.331275704611936
"433.11449-8.266",4,0.318638570563406,0.151900108215907,0.165409938481994,0.364051382738693
"441.17721-7.623",1,0.657244893612289,0.128359992386286,0.0896606820023143,0.12473443199911
"253.0098-1.03",4,0.302649572321275,0.149280738257285,0.166204574731802,0.381865114689637
"455.28079-12.741",4,0.0813325124137923,0.0549222250943901,0.0841977717461536,0.779547490745664
"475.12543-7.777",4,0.332043233256505,0.15364266369046,0.164300874381539,0.350013228671496
"558.23758-13.546",4,0.165979878981497,0.137361526166819,0.340872550445297,0.355786044406388
"443.70899-11.871",2,0.19921923108121,0.543979243708467,0.125309597427625,0.131491927782699
"269.09336-9.099",3,0.162743888808981,0.137568684622313,0.371602579101532,0.328084847467174
"398.29139-14.853",4,0.0997583126643871,0.0649225213447123,0.0943393914934113,0.740979774497489
"519.2969-15.295",1,0.471280440007397,0.225560723861774,0.132942538254295,0.170216297876535
"473.29199-15.956",1,0.433686646665444,0.15513165887162,0.147189781987138,0.263991912475798
"401.26596-13.173",4,0.166057418783621,0.137328110190711,0.339887558902581,0.356726912123086
"349.09661-7.646",4,0.278176384910276,0.144087257211209,0.166112611347754,0.41162374653076
"469.30363-13.054",1,0.374617360503468,0.156617741716419,0.158650765453729,0.310114132326384
"379.14488-6.39",4,0.307037365775579,0.150059320837366,0.166048240398357,0.376855072988698
"366.24193-10.68",4,0.150353457055251,0.110962461450407,0.199720927976235,0.538963153518107
"676.83246-8.102",2,0.190569890806134,0.458398329424211,0.187863090098225,0.16316868967143
"423.3119-12.995",3,0.159466614807682,0.136769094171946,0.394427750122893,0.30933654089748
"418.20626-11.904",3,0.114796354793811,0.107581520090127,0.593346298115647,0.184275827000416
"462.21748-10.569",1,0.567779892906942,0.170384779046309,0.111690238773679,0.15014508927307
"449.26795-15.257",3,0.118422510961099,0.110485464169196,0.579460639340986,0.191631385528719
"360.10911-10.126",4,0.166603414041524,0.131236709715146,0.277270138930415,0.424889737312915
"427.28581-15.338",2,0.202456654298722,0.308653691401715,0.285324820054052,0.203564834245511
"639.33127-9.896",1,0.734501740868592,0.0904700843937413,0.0702924948320005,0.104735679905666
"540.29984-12.542",2,0.182875205700846,0.492410766226691,0.17191684997596,0.152797178096502
"537.3075-13.647",1,0.381542823047341,0.15675903940394,0.157485806398709,0.304212331150009
"401.29121-16.995",3,0.143209035101323,0.12842984236545,0.47795358411886,0.250407538414367
"371.99025-1.005",2,0.190386655988626,0.459280387638277,0.187431722060596,0.1629012343125
"447.22883-12.523",4,0.160294405047176,0.121733808012676,0.233745836290042,0.484225950650106
"623.38088-10.417",4,0.29853248706321,0.148508499821294,0.166306200266989,0.386652812848507
"386.92197-1.229",4,0.167456605703743,0.133916945443148,0.295883150779936,0.402743298073173
"571.23743-12.881",3,0.199766609497854,0.287920237570364,0.305191679935749,0.207121472996033
"407.28049-9.071",4,0.166071400474012,0.13732181214469,0.339707502051071,0.356899285330227
"486.29946-14.547",3,0.115700572626075,0.108310659375653,0.589898294562753,0.186090473435518
"93.04584-1.087",1,0.486431820063715,0.149387019776639,0.134965855573426,0.22921530458622
"319.09387-7.799",2,0.167080846393331,0.607444962638285,0.11115992302221,0.114314267946174
"263.09023-8.236",2,0.141779812134201,0.660656374440947,0.0981300251943324,0.0994337882305187
"672.23553-14.459",3,0.148969109519088,0.131885169199373,0.451277029832791,0.267868691448749
"631.34273-12.433",4,0.114595345118995,0.0801389252764179,0.130077686284135,0.675188043320452
"354.13814-8.993",3,0.0984483933341828,0.0939118383698389,0.654384614429356,0.153255153866622
"445.18486-8.193",1,0.463201407025703,0.152362018708387,0.140507662237948,0.243928912027962
"395.19376-6.113",4,0.320901038173754,0.152222788652914,0.165249478207106,0.361626694966227
"640.83916-0.963",2,0.260914957734013,0.438223309635605,0.143457000029407,0.157404732600975
"604.87237-0.975",1,0.528383967122101,0.142496701714495,0.124529645032578,0.204589686130825
"397.11763-7.052",4,0.157211196990212,0.118141094103619,0.221307869591926,0.503339839314243
"675.28434-13.538",4,0.104192467499891,0.0720859397996931,0.114888659210804,0.708832933489612
"485.32771-10.827",1,0.456122464673186,0.235680295160722,0.135839790257794,0.172357449908299
"378.22877-9.565",1,0.461847742935728,0.231799416594374,0.134764912388949,0.171587928080949
"680.28654-8.202",1,0.550962518204192,0.138091830512797,0.118755900458037,0.192189750824975
"395.29185-15.009",4,0.291626427923641,0.147121627822748,0.166374255790543,0.394877688463068
"491.25755-12.745",4,0.0917454664839721,0.060116479806198,0.0881830274355308,0.759955026274299
"397.1177-7.187",3,0.199757290994257,0.287863662436871,0.30524928760733,0.207129758961542
"517.33216-10.602",2,0.223797893819169,0.499151015987756,0.134021000402799,0.143030089790276
"126.88107-0.93",4,0.157131921007401,0.118052589893586,0.221017894561495,0.503797594537518
"412.99879-9.136",1,0.588602438788334,0.129841523691768,0.108975688305764,0.172580349214134
"412.99886-9.136",1,0.710985280829966,0.0973445721751277,0.0765641348109458,0.11510601218396
"538.26877-15.427",2,0.205222012711701,0.53271681950869,0.127613699998011,0.134447467781599
"465.19003-7.717",3,0.154998406035499,0.134991696489093,0.420546076606274,0.289463820869135
"374.13213-17.681",2,0.133918982609277,0.654956819586556,0.10815565045805,0.102968547346117
"704.90573-10.745",3,0.139719229314345,0.151962163355286,0.526566483061825,0.181752124268543
"658.2911-10.582",1,0.406016049961735,0.273198573173754,0.143991681795146,0.176793695069365
"387.06191-8.854",4,0.16720044600026,0.13630159872049,0.320492755460106,0.376005199819144
"314.11498-7.664",1,0.558553105571143,0.136514512596733,0.116797079391672,0.188135302440452
"543.34658-9.731",4,0.161141000239565,0.122784574096117,0.237668443893324,0.478405981770994
"173.11841-10.849",1,0.411824769203937,0.268482375989685,0.143182074056829,0.176510780749549
"496.83991-0.901",4,0.163237373839287,0.12556614814737,0.248854412690867,0.462342065322475
"498.83752-0.914",4,0.165290150702981,0.12870722845158,0.263363474350856,0.442639146494582
"612.26173-14.092",2,0.211707548583702,0.520773517108455,0.129976166783277,0.137542767524567
"339.25411-14.354",4,0.107376860209094,0.0745261548140989,0.119414932800323,0.698682052176484
"415.2704-13.265",1,0.683635148334072,0.116968225474156,0.0829570937892962,0.116439532402476
"127.05139-1.402",2,0.12618693701084,0.694497622152028,0.0894836186947915,0.0898318221423403
"157.08719-7.055",4,0.0785491581446018,0.0523410082346719,0.0786484779536155,0.790461355667111
"384.18525-12.789",1,0.442589452518811,0.154423943814572,0.145224430095818,0.257762173570799
"497.2033-9.325",3,0.189753224271086,0.246507740258914,0.353342752335431,0.210396283134569
"594.84349-0.971",1,0.448072246790295,0.241264326091881,0.137308080503653,0.173355346614171
"594.8436-0.973",1,0.438461124582726,0.248136808215618,0.138989855529842,0.174412211671814
"270.87971-0.982",1,0.417788745573238,0.156100683626429,0.150570086192048,0.275540484608286
"576.28694-12.919",3,0.176117483741658,0.212192612801651,0.404474428631963,0.207215474824728
"493.27281-11.463",4,0.311807759777309,0.150854244371463,0.165824204666067,0.371513791185161
"636.82866-0.968",2,0.172271403493015,0.532896926546095,0.154462597280381,0.140369072680509
"634.82258-0.963",2,0.172070601877535,0.533617421252974,0.154164346996215,0.140147629873276
"659.28152-7.584",1,0.442315803508534,0.154447395604555,0.145285541148141,0.25795125973877
"281.17601-10.767",2,0.150858173673003,0.60393300764149,0.126647423542131,0.118561395143375
"278.10706-7.511",4,0.284615036717195,0.145595150195664,0.166305305642764,0.403484507444376
"519.15895-13.029",3,0.171585783556659,0.203005099270854,0.420270481906866,0.205138635265621
"393.1745-11.247",1,0.37259633540389,0.156559335540271,0.158979592469704,0.311864736586135
"426.26874-14.596",1,0.767335747097815,0.0816003287918587,0.0614581845955355,0.0896057395147903
"307.99775-0.987",1,0.410608608647185,0.269460986162241,0.143354958169317,0.176575447021257
"554.34696-15.073",4,0.167233342623996,0.13623894746898,0.31962811147776,0.376899598429264
"361.14068-7.059",1,0.57896326326004,0.164766016637083,0.109018183403771,0.147252536699106
"338.86703-0.983",4,0.259860255719658,0.139236612902898,0.164830592430085,0.436072538947358
"303.09927-7.972",4,0.339977891369752,0.154485642463549,0.163475522401856,0.342060943764842
"557.31602-12.184",4,0.304524696161959,0.149619053273431,0.166143723200533,0.379712527364077
"279.12389-9.05",4,0.333267141065542,0.153781706352986,0.164181366817417,0.348769785764056
"292.16879-7.199",3,0.125875581560165,0.133786323450262,0.572172631446517,0.168165463543056
"292.16876-7.201",3,0.0682891552963026,0.067594034855163,0.763825738968771,0.100291070879763
"369.19213-7.64",4,0.16747493380238,0.135506049237896,0.310723134786303,0.386295882173421
"315.10082-7.472",4,0.165336539599251,0.137558398651087,0.348328813824672,0.34877624792499
"369.87983-0.9",4,0.137263390247195,0.0988406241992102,0.169253342126789,0.594642643426806
"637.15545-7.694",1,0.448216699794371,0.241162773884808,0.137282197350908,0.173338328969913
"497.34057-14.1",4,0.158736448660037,0.119878633760656,0.227151832187278,0.494233085392029
"445.02395-7.65",4,0.164098520144955,0.12681394184953,0.254334830379233,0.454752707626281
"273.10952-1.114",4,0.23022194109853,0.129622933840072,0.160161512115047,0.479993612946352
"235.03967-1.452",2,0.199835140538725,0.54281461164255,0.125551144467397,0.131799103351329
"605.33406-14.128",1,0.405430073583622,0.156577583080527,0.153065322682026,0.284927020653825
"270.20764-11.37",1,0.382014894837375,0.156765395442795,0.157404319624898,0.303815390094932
"615.28297-10.755",4,0.123655701698731,0.0873812172261113,0.144469403233911,0.644493677841247
"638.28749-13.158",3,0.149783130127539,0.132339602907149,0.44733020729986,0.270547059665451
"271.97957-1.017",1,0.429938543337337,0.155394831224975,0.148002404358472,0.266664221079216
"305.1509-8.019",4,0.166910288801458,0.136716200218879,0.326835093483103,0.36953841749656
"449.10955-7.668",1,0.438737315731202,0.247936062079101,0.138942671348744,0.174383950840953
"535.24524-7.796",2,0.170523025379575,0.539124895902821,0.151897208331113,0.138454870386492
"596.2666-14.734",4,0.145984929281953,0.10674609467818,0.188455461261288,0.558813514778579
"451.28572-13.385",4,0.18093099691948,0.109001425674391,0.144124936065425,0.565942641340705
"379.14344-11.638",4,0.275866836932083,0.143521472347589,0.166012058342746,0.414599632377581
"517.31778-12.939",3,0.150868476619596,0.132930247093842,0.441983228974953,0.274218047311608
"368.12005-1.107",1,0.742462679767914,0.0925255728774432,0.0678357384411597,0.0971760089134835
"404.2941-16.247",3,0.0747120513207989,0.0749310626324099,0.742708416062625,0.107648469984166
"494.36061-15.097",1,0.355132907123353,0.155720332959345,0.161590041235817,0.327556718681485
"415.10387-7.474",1,0.585559999658661,0.161508882055835,0.107428437475889,0.145502680809615
"393.11911-7.98",2,0.203860031399297,0.354749461856355,0.248432076339713,0.192958430404634
"370.16955-12.334",1,0.342282889379257,0.154704858179521,0.163214003605908,0.339798248835314
"361.22342-6.876",3,0.0756252393821706,0.0759277700270835,0.739647319224857,0.108799671365889
"464.24815-14.434",4,0.0923585110524667,0.0631627314533146,0.0987765554715464,0.745702202022672
"578.25481-8.219",2,0.251046286365802,0.4536052541572,0.141387506931778,0.153960952545219
"421.13279-12.592",3,0.0686312118515785,0.0677146515947023,0.762376993559486,0.101277142994233
"393.09614-5.437",1,0.565381532416349,0.13505671410654,0.115028494015875,0.184533259461235
"629.33708-11.736",4,0.323958101402773,0.152640234169735,0.165014974386735,0.358386690040757
"625.38826-17.663",1,0.679637989283676,0.10629511288036,0.0849100357327682,0.129156862103195
"653.38327-13.602",4,0.165343692252209,0.128798638490046,0.263824998243944,0.442032671013801
"510.33048-8.223",2,0.162216229389756,0.567511696908009,0.140539513868358,0.129732559833878
"528.79528-0.896",3,0.188442511962637,0.242559263537222,0.358646437949351,0.210351786550789
"627.33126-14.079",4,0.236073902189763,0.13169278970113,0.161358591519026,0.470874716590081
"535.30498-15.148",4,0.330892692782589,0.153508930333394,0.164410544241867,0.35118783264215
"534.88038-0.955",1,0.506179113844125,0.146369705777678,0.130110232535886,0.21734094784231
"255.84866-0.886",4,0.204111617314052,0.119387810983065,0.153031029984097,0.523469541718786
"244.87692-0.988",4,0.158828222800081,0.119985469396014,0.227521080414359,0.493665227389546
"554.34668-13.705",4,0.146310094602489,0.107052904146628,0.1892475169837,0.557389484267183
"445.2964-11.783",4,0.149814984509283,0.110430763923152,0.198251993278615,0.541502258288949
"388.11407-5.515",4,0.209202244705981,0.121508814297467,0.154657611068209,0.514631329928343
"281.10786-1.003",3,0.149878407006141,0.132392165251556,0.446864806856812,0.270864620885491
"467.16794-7.277",4,0.237794707531556,0.132285495487272,0.161683878129167,0.468235918852004
"499.27339-10.998",3,0.200043916410884,0.28963594231078,0.303453965645232,0.206866175633104
"126.88103-0.91",4,0.182100248625093,0.109552872144498,0.144633599126332,0.563713280104078
"459.31214-13.523",3,0.0712327370120509,0.0711081449946891,0.75433414462956,0.1033249733637
"383.236-14.316",4,0.141984278673377,0.0891353648890256,0.123620043310086,0.645260313127511
"684.30655-11.36",4,0.145024357406633,0.0907825831605628,0.125462838975548,0.638730220457257
"327.06621-0.954",3,0.0828977647824751,0.0802654236655216,0.710896964848327,0.125939846703677
"371.2667-5.161",4,0.135073572620276,0.0969361425142524,0.16492099635279,0.603069288512681
"572.21768-10.217",4,0.121224160723358,0.0775145438377468,0.110025722481508,0.691235572957387
"695.35496-14.116",1,0.416469831727649,0.156163403474999,0.150842276536766,0.276524488260586
"370.09686-7.863",4,0.105283410557287,0.0682094341710184,0.0985095603219513,0.727997594949743
"448.28403-10.822",2,0.19513824277642,0.551747614004568,0.123679785341085,0.129434357877927
"207.06975-6.11",3,0.136879008966154,0.124244939965576,0.505430615989816,0.233445435078454
"336.25467-15.38",2,0.147913747162251,0.61303895575644,0.123273836065479,0.115773461015831
"630.3324-9.126",1,0.75738149172313,0.0838318596531322,0.0641732499474282,0.0946133986763098
"735.86719-7.311",2,0.106316912501914,0.736606946211242,0.0791373855097549,0.0779387557770886
"583.18287-9.03",2,0.320829705873509,0.357277710116043,0.149656830818809,0.172235753191639
"383.07506-7.265",4,0.166889084309237,0.136739817278744,0.327236649145917,0.369134449266102
"524.28951-16.154",2,0.202381702267303,0.380281513042877,0.231240384568052,0.186096400121767
"559.28159-10.932",1,0.706143476319067,0.0987465236994704,0.0778542559372062,0.117255744044256
"569.22173-12.737",2,0.288736159456333,0.398040051369783,0.14763577026671,0.165588018907174
"323.04749-1.028",2,0.310629150419043,0.369613706895459,0.149315361331018,0.17044178135448
"571.23747-12.524",4,0.0881966335543712,0.0600602019283115,0.0932896999085574,0.75845346460876
"355.09726-7.76",4,0.167459532923495,0.133935022541667,0.296030219031195,0.402575225503642
"489.26285-12.019",4,0.1664753326167,0.137096768588217,0.334116597563891,0.362311301231192
"144.90407-0.948",3,0.109789078850073,0.114237477315844,0.62541309433806,0.150560349496023
"361.96143-1.009",2,0.191445618630168,0.454118360479843,0.189971096796438,0.164464924093551
"361.96142-1.007",2,0.191638270380859,0.453161792451424,0.1904456684601,0.164754268707618
"544.26845-13.521",3,0.158825093713353,0.180375264460618,0.463418782340882,0.197380859485147
"377.15017-5.814",3,0.151989391530426,0.133520580994461,0.436349063271178,0.278140964203935
"252.0992-8.238",1,0.409552875092224,0.270314258873402,0.14350360203672,0.176629263997654
"339.14242-5.3",2,0.318447430737862,0.360108853686354,0.149600812834875,0.171842902740909
"416.88354-0.978",1,0.361173549564171,0.156079486839471,0.160736205465232,0.322010758131126
"543.28716-11.656",4,0.139872992093034,0.0879827331731322,0.122317230529011,0.649827044204823
"279.95831-0.997",2,0.179396537165611,0.506300955917564,0.165763902190705,0.148538604726119
"279.95834-0.999",2,0.182614891178428,0.493475725106683,0.171438389384754,0.152470994330135
"423.2868-10.638",4,0.186086258607794,0.111411372530185,0.146320055912114,0.556182312949907
"421.25985-10.547",4,0.0884781557996516,0.0581505477170997,0.0856607056088914,0.767710590874357
"424.25224-14.762",4,0.16695041317826,0.136669574251312,0.326057354308386,0.370322658262042
"624.22525-16.389",2,0.200112106693759,0.401811731282954,0.218086275395997,0.17998988662729
"278.10747-7.481",4,0.254935378564542,0.137790010130853,0.164287411495111,0.442987199809494
"529.27097-13.574",4,0.2246130207936,0.12756091428505,0.158879773213155,0.488946291708195
"212.0566-7.038",3,0.161250887070044,0.137278498874854,0.382569843580436,0.318900770474666
"282.00838-1.012",4,0.0785148103607652,0.0523244635740902,0.0786376592154528,0.790523066849692
"651.37576-14.052",1,0.39199311615837,0.156804205526787,0.155623748096466,0.295578930218376
"625.1964-12.063",4,0.20505662674398,0.119786032553409,0.153341833962603,0.521815506740008
"739.18898-7.798",1,0.565284969118727,0.135077579505859,0.115053544072916,0.184583907302499
"299.19784-7.921",4,0.167511651382639,0.134342054438815,0.299450214107928,0.398696080070619
"511.33126-15.095",2,0.262355493163054,0.436027774572653,0.143732821757333,0.15788391050696
"348.82138-0.888",4,0.0852625614684063,0.0578739203112735,0.0894357650140834,0.767427753206237
"559.30499-11.799",3,0.126846166653016,0.135013513085963,0.568970734660035,0.169169585600987
"362.87279-0.926",2,0.122868252900511,0.701757521301431,0.087610414563299,0.0877638112347595
"390.27816-16.919",3,0.112428981846558,0.105657549995062,0.60233147513846,0.179581993019919
"582.34769-11.177",1,0.476602196530821,0.150725433131401,0.137336092941894,0.235336277395884
"599.34447-11.516",1,0.646901424107747,0.132926419042332,0.092268958117727,0.127903198732194
"584.26943-5.778",4,0.167259307574055,0.133034020289132,0.289121121930805,0.410585550206008
"526.36728-12.379",4,0.12666058827125,0.0898428283853242,0.149558198407976,0.633938384935449
"485.01887-9.187",2,0.186790057460357,0.567912094972885,0.120189704479746,0.125108143087011
"244.96407-0.937",4,0.225018824870421,0.127712650313719,0.158976987644997,0.488291537170863
"243.95622-0.936",4,0.340116800485914,0.154499177826198,0.163460032025576,0.341923989662312
"427.28348-14.833",3,0.0718593266544264,0.0718020966801812,0.752247808055508,0.104090768609884
"356.1537-11.394",3,0.200018630340404,0.289476839819473,0.303614355146984,0.206890174693138
"440.34983-13.342",1,0.390159062173378,0.1568105963244,0.155959096711636,0.297071244790586
"639.24853-13.471",1,0.483073115075497,0.218016246635153,0.130581787233559,0.168328851055791
"446.01295-6.964",2,0.110527348073755,0.728526497482899,0.0807961389898046,0.080150015453541
"446.01284-6.96",2,0.1122313706626,0.724906953705647,0.0816880318980055,0.0811736437337481
"335.17141-7.682",3,0.0870776404038824,0.0839780666747666,0.69580768345044,0.133136609470911
"486.81138-0.894",3,0.163516117608385,0.13765172798268,0.365392951540673,0.333439202868262
"488.80837-0.908",3,0.161557075050579,0.137349684556966,0.380412101859355,0.3206811385331
"315.25421-14.01",4,0.113294434650257,0.0791182137651456,0.128110013208096,0.679477338376501
"355.2967-12.135",1,0.636181778417036,0.137726937926155,0.0949587983634106,0.131132485293398
"561.1176-9.859",2,0.276472908138004,0.415178908693661,0.146088225058723,0.162259958109613
"403.226-12.587",4,0.166580827603514,0.131185590918015,0.276961697267374,0.425271884211097
"355.85534-0.892",4,0.165036473882676,0.128282883276219,0.261254365262726,0.445426277578379
"403.05851-7.223",2,0.201447727164127,0.39016110552139,0.225067569407249,0.183323597907234
"389.08163-8.252",4,0.16341905299878,0.125823007592273,0.249956065220506,0.460801874188442
"497.28923-15.387",4,0.241461475986274,0.133524162491415,0.162337210806257,0.462677150716054
"375.27536-16.819",3,0.165260512946576,0.191288023976184,0.441838817005683,0.201612646071556
"615.077-8.36",1,0.443917906708647,0.244206640797691,0.13804490881499,0.173830543678672
"489.26283-11.576",3,0.160894466492385,0.137189071093369,0.385031200964777,0.316885261449469
"315.1007-7.894",3,0.153555521473496,0.134308516873759,0.428259976544331,0.283875985108413
"401.92873-9.896",4,0.167302663418615,0.133195283298956,0.290299941591748,0.409202111690681
"447.34825-16.155",3,0.16181932293719,0.137406220349427,0.378529641772013,0.322244814941371
"498.84806-0.937",4,0.198333563758629,0.116909052584584,0.151042301917099,0.533715081739689
"544.31821-14.808",1,0.352392921733549,0.155532792208938,0.161958941370408,0.330115344687105
"372.25457-15.023",4,0.169765036523991,0.103595868002939,0.138949018406585,0.587690077066485
"335.16163-8.169",4,0.168846114797434,0.103140037149244,0.138497479206733,0.589516368846588
"616.30547-12.285",4,0.167044580219437,0.132350685255995,0.284359859226175,0.416244875298394
"237.14972-13.627",1,0.427158956065945,0.155576367886031,0.148599027203356,0.268665648844668
"414.88282-0.937",2,0.126888045431282,0.675377103713235,0.100988472064536,0.0967463787909469
"329.10314-7.267",3,0.14488992978992,0.159193347294008,0.509538081587631,0.186378641328441
"556.87495-0.957",2,0.198489634760825,0.545361502760556,0.125021956383461,0.131126906095158
"342.22864-14.174",1,0.715500657769665,0.103615677260919,0.0747890249471376,0.106094640022278
"611.16494-7.024",1,0.450379943989235,0.153712290548331,0.14346721386405,0.252440551598384
"440.30544-13.18",2,0.182379105224956,0.494436514494084,0.171007715775437,0.152176664505523
"440.30554-13.179",2,0.181967618527783,0.496104744473677,0.170262133217324,0.151665503781216
"493.29463-11.557",4,0.0850944335201976,0.0577484547907407,0.0892144609396293,0.767942650749432
"410.32788-14.306",4,0.132647507088181,0.0948565501471385,0.160297915731729,0.612198027032952
"352.13033-7.267",2,0.203822317349152,0.329834822617031,0.267284182187265,0.199058677846552
"581.16724-9.262",2,0.143404231764739,0.626771176566743,0.118251225686657,0.111573365981862
"435.18099-6.903",4,0.139538924553568,0.0877997122549587,0.122109373371299,0.650551989820175
"501.28663-12.53",3,0.0785721298369031,0.0791408440283087,0.729759472506947,0.112527553627841
"577.30243-11.824",1,0.466453370650991,0.151985475209036,0.139744894142974,0.241816259996999
"390.30149-16.042",3,0.191621520220074,0.252509728422366,0.34554197595969,0.210326775397871
"386.29142-12.678",3,0.111912171720683,0.105234746001981,0.604285258905815,0.178567823371521
"574.0608-6.164",1,0.444078429505986,0.154294481229705,0.144891165587539,0.25673592367677
"381.27786-10.704",3,0.146519062710402,0.130463533285715,0.462868040955225,0.260149363048658
"460.29208-9.135",1,0.36935835884391,0.156449329210286,0.159495455740964,0.31469685620484
"376.82488-0.889",3,0.12133569866376,0.128125600586771,0.587163321136608,0.163375379612862
"326.27018-15.897",2,0.133365315320993,0.678846402104584,0.0935061676338744,0.0942821149405485
"557.27402-13.664",1,0.584706029111713,0.161928228925898,0.107634772637326,0.145730969325062
"560.88653-0.954",2,0.163354311737918,0.563725066367408,0.142025085527138,0.130895536367536
"498.26334-12.878",3,0.133077714091843,0.121578132547775,0.521283400555458,0.224060752804924
"524.35178-12.208",3,0.164004933368325,0.137673272861409,0.361206667030717,0.33711512673955
"361.87206-0.958",2,0.188225070269666,0.469373459573476,0.182567448584048,0.159834021572809
"334.85178-0.931",2,0.12973478871528,0.667148717384525,0.103863906123787,0.0992525877764072
"275.09275-6.894",4,0.117233706771985,0.0822227724140113,0.134138310327296,0.666405210486708
"513.23761-14.311",1,0.515188570679185,0.144856571580279,0.127859511496105,0.212095346244431
"209.08215-7.032",3,0.196139731077626,0.269566824306528,0.324972816145261,0.209320628470585
"402.2686-14.202",3,0.200638132144447,0.293546780888316,0.299559122453515,0.206255964513722
"567.20902-8.525",1,0.763726109803152,0.0835751350913681,0.0623551246975678,0.0903436304079125
"426.84851-0.949",2,0.198564022175461,0.413300275139585,0.211488754008773,0.176646948676181
"573.26128-11.107",3,0.188919763487658,0.243974323022373,0.356729664181489,0.210376249308479
"314.23398-14.014",2,0.203841671962473,0.330416337321158,0.266816973962993,0.198925016753376
"308.05204-1.017",1,0.365560499625128,0.156294217063114,0.160082734566119,0.318062548745639
"581.33392-15.216",1,0.767336664725277,0.0815947990564369,0.0614583352866081,0.0896102009316779
"558.22233-6.93",1,0.486164781849801,0.149424864713499,0.135030692403864,0.229379661032837
"498.1921-13.367",1,0.34277066987294,0.154749783376907,0.163157450439207,0.339322096310946
"283.098-8.106",1,0.512398631740106,0.145333885491916,0.128558604820258,0.21370887794772
"386.20817-14.759",4,0.161657884173222,0.123444017610869,0.240208382379063,0.474689715836846
"471.31258-14.957",3,0.163795860824065,0.137667374729636,0.363024822696956,0.335511941749344
"514.27655-11.038",1,0.431738699199312,0.155271049377432,0.147613256260974,0.265376995162282
"718.3305-6.826",2,0.202651935694327,0.376967292104907,0.233367052311577,0.187013719889189
"612.31617-14.988",4,0.19469783106474,0.115311132093679,0.149712616260215,0.540278420581367
"393.26488-13.205",1,0.405586385551332,0.15657312561537,0.153034569090899,0.2848059197424
"320.16183-6.978",2,0.142242461546155,0.630270954880874,0.116982822677842,0.110503760895129
"663.39717-7.869",3,0.145913844546664,0.130100841563425,0.465671638218695,0.258313675671216
"348.12053-5.813",2,0.181051424564728,0.499781689995971,0.168628500716592,0.150538384722709
"441.30149-12.249",1,0.432221654182105,0.155237016164749,0.147508492508009,0.265032837145138
"475.26264-14.597",3,0.0798400480304483,0.0805240315797574,0.725503249340447,0.114132671049347
"482.20622-12.702",3,0.147076641744683,0.130793787963661,0.460265305324423,0.261864264967232
"472.30991-15.305",3,0.179784895906232,0.220256385230191,0.391382195466884,0.208576523396693
"341.17928-11.62",1,0.364930722510773,0.156265747231163,0.160178211943702,0.318625318314363
"743.3505-8.837",4,0.162506352891918,0.12456143540194,0.24466484149347,0.468267370212671
"280.97324-7.728",2,0.189423232550262,0.463847122133491,0.185214721036718,0.161514924279529
"348.16032-6.606",4,0.135424278968472,0.0972393322941791,0.16560416698968,0.601732221747668
"168.9203-0.915",2,0.335413946832941,0.340585004839601,0.149700410086935,0.174300638240523
"368.24431-14.528",1,0.449946496929893,0.15375409214431,0.143565840817064,0.252733570108733
"265.18102-15.054",4,0.167524002622777,0.134497161918789,0.300812983404746,0.397165852053688
"479.12037-7.694",1,0.391075145693001,0.285840428599462,0.145874774340131,0.177209651367406
"412.111-7.174",4,0.301711340733638,0.149108318332077,0.166231631907615,0.382948709026669
"529.26348-5.938",2,0.194135464741382,0.440190154579284,0.197011368843899,0.168663011835435
"557.29473-14.971",3,0.191377135741058,0.251696759436584,0.346580580730956,0.210345524091401
"431.19748-14.21",3,0.142995691502207,0.128294765728236,0.478906565364614,0.249802977404943
"513.27586-13.901",3,0.158071675660608,0.136279462192454,0.403030190881203,0.302618671265735
"514.24554-9.309",3,0.111889917038222,0.105216517460835,0.604369332114497,0.178524233386445
"561.26882-12.56",4,0.0781955267826777,0.0524131141838003,0.079449436928756,0.789941922104766
"527.21639-14.575",1,0.49158952982164,0.148640199822896,0.133708981839846,0.226061288515618
"453.33411-16.04",4,0.149886048279672,0.110500721540944,0.198444409040402,0.541168821138981
"445.11452-7.634",1,0.470125830556259,0.15154419643464,0.138878058372551,0.239451914636551
"637.29992-13.828",4,0.339779159680668,0.154466205412537,0.163497623167138,0.342257011739657
"613.21967-9.858",1,0.456933183527778,0.153049335744087,0.141964443431208,0.248053037296927
"526.28409-11.571",4,0.165609020151213,0.137490462010017,0.345307691579432,0.351592826259339
"393.28916-10.788",4,0.122751594127456,0.0866469252781931,0.142972435409563,0.647629045184787
"411.08528-8.938",3,0.19862430038176,0.281431742687623,0.311929531222068,0.20801442570855
"314.10713-7.188",4,0.17437970091618,0.105860055182481,0.141157880406337,0.578602363495002
"659.34451-10.826",1,0.620376252403857,0.122127023741199,0.100621016402539,0.156875707452405
"472.32851-15.192",3,0.151515109644979,0.133273343108693,0.438747694527854,0.276463852718474
"495.10701-7.257",4,0.133835724928197,0.0958712824691152,0.162540313199214,0.607752679403474
"494.83592-0.953",2,0.20344192877919,0.364915576553989,0.241355995858295,0.190286498808526
"665.28367-8.105",1,0.584845454184637,0.161859717377906,0.107601095648171,0.145693732789286
"457.29655-14.622",4,0.167494892773658,0.135385696409019,0.309425506082842,0.387693904734481
"681.25892-14.194",1,0.354217322606612,0.320597187098297,0.14905615867303,0.176129331622061
"301.12137-10.28",4,0.102687939392366,0.0709396576745377,0.112782621024315,0.713589781908781
"441.30151-12.869",2,0.284012414167496,0.404536179132785,0.147093217815034,0.164358188884686
"455.2809-11.749",1,0.612297299073105,0.148700400281602,0.100895600772188,0.138106699873106
"505.22685-15.893",1,0.360793166042937,0.31398773209068,0.148662120393062,0.176556981473321
"426.3018-16.148",4,0.0808578209585695,0.0536135378042078,0.0799804829422931,0.78554815829493
"570.29006-5.809",3,0.149617205732894,0.166071060885873,0.493946689471131,0.190365043910103
"624.30589-14.676",4,0.206617188935937,0.120439181234112,0.15384623743616,0.51909739239379
"571.14985-1.022",1,0.498535286961113,0.208518077142793,0.12736348651479,0.165583149381305
"446.23767-13.267",4,0.101933802575141,0.070366587721793,0.111734274522691,0.715965335180375
"504.17841-6.828",2,0.145152751345368,0.653425049676882,0.0999480646146777,0.101474134363073
"385.08334-5.472",4,0.300631855568857,0.148907341168387,0.166259933202263,0.384200870060494
"409.27293-16.878",4,0.113614394779946,0.0731088097130327,0.104633077189771,0.70864371831725
"458.30489-13.761",4,0.133038663879275,0.0842045711789963,0.117973160809859,0.66478360413187
"287.10341-7.35",3,0.20083271970612,0.294907780617483,0.298224804631011,0.206034695045386
"352.28561-15.98",1,0.63063798827558,0.119508972937435,0.0979098926961146,0.15194314609087
"512.81769-0.898",3,0.160056696044637,0.136953753002107,0.390626819056956,0.3123627318963
"580.32875-12.088",4,0.164188468264512,0.126949164009049,0.25494924234378,0.453913125382659
"455.25731-11.5",4,0.167534636092032,0.134816841326496,0.303740383800488,0.393908138780984
"790.20478-17.331",3,0.144372891017098,0.129158515113951,0.472715732919808,0.253752860949143
"537.26344-12.526",3,0.143795020361406,0.157638254758629,0.513145327524099,0.185421397355867
"450.93025-1.446",1,0.566025640542534,0.134917354047484,0.114861373868692,0.18419563154129
"469.29146-14.839",4,0.0914902056404717,0.0625146249862817,0.0976271512883162,0.74836801808493
"135.04523-6.855",4,0.31959421898448,0.152037836789854,0.165343538535283,0.363024405690382
"533.27937-9.346",4,0.167158819501379,0.132695191596133,0.286715419927311,0.413430568975176
"433.14871-5.345",1,0.534289372616484,0.141387864968452,0.123028025019386,0.201294737395678
"266.86426-0.945",2,0.107157618978084,0.732383915827502,0.081114485761147,0.0793439794332677
"585.14768-9.673",1,0.574383354863983,0.133080953651754,0.112688611617016,0.179847079867246
"567.20906-7.923",4,0.339183477805657,0.154407432285473,0.163563439006246,0.342845650902623
"162.07725-1.05",4,0.278723132137129,0.144219268863515,0.166133949833787,0.410923649165569
"478.77969-0.893",3,0.152038190806776,0.133545801320829,0.436100992302285,0.27831501557011
"511.32011-16.615",3,0.132526113020549,0.121182819223132,0.523551205584673,0.222739862171646
"482.34113-15.055",3,0.196588294661653,0.27153539908986,0.322740879531737,0.20913542671675
"571.23735-14.129",4,0.33281403061887,0.153730616593007,0.164225950120464,0.34922940266766
"400.25163-14.817",4,0.0964539249847594,0.0662293096541952,0.104247271698943,0.733069493662102
"432.24291-14.109",4,0.0830628448326766,0.0562283240324617,0.0865269528526092,0.774181878282252
"714.84438-0.971",2,0.191483488765211,0.453930768584662,0.190064064604324,0.164521678045803
"537.21996-7.24",1,0.691618496411759,0.11358667415362,0.0809173283524876,0.113877501082133
"741.44367-12.236",3,0.138040525653729,0.149672499139286,0.532092839205389,0.180194136001596
"427.23729-9.949",3,0.110452931916784,0.115018648978328,0.6232087476783,0.151319671426588
"385.85747-0.896",3,0.149371903911322,0.165707226749255,0.494756635400243,0.19016423393918
"591.19092-10.661",4,0.163305321203546,0.100357369799596,0.135693024547064,0.600644284449795
"257.21244-14.926",4,0.167101793209858,0.132518844948117,0.285498843391452,0.414880518450573
"457.95516-10.106",4,0.0965447263551486,0.0662975169791445,0.104369639572009,0.732788117093698
"410.22212-7.707",2,0.126820050535044,0.693113758728178,0.0898403791108035,0.0902258116259746
"559.28155-10.345",2,0.202700262428731,0.376344054074009,0.233770242052573,0.187185441444687
"413.25799-10.477",3,0.137798701193825,0.14934484106298,0.532888928253859,0.179967529489337
"710.83701-7.819",3,0.182041648549186,0.225564043375323,0.383142172785412,0.209252135290079
"455.21951-8.242",4,0.192406798708627,0.114289284487791,0.148843490232502,0.54446042657108
"385.25983-12.927",3,0.123122080459049,0.114163876410158,0.561208349854543,0.201505693276251
"418.23691-10.965",4,0.155179879602922,0.115921396500733,0.214237321314873,0.514661402581473
"167.03851-1.081",1,0.422618086959863,0.25999425831112,0.141573309560034,0.175814345168983
"431.22099-12.151",3,0.0728556907705175,0.0713026902137752,0.747000506375281,0.108841112640426
"394.8889-0.969",4,0.339637264509602,0.154452274998609,0.163513359407096,0.342397101084693
"556.2943-11.31",2,0.176762141371795,0.51638905536039,0.161407407986411,0.145441395281404
"262.0384-7.973",1,0.664929064701662,0.110373961620547,0.0888196807707835,0.135877292907008
"522.11794-8.155",1,0.542168321294609,0.183760794791147,0.117683587226086,0.156387296688159
"249.14972-14.095",3,0.0834961665858596,0.0845222252725635,0.713231290155904,0.118750317985673
"355.20223-14.489",4,0.0957366256676196,0.0625148074780855,0.0912609788217445,0.75048758803255
"531.11513-7.798",1,0.693511990511141,0.102372698948716,0.0812182561933856,0.122897054346757
"527.2552-13.595",4,0.161474540721296,0.123208414522709,0.239293633688467,0.476023411067528
"321.17093-10.007",4,0.13866309937277,0.10007283736433,0.172110700718206,0.589153362544693
"252.03376-7.495",3,0.0702386345807618,0.0690162403184151,0.756451408177332,0.104293716923491
"632.30036-11.344",3,0.163288082181082,0.137632951192393,0.367273580023005,0.33180538660352
"632.30023-11.344",4,0.167187369630068,0.136325284436093,0.320825088679138,0.3756622572547
"331.24927-11.295",4,0.332608479368154,0.153707290402805,0.164246043681305,0.349438186547736
"652.38359-15.992",4,0.130876956624801,0.0829950713702948,0.116559633142173,0.66956833886273
"509.30436-10.178",3,0.131111867609018,0.120160259242168,0.529331665720028,0.219396207428786
"365.23111-14.203",4,0.105497131050697,0.0730833206701515,0.116731391608298,0.704688156670853
"558.23744-13.741",3,0.164381016797114,0.137669903368273,0.357818571756087,0.340130508078526
"416.2923-12.799",3,0.168388316324195,0.19694094129545,0.431229717306734,0.203441025073622
"335.15013-11.727",3,0.116537175686678,0.108982358571332,0.586699747803008,0.187780717938983
"603.35237-14.315",1,0.6953524516594,0.112014134508683,0.0799616520826843,0.112671761749233
"598.3035-7.746",2,0.196926540346215,0.424024916823989,0.205562738950206,0.173485803879591
"293.21245-13.151",4,0.0780323318554643,0.0522272803863761,0.0789945267747928,0.790745860983367
"112.0405-1.362",4,0.162734582455688,0.100067455862625,0.13539620573692,0.601801755944766
"368.1541-7.921",4,0.244819176412191,0.134629321613039,0.162888637464282,0.457662864510487
"346.09969-0.996",1,0.474009859021559,0.223790064615328,0.132403962019484,0.169796114343629
"577.42462-16.591",2,0.240281623852222,0.471062017679468,0.138768354306883,0.149888004161427
"577.42462-16.593",2,0.196856984222212,0.548465028751549,0.124372384323547,0.130305602702692
"392.97904-7.327",3,0.128403304112958,0.136995639743073,0.563835783359596,0.170765272784373
"498.31303-15.047",3,0.151035850721595,0.168191172214497,0.489260066099354,0.191512910964554
"477.14527-7.408",4,0.132678106167243,0.094882593284338,0.16035515650482,0.612084144043599
"719.19402-7.997",1,0.423790402942637,0.155780570873291,0.149314927491184,0.271114098692888
"743.38651-12.832",2,0.261193676509855,0.437797523142124,0.143510885569097,0.157497914778923
"297.24364-17.003",3,0.069022414888232,0.0680084523015304,0.760907430642604,0.102061702167633
"525.14084-9.863",2,0.129517490599236,0.667778563155862,0.103643242056439,0.0990607041884637
"507.32502-13.564",3,0.0911153670964247,0.092930944396907,0.687689485892822,0.128264202613846
"519.31154-13.348",4,0.189658818798911,0.11304858671143,0.147769071956585,0.549523522533074
"355.90809-7.633",2,0.272705271887673,0.420624961251149,0.14552071758867,0.161149049272509
"269.21239-15.364",2,0.246754090681288,0.460481104620586,0.140388648146338,0.152376156551787
"330.14218-1.448",2,0.201674596173273,0.301388085412213,0.292015764053172,0.204921554361342
"271.15528-12.012",1,0.406725404020766,0.272616880101589,0.143895027882861,0.176762687994784
"505.25786-13.413",4,0.164081158212545,0.126787959708299,0.254217260542413,0.454913621536743
"635.50292-17.278",4,0.167395554812725,0.13583301904531,0.314457464315542,0.382313961826423
"360.17792-6.54",4,0.156261011227138,0.117090784065484,0.217911122718472,0.508737081988906
"441.26349-14.136",4,0.203609609919517,0.119175441557017,0.152864277451287,0.524350671072179
"623.34455-13.948",1,0.615784109918792,0.123279609855619,0.101832490330225,0.159103789895364
"359.24406-12.282",3,0.133160647233607,0.121637393112048,0.520941770316263,0.224260189338083
"281.05408-9.208",4,0.167433679725281,0.135695780250074,0.312849976570998,0.384020563453647
"579.39099-12.472",4,0.0784792014164706,0.0526723786928285,0.0800003147785489,0.788848105112152
"376.18797-6.487",4,0.0983149589349196,0.0676294440835297,0.106765934716637,0.727289662264914
"603.3526-14.163",4,0.257301203096423,0.138492470560999,0.164559327981569,0.439646998361009
"467.29353-12.419",4,0.125714886245288,0.0890644826732075,0.147937049472464,0.63728358160904
"265.10831-9.847",1,0.568018874415949,0.170263382032016,0.111633459244358,0.150084284307677
"441.29746-15.095",4,0.336872783068699,0.154172154860533,0.163812585850245,0.345142476220523
"443.29364-14.017",1,0.352287534365965,0.155525268656882,0.161972893811372,0.330214303165781
"289.10843-7.883",4,0.167531136536263,0.13499091451547,0.305409401488465,0.392068547459801
"555.24247-13.665",3,0.183657997587344,0.229557414190759,0.377133094063847,0.20965149415805
"255.23295-14.326",4,0.0780765713586312,0.0522867384401797,0.0791520155438876,0.790484674657301
"505.20616-7.534",2,0.203477964124385,0.322150471295126,0.273593038491547,0.200778526088943
"513.32296-12.098",1,0.369837752980886,0.156466899965014,0.159419946807558,0.314275400246541
"317.92431-7.141",3,0.13173779435737,0.141298433977287,0.552846715829442,0.174117055835902
"300.0346-1.019",2,0.188536176284487,0.564501302830226,0.120936776643731,0.126025744241556
"522.84647-0.903",4,0.157973997788686,0.119001473402284,0.224164712822444,0.498859815986586
"571.23742-11.921",2,0.147087122868768,0.615574709485491,0.122340672317728,0.114997495328013
"482.87024-0.944",2,0.190059864255181,0.460842536117534,0.186670286517502,0.162427313109782
"319.19165-12.452",4,0.0875256405707323,0.0575778156096586,0.0849279700570995,0.769968573762509
"491.21123-11.58",4,0.268723871730202,0.141688011860584,0.165591808924669,0.423996307484545
"169.87402-0.928",2,0.19395140141498,0.441186950859702,0.196497918718317,0.168363729007001
"653.24805-13.51",2,0.169474537489635,0.542812651320487,0.150391399577089,0.137321411612789
"418.6994-12.864",4,0.293336003837283,0.147475680044007,0.16636967664844,0.39281863947027
"627.14919-7.978",4,0.224441555004154,0.127496681679488,0.15883848523425,0.489223278082108
"167.00209-1.085",4,0.153762288469167,0.114424310352033,0.209685103970508,0.522128297208293
"614.82974-12.238",2,0.202558143078253,0.537690384754482,0.126605014705758,0.133146457461507
"686.35265-14.617",4,0.203957616467772,0.119322723290395,0.152979996927769,0.523739663314065
"443.12022-7.158",1,0.356413596680918,0.155802689429004,0.161413612109136,0.326370101780943
"266.07851-1.107",3,0.0747052783674209,0.0749236654713533,0.742731111062477,0.107639945098749
"409.25179-14.816",4,0.112231497746853,0.0723007605412447,0.103631750688145,0.711835991023758
"602.8679-0.959",1,0.756493564568827,0.0867113731515705,0.0642134076728865,0.092581654606716
"496.11099-11.324",4,0.150512544040702,0.111120267023628,0.200159829165642,0.538207359770028
"233.08212-8.081",2,0.126374106380897,0.676857641170388,0.100472694381677,0.0962955580670374
"421.32063-11.902",1,0.397058078621279,0.156755574153931,0.154679804699849,0.29150654252494
"559.28159-11.506",2,0.185226743629361,0.482574558182241,0.176392048715522,0.155806649472877
"355.11017-7.056",1,0.362254402461906,0.15613596194974,0.160577745739511,0.321031889848843
"645.12359-7.268",1,0.683572165687419,0.116995013017652,0.0829731661390832,0.116459655155846
"645.12381-7.289",1,0.708291577690178,0.106605271093289,0.0766426524403519,0.10846049877618
"515.29128-12.51",4,0.172708479420442,0.10504490536483,0.140369254330331,0.581877360884396
"365.14548-7.799",1,0.651386984432358,0.114048130468761,0.092414276917003,0.142150608181878
"523.14033-14.587",4,0.248513441980904,0.135813008480355,0.163444557655525,0.452228991883216
"635.16546-7.026",1,0.535456307907318,0.141165030312392,0.122730536384752,0.200648125395539
"429.31272-12.71",4,0.272913305533778,0.142778698785367,0.165858568728627,0.418449426952229
"615.316-15.116",2,0.112108179962124,0.717684620013501,0.0863453227744222,0.0838618772499529
"550.2689-15.343",3,0.190902511577473,0.250142931321763,0.348581214444728,0.210373342656037
"188.89395-0.952",2,0.20347418721395,0.322082793329129,0.273649746642827,0.200793272814093
"490.26384-15.002",4,0.100388670204097,0.0691954057312757,0.109600765700329,0.720815158364298
"278.99417-8.446",1,0.622325016921683,0.121634295297854,0.100106561229718,0.155934126550746
"277.08668-6.584",1,0.497590775502425,0.147733989557859,0.132236089599315,0.222439145340402
"280.84471-0.937",2,0.153397116294782,0.635916679416434,0.104293408149323,0.106392796139461
"314.1433-9.945",4,0.0839536623954582,0.0554378981150566,0.0822138773171944,0.778394562172291
"305.99646-7.891",1,0.746049664258112,0.0870873692208494,0.0672078535845186,0.0996551129365199
"441.30148-12.628",4,0.166758717199831,0.131600929871381,0.279507983671997,0.422132369256791
"694.32739-11.643",2,0.281148696304926,0.408538655149442,0.146731818408577,0.163580830137056
"337.14105-6.902",1,0.356847512654137,0.155829830988429,0.16135326608458,0.325969390272854
"579.39076-15.347",3,0.0702430090631094,0.0690199763141322,0.756435512375478,0.10430150224728
"535.23731-10.138",3,0.198096046500518,0.278688715047889,0.314859671077914,0.208355567373678
"485.32776-15.262",3,0.123574373633593,0.130901096304663,0.579768217486806,0.165756312574938
"562.1201-5.322",2,0.295551858563279,0.388897115279445,0.148303298950468,0.167247727206808
"592.19622-13.735",4,0.22245468473333,0.126747233431827,0.158350860309488,0.492447221525355
"475.34329-16.621",3,0.0922964331276908,0.0885717606016418,0.676873734019755,0.142258072250913
"731.48268-11.142",4,0.166864313294413,0.136766569196334,0.327698014395734,0.368671103113519
"711.33723-12.72",1,0.437009838008961,0.249194904995305,0.139236638404159,0.174558618591574
"231.05121-1.466",4,0.160643313015368,0.122162763061661,0.235329495630555,0.481864428292416
"569.13396-10.165",1,0.532187856240946,0.141786086104564,0.123563144617943,0.202462913036546
"571.06176-6.912",2,0.282759798363888,0.406280903369959,0.146938178625256,0.164021119640897
"529.29203-17.072",1,0.650702950704865,0.114231511312576,0.0925957002872389,0.14246983769532
"484.8714-0.978",1,0.352494019786009,0.155539987886868,0.161945540186204,0.33002045214092
"543.25037-12.133",2,0.203083073125995,0.316039209608831,0.278797864039391,0.202079853225783
"563.31675-15.283",4,0.201841413999761,0.118422873517952,0.152267810786143,0.527467901696144
"319.06818-8.155",1,0.398732190026461,0.156729617428431,0.154362229627466,0.290175962917643
"523.32034-12.831",2,0.128175259901242,0.671662475062314,0.10228463243805,0.0978776325983946
"353.11367-6.213",3,0.108058689851985,0.112210119612973,0.631162040523733,0.148569150011309
"615.35446-12.089",4,0.130017987014148,0.0926351124347278,0.155472851068017,0.621874049483106
"660.38662-9.289",2,0.170260651937497,0.600943603950342,0.112688333405802,0.11610741070636
"698.27518-8.21",1,0.687913853008187,0.103963550783824,0.082708305401629,0.125414290806361
"381.24149-13.656",1,0.478371889971419,0.150492871125181,0.136911932527072,0.234223306376328
"595.21722-7.906",1,0.751310359460861,0.0855608383037149,0.0658005409531939,0.0973282612822298
"306.13845-7.349",4,0.263230095410221,0.140191644665623,0.165152187860026,0.431426072064129
"307.06737-1.106",4,0.148888652241131,0.109524530715575,0.195782248152143,0.54580456889115
"711.33714-12.962",2,0.2266909140897,0.494103763263075,0.134918588793108,0.144286733854116
"617.24284-11.312",2,0.20279492938874,0.375092124421735,0.234583327738102,0.187529618451423
"617.24296-11.311",2,0.202928625682705,0.373245780019402,0.235790297566595,0.188035296731299
"665.3444-15.352",4,0.132148599642778,0.0837073912099634,0.117393415149805,0.666750593997453
"413.89255-8.924",4,0.133676015235855,0.0957344758664515,0.162236526324909,0.608352982572785
"263.03855-1.014",1,0.690525798974182,0.114047924691824,0.0811968029722599,0.114229473361734
"641.34683-10.565",3,0.163014671599111,0.187378249566626,0.449402390190942,0.200204688643321
"356.18666-15.893",1,0.651830284703924,0.130742695927559,0.0910275564826734,0.126399462885844
"213.14983-12.193",1,0.714825039238458,0.103895217296226,0.0749628646097644,0.106316878855551
"601.33894-16.757",3,0.197646675614532,0.276460247011387,0.317277147844498,0.208615929529583
"607.19878-14.781",1,0.394149072269357,0.156789034654623,0.155225101829588,0.293836791246432
"219.06983-8.212",1,0.657732244569728,0.128146344252678,0.08953749907332,0.124583912104274
"491.123-7.185",1,0.563508963228648,0.135460070376549,0.115514069096663,0.185516897298141
"318.08086-1.019",1,0.395059650133947,0.156780158299596,0.155055317176925,0.293104874389532
"449.32765-14.233",4,0.0900440652917364,0.0614363576973004,0.0957190434209148,0.752800533590048
"503.33842-9.251",1,0.370155716229285,0.156478307041464,0.159369697115867,0.313996279613385
"448.83958-0.977",3,0.0865280794167983,0.0834914426270997,0.697795037886544,0.132185440069559
"516.82727-0.974",2,0.168978515617836,0.544545605994307,0.149687091123428,0.136788787264429
"375.2906-15.307",3,0.191323282281862,0.251518810044133,0.346808661873088,0.210349245800917
"585.21645-11.398",3,0.15050892269653,0.132736579514603,0.443765820279769,0.272988677509099
"603.35461-16.751",4,0.166655355029425,0.136962067781208,0.331312127881281,0.365070449308085
"509.34078-14.997",3,0.164870669337907,0.137633978957009,0.353138891203345,0.344356460501739
"617.25856-11.179",3,0.113147280296131,0.118209304838682,0.61426884195459,0.154374572910597
"325.92197-1.01",1,0.369726569636381,0.156462864765083,0.159437486298588,0.314373079299948
"349.23846-11.639",4,0.143075423674957,0.089728293889879,0.124285983134793,0.642910299300371
"599.08213-7.775",2,0.290156188953527,0.396112850081065,0.147785982443298,0.16594497852211
"566.78296-13.467",4,0.333899314934463,0.153852229090171,0.164118501580188,0.348129954395179
"345.06266-7.354",2,0.250810229897131,0.453980478457729,0.141334135717421,0.153875155927718
"169.1235-9.447",1,0.552660670301993,0.137742993742737,0.11831837051323,0.191277965442039
"492.31035-11.937",2,0.188233751771335,0.469333983563351,0.182586224201331,0.159846040463983
"345.10928-7.615",4,0.228120761870096,0.128859389442359,0.159696932679691,0.483322916007854
"545.18834-7.813",1,0.74435322649732,0.0917483405101502,0.0673474442575368,0.0965509887349926
"562.82333-0.954",2,0.19630288945757,0.427833040107861,0.20350870100255,0.172355369432018
"541.35219-17.37",3,0.0747096160813505,0.0749284029665408,0.742716576146905,0.107645404805204
"572.84924-0.959",1,0.353023656488425,0.155577338548754,0.161875068313709,0.329523936649111
"358.26002-14.086",4,0.167520955746374,0.134453229655593,0.300423396649425,0.397602417948608
"267.79185-0.878",3,0.178257480383066,0.216820270435776,0.396874995230924,0.208047253950234
"352.20105-8.063",3,0.197721725335311,0.276826212834382,0.316877834683331,0.208574227146976
"525.32033-16.79",3,0.0696188854738501,0.0692905005160311,0.75966990246977,0.101420711540349
"444.2971-11.154",1,0.752133685091655,0.0853236990073085,0.0655801031668176,0.0969625127342187
"395.23601-14.081",4,0.166670164897057,0.13139039359441,0.278205662333419,0.423733779175114
"476.8535-0.924",1,0.631305398890585,0.119336726796229,0.0977333913291361,0.15162448298405
"198.92272-0.956",2,0.198006439055921,0.417086473081475,0.20937209335011,0.175534994512493
"384.3121-17.235",4,0.165108709710419,0.12840231687897,0.261842550924677,0.444646422485935
"499.30704-10.524",1,0.358841719982951,0.315929446807733,0.148787634308635,0.176441198900681
"535.32847-12.862",1,0.635582229448018,0.118227410301382,0.0966018908664657,0.149588469384134
"530.28706-14.986",4,0.149414026583832,0.110037226209339,0.197174335973016,0.543374411233813
"554.86977-0.954",2,0.157745993083512,0.582122106741089,0.134884178951516,0.125247721223884
"373.23853-13.839",3,0.142104018399367,0.12772534480899,0.482866829172918,0.247303807618725
"227.94487-1.005",1,0.479295577980857,0.220403363612252,0.131347409923192,0.168953648483699
"482.8675-0.964",1,0.643646195963428,0.134376625894724,0.0930872751986897,0.128889902943158
"154.93286-0.961",2,0.202267964041658,0.381601174591539,0.230401607131835,0.185729254234967
"351.13437-11.484",3,0.141747512948005,0.154765329030282,0.519888545338781,0.183598612682932
"351.13453-11.484",3,0.144861344561915,0.15915257591069,0.509632271570567,0.186353807956828
"287.92628-1.208",3,0.164384423882468,0.137669783740508,0.357787123560944,0.34015866881608
"343.28542-12.403",4,0.0913528010183064,0.062412117253948,0.0974455390955894,0.748789542632156
"267.03842-8.442",2,0.202838800262631,0.374496950164617,0.234971372589842,0.18769287698291
"558.81229-0.966",2,0.178266046757807,0.510671094716298,0.163865615405073,0.147197243120822
"165.07692-1.078",4,0.299886817464692,0.148767006120516,0.166277686177611,0.385068490237181
"444.31232-14.294",4,0.167509396211895,0.135274743348818,0.308261376947054,0.388954483492234
"145.94178-0.952",1,0.504637650654692,0.20488314690616,0.126058988526685,0.164420213912462
"368.19034-11.493",4,0.108164209766971,0.0699118997957363,0.100651111924839,0.721272778512454
"222.81506-0.875",3,0.161771881659888,0.137396308260616,0.378872641124948,0.321959168954548
"340.28571-17.405",3,0.15253893453465,0.133802177823825,0.433541226298129,0.280117661343396
"481.35392-17.685",1,0.672558276500726,0.108269202379414,0.0867924435802375,0.132380077539622
"351.19278-8.066",3,0.119678547314122,0.126089910690227,0.592641494780241,0.161590047215409
"545.28706-13.155",4,0.167936770576808,0.102687355548688,0.138046836059644,0.591329037814861
"449.32764-13.127",4,0.167314461880434,0.136061130714233,0.317278108093431,0.379346299311903
"349.23857-10.993",4,0.266513066018942,0.141094870986004,0.165427330275758,0.426964732719295
"282.8418-0.927",2,0.155138258938411,0.632251507120657,0.105191993758825,0.107418240182106
"154.91582-0.875",1,0.36224389559155,0.156135424241757,0.160579294206296,0.321041385960397
"649.19614-11.984",4,0.0804538859511539,0.0542505559397369,0.0829841090548912,0.782311449054218
"189.10452-8.449",3,0.195712263963107,0.267748383922522,0.327059499829675,0.209479852284696
"633.36509-11.307",2,0.185056800828933,0.483299304339454,0.176058767202162,0.15558512762945
"374.29142-13.191",3,0.175063709508028,0.209986506671913,0.408180386940086,0.206769396879972
"615.35406-13.897",1,0.640746628239491,0.116875342301554,0.0952345593511016,0.147143470107854
"319.10501-8.321",3,0.146363561278541,0.161308039620723,0.504681172769318,0.187647226331419
"436.2642-14.752",4,0.137557214581844,0.0867104672317547,0.120866795536354,0.654865522650047
"681.42287-12.235",2,0.203767409560603,0.357579774467285,0.246429191737283,0.192223624234829
"681.42269-12.239",2,0.203688154084848,0.359644051581156,0.244984644277558,0.191683150056438
"359.12501-7.432",1,0.471049587725904,0.151430554057734,0.138659138600456,0.238860719615906
"347.14991-9.812",3,0.154459803574302,0.134741838965847,0.423457790006542,0.287340567453309
"380.85187-0.98",4,0.166784971819968,0.131664976443352,0.279909080853262,0.421640970883418
"503.08762-7.481",1,0.656993040021054,0.128470453439846,0.0897243307006959,0.124812175838405
"455.28081-17.04",3,0.136958963955878,0.124299895599132,0.505092601927832,0.233648538517158
"330.91777-0.931",4,0.229670931363676,0.129423739785695,0.160041474603463,0.480863854247166
"513.18205-8.278",2,0.241410276420569,0.469198602963971,0.139060790485051,0.150330330130409
"358.14102-8.385",4,0.141763984184925,0.102848674848682,0.178719104423473,0.57666823654292
"546.28425-14.032",1,0.400236973057573,0.156702144834292,0.154074484809737,0.288986397298398
"254.8384-0.91",3,0.0889520220771415,0.0905306004441178,0.694935469959966,0.125581907518774
"238.09337-1.042",2,0.118593388567145,0.699137284535963,0.0927555778638086,0.0895137490330841
"480.20682-10.989",4,0.167494407367934,0.135388984197698,0.309460460256146,0.387656148178223
"543.2369-8.11",1,0.511351004816655,0.145511109460485,0.128820635856496,0.214317249866364
"770.34342-11.165",4,0.134109506969685,0.0961061091502294,0.163062843947713,0.606721539932373
"186.91819-0.994",4,0.137593682263953,0.0991303043510083,0.169921110437367,0.593354902947671
"447.26072-12.116",4,0.149517487470881,0.1101385824854,0.197451122358361,0.542892807685357
"590.24706-9.432",1,0.385173607333285,0.156797319288731,0.156852516500257,0.301176556877727
"340.68362-0.919",4,0.153063513842815,0.095064915264781,0.130143768314726,0.621727802577678
"777.37114-12.301",4,0.113991024947713,0.0796642296128842,0.129160906664642,0.677183838774761
"403.2856-13.748",3,0.150157656041421,0.132545444159034,0.445496439183044,0.271800460616501
"563.1779-9.089",1,0.46633615357077,0.228807306527782,0.133905481714136,0.170951058187312
"347.14981-9.394",3,0.0905924606492956,0.0923497128877061,0.689440413270021,0.127617413192977
"348.83205-0.935",2,0.184811733531102,0.484340417904281,0.175581008042154,0.155266840522463
"430.29984-14.822",1,0.378917034927795,0.156716099607074,0.157934294555989,0.306432570909141
"348.16966-7.985",4,0.16662873268736,0.136983697129948,0.331742487622579,0.364645082560113
"514.89081-0.962",3,0.153665072460144,0.134361897312064,0.427683667500933,0.284289362726858
"563.2869-12.805",4,0.134499404027743,0.0850180035919119,0.118917700933947,0.661564891446398
"400.1801-11.257",4,0.166357977645924,0.130701730853922,0.274106270166579,0.428834021333575
"718.85617-0.969",2,0.141599239394901,0.661044548024588,0.0980320820445686,0.0993241305359418
"718.85621-0.968",2,0.174209808505369,0.592933276630107,0.114549240057224,0.1183076748073
"585.32603-6.594",4,0.327475257651123,0.153094317613144,0.164720723126469,0.354709701609263
"714.38413-14.992",4,0.247513655017658,0.135496004813843,0.163299301795406,0.453691038373094
"579.39109-15.727",4,0.33762406174079,0.154249925796383,0.163732662467018,0.344393349995809
"395.20773-11.658",4,0.0850272881288615,0.057698337435314,0.0891260475021067,0.768148326933718
"495.32484-13.508",4,0.149957212968205,0.110570842449211,0.198637532706185,0.540834411876399
"418.2964-15.99",1,0.407875710757502,0.156503153057133,0.15258169894352,0.283039437241845
"500.2791-10.758",1,0.368231316144775,0.156406253246743,0.159671770028164,0.315690660580318
"538.26391-5.723",4,0.14623462206563,0.10698160051896,0.189063081703613,0.557720695711796
"245.81983-0.872",4,0.0860199559904259,0.0584387501823211,0.0904316076126755,0.765109686214578
"446.90288-0.964",4,0.329784036436676,0.153377282010022,0.164513742093771,0.352324939459531
"468.75087-0.889",3,0.19574705973597,0.267894415734709,0.326891031563437,0.209467492965884
"311.96271-8.444",1,0.533762746914193,0.141488029283623,0.123162198166679,0.201587025635505
"415.27053-12.645",4,0.166115939263785,0.13021034358358,0.271316365527751,0.432357351624884
"435.34854-15.195",1,0.36528378878723,0.156281804806577,0.160124753143415,0.318309653262777
"472.31053-17.687",2,0.295441627431556,0.389042843909856,0.148293568694539,0.167221959964049
"690.33243-12.037",2,0.229557069014664,0.489152336174999,0.13578087293863,0.145509721871707
"513.27574-15.38",2,0.276059434332897,0.415772403235796,0.146028089129508,0.162140073301798
"493.31805-13.472",4,0.164983905913525,0.128196627527704,0.260832145211776,0.445987321346995
"378.77962-0.882",2,0.20201722154917,0.38437995914739,0.228650022083658,0.184952797219782
"380.77662-0.885",2,0.196030126004327,0.429458863798897,0.202639408526071,0.171871601670706
"451.34341-14.18",1,0.512457011135683,0.145323977217421,0.128543995249399,0.213675016397497
"573.25307-12.253",1,0.392512426890583,0.284590923864413,0.145706861520765,0.177189787724239
"534.81206-0.924",1,0.64258401082782,0.134851235792278,0.0933540168630759,0.129210736516826
"404.78592-0.888",2,0.202875058586033,0.313360407682014,0.281134465610746,0.202630068121206
"376.92948-7.042",4,0.251819148744541,0.136843480745515,0.163897746496864,0.44743962401308
"677.30041-14.541",1,0.734912372091595,0.0903495482008778,0.0701828828167258,0.104555196890801
"621.1215-6.523",1,0.452920483184898,0.153462138948847,0.142887185214993,0.250730192651262
"347.04174-7.867",4,0.13304224905774,0.0842065714789162,0.117975489591606,0.664775689871738
"559.24509-11.133",3,0.120002683050036,0.1264868663892,0.591569694250799,0.161940756309966
"433.29632-14.598",1,0.38783769134433,0.156810021342029,0.156378451413003,0.298973835900638
"704.81542-0.967",2,0.136725515262835,0.646703442643238,0.111084964451436,0.105486077642491
"708.8268-0.964",2,0.160771304704644,0.620476512706431,0.108050495193739,0.110701687395186
"703.28504-14.944",4,0.182072235430492,0.109539693532106,0.144621486495862,0.56376658454154
"593.47921-17.598",1,0.605679094260429,0.151815623976514,0.10252489183126,0.139980389931797
"289.9056-1.183",4,0.090805893783068,0.059551151542865,0.0874571033025934,0.762185851371474
"382.25195-15.359",2,0.20403015505368,0.34538504021352,0.255250811780756,0.195333992952045
"461.13081-5.265",4,0.128953587720876,0.0917447702749927,0.153569510834609,0.625732131169523
"640.29279-15.778",3,0.0726186466440424,0.072638641200876,0.749713796955392,0.10502891519969
"509.14382-7.21",1,0.752485682578241,0.0852225096701674,0.0654858401661595,0.096805967585432
"509.14388-7.216",1,0.566843370119763,0.170861085149763,0.111912606525035,0.150382938205438
"373.08223-8.856",2,0.216571522693454,0.511972994092097,0.131660087962662,0.139795395251787
"393.97672-7.321",3,0.176582062990648,0.213179941123839,0.402833353850533,0.20740464203498
"460.87597-0.922",2,0.203022117842411,0.371892170069802,0.236681173776582,0.188404538311204
"489.34384-17.268",4,0.199406897831162,0.117375178641471,0.151423256372065,0.531794667155302
"417.33774-16.858",1,0.461842974043224,0.152515305188645,0.140824905789322,0.244816814978809
"707.34218-16.174",1,0.396439902655975,0.156763925383863,0.15479638274879,0.291999789211372
"554.30813-12.177",4,0.0908712175150765,0.062052942650959,0.0968095619325961,0.750266277901368
"343.249-16.879",4,0.0836976276808854,0.0567043206048882,0.0873701574182474,0.772227894295979
"512.37126-13.109",2,0.292894566452483,0.392429662884223,0.148059037942054,0.16661673272124
"391.98341-7.328",3,0.165859599482941,0.192351241785811,0.439814093381482,0.201975065349765
"477.21854-11.887",1,0.399517007231909,0.278604635479,0.144847419518765,0.177030937770327
"384.05262-1.015",1,0.65337143635962,0.11351489138833,0.091887864619514,0.141225807632537
"552.85888-0.976",1,0.431114895668084,0.15531449277259,0.147748348162639,0.265822263396686
"479.11782-1.437",3,0.187301784491223,0.239273704129785,0.363167264522569,0.210257246856424
"571.42208-14.909",4,0.10643874580678,0.0688931993174676,0.0993713169766586,0.725296737899093
"593.33475-15.048",1,0.624031709260692,0.121201035272932,0.0996558500923521,0.155111405374024
"410.20104-11.234",4,0.12407177345574,0.0791444254941466,0.111990098663833,0.684793702386281
"409.09669-1.016",1,0.348687965786454,0.326303785437855,0.149322119893705,0.175686128881986
"689.3443-12.845",1,0.381129276037166,0.294692447560063,0.146953513052564,0.177224763350207
"337.23866-14.538",2,0.243724875542559,0.46540139530033,0.139647428351637,0.151226300805474
"664.25668-13.803",4,0.0908329203683795,0.0620243862285999,0.0967590220458693,0.750383671357151
"587.34463-7.857",2,0.17216697484639,0.533271799652936,0.154307369144295,0.140253856356379
"367.17628-9.713",1,0.767045266454976,0.0818879718017716,0.0615206763570599,0.089546085386193
"715.3684-14.544",4,0.305200257114792,0.149738893724505,0.166119609135211,0.378941240025492
"504.27139-14.703",4,0.11917096795215,0.0763328651559978,0.108590892636056,0.695905274255796
"321.04115-10.499",4,0.0782055713438449,0.0521896440973768,0.0785934569244994,0.791011327634279
"391.12029-13.358",1,0.367709085933835,0.156385450274998,0.159752889836851,0.316152573954316
"523.24507-14.867",1,0.635900272490814,0.118144537516367,0.096517716645697,0.149437473347122
"544.27458-5.364",1,0.366176668225918,0.156321311970988,0.159988789056895,0.317513230746198
"412.28203-14.074",1,0.641911597551094,0.116568491361772,0.0949259764896918,0.146593934597442
"557.44298-13.873",2,0.266302673949197,0.430076672827937,0.144454649341032,0.159166003881833
"310.12002-9.211",3,0.16432335331889,0.137671674037857,0.3583486622798,0.339656310363452
"487.34348-11.521",2,0.106089238733848,0.736548418297971,0.0793601998388995,0.0780021431292806
"413.16415-12.013",3,0.166328956567806,0.193190484884337,0.438225529811394,0.202255028736463
"343.90802-7.655",2,0.26548923090439,0.431295324267602,0.144309948689155,0.158905496138853
"401.83547-0.895",3,0.0944141640305096,0.0904199655791424,0.669154911879423,0.146010958510925
"407.29186-14.495",4,0.339147172164153,0.154403825323878,0.163567429474779,0.342881573037189
"300.89827-0.964",1,0.347414128560851,0.15515203366468,0.162598437260094,0.334835400514376
"403.09341-6.06",2,0.254453040148514,0.448227972693671,0.142137562619929,0.155181424537886
"593.47944-17.883",2,0.175018113359841,0.522894683972582,0.158644353298027,0.143442849369551
"405.15582-9.474",1,0.393778359325598,0.156792229467908,0.155293985265898,0.294135425940596
"128.07182-1.44",1,0.389161000259948,0.156811540017919,0.156140101584389,0.297887358137744
"495.21246-9.736",4,0.254641471338437,0.137701770207899,0.164252197967372,0.443404560486292
"705.53199-12.023",4,0.131084487649123,0.0935322343742554,0.157408022655198,0.617975255321424
"615.35441-14.745",4,0.21186979891097,0.122596384269413,0.155463449906971,0.510070366912647
"345.89816-1.022",2,0.144461321324042,0.623573743921153,0.119414073192738,0.112550861562068
"445.2731-12.891",4,0.118184484594467,0.0829784783207586,0.135626040098409,0.663210996986366
"445.27308-12.885",4,0.0963223384777324,0.0661304842698182,0.104070030857419,0.73347714639503
"495.32556-16.205",3,0.160469105407125,0.183081081231797,0.457931320692928,0.19851849266815
"409.04404-9.317",2,0.190530702005423,0.458587355060869,0.187770560367141,0.163111382566567
"423.13917-12.006",2,0.247877521705394,0.458670563691394,0.1406559033337,0.152796011269511
"269.1008-7.387",2,0.198080307706218,0.416593621295065,0.209646070810432,0.175680000188285
"439.26254-12.874",3,0.155462983497087,0.174995339579896,0.474600035615768,0.194941641307248
"533.34082-17.097",3,0.0839710989284628,0.0850430112431744,0.711637624253409,0.119348265574954
"533.34094-17.095",3,0.14095802839468,0.153669316045977,0.522488014037623,0.18288464152172
"417.27964-12.656",1,0.662385459431843,0.11107026044788,0.0894952456313017,0.137049034488976
"491.21418-7.694",1,0.400068892603108,0.278140114340105,0.144776882899034,0.177014110157753
"474.84254-0.979",4,0.153361468447365,0.0952215180601432,0.130311819615295,0.621105193877196
"455.3171-16.653",3,0.164268938133475,0.137672912558748,0.358845224332404,0.339212924975373
"453.33726-16.926",3,0.0700374157751895,0.0688449594432299,0.757183255017587,0.103934369763994
"364.79906-0.881",3,0.181633589573727,0.224582328749949,0.384644243264785,0.20913983841154
"363.79473-0.887",3,0.182321698179239,0.226243756200899,0.382107960564527,0.209326585055334
"361.79741-0.886",3,0.118253505531036,0.124351580106908,0.597355253313857,0.160039661048199
"537.28401-10.858",1,0.389712277156895,0.156811240283042,0.156040254638257,0.297436227921805
"449.31557-15.359",3,0.161846515234455,0.185389392708998,0.45332158406168,0.199442507994867
"431.0446-7.126",3,0.124615183590236,0.132201888744985,0.576332090058963,0.166850837605815
"521.26825-13.961",4,0.335255614617749,0.154000563692193,0.163981041148951,0.346762780541107
"486.28247-13.183",1,0.35586244181586,0.155767658964314,0.161489848522857,0.326880050696969
"370.29645-14.259",4,0.190078991464739,0.113239347814788,0.147935612276915,0.548746048443559
"220.88026-0.9",1,0.703182333782736,0.108733970177477,0.0779545120530286,0.110129183986758
"378.24193-9.332",3,0.0819997343367193,0.0794647636696079,0.714131718749464,0.124403783244209
"190.89266-0.865",1,0.346618398699043,0.15508635256346,0.162696847650376,0.335598401087121
"251.10394-8.349",1,0.34226953791386,0.333104517583567,0.149552281393063,0.17507366310951
"623.2975-14.003",1,0.47439333331742,0.151010427217407,0.137863850074747,0.236732389390425
"208.83726-0.917",3,0.0813607038989745,0.078894508682772,0.71643223352365,0.123312553894604
"375.26733-17.828",3,0.164588902801408,0.137659411168961,0.355872539016218,0.341879147013414
"734.38519-6.62",2,0.190979705978355,0.456408992959349,0.188839797893315,0.163771503168981
"401.27008-13.349",3,0.130756144722214,0.119901066338776,0.530778233069365,0.218564555869645
"599.23243-11.462",4,0.237722598119,0.132260804472914,0.161670488150862,0.468346109257224
"660.82669-0.966",2,0.168481710902614,0.546274029132135,0.148986691664145,0.136257568301106
"662.831-0.967",2,0.110696185005103,0.72817083632242,0.0808826288155208,0.0802503498569566
"465.15401-7.527",1,0.368915097437724,0.156432683859394,0.159565001877748,0.315087216825134
"362.80215-0.882",3,0.155623715732286,0.135273529925529,0.417113067942911,0.291989686399274
"603.31873-13.769",1,0.345362062035801,0.329803734580862,0.149452159862337,0.175382043521
"751.86434-11.937",2,0.24806825567255,0.458363938467335,0.140700867521953,0.152866938338163
"724.87298-0.975",2,0.188938170288321,0.466103813819835,0.184129079911634,0.16082893598021
"601.24813-12.49",2,0.259955740829938,0.439692288911297,0.143269646251738,0.157082324007028
"615.39056-16.637",3,0.148696486838885,0.13173088747098,0.452587492276553,0.266985133413582
"503.33867-13.61",2,0.106095843618181,0.736379705970413,0.0794612129691021,0.0780632374423043
"449.31253-14.43",4,0.212115127586561,0.12269557474976,0.155535965408874,0.509653332254804
"397.30749-16.517",1,0.516363705000476,0.144653217268935,0.127564506228811,0.211418571501778
"585.2585-15.313",1,0.344377995183022,0.154894215776392,0.162968148496137,0.337759640544449
"354.00949-10.491",3,0.0812514516421294,0.0820654638596485,0.720765282839588,0.115917801658634
"477.26841-15.392",1,0.347032450106094,0.155120696184774,0.162645773616143,0.335201080092989
"244.88819-0.968",2,0.178808722388828,0.583697088223516,0.116662836330338,0.120831353057318
"493.29444-16.425",1,0.498286030231272,0.208667867829836,0.127416377432332,0.16562972450656
"466.82469-0.914",2,0.137180134235729,0.670575129190852,0.0956169214347998,0.0966278151386189
"466.82474-0.913",2,0.106357085408629,0.735123752562969,0.08004003933599,0.0784791226924116
"469.2733-12.257",2,0.217844741460821,0.509691809026588,0.132088325411726,0.140375124100865
"135.91298-0.925",1,0.381388930260632,0.156756877832624,0.157512314746154,0.30434187716059
"602.38333-17.183",4,0.258934784859935,0.138969379425351,0.164735210316872,0.437360625397842
"513.20068-13.621",1,0.450553131852258,0.153695516549581,0.14342777913189,0.25232357246627
"463.28267-14.03",1,0.37076193252594,0.156499510674495,0.15927352455638,0.313465032243186
"449.01069-9.282",4,0.31135765353285,0.150781520170375,0.165847687900785,0.37201313839599
"493.30949-11.976",4,0.114854338358136,0.0803426559533515,0.130472064761107,0.674330940927405
"249.14978-11.455",4,0.276431394736223,0.143660993119226,0.166038202393362,0.41386940975119
"343.28535-16.925",4,0.204076498047618,0.119372972745739,0.15301940157565,0.523531127630993
"291.18467-9.688",1,0.615781176429163,0.123280342273758,0.101833263852503,0.159105217444577
"377.97329-7.453",4,0.0780135220835539,0.0521858623496787,0.0788668419952501,0.790933773571517
"441.31426-17.025",4,0.160480912034713,0.121962420804555,0.234586902639239,0.482969764521492
"689.35232-14.615",4,0.0798808099435683,0.053054990409229,0.079341209778689,0.787722989868514
"517.05277-7.156",1,0.644667205034797,0.115840000388772,0.0941958561631547,0.145296938413276
"471.34864-13.891",4,0.10727836486127,0.0693892820514739,0.0999951699180926,0.723337183169163
"405.04261-7.725",2,0.17854391429313,0.50960287667754,0.164328035947244,0.147525173082086
"375.98513-0.984",2,0.172899281426025,0.595583519143236,0.113936342769845,0.117580856660894
"499.35663-16.845",4,0.117342951818775,0.0823094716331005,0.134308571120142,0.666039005427983
"535.24755-12.314",4,0.16732785112527,0.102383342425552,0.137742958075724,0.592545848373453
"345.02925-1.028",2,0.231604431769456,0.485645412925357,0.136380350483258,0.146369804821928
"447.03938-8.472",1,0.417944614402665,0.15609308820473,0.150537830146285,0.27542446724632
"428.17491-14.752",4,0.166672269670227,0.136947983792765,0.331035566876922,0.365344179660086
"427.08028-9.322",2,0.149060292255456,0.609507122383741,0.124578058847772,0.116854526513031
"494.27172-17.095",3,0.164798086348202,0.137641851384237,0.353854443205284,0.343705619062278
"718.46305-11.92",2,0.106119281499315,0.73668085360376,0.0792521430791324,0.0779477218177932
"461.12036-7.368",1,0.65698760096523,0.128472839358221,0.089725705190116,0.124813854486433
"671.21991-8.128",1,0.581574541122762,0.131460265375919,0.110813223198224,0.176151970303095
"433.01532-10.115",4,0.154306473753516,0.0957171836026187,0.130842219427692,0.619134123216173
"213.04065-1.122",2,0.141321654718871,0.633034587392365,0.115984384001175,0.109659373887589
"655.39888-11.183",3,0.194195263038805,0.261687508675725,0.33419260774061,0.20992462054486
"295.88687-8.598",4,0.167358542653502,0.135945445778606,0.315822767974863,0.380873243593029
"449.32762-14.947",4,0.273142484162373,0.142837107454221,0.165871491148063,0.418148917235344
"505.19336-7.767",1,0.459404080016275,0.152784519265932,0.141392368113749,0.246419032604044
"470.9048-0.932",4,0.254923653815782,0.137786494120743,0.164286012828245,0.443003839235229
"349.23862-10.645",4,0.223641574699013,0.127196068069412,0.158644190128128,0.490518167103448
"491.29373-16.657",3,0.145851429059928,0.130063193360607,0.46595953749297,0.258125840086495
"591.17248-7.844",1,0.382699380452922,0.156773876930675,0.157285709922938,0.303241032693465
"627.35239-13.72",1,0.348522581460443,0.155241300696219,0.16245958427239,0.333776533570947
"585.31402-16.663",4,0.167233453857485,0.136238727638001,0.31962511330789,0.376902705196623
"728.85934-8.066",2,0.157496584616516,0.582925837639871,0.134576445970051,0.125001131773562
"499.27069-12.308",3,0.173758107951875,0.207314101587727,0.412742776510531,0.206185013949866
"531.28614-16.229",2,0.248704436712419,0.457342815478978,0.140849982968893,0.15310276483971
"197.1185-7.49",1,0.359130393834619,0.315641174118799,0.148769517613138,0.176458914433444
"539.22717-7.703",1,0.45282525276832,0.237949046476631,0.13644744255902,0.172778258196029
"424.07866-7.261",1,0.538344525324172,0.185824448322521,0.118561200206981,0.157269826146326
"569.33383-12.127",4,0.314079295784129,0.151214048632457,0.165698396479091,0.369008259104323
"377.24652-12.1",1,0.745401631133427,0.0872763989992855,0.0673810961275437,0.0999408737397437
"543.28639-12.753",1,0.412104054977014,0.156351059389816,0.151733467396653,0.279811418236517
"637.28879-7.743",3,0.161843925007266,0.137411304457479,0.37835133086366,0.322393439671596
"496.31099-11.961",3,0.197909868158181,0.277754437467027,0.315869107491617,0.208466586883175
"454.14415-11.331",1,0.395436317836151,0.1567760599057,0.154984841966818,0.292802780291331
"567.3183-12.646",3,0.123167995297527,0.114199303349614,0.561028421464505,0.201604279888353
"219.935-0.94",1,0.76714225366137,0.0818171890474416,0.0614979088360904,0.0895426484550977
"497.30459-16.864",4,0.113850826903077,0.0732467413907845,0.104803637818266,0.708098793887873
"443.31675-10.457",4,0.296827334821491,0.148176768347572,0.166335131189734,0.388660765641203
"309.86086-0.916",2,0.311850974145879,0.368106480812339,0.149370423970088,0.170672121071694
"397.33244-17.671",4,0.152844819813568,0.113474797091129,0.206878381501472,0.526802001593831
"421.23509-11.275",4,0.102195438001658,0.0705652946216376,0.112097444468377,0.715141822908328
"505.18782-12.268",1,0.755533475656637,0.0843524190469448,0.0646690966083426,0.0954450086880754
"771.41816-13.895",1,0.629575767448595,0.140722122503671,0.0966090447526674,0.133093065295067
"129.89303-0.885",3,0.0913447722373423,0.0931861532584847,0.686921440407615,0.128547634096558
"353.06685-8.357",1,0.409725806481926,0.270174250947523,0.143479345771704,0.176620596798848
"634.89133-0.964",2,0.191791723129531,0.558183907121896,0.122305645400535,0.127718724348038
"423.32309-14.656",1,0.592733633922939,0.15801240963072,0.105689124640562,0.14356483180578
"473.32775-17.886",4,0.125812309357915,0.0801353549307414,0.113175807942671,0.680876527768673
"381.24148-13.526",2,0.203949796629695,0.351185195206545,0.250991969549977,0.193873038613783
"432.03372-7.866",4,0.165256889701125,0.128650782190672,0.263079780369571,0.443012547738631
"417.27794-17.183",3,0.133464126346411,0.143559238786636,0.54716052401663,0.175816110850323
"493.34604-14.974",4,0.219718013441312,0.1256994936669,0.157651326514287,0.496931166377501
"544.26728-13.762",3,0.114388929158307,0.107251931179657,0.594896925238777,0.183462214423259
"433.33266-14.82",4,0.207411574998634,0.120769515774474,0.154098774084252,0.517720135142639
"533.34882-16.609",1,0.415771102899714,0.156195503648464,0.150985927973347,0.277047465478475
"443.31724-11.351",3,0.161472435098284,0.137330549851633,0.381012764160333,0.320184250889749
"420.16945-10.803",1,0.437082047046252,0.249142129718752,0.139224405730799,0.174551417504197
"542.82991-0.976",1,0.414948467798464,0.156232291143768,0.151154560961963,0.277664680095805
"312.88521-0.987",3,0.140200575381846,0.126484727095567,0.491206097740672,0.242108599781915
"523.10221-8.293",1,0.710533607531526,0.105673840220278,0.0760664877520513,0.107726064496144
"357.87773-1.024",2,0.131963289435749,0.681895304475782,0.09272512783349,0.093416278254979
"234.84811-0.994",4,0.0932112163699763,0.0637998042308432,0.0999084858750044,0.743080493524176
"476.78252-0.891",3,0.144358804259753,0.129149780489262,0.47277953711352,0.253711878137464
"555.31084-11.798",3,0.0785495065650432,0.0763822046194137,0.726541769314541,0.118526519501002
"289.94922-0.927",4,0.0867410952508856,0.0589761285695857,0.0913787075995652,0.762904068579963
"731.98471-11.142",3,0.0916252297486606,0.0934983380886504,0.685982561756156,0.128893870406533
"551.29332-16.706",3,0.157201605027824,0.13594125508324,0.408165976244283,0.298691163644654
"444.25262-11.772",4,0.103917257843929,0.0718759555728626,0.114501932606841,0.709704853976367
"689.35286-13.98",1,0.455070553523369,0.153243627008483,0.142393752033287,0.249292067434862
"351.93263-1.014",3,0.10611163051671,0.100425491488295,0.626043741049472,0.167419136945523
"351.93263-1.012",3,0.100340035404028,0.0955350273855203,0.647425851386725,0.156699085823728
"473.29198-16.801",3,0.0763647381132296,0.0744284355221682,0.7343903937521,0.114816432612502
"559.32591-14.238",4,0.0838892976319179,0.0553995451243797,0.082165806963046,0.778545350280656
"309.90234-9.597",1,0.675418084683546,0.107474138042709,0.0860321856008095,0.131075591672936
"394.18349-1.056",1,0.749950556112799,0.0894398576628315,0.0659018366896431,0.0947077495347261
"430.24499-11.23",3,0.123857299041454,0.114729905751512,0.558323185870737,0.203089609336297
"445.02394-8.118",4,0.299975806372182,0.148783837890162,0.166275642555149,0.384964713182508
"260.87153-0.984",4,0.166635685083538,0.131310507419587,0.277717813858158,0.424335993638717
"714.38103-14.985",2,0.197237397136181,0.422075493487756,0.206624148672727,0.174062960703336
"351.1848-12.605",3,0.124021852043109,0.131459521143752,0.578290761436442,0.166227865376697
"628.31994-15.962",2,0.239614896256195,0.472166422252572,0.138593638452507,0.149625043038726
"392.80247-0.89",2,0.200533542904387,0.398357213356528,0.220124417867955,0.18098482587113
"391.80654-0.892",2,0.201024216893304,0.394095277660643,0.222675524151826,0.182204981294227
"174.87478-0.877",4,0.21380721866965,0.123375887237157,0.156028832268993,0.506788061824199
"173.86923-0.882",4,0.133374066819033,0.0954761841934089,0.161664231719605,0.609485517267953
"425.33895-16.602",4,0.2847936415984,0.14563552620551,0.166308853598102,0.403261978597988
"319.92648-9.237",2,0.111659398473677,0.726128477970444,0.0813844834845833,0.0808276400712961
"624.86256-0.957",2,0.223160226845037,0.50027015437395,0.133819487681511,0.142750131099502
"628.87378-0.955",1,0.621098273060371,0.14460959289745,0.0987178467685767,0.135574287273602
"227.96954-0.957",2,0.106420634460026,0.736485208285883,0.0791294734044097,0.0779646838496804
"411.33447-13.317",2,0.271789554254716,0.421961551034414,0.145376125545043,0.160872769165827
"624.79421-0.958",2,0.1937130633016,0.442467075346422,0.195840767111125,0.167979094240853
"589.30012-13.636",1,0.503820209838391,0.205366511755806,0.126234783815119,0.164578494590684
"455.15639-10.703",4,0.0941296189678593,0.0644867267602805,0.10113152387893,0.74025213039293
"441.28699-13.709",2,0.253102842711772,0.450350659678254,0.141844807423543,0.154701690186431
"740.40012-15.224",3,0.126804253247049,0.116970977430247,0.546667409914597,0.209557359408107
"384.25465-15.298",3,0.0831119325498163,0.0804562342060132,0.710125185835488,0.126306647408682
"550.18833-13.318",4,0.154364175532827,0.115055269605597,0.211584018781828,0.518996536079747
"481.24535-13.737",1,0.528437876414885,0.142486723416623,0.124515967057577,0.204559433110916
"581.37003-15.238",1,0.472274916724782,0.224913823977594,0.132746870623904,0.17006438867372
"323.22302-14.199",3,0.153194021860636,0.13413070472714,0.430151537141671,0.282523736270553
"200.92135-0.882",1,0.401520319450134,0.156675637056374,0.153827398362559,0.287976645130934
"179.90284-0.933",2,0.178252602745287,0.510722682340236,0.163843309384675,0.147181405529802
"639.33143-11.25",2,0.188707881324846,0.467165804979175,0.183620401607233,0.160505912088745
"358.85687-0.953",4,0.242207653265623,0.133772168475496,0.162463594310069,0.461556583948812
"672.85979-0.976",1,0.358971586897571,0.315799715594992,0.148779503519602,0.176449193987834
"336.00723-7.367",4,0.310599190563252,0.150657902448262,0.165886165609103,0.372856741379383
"470.74817-0.888",3,0.104983219381864,0.108636903731203,0.641391037897762,0.144988838989171
"387.10228-8.166",4,0.090912610463814,0.0596153675502665,0.087539550471641,0.761932471514278
"529.22992-7.65",4,0.176930038131245,0.107093271778725,0.142336507206321,0.573640182883709
"580.19633-14.06",4,0.198473589722679,0.116970008604607,0.151092300034792,0.533464101637922
"584.81471-0.97",2,0.106305813476089,0.736618294944707,0.0791392905616008,0.0779366010176033
"464.23209-13.163",4,0.220256847161819,0.125907199660042,0.157791628047952,0.496044325130187
"508.31034-12.803",3,0.0998109958220911,0.102707179601122,0.658626148841886,0.138855675734901
"503.29389-15.405",2,0.201734438827182,0.387331527812935,0.226810771168053,0.18412326219183
"628.28048-7.892",4,0.122172797957473,0.0861783079789995,0.142021895056981,0.649626999006546
"457.28429-12.853",4,0.14555386165116,0.106340922546575,0.187415562728713,0.560689653073552
"670.21993-13.568",4,0.165502889927351,0.129074639093215,0.265234698794892,0.440187772184541
"602.27691-15.071",4,0.167442104981737,0.135661382251947,0.312456512631873,0.384440000134443
"154.01221-1.022",1,0.56479590942402,0.171905614783,0.112397967903459,0.150900507889521
"550.85772-0.947",1,0.663847736892174,0.125476435550874,0.0879896538653438,0.122686173691608
"402.88516-0.97",2,0.1060887853819,0.736496773691448,0.0793931420124647,0.0780212989141868
"346.8242-0.887",4,0.134638178911958,0.085095117964006,0.119006985765456,0.66125971735858
"356.17157-11.87",2,0.301620540820608,0.380981462207848,0.148785992813153,0.168612004158391
"471.34832-12.683",1,0.6478367109576,0.132510933979218,0.092033608513092,0.12761874655009
"384.21435-6.244",4,0.0935464881154928,0.0611995327362023,0.0895737432425282,0.755680235905777
"506.79835-0.977",1,0.703806650366916,0.099420917712145,0.0784767853402091,0.11829564658073
"607.37767-15.234",3,0.155167577884566,0.135068839319161,0.419623049908817,0.290140532887456
"406.85474-0.981",1,0.368179929525508,0.156404229988119,0.159679768387063,0.31573607209931
"379.28565-13.562",4,0.199876379873909,0.11757825550378,0.151588230612163,0.530957134010149
"609.40153-12.485",4,0.0837479724544229,0.0567420237915475,0.0874368648991888,0.772073138854841
"787.2674-8.303",1,0.499048726466382,0.147507912072359,0.131876652797935,0.221566708663324
"670.85544-0.96",1,0.474470450137324,0.223492748895994,0.132312599150278,0.169724201816404
"624.86268-0.957",2,0.171278883778497,0.598871397225146,0.113172134184256,0.116677584812101
"689.43573-10.713",4,0.229322065706706,0.129297241054622,0.159964816282327,0.481415876956346
"484.24575-10.672",4,0.281061614084107,0.144775574817059,0.166214700908089,0.407948110190745
"296.92175-7.731",2,0.180736973870227,0.501032209433178,0.168075898732314,0.150154917964281
"435.29989-11.059",3,0.121872591056425,0.113195877531334,0.566092268979676,0.198839262432565
"110.94305-0.955",2,0.19901894544467,0.410088357856605,0.213306230202915,0.177586466495809
"186.93909-0.987",4,0.105663013077587,0.0732103659253893,0.116966825734438,0.704159795262586
"583.20415-8.149",1,0.599544153912628,0.154734781992422,0.104028348271059,0.141692715823891
"438.25953-16.464",3,0.0919541980515354,0.0938647782512951,0.684881411778737,0.129299611918432
"377.93545-1.009",2,0.227330074748199,0.492995348569671,0.135113208804107,0.144561367878023
"377.93543-1.007",2,0.196368490967243,0.549396388812154,0.124176449841871,0.130058670378731
"541.27078-12.404",4,0.264452131059409,0.140530990774433,0.165258961569137,0.429757916597022
"425.30654-14.527",1,0.388494423720761,0.15681117066876,0.156260398311208,0.298434007299271
"177.09224-11.43",2,0.139285710628397,0.639114391949223,0.113797388825137,0.107802508597242
"184.02524-1.11",4,0.167526561145872,0.135079905957671,0.306285295819898,0.391108237076559
"625.36032-13.734",1,0.560770404749123,0.17397232012573,0.113349011731845,0.151908263393301
"589.33882-14.997",1,0.723646420703552,0.0936534510435489,0.0731887716095094,0.10951135664339
"271.82631-0.883",1,0.377177018804799,0.298313071706587,0.14733993569779,0.177169973790823
"540.16492-12.951",4,0.0906153277618825,0.061862154075585,0.096471963749137,0.751050554413396
"459.34832-17.794",4,0.106623234094061,0.0690022635442198,0.0995085715125485,0.724865930849171
"377.77501-0.888",2,0.199017321595416,0.410100038418534,0.213299583610921,0.177583056375129
"701.38913-16.178",3,0.156891753490564,0.135815401156992,0.409958023939932,0.297334821412512
"423.26737-16.014",4,0.155810188702227,0.116600024773839,0.21635602310021,0.511233763423724
"372.27577-12.711",4,0.235730424273298,0.131573613856554,0.161292221609857,0.471403740260291
"283.7937-0.871",4,0.3275432846721,0.153102825695542,0.164714779387121,0.354639110245237
"665.26411-14.001",4,0.17565444721188,0.106478088365621,0.141750753594032,0.576116710828467
"361.16348-11.865",2,0.330416376159848,0.346183462284894,0.149741935669919,0.17365822588534
"125.88416-0.916",2,0.203475763660435,0.322111012731142,0.27362609879088,0.200787124817543
"438.81074-0.982",2,0.171758512842763,0.597896944173597,0.113399068335109,0.11694547464853
"306.20764-13.575",1,0.351573282402892,0.155473670424921,0.162066987607413,0.330886059564774
"704.09987-7.983",1,0.687078254130058,0.104200084054059,0.0829306683747835,0.1257909934411
"424.90835-0.949",4,0.111389675216924,0.077631308355444,0.125267286522488,0.685711729905144
"504.7859-0.893",3,0.153850768365355,0.134451833691661,0.426703430970159,0.284993966972825
"231.93173-0.958",1,0.349571031600539,0.325383090199768,0.149283770076852,0.175762108122841
"582.87806-0.961",4,0.11294409755831,0.0727174165429808,0.104148517478684,0.710189968420025
"601.24812-10.932",1,0.490182124605721,0.148846960159235,0.134052800162409,0.226918115072636
"417.26515-11.584",4,0.114207293088766,0.0798340007015968,0.129488445591874,0.676470260617763
"681.19609-8.469",3,0.1731264871067,0.206044131980177,0.414939264650599,0.205890116262525
"322.82588-0.938",2,0.115852334746193,0.71708402561488,0.0836668847425725,0.0833967548963539
"324.82297-0.922",2,0.175982694016263,0.589360819960368,0.115370933887161,0.119285552136208
"483.25469-15.02",4,0.327793286474118,0.153134004020062,0.164692854632821,0.354379854872998
"582.23765-13.669",4,0.0791769595862245,0.0532507521803586,0.0811322861315128,0.786440002101904
"258.86742-0.884",4,0.138631618549599,0.0873017643604194,0.121542496993951,0.65252412009603
"626.79975-0.964",2,0.181710268805393,0.497142698158313,0.169799636759715,0.151347396276579
"552.79476-0.95",3,0.170857114301042,0.201595409046775,0.422779674512141,0.204767802140042
"367.13191-10.787",4,0.166253558376648,0.137231402197916,0.337286421974034,0.359228617451402
"182.91082-0.882",4,0.10645309613673,0.0738162129397137,0.118091810192565,0.701638880730991
"374.23718-13.763",4,0.266664488969371,0.14113588420859,0.165439125837224,0.426760500984815
"499.35666-12.827",1,0.473726775655376,0.151095267835139,0.13802273888044,0.237155217629045
"519.24282-15.409",3,0.134760169506998,0.122771172560914,0.514317316512581,0.228151341419507
"543.3696-14.734",4,0.150485464288233,0.11109338177742,0.200084957795748,0.538336196138599
"475.19531-8.114",4,0.311635477849131,0.150826464504945,0.165833249979519,0.371704807666406
"697.37061-12.923",4,0.0899357674224033,0.0613556550471783,0.0955764164232524,0.753132161107166
"633.19647-7.624",1,0.457978295897009,0.152938306792406,0.141722826840431,0.247360570470154
"388.28588-16.849",4,0.164476387278622,0.127389345002496,0.25697955706142,0.451154710657463
"434.30475-14.16",1,0.572131139638619,0.168183672151663,0.110654185423334,0.149031002786385
"503.08696-7.358",1,0.592409802171579,0.158169256340889,0.105767867081296,0.143653074406236
"534.25391-12.475",4,0.102643172204379,0.0709056116473529,0.112720255810158,0.71373096033811
"171.07766-1.438",4,0.167206826299444,0.132851901441248,0.287816529203363,0.412124743055945
"507.20348-11.584",4,0.120917070678681,0.0851654333235564,0.139979825916743,0.65393767008102
"371.29172-11.763",4,0.105932486797921,0.0734168640019903,0.117349846300476,0.703300802899613
"592.83941-0.952",3,0.181291953021076,0.223768148414572,0.385897503394262,0.20904239517009
"425.30247-14.839",4,0.270441583701069,0.142140474769784,0.165708231546268,0.421709709982879
"347.94575-0.995",2,0.195552059896446,0.550955836402108,0.123847360199482,0.129644743501964
"345.9453-1.021",2,0.106261703433624,0.736658918335546,0.0791496865825374,0.0779296916482933
"131.8901-0.886",4,0.254682456272172,0.1377140880366,0.164257127549195,0.443346328142033
"559.23755-15.162",2,0.202964633113683,0.314480104658872,0.280153617178966,0.20240164504848
"637.34916-16.344",4,0.0954346272720351,0.0623335889137046,0.091028686847429,0.751203096966831
"380.31709-14.863",1,0.343329720179631,0.154800645527787,0.163092119941887,0.338777514350695
"417.26508-12.47",4,0.103942324392154,0.0718950755340717,0.114537128257352,0.709625471816422
"595.3775-14.296",3,0.130326412686306,0.119586906442639,0.532521952433909,0.217564728437147
"504.3581-15.24",3,0.121943413444756,0.113250944533827,0.565816076792723,0.198989565228694
"453.33571-14.87",4,0.234510292563589,0.131147929752763,0.161052557581488,0.47328922010216
"507.20607-11.825",2,0.204004060064083,0.337502639004759,0.261233661002589,0.197259639928569
"208.02864-1.438",2,0.141509152998946,0.661238243390972,0.097983196257339,0.0992694073527437
"555.24269-13.899",4,0.253547346845336,0.137371390867073,0.1641183033994,0.444962958888191
"479.21863-11.062",3,0.0729611509297093,0.0730148343697377,0.748569254494358,0.105454760206195
"553.22707-14.112",2,0.137729365998939,0.669387497681418,0.0959189270653916,0.0969642092542515
"398.29131-16.809",4,0.135799572328073,0.0975645296136563,0.166339622594442,0.600296275463829
"337.2154-15.384",4,0.155944432224314,0.11674567742192,0.21681551028402,0.510494380069746
"618.84458-0.954",1,0.534995544920128,0.187647172929151,0.119325756748953,0.158031525401767
"620.84637-0.973",1,0.433807221696465,0.251549379858146,0.139774257740835,0.174869140704554
"402.83921-0.935",2,0.157346059024377,0.583410364990839,0.134391093274093,0.124852482710691
"723.81447-7.542",2,0.189307387957909,0.464388566300221,0.184953655528662,0.161350390213207
"610.81715-0.975",1,0.723976649494876,0.093556787606397,0.0731006991225302,0.109365863776197
"515.2918-12.846",2,0.129323776301174,0.687646701811434,0.0912480759047669,0.0917814459826251
"668.36584-10.597",1,0.374516084870713,0.156615001277035,0.158667366171427,0.310201547680825
"297.87815-0.917",4,0.167704215508406,0.102571332292202,0.137930980924622,0.59179347127477
"432.17484-1.058",1,0.594833837722419,0.156997410035426,0.105177937939341,0.142990814302814
"379.22413-9.896",2,0.126156439659694,0.677484263924151,0.100254533797529,0.0961047626186261
"172.01027-1.016",2,0.311844034830268,0.368115018037107,0.149370122317416,0.17067082481521
"565.16179-13.01",2,0.200475009403716,0.398847504249828,0.219833554959838,0.180843931386618
"427.20099-16.802",2,0.203792315677348,0.356872172654109,0.246927493503712,0.192408018164831
"664.33945-12.564",2,0.125082373971928,0.696913042705081,0.0888606165556784,0.0891439667673125
"399.28679-15.094",1,0.374384902963992,0.156611422436815,0.15868884986808,0.310314824731112
"198.88841-0.886",4,0.0781164317381773,0.0523319006874214,0.0792622700206443,0.790289397553757
"518.76637-0.891",2,0.203923151784334,0.333264719814036,0.264548539039937,0.198263589361693
"520.76336-0.893",2,0.203731737161344,0.327414547743901,0.269243897173516,0.199609817921238
"415.1768-15.247",3,0.116121320690554,0.108648827765999,0.588290691514636,0.186939160028811
"453.96864-8.467",2,0.193435227429284,0.443944768144569,0.195085294735807,0.16753470969034
"417.28606-15.159",4,0.114800693901752,0.0738002272974957,0.105486972945187,0.705912105855565
"579.28507-14.431",4,0.163174613313653,0.100291028525774,0.135625178972122,0.600909179188451
"176.90071-0.973",2,0.255072888868355,0.447257223037075,0.142269979210121,0.155399908884449
"525.33582-17.841",4,0.154180421532338,0.114861932982784,0.210999193941828,0.519958451543051
"277.10823-9.9",4,0.152162737821165,0.0945905388713191,0.129633332359514,0.623613390948002
"574.7859-0.973",1,0.42016686552922,0.261891555771531,0.141950060641522,0.175991518057728
"364.15651-11.017",4,0.0781487121541556,0.0521702715389531,0.0786057128499045,0.791075303456987
"628.97782-7.779",2,0.194814840625257,0.552367028645104,0.123548463071886,0.129269667657753
"423.07339-7.871",3,0.155407279985604,0.1351770154418,0.418307975678737,0.291107728893858
"651.36539-16.868",4,0.13895267738897,0.0874781137470953,0.121743483613731,0.651825725250203
"508.25807-15.355",1,0.703956951804035,0.0993775874525473,0.0784367476350559,0.118228713108362
"181.0872-8.242",2,0.19419480392227,0.439867244707093,0.197178029839201,0.168759921531437
"496.7696-0.989",2,0.181459650739917,0.578419331171405,0.11785440298968,0.122266615098998
"554.8016-0.902",3,0.200435858341109,0.292176353079572,0.300913613241712,0.206474175337606
"388.87638-0.927",4,0.148394386370563,0.0925909600963742,0.127459329711274,0.631555323821788
"609.40168-12.276",2,0.203742223683654,0.358264035622784,0.245948854774861,0.192044885918702
"248.02103-1.022",1,0.718976821030022,0.102179294055374,0.0738942185391474,0.104949666375457
"393.90931-1.004",4,0.338868636455228,0.154376057745752,0.163597964181189,0.343157341617831
"100.91423-0.947",3,0.195542722739313,0.267041708392667,0.327876973862113,0.209538595005907
"629.33365-14.597",1,0.760469302658961,0.0829810928717123,0.0633431718002592,0.0932064326690671
"411.11204-11.867",2,0.202289378531282,0.381355750856172,0.230557257236506,0.18579761337604
"471.32308-14.298",4,0.292128572185559,0.147226356854697,0.166373763003407,0.394271307956337
"310.79779-0.884",4,0.201811447083033,0.118410058284585,0.152257579395008,0.527520915237375
"413.24675-12.253",2,0.203227509149411,0.536436966370364,0.126860555049537,0.133474969430688
"585.28435-8.015",1,0.369735568441563,0.156463192256163,0.159436067319251,0.314365171983023
"175.96876-0.93",3,0.164726141036475,0.137648728736086,0.354555731689738,0.343069398537701
"630.81058-0.958",2,0.201458483801141,0.539754883089305,0.126182181730078,0.132604451379477
"311.88189-6.9",4,0.15337792457124,0.0952301627868321,0.130321089704201,0.621070822937727
"461.36421-14.099",4,0.335579833947913,0.154035424270409,0.163947663205254,0.346437078576423
"386.86175-0.967",3,0.198267933618363,0.279565835211781,0.31391730481016,0.208248926359696
"346.17751-8.204",4,0.122190017630703,0.0780685575030598,0.11069537142611,0.689046053440127
"284.92665-1.175",3,0.164965093471509,0.137622272576161,0.352195365356539,0.345217268595791
"388.29889-17.568",4,0.166896659784482,0.136731457709927,0.327093908741352,0.369277973764239
"223.96581-7.061",1,0.750980183065639,0.0856561048164373,0.065888926095616,0.0974747860223081
"308.80062-0.881",4,0.247711662174419,0.135558984149475,0.163328374096166,0.45340097957994
"623.41709-17.039",2,0.219483889869508,0.506768845433376,0.132631932726713,0.141115331970403
"583.23742-13.706",1,0.66900297963368,0.109253035834543,0.087737332727913,0.134006651803864
"443.1032-8.341",2,0.137071584431081,0.670809951894662,0.0955571744014176,0.0965612892728394
"466.75364-0.887",3,0.196362049258119,0.270534433517367,0.323872274387068,0.209231242837446
"420.83165-0.929",1,0.421143828388366,0.261133269903771,0.141800680954909,0.175922220752954
"487.27095-11.049",2,0.160303047585755,0.573813942421312,0.138085502243337,0.127797507749596
"229.06193-8.578",2,0.15713073920301,0.62807188159903,0.106211692799175,0.108585686398785
"313.23862-17.392",2,0.283304155843769,0.405521543531036,0.147006134264728,0.164168166360466
"261.84781-0.888",2,0.204037457811607,0.343859107421596,0.256391069707239,0.195712365059558
"458.72216-0.886",3,0.189423964086669,0.245497130362927,0.354687000635443,0.210391904914961
"349.02421-0.994",2,0.107013891941898,0.735549081599288,0.0792354792656816,0.0782015471931325
"611.37252-12.161",1,0.5808667417056,0.131621405909068,0.110998035343829,0.176513817041504
"184.09815-7.401",4,0.167524164770144,0.134499657883513,0.30083520488579,0.397140972460554
"349.92695-7.967",1,0.684929955245405,0.104807069238215,0.0835022981201624,0.126760677396217
"290.00598-1.021",1,0.340519175174141,0.334992865521972,0.149599888237328,0.174888071066559
"373.23867-13.687",4,0.228076456136087,0.128843174000729,0.15968693651987,0.483393433343315
"165.94002-0.907",4,0.156086497470975,0.116900259567352,0.21730505185814,0.509708191103532
"627.40402-17.54",1,0.459172819078753,0.233603497873211,0.135270164089918,0.171953518958118
"585.21684-12.133",1,0.394470276580514,0.156786070336492,0.155165305680704,0.29357834740229
"492.83105-0.921",2,0.236532930629826,0.477306547084684,0.137767035448305,0.148393486837186
"446.32798-17.138",4,0.167528650803827,0.134578133631328,0.301538767622805,0.39635444794204
"562.2695-12.664",4,0.107488139909606,0.0746117946196222,0.119574900519716,0.698325164951055
"453.21655-16.992",3,0.157369832200024,0.136008429825563,0.407185198597,0.299436539377412
"261.08058-6.541",4,0.161467894179903,0.12319990930795,0.239260765359521,0.476071431152627
"425.18219-11.004",4,0.119763960333665,0.0842397787809901,0.138128025492801,0.657868235392544
"424.19172-8.395",4,0.141473639803704,0.102585879521433,0.178082655677001,0.577857824997862
"336.8666-0.919",3,0.148240607576709,0.164039479787626,0.498490522386336,0.189229390249328
"780.8258-0.975",2,0.202926818341664,0.314001617820328,0.280572028676018,0.20249953516199
"782.83182-0.972",2,0.203641462391216,0.325347878619954,0.270936988199717,0.200073670789113
"781.82872-0.972",2,0.203601186519929,0.324504961272047,0.271632833094384,0.20026101911364
"307.91226-1.008",2,0.197054955437609,0.548087940719088,0.124451583544179,0.130405520299123
"307.06738-1.442",1,0.344967515635158,0.154945807280718,0.162897594214465,0.337189082869659
"502.78871-0.892",3,0.0913002996626078,0.0876990648923104,0.680496965702657,0.140503669742425
"631.37518-13.82",4,0.14787618554931,0.0923141150935542,0.127155528640764,0.632654170716373
"460.71932-0.877",3,0.0975946123858249,0.0931761756406291,0.657518240080031,0.151710971893515
"459.72332-0.879",3,0.0698919136690777,0.0696029920859305,0.758773343707133,0.101731750537859
"228.80646-0.873",3,0.102744428689171,0.106058545893023,0.648846286984545,0.142350738433261
"472.84145-0.937",2,0.202227676017818,0.382059244314678,0.230111509864143,0.18560156980336
"358.1516-7.459",2,0.225217599867156,0.496667969429176,0.13446489083811,0.143649539865558
"315.1967-15.126",1,0.422603470430531,0.155848351483844,0.149565261009818,0.271982917075806
"476.27919-11.768",1,0.479817516391832,0.150300127912563,0.136564584212078,0.233317771483528
"615.31783-13.048",4,0.0886296475025471,0.0582416720006268,0.0857774183973924,0.767351262099434
"280.16871-10.993",4,0.279154366275704,0.14432286968871,0.166150119621446,0.41037264441414
"164.93505-0.91",4,0.163020350688343,0.125263259441185,0.247571812380188,0.464144577490284
"389.29418-16.716",4,0.187560734348675,0.112090382023973,0.146925255070847,0.553423628556505
"86.02472-1.043",2,0.199614284449576,0.543231995241477,0.125464663482818,0.131689056826129
"436.87394-0.96",4,0.293573410920976,0.147524286821507,0.166368393623866,0.392533908633652
"613.23213-14.554",1,0.767277687222319,0.0815157612545094,0.061481376654118,0.0897251748690532
"365.95634-0.99",2,0.106089777220714,0.736465286457149,0.0794121910152532,0.0780327453068837
"392.85641-0.963",2,0.171314815311563,0.598798359300436,0.113189156279107,0.116697669108894
"528.86314-0.926",1,0.396029686645496,0.156769098560594,0.154873535809784,0.292327678984127
"295.89798-0.904",2,0.203545517952519,0.362856513630984,0.242763204932602,0.190834763483896
"341.04483-6.906",1,0.578858881773789,0.164817887470272,0.109043260205432,0.147279970550508
"370.82294-0.984",2,0.201683305077544,0.387847330212279,0.226491557379913,0.183977807330264
"439.97795-1.003",2,0.182300982233033,0.576751508583769,0.118228417528143,0.122719091655055
"652.80208-0.969",2,0.261237495527491,0.437730625887046,0.143519334571497,0.157512544013966
"266.93198-0.924",4,0.0841220826735403,0.057022006628942,0.0879319236709583,0.770923987026559
"216.01839-0.984",2,0.301890400118379,0.380634336233193,0.148805064709486,0.168670198938942
"218.01574-0.986",2,0.143170859848578,0.627475381769915,0.117995639135465,0.111358119246043
"514.21987-9.928",1,0.405129242429183,0.156586046081901,0.153124448705792,0.285160262783125
"527.07676-1.019",2,0.152948061085959,0.636863858816871,0.104060536789162,0.106127543308008
"331.15516-9.987",3,0.152186199985207,0.133622041663907,0.435347100009552,0.278844658341334
"488.81924-0.936",4,0.189721751598161,0.113077182774032,0.147794068065399,0.549406997562408
"730.81808-0.967",2,0.267916643250005,0.427670635199479,0.144735548218272,0.159677173332245
"730.8183-0.97",2,0.248771987397619,0.457234536206877,0.140865738608907,0.153127737786597
"369.22039-13.701",1,0.367100573439069,0.156360534761842,0.159846946833136,0.316691944965954
"369.22038-13.681",4,0.163955698009275,0.126601313272115,0.253377207949865,0.456065780768745
"561.36503-17.015",1,0.446199044577239,0.154104717019654,0.144414380604526,0.255281857798581
"245.08548-8.433",1,0.526631526409188,0.142819603530289,0.124973966359714,0.205574903700809
"489.35926-11.716",2,0.198044530120328,0.416832648100754,0.209513137913013,0.175609683865905
"505.3543-9.791",4,0.115184387292309,0.0740235047706813,0.105762136247644,0.705029971689366
"284.87373-0.884",3,0.159030006313452,0.180709705235325,0.462735609151109,0.197524679300114
"561.30749-13.926",1,0.372673634020361,0.302512805619021,0.147749354209227,0.177064206151391
"324.86888-0.962",2,0.114885975892531,0.719182686999492,0.0831318150844606,0.0827995220235163
"313.14305-14.786",4,0.246061974184074,0.135031305005759,0.16308154581886,0.455825174991307
"217.94073-0.944",2,0.18187137441702,0.496493399138382,0.170088829775711,0.151546396668888
"630.8075-0.956",2,0.134566302644846,0.676238392986044,0.0941730454088661,0.095022258960244
"413.16112-14.209",3,0.160183518595883,0.136991487346659,0.389795528017263,0.313029466040195
"320.88901-0.923",4,0.247079319102863,0.135357516703755,0.163235002513569,0.454328161679813
"561.33385-15.341",3,0.198929135793352,0.283082622100317,0.31018978426791,0.20779845783842
"345.18392-13.373",1,0.47698349412933,0.221878003410935,0.13181172704804,0.169326775411695
"279.16032-10.905",3,0.0722128232619208,0.0707347937371932,0.749315131877601,0.107737251123285
"715.36833-14.264",4,0.165517989696018,0.129101161969451,0.265371478134745,0.440009370199787
"411.35957-14.848",2,0.199978762098928,0.54254333124047,0.125607301990474,0.131870604670128
"366.79597-0.884",3,0.195104090823974,0.265249428634645,0.329966921765169,0.209679558776212
"633.45108-16.517",2,0.204037627874252,0.34379817375788,0.256436777977783,0.195727420390085
"395.05361-0.955",2,0.177465199198986,0.586384919451015,0.116051414129696,0.120098467220303
"675.11389-1.014",1,0.399862724334484,0.278313525919667,0.144803280475455,0.177020469270393
"540.75133-0.975",2,0.189026717671703,0.465693883556115,0.184325808833303,0.160953589938879
"268.79135-0.88",4,0.110091551392358,0.071046128586757,0.102070013037532,0.716792306983353
"266.79438-0.881",4,0.190708081125525,0.113524248047259,0.148183433978858,0.547584236848359
"643.34924-14.003",1,0.349478045632666,0.15531617321628,0.162338260937893,0.332867520213161
"293.00987-9.205",4,0.250526664588036,0.136443813443781,0.163725479998771,0.449304041969411
"455.28077-17.457",3,0.148173001289091,0.163940337707853,0.498713587839552,0.189173073163504
"448.29913-14.939",4,0.152252261140083,0.112868898545057,0.205117751439489,0.529761088875371
"443.27252-17.888",1,0.347077948824013,0.327991648051528,0.149387929454363,0.175542473670096
"443.27241-17.891",2,0.177741890725425,0.585830665669775,0.116177744033644,0.120249699571156
"371.31681-17.913",3,0.112506832819336,0.105721155109717,0.602036929130879,0.179735082940068
"723.38182-13.668",1,0.579634221122654,0.131901168879898,0.111319741954813,0.177144868042635
"280.7938-0.863",4,0.134721674868264,0.0851415011572426,0.119060667595807,0.661076156378686
"404.05853-0.987",2,0.288951360944106,0.39774723058024,0.147658914901848,0.165642493573806
"328.85876-0.947",3,0.0926836206210923,0.0889104037836746,0.675464148291568,0.142941827303665
"249.04991-0.92",1,0.613007974461203,0.123970504534994,0.102564298020853,0.160457222982949
"382.77358-0.881",3,0.199216514883736,0.284689634553797,0.308513095413704,0.207580755148762
"463.04143-0.955",3,0.165309388360583,0.191374434077987,0.441673752726027,0.201642424835403
"504.86174-0.959",4,0.165449806435578,0.128981882933782,0.264758179790395,0.440810130840245
"328.83837-0.984",4,0.321687329149729,0.152332190273562,0.165191086126101,0.360789394450608
"401.29427-12.567",4,0.28475711192359,0.145627274547257,0.166308135700799,0.403307477828355
"468.82981-0.942",2,0.128933056320523,0.669471070055713,0.103050756042002,0.0985451175817619
"470.82696-0.938",2,0.16708587341905,0.55109275566723,0.147044710016031,0.134776660897689
"372.31205-14.037",4,0.0827376619081666,0.0547155332446092,0.081314365073911,0.781232439773313
"573.33358-12.864",4,0.237926166826061,0.132330475630101,0.161708234687652,0.468035122856186
"404.85404-0.929",2,0.203336848938087,0.319765183575966,0.275604143592248,0.201293823893698
"538.81458-0.94",2,0.126192475448325,0.677380540592267,0.100290639833259,0.0961363441261481
"451.35449-17.176",4,0.0832322082075264,0.0563554415977715,0.086752340644235,0.773660009550467
"455.29382-17.429",2,0.202768541860384,0.375445411308361,0.23435344815538,0.187432598675874
"719.84251-6.92",2,0.194675632622536,0.437221583793372,0.198549663724767,0.169553119859324
"625.36058-13.262",4,0.0788891696035736,0.0530173346685792,0.0806846726803246,0.787408823047523
"679.2627-7.314",4,0.0988089441135565,0.0643551717027884,0.0936155145956943,0.743220369587961
"616.29256-15.355",3,0.197073438218667,0.27374074829116,0.320273283330981,0.208912530159192
"360.99574-0.993",2,0.182398824161962,0.494356300620342,0.171043636016042,0.152201239201654
"359.99012-0.987",2,0.110367866070203,0.728861699453476,0.0807149177084679,0.0800555167678531
"256.83546-0.916",2,0.32785770317548,0.349098329819557,0.149740769864919,0.173303197140043
"312.795-0.888",4,0.234596286254995,0.131178050963021,0.161069648648383,0.473156014133601
"602.21779-10.753",1,0.548954326583159,0.180142942885099,0.116114428121474,0.154788302410267
"612.38086-17.264",4,0.15045479294963,0.111062942475895,0.200000236618784,0.538482027955691
"494.83278-0.954",4,0.243458782009755,0.134184917963398,0.162670567018846,0.459685733008
"667.45865-11.916",4,0.322753036107634,0.152478219486001,0.16510980959826,0.359658934808105
"285.90353-1.015",2,0.115379489414766,0.708308658090423,0.0895908130675673,0.0867210394272444
"484.80732-0.945",2,0.203743591643925,0.358227609497824,0.245974387446477,0.192054411411774
"257.95011-7.731",2,0.191227265694661,0.559275302565524,0.122070561149075,0.12742687059074
"465.17711-13.265",2,0.156573384811713,0.585891121904918,0.133444004939627,0.124091488343742
"247.0057-7.611",3,0.173719973243793,0.207237013124046,0.412875582235627,0.206167431396533
"216.89884-0.876",2,0.20142010049442,0.390426128823442,0.224905284365868,0.183248486316269
"450.84711-0.915",3,0.162577708733531,0.186630841039112,0.450869522294793,0.199921927932564
"155.9113-0.888",4,0.132452207049066,0.0946904365573573,0.159933189404193,0.612924166989384
"154.90632-0.887",4,0.078648219606879,0.0528170732956062,0.0802917688009688,0.788242938296546
"666.45118-11.911",1,0.605714989955864,0.125763768162202,0.104484543178239,0.164036698703694
"327.0765-7.328",3,0.106780404342916,0.110720399397151,0.635411862708151,0.147087333551781
"287.06753-7.037",2,0.110081297194859,0.723562715633442,0.0842917330997911,0.0820642540719075
"337.91719-0.999",2,0.170218224342613,0.540200465336457,0.151457026257383,0.138124284063547
"557.2667-12.807",4,0.264332560922695,0.140497951501014,0.165248743403974,0.429920744172317
"126.87377-0.829",2,0.23580392966762,0.478530777048014,0.137566949659634,0.148098343624732
"579.39092-17.212",4,0.249814837800459,0.136221926547707,0.163627912327077,0.450335323324757
"559.16717-7.043",1,0.44435940068328,0.15426970082524,0.144828137816946,0.256542760674534
"455.95213-1.004",1,0.525961907296047,0.142942232725326,0.125143583134835,0.205952276843791
"365.26989-13.485",1,0.488599624877383,0.214572157961362,0.12944660803772,0.167381609123535
"204.01977-7.138",3,0.148471361729865,0.131602717874609,0.453665508887276,0.266260411508251
"391.97786-12.309",2,0.188990743906752,0.563615927957484,0.121129793555305,0.126263534580458
"148.89977-0.948",3,0.177059395670499,0.214204128056919,0.401142365252842,0.20759411101974
"383.09207-7.63",1,0.522782610011527,0.143518724276024,0.125947662518748,0.2077510031937
"347.25926-16.101",3,0.0974950615071193,0.093090277227015,0.657883340584045,0.15153132068182
"256.95228-7.724",2,0.258606925253744,0.441767422046248,0.143001192276949,0.156624460423059
"322.90432-0.967",2,0.23538046912689,0.47924337727919,0.137449922768854,0.147926230825065
"641.41735-15.092",1,0.580072011709669,0.164215688003414,0.108751662806328,0.146960637480588
"419.04519-1.028",3,0.0771577851962747,0.0751374855593828,0.731541879852974,0.116162849391368
"482.80223-0.913",2,0.174461632743517,0.524944183989955,0.157781081472355,0.142813101794173
"544.84116-0.931",1,0.407509972774447,0.156514919147642,0.152654354837591,0.283320753240321
"416.81974-0.94",2,0.10817938115023,0.729210290868639,0.0822820223546193,0.0803283056265119
"269.89171-0.897",4,0.278355187723981,0.144130510181897,0.166119692909014,0.411394609185108
"359.80036-0.891",4,0.275785196486091,0.143501231074661,0.166008193394468,0.41470537904478
"571.33948-14.433",1,0.601996196937141,0.153564327327896,0.103428258296343,0.14101121743862
"343.24902-16.646",3,0.0739772046545778,0.0722982376432937,0.742967405141334,0.110757152560795
"592.19621-13.51",4,0.269522471150625,0.14189928273906,0.165647164426792,0.422931081683523
"353.00152-0.905",1,0.487810419113924,0.149190348798701,0.134630754507782,0.228368477579592
"511.25964-14.786",3,0.196699958222742,0.272035704642921,0.322178063854653,0.209086273279684
"402.31464-15.242",3,0.115604203536218,0.121148437033307,0.606126026403753,0.157121333026722
"206.84318-0.92",4,0.16578112442843,0.129574032578942,0.26785053168625,0.436794311306377
"554.24323-11.519",4,0.141580306606366,0.102682352499015,0.178316023791372,0.577421317103246
"327.29064-17.645",1,0.620182697449107,0.145032496328776,0.0989449644119794,0.135839841810137
"312.85739-0.926",4,0.207117257300071,0.120647296793097,0.15400554182649,0.518229904080343
"714.33188-13.444",4,0.26028317609391,0.139358022772788,0.16487316063909,0.435485640494213
"574.24547-13.677",4,0.164787298602774,0.127878659154719,0.259293802841131,0.448040239401376
"698.79854-0.96",3,0.0885907349843718,0.0853152073672744,0.690329943837511,0.135764113810843
"540.82893-0.942",4,0.139874790293736,0.0879837178574294,0.122318348108639,0.649823143740196
"618.76811-0.968",2,0.181667853542448,0.497313378382341,0.169723686042843,0.151295082032368
"616.77099-0.963",2,0.177885411968158,0.512128302511595,0.163236438456005,0.146749847064242
"284.00597-0.99",2,0.178032290457477,0.511566822893541,0.163478645767531,0.14692224088145
"517.04808-1.021",2,0.136673366608066,0.671671684468962,0.0953378265449825,0.0963171223779893
"325.97839-9.207",1,0.603599382883284,0.152801749347655,0.103035316149103,0.140563551619958
"409.28441-11.029",4,0.159676229844639,0.1209866142657,0.23104206476611,0.488295091123551
"400.30705-15.261",3,0.0918716843568251,0.093772839449974,0.685157595532395,0.129197880660806
"352.84398-0.919",1,0.381731104031857,0.294146361642463,0.14689250504225,0.17723002928343
"489.24194-13.588",4,0.255582619556158,0.137983573511,0.164363837789262,0.44206996914358
"538.89217-0.935",1,0.401981006521129,0.156665433570121,0.153738327283356,0.287615232625393
"337.98741-1.008",2,0.184523267315096,0.57236300397469,0.119206605517181,0.123907123193033
"338.99546-1",2,0.180480275621877,0.502048862049748,0.167627744380329,0.149843117948047
"337.99586-1.001",2,0.192573142905831,0.448436349759758,0.192808966562261,0.16618154077215
"456.864-0.932",1,0.378723376096701,0.156712421241471,0.157967048132877,0.30659715452895
"492.89617-0.952",4,0.288990367984264,0.146561787903811,0.166365075679842,0.398082768432082
"490.81618-0.978",4,0.242793745199153,0.133966002837648,0.162561319051893,0.460678932911306
"529.17688-6.423",4,0.0951061265206497,0.0621364106677434,0.0907758646189831,0.751981598192624
"423.15611-9.459",1,0.705943215207833,0.107582600625228,0.0772458224037103,0.109228361763229
"544.77291-0.896",3,0.191342900109805,0.251583584160387,0.346725608693651,0.210347907036158
"454.77025-0.886",3,0.156339883994908,0.176379661522669,0.471688436881079,0.195592017601344
"334.89775-0.97",1,0.562862747238896,0.135598643473715,0.115681540495275,0.185857068792115
"645.41459-17.02",1,0.350127510610498,0.155365974037043,0.162254936833697,0.332251578518762
"772.8026-0.967",2,0.203715151123364,0.358968928852807,0.245455595465834,0.191860324557995
"776.81434-0.965",2,0.203980738388663,0.335994870904464,0.26240492397683,0.197619466730043
"162.85034-0.9",4,0.100113657676844,0.0689873540408699,0.109222986824074,0.721676001458212
"429.94915-1.005",3,0.0684292734758968,0.0678398237862747,0.763468496475314,0.100262406262514
"429.94909-1.006",3,0.145371551705131,0.12977224442468,0.468165563486322,0.256690640383867
"212.87446-0.871",1,0.378872863012106,0.296752161923965,0.147177177314348,0.177197797749582
"390.87358-0.959",2,0.135221855687762,0.651133501824159,0.109510078260796,0.104134564227284
"317.0375-0.926",2,0.219211982777894,0.507252634819117,0.132542358599984,0.140993023803006
"416.3022-14.18",4,0.273801072382271,0.143004231314219,0.165907673362756,0.417287022940753
"533.30434-16.56",2,0.325917528766562,0.351330840456531,0.149729542796158,0.173022087980749
"608.81634-0.949",2,0.137066266226433,0.670821457457294,0.0955542467065004,0.0965580296097726
"417.00375-1.029",2,0.219851935270215,0.50611468859589,0.132752796324608,0.141280579809287
"339.25409-11.098",3,0.140164513479524,0.12646090690822,0.491362676079222,0.242011903533034
"560.88347-0.952",1,0.585267911371584,0.161652237708019,0.107499029040305,0.145580821880092
"494.75722-0.89",3,0.179556334293231,0.219734625226554,0.392208147430694,0.208500893049521
"310.86022-0.909",3,0.0748147815874757,0.0750432506222498,0.742364167357964,0.107777800432311
"436.99494-7.652",3,0.164879991499397,0.137632898017218,0.353046386843217,0.344440723640168
"257.91914-0.965",2,0.190079684111954,0.460748185081889,0.186716184754698,0.162455946051458
"507.96567-1.001",2,0.25538810320862,0.446764464719759,0.14233683985307,0.155510592218552
"375.77802-0.883",3,0.167318790849534,0.194978975932546,0.434868432438627,0.202833800779293
"642.77318-0.969",2,0.106390067917586,0.734997844985223,0.0800925200478943,0.0785195670492969
"450.77627-0.884",3,0.143789604453846,0.157630595823769,0.513163167975035,0.18541663174735
"461.25498-13.929",2,0.150645304781063,0.641733012269455,0.102859296914627,0.104762386034855
"492.76011-0.887",3,0.186907154482587,0.238166820212022,0.364712777940439,0.210213247364952
"600.36921-17.536",3,0.105791637134486,0.100156957229186,0.627235696661169,0.166815708975159
"694.78708-0.964",2,0.201186219839816,0.392621487749459,0.223567367503895,0.182624924906829
"265.82755-0.869",4,0.0784237873596596,0.0526238121429869,0.0799005225531414,0.789051877944212
"263.83044-0.872",4,0.134966402144223,0.0968436261295606,0.164713009075589,0.603476962650628
"344.82018-0.942",2,0.113016404406548,0.723222264582456,0.0821098235772987,0.081651507433697
"291.88394-0.926",2,0.191376918928108,0.558985781889481,0.122132980996541,0.12750431818587
"270.00834-0.998",2,0.20013767528373,0.401606920994987,0.21820638772489,0.180049015996393
"164.84737-0.902",2,0.275028756881079,0.417256298555898,0.145875890829693,0.16183905373333
"226.829-0.86",2,0.20337384399082,0.366176906557148,0.240500270839241,0.18994897861279
"640.83645-0.959",1,0.506339161357203,0.203880477627558,0.12569205254007,0.16408830847517
"515.35146-15.314",2,0.201987029997869,0.304107737121231,0.289478683600225,0.204426549280675
"445.92318-1.005",1,0.354819599870887,0.319983915124261,0.149023526068541,0.176172958936311
"111.92695-0.887",3,0.185299340624549,0.233800605105424,0.370922094554337,0.20997795971569
"702.81053-0.967",2,0.125732160333062,0.695491962536693,0.0892271936333633,0.0895486834968825
"172.88199-0.875",3,0.162733968670942,0.137567278624212,0.371679592804488,0.328019159900359
"380.87272-0.99",2,0.298354340634134,0.385215592346335,0.148539080620671,0.16789098639886
"426.84521-0.955",4,0.27633411741935,0.143637008902004,0.166033770098117,0.413995103580529
"337.07539-1.005",1,0.556313562130741,0.176281165822371,0.114396800973717,0.153008471073171
"323.9717-0.993",2,0.131722991765444,0.661371165034093,0.105892731029646,0.101013112170818
"452.77337-0.888",4,0.166263038767396,0.130505286900185,0.272978299366311,0.430253374966108
"247.81696-0.873",4,0.241414036506165,0.133508348620403,0.162329101122602,0.46274851375083
"480.78767-0.964",1,0.344671572578114,0.154920000543724,0.16293308782064,0.337475339057522
"283.85465-0.918",1,0.765770136396761,0.0816677359018908,0.0619066890082019,0.0906554386931459
"393.8941-0.968",2,0.134217783888812,0.654081184534702,0.108465468784776,0.103235562791709
"394.75697-0.881",3,0.200769233746676,0.294458912779921,0.298663685507018,0.206108167966386
"432.97781-1.024",1,0.422588202184682,0.260017284813492,0.141577941779988,0.175816571221838
"443.97284-0.983",2,0.307719704899645,0.373235758354248,0.149168332145741,0.169876204600366
"396.75392-0.883",3,0.200591924603515,0.293229878094016,0.299871360022049,0.206306837280421
"210.85146-0.881",1,0.559516089481185,0.174619886870265,0.113644455011712,0.152219568636838
"274.84507-0.877",3,0.107024339105134,0.111004173322672,0.634600678760848,0.147370808811346
"307.98524-0.979",2,0.131345614938021,0.66246988732438,0.105506241013806,0.100678256723793
"438.2325-13.529",1,0.415687731849093,0.156199281478678,0.151003042625996,0.277109944046234
"405.13586-13.52",4,0.331846321918979,0.153619983911278,0.164319828675285,0.350213865494458
"458.79328-0.905",1,0.344662636686573,0.330546318475477,0.149476575072019,0.175314469765931
"400.84205-0.935",2,0.130920530276616,0.684165754013873,0.0921425828428815,0.0927711328666288
"737.16168-7.062",4,0.167097991697979,0.10226839712192,0.137627807052886,0.593005804127215
"199.07012-1.018",1,0.352952817913678,0.321890046383788,0.149122356534579,0.176034779167955
"355.92736-0.999",2,0.172059785500677,0.53365619202322,0.15414830879423,0.140135713681873
"367.90657-1.012",2,0.141148414221043,0.662014125489445,0.0977872892267795,0.099050171062733
"299.83206-0.903",2,0.204033884552019,0.344753802392695,0.255721484707768,0.195490828347518
"646.21977-14.092",1,0.429621549578586,0.254667930450896,0.140462025679913,0.175248494290605
"361.26301-16.019",1,0.521543703935102,0.195119788396236,0.122355632155991,0.16098087551267
"456.79597-0.907",2,0.317423554187521,0.361334898206035,0.149572354236174,0.17166919337027
"442.81562-0.932",4,0.33233972787595,0.153676651217539,0.164272191231193,0.349711429675319
"440.81829-0.906",3,0.129374248776445,0.11888683435837,0.536371113154961,0.215367803710223
"320.82661-0.888",4,0.0801691199295766,0.0532181753989254,0.0795236493588348,0.787089055312663
"315.89303-1.016",1,0.372150797132352,0.303005606987755,0.147794699981843,0.177048895898049
"319.88963-0.926",3,0.183752656413474,0.229796745621817,0.376778046123701,0.209672551841009
"433.24926-14.754",4,0.147130149308276,0.107831320106079,0.191275400214167,0.553763130371478
"747.47323-11.592",4,0.269545541093002,0.141905362386311,0.165648731750576,0.422900364770111
"591.25662-7.866",3,0.131488041058041,0.120433493026732,0.527798764674485,0.220279701240742
"562.82034-0.955",4,0.167529289337272,0.135031564507232,0.305807519430481,0.391631626725015
"510.73468-0.887",3,0.198449092724811,0.280506121974683,0.312912742415787,0.208132042884719
"678.80462-0.971",1,0.521652355098122,0.143721364424434,0.126233009090202,0.208393271387243
"676.80338-0.958",1,0.548851083951747,0.138522262826611,0.119299330115554,0.193327323106089
"380.23624-14.614",2,0.201807611483028,0.386584321938622,0.227274349185679,0.184333717392671
"451.34326-17.933",1,0.469655587734983,0.151601640434222,0.138989366547493,0.239753405283303
"461.88139-0.976",4,0.0787140376433089,0.0524228193246802,0.0787094158388654,0.790153727193145
"438.25099-13.329",3,0.153479601445616,0.134271384744738,0.428658515491039,0.283590498318606
"268.8963-0.898",3,0.140419957133374,0.126629389770022,0.490252465469335,0.242698187627269
"786.84314-0.972",2,0.187096459984436,0.567312457843496,0.120321443642713,0.125269638529354
"367.12944-11.645",1,0.425865465761352,0.155656840251142,0.14887486600473,0.269602827982776
"515.81592-0.896",3,0.141929390091828,0.127612926311834,0.483638250003923,0.246819433592416
"484.80387-0.948",2,0.119305845473183,0.697104295285069,0.0934572850730336,0.0901325741687146
"314.79403-0.912",2,0.162334006303606,0.567121168308738,0.140692334281978,0.129852491105678
"536.8174-0.944",1,0.379445073665081,0.296227986929523,0.147121220412698,0.177205718992698
"439.28578-12.52",4,0.317277731151881,0.151700360313619,0.165500975649768,0.365520932884732
"209.08539-7.482",4,0.0998545094171561,0.0649799707413526,0.0944126314124522,0.740752888429039
"256.76562-0.87",3,0.196987448212996,0.273343733922375,0.320714979110398,0.208953838754231
"258.76263-0.865",3,0.171087212675437,0.202038710638026,0.421988124579377,0.20488595210716
"257.76302-0.873",2,0.203726851581523,0.358667917510064,0.245666039389468,0.191939191518945
"444.89834-0.919",4,0.144704041475945,0.10554719499727,0.185397953808412,0.564350809718373
"497.93673-1.004",2,0.166881079229531,0.551795242638287,0.146762893295007,0.134560784837174
"497.93683-1.005",2,0.1467518513693,0.616600725066717,0.121963849464765,0.114683574099219
"600.78864-0.972",1,0.489381414284963,0.148963600831911,0.134248126327851,0.227406858555276
"696.86102-0.956",3,0.103030209582039,0.0978265988808156,0.637489256751203,0.161653934785943
"464.81358-0.98",4,0.293425625817705,0.147494045301615,0.166369210753143,0.392711118127537
"242.86226-0.902",1,0.364783278646542,0.310068248477063,0.148383576139563,0.176764896736833
"308.82317-0.911",4,0.165395689033455,0.137545312155882,0.347687617696052,0.349371381114611
"173.96272-1.388",1,0.535519787717835,0.141152873582906,0.122714346393926,0.200612992305333
"325.90656-0.968",2,0.193406010598135,0.444099272689832,0.195006494437004,0.167488222275029
"378.84756-0.914",3,0.163678679008307,0.137661857452909,0.364025416578367,0.334634046960418
"318.85197-0.933",1,0.395185548505864,0.156778816180193,0.155031777088423,0.29300385822552
"302.82862-0.897",4,0.198610996042931,0.117029781775413,0.151141275457365,0.533217946724291
"702.87839-0.967",2,0.193339730293143,0.55519933302537,0.12294546875112,0.128515467930367
"391.95926-0.988",2,0.250969178017437,0.453727784519296,0.141370093083922,0.153932944379345
"391.96764-0.99",2,0.263813745460119,0.433818132045547,0.144005275898441,0.158362846595892
"513.91069-1.006",1,0.35728925718009,0.317485977027406,0.148882357263937,0.176342408528568
"532.80105-0.978",1,0.589901999742577,0.129538524098198,0.108635425820519,0.171924050338707
"485.18583-10.755",4,0.0794992055731819,0.0535073241534941,0.0816155329571932,0.785377937316131
"338.79248-0.881",4,0.118935096095506,0.0835769505445506,0.136810203242153,0.66067775011779
"290.82259-0.879",2,0.202253348951083,0.306607594804922,0.287181197613733,0.203957858630262
"604.15177-13.739",3,0.16507082821133,0.137607096723839,0.351120908337052,0.34620116672778
"290.86953-0.959",4,0.276767399610243,0.14374365687253,0.166053280233057,0.41343566328417
"273.7649-0.867",4,0.154909373135915,0.0960325948942946,0.131178537938566,0.617879494031225
"185.11844-7.778",1,0.34989641122893,0.155348354602585,0.162284665111108,0.332470569057378
"692.84998-0.96",2,0.106157448969138,0.736706212420861,0.0792049848141266,0.0779313537958743
"304.87144-0.955",4,0.165340029221729,0.128792362829261,0.263793228907548,0.442074379041462
"460.79801-0.931",2,0.191266682230899,0.455001840916465,0.189533910222453,0.164197566630183
"202.91844-0.967",2,0.20057070771669,0.3980440404771,0.220310485432807,0.181074766373404
"143.07145-6.682",4,0.282580195535643,0.145129622367938,0.166258112437353,0.406032069659066
"529.31783-17.059",2,0.293868931195901,0.391129623808435,0.148150957819005,0.166850487176659
"709.28993-15.274",2,0.141752406597904,0.660715280938262,0.0981151642678433,0.0994171481959915
"690.84458-0.964",2,0.106573160201176,0.734332204314812,0.0803628533907522,0.0787317820932599
"247.89036-0.942",2,0.194249960839475,0.55345027588906,0.123318327034417,0.128981436237048
"229.98143-1.008",2,0.136320183230846,0.647899532373729,0.110659156450706,0.105121127944719
"455.1461-7.157",3,0.186532942865738,0.237130504536945,0.366170165307196,0.210166387290121
"250.83573-0.876",4,0.153036980723652,0.113672495314131,0.207457889329614,0.525832634632603
"571.25842-17.082",1,0.767335366899679,0.0815694887689947,0.0614606179247802,0.0896345264065457
"95.93197-0.89",4,0.235367667177776,0.131447434743865,0.161221603495367,0.471963294582991
"620.78188-0.956",2,0.187248305137656,0.473765848523374,0.180490110684436,0.158495735654534
"297.9471-7.61",3,0.197121872229848,0.273965573987827,0.320023643933636,0.20888890984869
"462.71625-0.884",3,0.148229528598589,0.131464274495022,0.454819459089729,0.26548673781666
"796.32917-7.865",4,0.279407037582971,0.144383359009258,0.166159324145874,0.410050279261897
"720.78933-0.966",2,0.130896153396293,0.663777176728693,0.105046798924312,0.100279870950703
"351.76861-0.886",4,0.304401084745107,0.149597008186495,0.166148010545342,0.379853896523056
"349.77149-0.883",1,0.42878390518541,0.155471661717942,0.14825087522476,0.267493557871888
"269.78937-0.881",4,0.210263044773869,0.121943283573451,0.154981878877416,0.512811792775264
"271.76779-0.866",4,0.148678633801114,0.09274262638801,0.127625477569645,0.630953262241231
"433.94405-0.985",2,0.165490274019834,0.610713866154794,0.110385556285504,0.113410303539868
"520.83649-0.963",1,0.428710733729298,0.25535286626235,0.140609392813318,0.175327007195034
"368.02197-1.015",2,0.304116819143593,0.37778610504102,0.148954751413942,0.169142324401445
"300.83139-0.892",4,0.248524994312289,0.135816656894495,0.163446213684012,0.452212135109204
"459.2755-15.31",1,0.339520425099539,0.336076928989576,0.149624075168237,0.174778570742648
"570.2353-11.519",4,0.223273421846124,0.12705720865374,0.158553852467407,0.49111551703273
"301.95582-1.026",2,0.141633451136288,0.632099782739937,0.116321799816314,0.109944966307461
"420.99966-9.316",2,0.24010192693469,0.471359412218918,0.138721408469221,0.14981725237717
"588.82404-0.964",4,0.258319816227054,0.138790625099941,0.16467012915605,0.438219429516955
"267.0835-1.032",4,0.332814751650257,0.153730698252079,0.164225879491804,0.349228670605861
"254.77022-0.867",3,0.160570506657085,0.183249699363042,0.457592360640467,0.198587433339406
"266.91032-0.97",1,0.63840280451703,0.136726358072304,0.0944026660589731,0.130468171351693
"419.92027-1.01_1",2,0.172168614236412,0.597064586960871,0.113592618147853,0.117174180654865
"419.92027-1.01_2",2,0.106342550776445,0.735180056748161,0.080016395418558,0.078460997056836
"432.78678-0.903",3,0.169498863951522,0.199012215293627,0.42743788180444,0.204051038950411
"766.78611-0.96",2,0.182005870163602,0.495950116025235,0.170331124641595,0.151712889169568
"762.77398-0.964",2,0.170890514004597,0.53782419209531,0.152430639582605,0.138854654317489
"208.84028-0.92",2,0.200123025340476,0.542270951517719,0.125663646425924,0.131942376715881
"453.01267-0.948",2,0.201643280320944,0.388247554126772,0.226244318295041,0.183864847257243
"612.8282-0.939",4,0.139714618430444,0.0878959888870946,0.122218748434221,0.650170644248241
"454.01791-11.87",1,0.384725863611094,0.291449260088077,0.146580597368338,0.177244278932491
"339.96691-1.011",1,0.456769757256748,0.23523783515585,0.135719506375093,0.172272901212309
"239.99781-0.99",2,0.169685418062983,0.542073658199469,0.150692379302102,0.137548544435446
"375.97275-0.975",2,0.145885422371121,0.619245781958105,0.120994374546742,0.113874421124032
"595.38576-16.739",4,0.3304048194016,0.153451334498247,0.164456258751534,0.351687587348619
"382.82757-0.957",2,0.106088719918327,0.736529449918682,0.079372586723935,0.078009243439056
"393.22058-13.704",4,0.217822971586503,0.124963524533871,0.157147843279325,0.500065660600302
"285.10268-1.021",2,0.280248455767453,0.409806958380024,0.146613088274334,0.163331497578188
"300.76889-0.877",4,0.167405730451606,0.133639681133222,0.293674085613702,0.40528050280147
"430.78943-0.898",3,0.180642374722925,0.222238899335289,0.388270036646379,0.208848689295407
"484.72841-0.881",3,0.180647653852311,0.222251230450566,0.388250808272799,0.208850307424324
"472.77347-0.907",2,0.202709676481142,0.37622143974427,0.233849688003501,0.187219195771087
"580.23527-15.355",3,0.200864670767306,0.295135517839746,0.298002578952712,0.205997232440236
"390.81333-0.925",2,0.152790912224538,0.637195510769682,0.103978935095512,0.106034641910268
"302.884-0.889",1,0.621763230573762,0.121776556114107,0.100254887755034,0.156205325557097
"255.99272-1.001",2,0.1992461251597,0.408437931978819,0.214248133327306,0.178067809534176
"303.21798-8.223",1,0.420698951765493,0.261478222272885,0.141868832317407,0.175953993644215
"248.83863-0.876",4,0.112154451520338,0.0722556773331504,0.103575778279799,0.712014092866712
"405.98332-0.99",2,0.300760689804636,0.382090254644166,0.148723877293071,0.168425178258127
"437.12481-12.592",3,0.139654902763517,0.126123078922078,0.493570043093556,0.24065197522085
"392.8104-0.934",2,0.280715001880115,0.409149061918094,0.146674926682302,0.163461009519489
"423.2675-17.279",1,0.72495787230547,0.0997144638997794,0.0723532558097663,0.102974407984984
"715.46964-10.795",1,0.553742612171209,0.177623176841647,0.114998665683769,0.153635545303376
"580.2355-15.315",3,0.131367630574355,0.140816694944449,0.554066203568904,0.173749470912292
"239.02123-0.908",3,0.141053852794034,0.127044973328288,0.487486237315482,0.244414936562196
"396.82599-0.982",4,0.336362701355243,0.154118649971605,0.163866250099104,0.345652398574048
"302.87446-0.934",1,0.394569873024045,0.156785114232848,0.155146743500422,0.293498269242685
"668.776-0.974",1,0.352652595071906,0.322198054406559,0.149137610016169,0.176011740505366
"710.76071-0.97",2,0.235667768099132,0.47875979205094,0.13752938450478,0.148043055345147
"410.80287-0.922",2,0.222745634964045,0.500999067974135,0.133687760118882,0.142567536942938
"259.76026-0.871",4,0.141558332278501,0.102662471297249,0.178267905228398,0.577511291195852
"293.60298-8.511",4,0.23471925820826,0.131221093187739,0.161094036348233,0.472965612255768
"448.86057-0.99",2,0.19912731992366,0.544153215950527,0.125273451724087,0.131446012401726
"398.74955-0.874",4,0.192733968640255,0.114435910031656,0.148969086343083,0.543861034985007
"377.82623-0.892",4,0.166588236977574,0.13701539346244,0.332386092564861,0.364010276995124
"313.79576-0.888",2,0.166367653439829,0.553551491645159,0.146059750521853,0.134021104393159
"623.33618-17.297",2,0.113245566160326,0.722728982344133,0.0822339033838853,0.0817915481116562
"596.22719-15.343",3,0.179035824163147,0.218556531066776,0.394083724026017,0.20832392074406
"232.02632-1.026",1,0.386838118687214,0.289567015101846,0.146352404090399,0.177242462120542
"326.83778-0.911",2,0.126888185348519,0.675376700449774,0.100988612613204,0.0967465015885018
"405.97482-1.004",2,0.185346255306998,0.570744049171704,0.119565255472223,0.124344440049075
"316.80042-0.885",4,0.332263380003701,0.153667917977958,0.16427959361775,0.349789108400591
"596.78298-0.914",1,0.556112520338821,0.176385837358992,0.114443933742901,0.153057708559287
"596.85095-0.936",4,0.130477312070419,0.0827707272037297,0.116296269678106,0.670455691047745
"448.83252-0.948",1,0.473335842460747,0.151144774792443,0.138115845626779,0.23740353712003
"452.85104-0.966",4,0.313207683641458,0.151077409062537,0.165748102302601,0.369966804993403
"442.74442-0.882",3,0.135485034414538,0.146236546531183,0.540505964861279,0.177772454193001
"573.25345-11.033",1,0.370263574012467,0.156482131810869,0.159352621425472,0.313901672751192
"302.85635-0.992",2,0.124206414005153,0.683087540589377,0.0983071492589198,0.0943988961465498
"170.89343-0.863",2,0.154970861678688,0.591003065549293,0.13150227412699,0.12252379864503
"279.8081-0.867",3,0.172243404000118,0.204292324120475,0.417999389798014,0.205464882081393
"522.77228-0.982",2,0.165491365280847,0.610711619621814,0.110386089785171,0.113410925312169
"604.80487-0.951",2,0.176939620476116,0.587438739476263,0.115810864521619,0.119810775526002
"363.03044-0.92",1,0.470505011947706,0.226066539257101,0.133094652300401,0.170333796494792
"511.96018-0.981",2,0.275508688006085,0.416564533101466,0.145947169516598,0.161979609375851
"314.80315-0.882",4,0.195855954844575,0.115823302025731,0.150142764911138,0.538177978218556
"423.91508-0.997",2,0.106986540546538,0.732937582507864,0.0809049524474116,0.0791709244981867
"275.82291-0.899",3,0.0759869298831853,0.074090796705242,0.735747370118274,0.114174903293299
"528.78572-0.934",2,0.191465652975487,0.454019146044676,0.190020259952691,0.164494941027147
"385.80676-0.891",3,0.140918835643833,0.153615071382796,0.522617054320757,0.182849038652615
"686.8323-0.957",4,0.167337115510805,0.133332409212737,0.291320735430416,0.408009739846042
"312.0192-0.98",2,0.336702073145091,0.339162048072908,0.149680504173328,0.174455374608673
"348.82806-0.939",4,0.0961127595004182,0.0627404395878759,0.091550105761056,0.74959669515065
"544.76315-0.942",2,0.106098718584092,0.73635108035577,0.0794769195874635,0.0780732814726739
"409.89147-1.021",2,0.166313562420984,0.553736114016281,0.145985950358746,0.133964373203989
"478.79039-0.929",4,0.148192643414268,0.0924832337390639,0.12734119420524,0.631982928641428
"458.80109-0.933",2,0.192610676238268,0.448243591006054,0.192906048126378,0.166239684629299
"688.76981-0.956",2,0.106111106856764,0.73625164581166,0.0795295174467594,0.0781077298848171
"368.75072-0.876",2,0.202004336128115,0.304264694498205,0.28933346728866,0.20439750208502
"370.7477-0.877",3,0.141699141174252,0.154697992402978,0.520047822676682,0.183555043746089
"345.1299-7.877",3,0.161043864263873,0.184039568480622,0.456009224772555,0.19890734248295
"381.93039-0.994",1,0.649737957144489,0.114489840670019,0.0928516155329736,0.142920586652518
"481.33271-17.384",1,0.713660007989858,0.104377550128399,0.0752625749136461,0.106699866968097
"256.88143-0.957",2,0.283993742798438,0.404562117517679,0.147090941399976,0.164353198283907
"137.87327-0.931",4,0.148578716759192,0.109223599652157,0.194971254205209,0.547226429383443
"465.80046-0.89",3,0.197375353029729,0.275156803102487,0.318706808812245,0.208761035055539
"314.84009-0.952",3,0.159778702310333,0.136868578652185,0.392430825156677,0.310921893880805
"492.34473-14.093",4,0.215003996810357,0.123853007883126,0.156369760050133,0.504773235256383
"394.82518-0.921",2,0.180201690469572,0.503148012666247,0.167144326537841,0.14950597032634
"313.94297-0.999",1,0.428187400159815,0.155510564125592,0.148378887676492,0.267923148038102
"315.8777-0.958",2,0.214135298643508,0.516363969089333,0.130826139329823,0.138674592937337
"651.43777-17.589",1,0.497689282157345,0.147718786768026,0.132211823524551,0.222380107550078
"318.82948-0.893",4,0.152926904558433,0.0949930629066454,0.130066587281397,0.622013445253525
"379.26211-17.423",2,0.186206380390132,0.478350547243301,0.178346130963872,0.157096941402695
"577.37489-17.275",2,0.208965619049777,0.525793997543981,0.128993608950907,0.136246774455335
"590.75957-0.981",2,0.330359193847352,0.346248242940677,0.149742077442578,0.173650485769393
"395.95561-0.997",2,0.171595992218173,0.535314891791671,0.153463208456522,0.139625907533634
"200.88107-0.878",2,0.202975234456416,0.314615838398082,0.280035125574278,0.202373801571225
"276.82311-0.892",1,0.368638497041238,0.156422102442037,0.159608266707494,0.315331133809232
"707.47191-10.81",1,0.573506916098371,0.167491737792873,0.110325636471625,0.148675709637131
"284.8644-0.886",2,0.140853530424629,0.634436199742359,0.115479058392846,0.109231211440166
"770.79739-0.958",2,0.270982564998474,0.423143643590997,0.145246530891196,0.160627260519332
"501.93166-0.981",2,0.193540770206183,0.554812648390552,0.123028035389728,0.128618546013537
"462.81268-0.929",2,0.135002096073506,0.651779359187046,0.109280976160169,0.103937568579279
"301.84683-0.89",3,0.198016758695531,0.278288871987594,0.315290962344291,0.208403406972584
"363.03988-1.023",2,0.159467730687851,0.623189926908964,0.107395746683467,0.109946595719718
"446.76709-0.893",2,0.142382568366025,0.629849664404025,0.117135268951004,0.110632498278946
"130.92903-0.931",4,0.120997097084483,0.0852298301919816,0.140109160070443,0.653663912653092
"779.82102-0.963",2,0.158359386940709,0.62550247580929,0.106835823529252,0.109302313720748
"550.78951-0.925",1,0.76386056907745,0.0835136525234684,0.0623208078133111,0.090304970585771
"656.81231-0.964",4,0.282193903254609,0.145040098594399,0.166247737689552,0.40651826046144
"261.86008-0.884",1,0.346253233760637,0.155055762760153,0.162741651032894,0.335949352446316
"446.83537-0.923",1,0.467088102217664,0.151910415458329,0.139595479864014,0.241406002459993
"535.23694-15.16",4,0.134938398009428,0.0968194614215539,0.164658720652571,0.603583419916447
"259.86286-0.888",1,0.346435614611741,0.155071076070008,0.162719302302765,0.335774007015486
"285.86932-0.89",2,0.150998330082337,0.603496561251366,0.126810033221834,0.118695075444463
"342.81515-0.912",3,0.0945523669361892,0.0967690113604116,0.676189568233256,0.132489053470143
"435.89447-1.01",2,0.177122388217121,0.587072128432756,0.115894601358389,0.119910881991734
"524.78363-0.919",2,0.325327047692927,0.352014129789196,0.149724335204646,0.172934487313231
"680.81581-0.948",4,0.0943306143874719,0.0646371764640935,0.101399764994176,0.739632444154258
"183.89786-0.939",1,0.462022277224219,0.152495208711054,0.140783079584076,0.244699434480651
"431.71794-0.87",2,0.171126331496703,0.536987236071026,0.152774532029765,0.139111900402505
"354.77033-0.873",3,0.16099846576046,0.183963617674817,0.456161118306262,0.19887679825846
"406.79084-0.932",4,0.263533843597692,0.14027633942783,0.165179213096469,0.431010603878009
"487.90798-1.008",2,0.157080874093956,0.628176290495202,0.106186286662297,0.108556548748546
"310.78153-0.878",3,0.194342498508271,0.262251580003454,0.333516932153459,0.209888989334816
"405.71165-0.877",1,0.357363551741148,0.155861608621602,0.161281126769814,0.325493712867436
"459.94682-0.983",1,0.46923778962136,0.226895823536634,0.133342374101738,0.170524012740268
"267.82471-0.871",4,0.161992498975649,0.123879141713843,0.241919972674912,0.472208386635596
"449.91779-0.991",1,0.394742789755923,0.282666371415141,0.145440525008949,0.177150313819987
"500.70587-0.879",3,0.136402106008501,0.123916135552629,0.50744258442162,0.23223917401725
"318.73514-0.871",1,0.541800497341537,0.139932557225549,0.121109057318952,0.197157888113962
"331.73512-0.84",2,0.198876776495232,0.411104965457346,0.212728770179533,0.177289487867889
"341.73993-0.875",4,0.257875656930858,0.138660934546507,0.164622276540571,0.438841131982064
"280.86204-0.913",4,0.0931035577285723,0.0609332726996385,0.0892319067298839,0.756731262841905
"502.85719-0.917",2,0.198878787692672,0.411090667924781,0.212736877284401,0.177293667098146
"339.74283-0.878",4,0.208576986351465,0.121251509498837,0.154464116565992,0.515707387583706
"760.83767-0.963",2,0.17128226417401,0.536432807173065,0.153002619929834,0.139282308723092
"650.15461-13.732",4,0.0795202683710361,0.052853672397869,0.0791234563942704,0.788502602836825
"530.80046-0.933",2,0.24764280126517,0.459048206676933,0.140600406386124,0.152708585671773
"503.8822-1.006",2,0.280381424032282,0.409619321873212,0.146630779924774,0.163368474169731
"454.78474-0.986",2,0.180189376491398,0.503196497855442,0.167123028488975,0.149491097164185
"694.77835-0.974",1,0.766332019120423,0.081564989228259,0.0617516473633675,0.0903513442879505
"289.82809-0.876",1,0.486357544913846,0.149397554318331,0.134983891963123,0.2292610088047
"527.93443-0.982",2,0.279064798620129,0.411481915086008,0.146453229501396,0.163000056792467
"401.7842-0.889",3,0.196810963462899,0.272537301940812,0.321615578608867,0.209036155987421
"387.74551-0.877",3,0.149191795877252,0.132010423841299,0.450202450132465,0.268595330148984
"196.87978-0.917",2,0.19167807109906,0.452963465359918,0.190544221695862,0.164814241845159
"602.79961-0.931",4,0.169411496568498,0.103420687748789,0.138775754578331,0.588392061104382
"514.82269-0.923",1,0.534262867022269,0.188047884943111,0.119492502354133,0.158196745680486
"518.83476-0.927",4,0.146432361157619,0.0915404064167033,0.126302935681317,0.635724296744361
"442.98379-0.936",2,0.248512467171958,0.45765068205427,0.14080512627144,0.153031724502332
"326.91299-0.946",1,0.378724622580764,0.29688816351668,0.147191588729927,0.17719562517263
"391.87454-0.94",4,0.21135090286043,0.122386123947506,0.155309188183224,0.51095378500884
"376.83299-0.962",2,0.149159387628641,0.644885439745932,0.10207799436551,0.103877178259918
"736.7638-0.971",2,0.275741505525455,0.416229452708967,0.145981490941914,0.162047550823663
"279.7933-0.872",3,0.0758079588222739,0.0739309023677891,0.736390186139252,0.113870952670685
"260.97465-0.959",1,0.408745103094525,0.156474291564113,0.152408527481501,0.282372077859861
"578.79556-0.961",1,0.404854198695983,0.27415484274104,0.144148631246837,0.17684232731614
"388.82549-0.884",2,0.203469409687963,0.364387169073888,0.241715898702245,0.190427522535904
"614.76535-0.941",4,0.230490891575867,0.129719893419159,0.160219641590057,0.479569573414917
"281.02429-0.993",2,0.299354438777854,0.383912675313804,0.148617852576251,0.16811503333209
"291.73107-0.859",3,0.0692275940951639,0.0681719876743277,0.760147977850549,0.102452440379959
"555.02091-1.006",4,0.240774365379335,0.133294573058424,0.162218877148541,0.463712184413699
"318.8747-0.972",2,0.188648372357349,0.467439276056831,0.183489640848215,0.160422710737606
"454.84771-0.969",4,0.1322783429022,0.0837799362436275,0.117478121521946,0.666463599332227
"520.83183-0.955",4,0.166225432425058,0.130428848063296,0.272544012290828,0.430801707220818
"127.00133-1",4,0.100505614153657,0.0692839119288153,0.109761584451414,0.720448889466114
