"FeatureID","Cluster","1","2","3"
"296.61697-8.708",2,0.256631089834946,0.466072680655283,0.27729622950977
"487.23704-10.048",3,0.227435794147896,0.206771088310922,0.565793117541181
"421.22647-16.397",1,0.46548847663933,0.3193056194199,0.21520590394077
"296.61713-13.231",2,0.368875045177367,0.417713253907982,0.213411700914651
"197.8081-1.761",3,0.246902415214995,0.239735805460756,0.513361779324249
"134.89467-16.9",3,0.161767741512035,0.129456285709859,0.708775972778106
"195.8112-1.798",3,0.239701898769571,0.226416379342901,0.533881721887528
"295.60919-8.556",2,0.253079879611986,0.47830704603079,0.268613074357225
"134.89467-17.731",3,0.141549351825789,0.104504467270111,0.7539461809041
"349.00232-8.656",1,0.498950899520067,0.290364865731309,0.210684234748624
"427.26206-13.042",3,0.2740312927001,0.358258549860595,0.367710157439305
"201.07113-1.455",3,0.272431681530544,0.324505168873562,0.403063149595894
"206.04578-6.434",3,0.267784056595081,0.296988055840644,0.435227887564275
"443.25722-11.397",3,0.145829660977841,0.11356487196078,0.740605467061379
"443.25731-11.398",3,0.145708241753251,0.113442809030581,0.740848949216169
"514.28464-9.002",2,0.173694450820487,0.692309172351922,0.133996376827591
"134.89473-14.902",2,0.19909592475175,0.618777538043012,0.182126537205238
"288.61964-9.445",2,0.247094252181866,0.497323407988382,0.255582339829751
"288.61969-9.45",2,0.188947071558335,0.641185748996991,0.169867179444674
"134.89472-15.265",3,0.271710742542095,0.318657031245765,0.409632226212139
"134.89472-10.047",1,0.437453850777739,0.345440605790762,0.217105543431499
"465.30481-15.281",2,0.270622525931078,0.401067064454968,0.328310409613954
"333.00756-7.975",2,0.370607999481186,0.415729987358246,0.213662013160568
"485.22186-9.912",3,0.219449115540139,0.195394422368349,0.585156462091512
"514.28465-9.763",2,0.142944957399355,0.741590314381002,0.115464728219642
"269.04566-9.802",1,0.636777604391883,0.157740891224047,0.205481504384069
"89.02444-1.097",2,0.224685105708668,0.558482856090188,0.216832038201144
"443.25727-10.429",3,0.203784364738705,0.175256705778086,0.620958929483209
"301.16569-7.867",3,0.182068683360677,0.150519157328656,0.667412159310667
"465.3048-14.256",2,0.259897456245483,0.559410012036101,0.180692531718416
"134.89471-8.743",2,0.162977288693142,0.709670407617656,0.127352303689202
"100.93363-16.906",1,0.430446554767583,0.197361095756615,0.372192349475802
"294.60145-8.208",2,0.260461243558838,0.451741997048102,0.28779675939306
"391.28551-13.034",2,0.272943018645178,0.38047592093402,0.346581060420802
"134.89468-17.217",1,0.67670476597965,0.165977901478636,0.157317332541714
"443.25725-10.746",3,0.138534633026796,0.105881675198318,0.755583691774886
"87.00879-1.106",3,0.257009719642392,0.262203501662115,0.480786778695493
"421.22674-16.9",1,0.747868298651736,0.117257142134357,0.134874559213907
"160.84216-1.333",3,0.335115786023856,0.187834509129315,0.477049704846829
"256.05951-1.087",3,0.234409713443409,0.2175533016088,0.548036984947792
"117.01943-1.682",2,0.24364678872724,0.507592084290576,0.248761126982184
"243.12383-7.323",3,0.236944237437713,0.221714711798671,0.541341050763616
"162.83923-1.479",2,0.326546314784538,0.468802401892564,0.204651283322898
"348.10238-7.98",1,0.642286824818394,0.18722708419182,0.170486090989786
"215.03291-1.034",3,0.214644002604281,0.188949160796347,0.596406836599372
"333.00769-8.729",1,0.734555032222938,0.132071932323266,0.133373035453796
"241.10825-7.533",3,0.262683060862949,0.278212836232553,0.459104102904498
"322.12325-6.231",1,0.700771103512673,0.135275216344299,0.163953680143028
"146.04596-1.054",3,0.205607035717048,0.177480562287049,0.616912401995903
"273.00762-6.487",2,0.21454807813474,0.627486279838663,0.157965642026597
"96.96966-1.299",3,0.235967323232783,0.22009356696477,0.543939109802447
"229.14458-10.502",3,0.273981973708284,0.347881368380264,0.378136657911451
"322.12322-6.001",1,0.66796621515524,0.171282030789972,0.160751754054788
"452.27847-14.321",1,0.610073590945895,0.166106254250474,0.223820154803631
"101.02448-1.697",1,0.508038496082907,0.282891031785828,0.209070472131265
"129.05581-6.571",3,0.392716994183343,0.196210252657793,0.411072753158865
"129.05581-6.581",3,0.39217229899998,0.196169276133958,0.411658424866061
"271.22798-16.371",3,0.159831807169278,0.127513694198236,0.712654498632486
"179.05623-1.074",1,0.399509836016188,0.383881476673736,0.216608687310076
"498.28997-10.85",2,0.141132375616583,0.742382001344908,0.116485623038509
"178.05109-6.575",2,0.207106330319016,0.600583330383604,0.19231033929738
"467.27829-16.973",3,0.225992641872534,0.204646148260963,0.569361209866503
"346.08938-3.717",2,0.379450955197526,0.405740658866811,0.214808385935663
"483.20629-9.513",2,0.356903409412959,0.431645584639937,0.211451005947104
"316.63275-9.6",2,0.23761934547751,0.524647505275467,0.237733149247023
"115.92077-16.45",3,0.272605150886199,0.326107700663151,0.40128714845065
"286.60409-8.947",2,0.156691061860885,0.709306493052486,0.134002445086629
"385.22331-12.449",1,0.40357936391761,0.379579715540303,0.216840920542087
"131.07145-7.216",1,0.454240563097453,0.329573008553681,0.216186428348866
"131.07146-7.22",1,0.440168031952629,0.342829584400397,0.217002383646973
"293.17603-11.873",2,0.264066146400225,0.43668489453349,0.299248959066285
"305.07024-6.769",2,0.347721537121052,0.442606867345405,0.209671595533543
"511.30462-13.505",3,0.162553544492214,0.116151401159771,0.721295054348015
"262.05699-1.098",2,0.309121228570429,0.491314383769072,0.199564387660499
"161.04567-1.085",1,0.630504997565241,0.194740270042839,0.17475473239192
"201.07112-0.944",3,0.148116222939857,0.107996099279272,0.743887677780871
"135.89478-16.899",3,0.312225432414711,0.182196400177754,0.505578167407535
"187.09772-8.45",1,0.665004316956493,0.173093172473019,0.161902510570488
"531.30025-10.3",2,0.271241413582447,0.396473492182964,0.332285094234588
"531.30024-10.313",1,0.740394003512036,0.120152925244883,0.139453071243081
"128.03543-1.511",2,0.271491313561986,0.394489004046289,0.334019682391725
"467.21134-10.646",1,0.747824882891275,0.117273943955955,0.13490117315277
"202.02945-1.08",1,0.468385355591413,0.316706952793482,0.214907691615105
"317.64057-9.574",2,0.192530954398341,0.633345087206126,0.174123958395533
"436.28359-14.701",1,0.411872435707446,0.197204451457841,0.390923112834712
"529.28457-11.515",1,0.707682553461895,0.147598402377983,0.144719044160122
"427.26235-12.046",3,0.15558832545051,0.123279400697203,0.721132273852287
"129.05582-6.11",2,0.150006055810621,0.730625361088672,0.119368583100706
"443.25737-10.556",3,0.181086804463269,0.149463385491743,0.669449810044988
"539.13912-1.124",2,0.159628115345299,0.715102196606213,0.125269688048487
"554.30229-13.795",1,0.527513244980915,0.186805769653107,0.285680985365978
"302.59894-9.649",2,0.356842896320357,0.431717039700743,0.2114400639789
"253.05078-8.921",1,0.729693363721728,0.13486082224122,0.135445814037053
"554.30237-13.562",2,0.273921319551985,0.363355343351966,0.362723337096049
"391.10154-1.043",2,0.141455835140563,0.743637037485692,0.114907127373745
"476.27865-13.738",1,0.405292229980759,0.377782292462561,0.21692547755668
"329.10329-8.462",3,0.22854368567023,0.208425340661491,0.563030973668279
"462.29939-14.989",3,0.253331665437777,0.161781702800085,0.584886631762139
"483.27327-15.728",1,0.749321298142075,0.116695112336562,0.133983589521363
"438.26295-13.631",3,0.204033817724808,0.175559458236518,0.620406724038674
"425.24684-13.076",3,0.265217003498573,0.286792047753942,0.447990948747485
"335.02333-10.403",2,0.337946681221268,0.454540228505286,0.207513090273446
"229.15591-5.708",3,0.146040143931169,0.113776303001107,0.740183553067724
"275.02329-6.489",2,0.342710316230545,0.448690610328429,0.208599073441026
"438.26291-13.407",3,0.138372446063192,0.105688087212959,0.755939466723849
"115.92077-16.915",1,0.767216155818214,0.109943668066317,0.122840176115468
"92.92803-16.507",2,0.201191562154558,0.614065501506134,0.184742936339308
"201.07111-8.998",1,0.532838008491122,0.263255593651779,0.203906397857099
"441.24174-11.244",3,0.138545743073681,0.103174002204513,0.758280254721806
"483.27331-15.232",1,0.61767850185693,0.163794738468764,0.218526759674306
"421.22677-17.808",3,0.156188229284693,0.123876425137578,0.71993534557773
"465.30484-12.945",2,0.289997115668206,0.516997704991364,0.19300517934043
"509.2889-16.938",1,0.726720986497579,0.136569349472452,0.136709664029969
"373.20556-12.718",3,0.315419373441458,0.183062118231199,0.501518508327343
"165.05583-7.728",2,0.285491381248831,0.5231944670983,0.19131415165287
"172.84263-12.143",3,0.324303259739392,0.185335564949248,0.49036117531136
"200.80565-1.288",1,0.486938981192742,0.300489006405639,0.212572012401619
"188.05666-1.562",1,0.438104856404892,0.197202656664723,0.364692486930385
"245.01268-6.615",2,0.248637934313092,0.492578202005491,0.258783863681418
"363.01818-8.056",2,0.318847406177317,0.47864306625565,0.202509527567033
"162.05615-6.381",3,0.2027285204411,0.173980770064853,0.623290709494047
"480.30997-15.728",3,0.179333901808017,0.147589523072812,0.673076575119171
"116.92858-16.91",2,0.273878454526437,0.364687422112945,0.361434123360617
"480.30996-15.575",3,0.153315885791411,0.121020878701913,0.725663235506676
"278.13988-16.427",1,0.732164623309244,0.133442405857367,0.13439297083339
"478.29435-14.628",3,0.396990802776755,0.196507145852834,0.406502051370411
"478.29432-14.623",1,0.409173671500439,0.197116372193714,0.393709956305846
"465.30476-17.81",2,0.189931277001515,0.666227388273423,0.143841334725062
"381.33749-17.739",3,0.246056306214749,0.238079615065476,0.515864078719775
"218.10356-4.518",1,0.502619468796551,0.191150028533866,0.306230502669583
"201.0711-13.041",1,0.765301938734105,0.114352917277954,0.120345143987941
"453.28623-10.558",3,0.150543291516014,0.118267555219738,0.731189153264248
"135.89478-17.73",3,0.13815314283074,0.105420984929424,0.756425872239835
"524.29984-16.423",1,0.709431700537105,0.146577885169807,0.143990414293088
"441.24183-10.775",3,0.193204536462685,0.162839637529683,0.643955826007632
"701.19194-1.201",1,0.46560576565878,0.319200046069524,0.215194188271695
"299.25925-15.248",3,0.193669147358372,0.163368998273297,0.642961854368331
"105.01939-1.084",3,0.187802614300354,0.130194676155308,0.682002709544337
"151.02625-1.443",3,0.248879731220697,0.159909926221176,0.591210342558127
"201.11332-9.21",1,0.43250079291507,0.197331141299399,0.370168065785531
"509.28889-16.645",3,0.254553778184933,0.162287850649035,0.583158371166032
"498.29004-10.611",2,0.156497169486393,0.720174005351709,0.123328825161898
"317.06471-1.093",2,0.256210329963038,0.467568508397926,0.276221161639036
"145.01434-1.114",3,0.38632505395645,0.19568443723115,0.4179905088124
"371.20762-11.573",2,0.357943985491028,0.430418478807859,0.211637535701113
"267.07372-1.761",1,0.740259212080231,0.128806108524099,0.13093467939567
"715.22311-8.431",1,0.622752761151536,0.162220254614037,0.215026984234428
"57.97573-1.123",2,0.224811278388894,0.558166859611637,0.217021861999469
"443.25738-11.587",3,0.142459600631261,0.110138120505027,0.747402278863712
"205.83969-8.75",3,0.26823881311711,0.299017920042654,0.432743266840236
"331.24924-10.691",3,0.245055732827299,0.236155418136535,0.518788849036166
"429.21332-10.15",1,0.41143288119696,0.371402162863815,0.217164955939225
"101.02446-1.081",1,0.456845958066033,0.196288458195863,0.346865583738104
"165.04057-1.07",1,0.397748861260786,0.385756690151664,0.216494448587549
"135.89482-15.265",3,0.21114791247613,0.184419066787217,0.604433020736654
"359.18989-11.138",3,0.272146286601665,0.169198603392913,0.558655110005423
"467.27828-17.315",3,0.381091028844394,0.195180228878514,0.423728742277092
"556.31802-14.436",3,0.271591712430504,0.317788191001628,0.410620096567867
"160.04054-7.061",3,0.185730573578386,0.15449764217878,0.659771784242834
"115.04018-2.798",1,0.420413547324519,0.362248153405191,0.217338299270291
"117.01941-1.181",2,0.227507365383544,0.551356429277879,0.221136205338577
"191.05626-1.094",2,0.225860089469794,0.610075654050829,0.164064256479376
"375.18485-10.613",2,0.221769528748687,0.616340777557886,0.161889693693427
"185.02234-1.061",3,0.356530422399698,0.191913707847397,0.451555869752906
"144.92347-16.912",3,0.270183954156571,0.308850100614715,0.420965945228714
"144.92347-17.704",2,0.257905347942584,0.46145561350035,0.280639038557066
"117.05582-5.201",2,0.242180279741169,0.585445252188355,0.172374468070477
"308.09898-1.105",3,0.22766059547389,0.207105106473572,0.565234298052538
"287.18661-7.246",3,0.272512824982115,0.325243013367608,0.402244161650278
"269.04572-8.371",2,0.154927008532538,0.71296052070316,0.132112470764303
"556.31799-14.68",3,0.289602506747903,0.175339868092699,0.535057625159399
"556.31801-14.678",2,0.264555941377624,0.434477623257527,0.300966435364849
"285.17098-6.959",3,0.262057587731862,0.276260233240611,0.461682179027527
"476.27874-13.52",3,0.170762065107288,0.138609538667001,0.690628396225711
"439.247-14.097",3,0.25536766172515,0.258135699605135,0.486496638669715
"135.89483-14.911",2,0.21531022460313,0.581365970038666,0.203323805358204
"464.31498-16.111",1,0.679679411824482,0.143003504312883,0.177317083862635
"177.0406-1.093",1,0.41329043713733,0.197243997532742,0.389465565329928
"122.02485-1.442",3,0.311881380267187,0.182101623101346,0.506016996631466
"321.14771-6.953",3,0.27365969572208,0.339441644391579,0.386898659886341
"206.08229-17.733",3,0.270777184652884,0.312361399783566,0.41686141556355
"215.14026-2.708",3,0.179684917167068,0.147963658190881,0.672351424642051
"145.01435-1.439",3,0.187985525414094,0.130293540472271,0.681720934113635
"297.24363-14.206",1,0.59948357715015,0.16922473778905,0.2312916850608
"313.23863-12.012",2,0.160687275405614,0.713384784981119,0.125927939613267
"279.03919-1.503",3,0.2619961632057,0.276071499208997,0.461932337585303
"443.19274-6.157",2,0.277733882220871,0.533990789874995,0.188275327904134
"446.25773-11.412",3,0.136858668875411,0.103072429113011,0.760068902011578
"539.13921-1.428",2,0.244112350053025,0.506229681577064,0.249657968369912
"401.13035-1.033",2,0.209585297666274,0.635206557727804,0.155208144605923
"73.02956-1.68",2,0.171791299953002,0.677847864636882,0.150360835410117
"480.31013-15.446",2,0.14252837353249,0.739088637535155,0.118382988932355
"149.04562-1.063",1,0.739838469436175,0.120368190306466,0.139793340257359
"251.07879-1.818",1,0.527463138681014,0.186815508874829,0.285721352444157
"251.07881-1.845",3,0.319076696073222,0.184022054298022,0.496901249628756
"528.26419-9.3",2,0.209874257969517,0.594172137197453,0.195953604833031
"257.08211-10.485",3,0.257376128881422,0.263139992325498,0.47948387879308
"633.40122-12.04",2,0.345128813762299,0.445745549575018,0.209125636662683
"273.07704-9.597",3,0.168138798772695,0.135915086821774,0.695946114405531
"112.98568-0.977",2,0.166415041833885,0.704094897809949,0.129490060356167
"421.22678-17.686",2,0.273782316146293,0.367191096626213,0.359026587227494
"190.05117-7.239",3,0.272523944150398,0.325345689768266,0.402130366081336
"297.11348-10.126",3,0.170329275186794,0.138163431453785,0.691507293359421
"297.11339-10.124",3,0.163426797404362,0.131127797246606,0.705445405349033
"113.02448-1.036",1,0.613461902830809,0.20585356674497,0.180684530424221
"545.27953-10.277",1,0.772923834570734,0.108133497141039,0.118942668288227
"475.16467-8.939",3,0.374583090968612,0.19445996631708,0.430956942714309
"153.86868-13.471",2,0.238983369634399,0.520874933034024,0.240141697331577
"512.26933-9.169",2,0.189316291264121,0.640381347615522,0.170302361120357
"343.2127-8.635",3,0.308169312531738,0.181060265268734,0.510770422199528
"333.09016-10.126",3,0.180619686582013,0.148962677880075,0.670417635537912
"131.07146-7.067",2,0.257010342545746,0.563600454091759,0.179389203362496
"131.07146-7.072",2,0.253677795096355,0.568463021919571,0.177859182984074
"499.30707-11.77",3,0.273983861890544,0.347964307295016,0.37805183081444
"277.05993-2.999",3,0.272300906722433,0.323355587028213,0.404343506249355
"377.26986-14.828",3,0.277842536070971,0.171282413586729,0.550875050342299
"172.84264-11.694",3,0.22465896616036,0.148984773483901,0.626356260355738
"207.05114-1.097",2,0.267300379619095,0.421090225084666,0.311609395296239
"195.05117-1.058",2,0.266058674530639,0.550537312904618,0.183404012564743
"172.84261-15.457",3,0.202122141886246,0.17325195304105,0.624625905072704
"389.24658-16.064",3,0.265029259876755,0.2861137959088,0.448856944214445
"164.83623-1.32",2,0.340217906930344,0.451743143760761,0.208038949308895
"201.1246-3.734",3,0.185173528810273,0.128768273861652,0.686058197328075
"365.03377-10.172",2,0.262014310155234,0.556350764291995,0.18163492555277
"245.11449-1.718",3,0.222842401249134,0.148116938653495,0.629040660097371
"315.25424-11.621",3,0.301767775153534,0.179183930824495,0.519048294021971
"438.26298-13.146",3,0.273823318308809,0.342902858442864,0.383273823248327
"298.12077-8.705",2,0.2377068016603,0.524407012895438,0.237886185444262
"493.32071-16.994",3,0.271277697421139,0.168874150166093,0.559848152412768
"498.28999-9.977",3,0.269905711679751,0.307302407349522,0.422791880970727
"449.1073-1.103",2,0.256951473886936,0.464924407068739,0.278124119044325
"509.28893-17.304",3,0.302148238000635,0.179298285193354,0.51855347680601
"132.0303-1.047",2,0.230071036753195,0.544770642423638,0.225158320823168
"132.03031-1.052",2,0.230077448871038,0.544754027412064,0.225168523716898
"509.28888-16.453",3,0.274043366323159,0.351669917552342,0.374286716124499
"563.14129-7.016",2,0.27157919728359,0.542669387646207,0.185751415070204
"429.29732-14.438",3,0.152283514542603,0.119995744063498,0.727720741393899
"782.56639-13.034",3,0.177128549833133,0.145251117741983,0.677620332424884
"225.06172-1.029",2,0.35671906356917,0.431863296296395,0.211417640134435
"315.12406-8.248",3,0.241887603109602,0.230286988399654,0.527825408490744
"100.93365-11.147",1,0.417858222147378,0.364831635023261,0.217310142829361
"222.04972-0.998",1,0.613322641362817,0.165125897486649,0.221551461150534
"487.30697-10.327",3,0.267702653269583,0.296633173221041,0.435664173509376
"153.86864-16.884",3,0.246143302394246,0.238248650268481,0.515608047337273
"676.33765-9.136",2,0.173686232487408,0.692322454069177,0.133991313443415
"351.01796-8.733",1,0.431910461026279,0.197340696566227,0.370748842407494
"231.13521-4.058",3,0.237736928170511,0.223046735213713,0.539216336615776
"243.12392-7.486",2,0.194829441328133,0.658433931578747,0.146736627093121
"218.10356-3.835",1,0.446873814855517,0.196866421227944,0.356259763916539
"366.11308-6.001",1,0.526938000979825,0.267830391578236,0.205231607441939
"166.01806-1.093",2,0.272413615382089,0.386240197860036,0.341346186757875
"261.00765-5.389",1,0.575099790780711,0.232072423009943,0.192827786209347
"445.07811-7.784",1,0.442379230510658,0.340715554646089,0.216905214843254
"427.26243-11.593",3,0.240919943165244,0.156455591263108,0.602624465571648
"315.62495-9.436",2,0.171652013672447,0.67814068497356,0.150207301353993
"616.22371-8.717",2,0.266124031303288,0.427067448601254,0.306808520095458
"253.05078-7.776",2,0.338464464681594,0.453901266408772,0.207634268909634
"182.04608-1.799",2,0.159838926039281,0.714760414860795,0.125400659099924
"135.89479-17.204",2,0.250875251591446,0.572573264995949,0.176551483412605
"345.22836-8.747",2,0.218359831012526,0.621589938885722,0.160050230101752
"161.84993-8.788",3,0.258434842947566,0.265910725382515,0.475654431669919
"229.15593-5.374",3,0.238872369340259,0.224981734310098,0.536145896349643
"345.22836-9.963",2,0.173829544872444,0.692090855077458,0.134079600050098
"387.23902-13.586",2,0.344183903528363,0.446894201780979,0.208921894690658
"313.10839-8.939",3,0.264614900767042,0.284643487684078,0.45074161154888
"349.00248-8.018",2,0.25264439773876,0.479751910123957,0.267603692137284
"329.10332-9.316",2,0.264850741784306,0.433126217677066,0.302023040538628
"361.20218-9.736",1,0.397727757525239,0.385779213491692,0.216493028983068
"294.08331-1.066",1,0.675459402113072,0.166730313601128,0.157810284285799
"263.09743-1.4",3,0.138695882223398,0.106071362243174,0.755232755533428
"241.08577-16.434",2,0.213117558328545,0.629706670561074,0.157175771110382
"131.0351-2.384",2,0.351755848034084,0.437761156145586,0.210482995820331
"218.10356-3.696",3,0.238166303227328,0.223774657933515,0.538059038839157
"263.04424-1.7",2,0.249535217095996,0.489773062645213,0.260691720258791
"287.61191-8.399",2,0.216814339746088,0.577767331959409,0.205418328294502
"451.27062-11.246",3,0.15016418483103,0.109136267926792,0.740699547242178
"485.22205-9.669",3,0.220532532258909,0.196886077602353,0.582581390138738
"259.13015-1.838",3,0.319453422204764,0.184119026981015,0.496427550814221
"510.2536-8.932",2,0.142341893375405,0.742452674463571,0.115205432161025
"329.23359-11.347",3,0.270657433599205,0.311626911468628,0.417715654932166
"481.20849-10.043",2,0.329582250391311,0.464968185262973,0.205449564345715
"595.13122-7.195",2,0.204069108029133,0.607541594277769,0.188389297693097
"118.05104-1.041",2,0.235254010163425,0.531083425615944,0.233662564220631
"364.99734-8.709",1,0.438679072774325,0.197185655752507,0.364135271473168
"229.15591-6.135",3,0.203405171183318,0.174797449544021,0.621797379272662
"450.26305-13.074",1,0.433574686065098,0.197311805840042,0.369113508094859
"143.03503-1.027",1,0.75923981680474,0.117909931357831,0.12285025183743
"271.06135-9.826",3,0.17880150210072,0.125271541961788,0.695926955937492
"525.25335-10.973",1,0.570067661877061,0.235649521453836,0.194282816669103
"217.11954-1.746",3,0.136844556041308,0.103338464265102,0.75981697969359
"230.99706-5.508",1,0.774243326073765,0.108408935691371,0.117347738234864
"288.61976-8.902",2,0.168863595334118,0.68398980268476,0.147146601981122
"467.31488-15.811",2,0.261160482637805,0.448961558074596,0.2898779592876
"102.95686-0.981",2,0.212165049492626,0.588811863735893,0.199023086771481
"389.24659-15.907",2,0.218908888890393,0.620743049601489,0.160348061508118
"501.32272-11.136",2,0.269746678198689,0.406968367510323,0.323284954290988
"507.27331-14.766",1,0.663339880968073,0.174113996954006,0.162546122077921
"216.08789-5.116",1,0.520310315127447,0.273040007679622,0.206649677192932
"202.02944-1.397",1,0.553768451952161,0.247479133877748,0.198752414170091
"530.28807-11.709",1,0.636636699989567,0.190813616881062,0.172549683129371
"591.35444-12.182",3,0.344442531711996,0.189753137098641,0.465804331189363
"565.12058-7.277",2,0.201545206981786,0.613267148988692,0.185187644029522
"549.16796-1.085",2,0.162849499314046,0.709877696910576,0.127272803775377
"193.03551-1.077",1,0.548732818025372,0.182343977507574,0.268923204467054
"441.25305-16.012",1,0.518859993278262,0.27419019520946,0.206949811512278
"441.24178-11.03",3,0.152880254519051,0.110663584397252,0.736456161083696
"441.24181-11.045",3,0.158312137741433,0.113742582084259,0.727945280174308
"355.32179-17.698",3,0.168648690777825,0.136437062507019,0.694914246715156
"311.22298-13.766",1,0.585611180915646,0.173122986491381,0.241265832592973
"290.87971-2.748",3,0.401541031369279,0.196775520532011,0.40168344809871
"329.15273-11.87",2,0.250743269803921,0.485937527898378,0.263319202297701
"464.2787-14.06",1,0.479625907825812,0.306795135205195,0.213578956968994
"511.26832-13.575",3,0.274047977043565,0.352205670750193,0.373746352206242
"135.03134-1.437",3,0.159236202997665,0.126917579173671,0.713846217828665
"188.05658-1.109",1,0.764358990421727,0.110975661186545,0.124665348391728
"96.96014-8.209",1,0.43667117030651,0.346196856859517,0.217131972833973
"512.26931-9.355",2,0.142835297815266,0.738402153528014,0.11876254865672
"512.26939-9.35",2,0.145713497741729,0.732179356763017,0.122107145495254
"257.08214-9.108",3,0.208462073472631,0.1810208865238,0.610517040003569
"328.16227-12.292",1,0.718991163969981,0.141027677301469,0.13998115872855
"328.1623-12.269",2,0.167728848568075,0.686363450162272,0.145907701269654
"298.15622-16.909",3,0.238810492097191,0.224875440996252,0.536314066906556
"309.64318-10.465",1,0.513585862843681,0.278404332356151,0.208009804800168
"321.08304-1.356",2,0.140569148975238,0.744288275849661,0.115142575175101
"101.93377-17.707",3,0.211808186066768,0.185265083848782,0.60292673008445
"187.10902-4.161",3,0.257933255912445,0.264585678714467,0.477481065373088
"527.26901-11.165",3,0.187965967622572,0.130282971745985,0.681751060631443
"147.02999-1.101",1,0.565626500113954,0.178337435769656,0.25603606411639
"174.95616-0.949",2,0.265721463599262,0.429024666196334,0.305253870204404
"523.25558-11.209",1,0.527958714562569,0.1867190130846,0.285322272352831
"71.0139-1.48",2,0.272514109316952,0.385222353944967,0.342263536738081
"346.57966-8.712",2,0.257763348791026,0.46197691445602,0.280259736752955
"509.21945-10.081",3,0.274021830568134,0.349953716048102,0.376024453383764
"245.1396-8.469",2,0.258017881239878,0.46104122316661,0.280940895593512
"564.33124-13.562",2,0.209689460400205,0.594602356703595,0.1957081828962
"564.33128-13.559",2,0.208020943363882,0.598472500180276,0.193506556455842
"298.15621-17.705",2,0.141116136250265,0.742423782437724,0.11646008131201
"239.07742-1.07",2,0.235107800531146,0.59604555113427,0.168846648334584
"238.07225-1.061",2,0.333850169379246,0.459622431213819,0.206527399406936
"128.03542-1.098",2,0.218634391151113,0.573377951876451,0.207987656972436
"304.61464-7.834",1,0.494292957356876,0.19237144458718,0.313335598055943
"71.01389-1.05",1,0.497132262158448,0.191968542990943,0.310899194850609
"331.24925-10.123",1,0.568768181228397,0.177550703815319,0.253681114956284
"452.2787-14.056",2,0.282426245410367,0.527441153122388,0.190132601467245
"241.10834-8.233",2,0.250195049848633,0.487686766320076,0.262118183831291
"325.18443-16.411",2,0.305407252487773,0.49622298155998,0.198369765952247
"524.23296-11.963",1,0.396593334427232,0.386991712377289,0.216414953195479
"191.0199-1.113",2,0.222353481578374,0.615444225111121,0.162202293310505
"564.33116-13.798",1,0.629763288267973,0.195217740005227,0.175018971726801
"201.12459-4.742",3,0.202349722029845,0.137894279825168,0.659755998144987
"464.27873-13.803",1,0.718716942807857,0.128502604553296,0.152780452638848
"279.6144-9.66",2,0.153662329384143,0.724753861454361,0.121583809161496
"349.2385-13.709",3,0.323320454282017,0.185093816510771,0.491585729207213
"243.17151-6.475",3,0.176854398030058,0.144961860902893,0.678183741067049
"187.10902-4.884",3,0.233804450217415,0.216580319617561,0.549615230165024
"357.19199-13.946",1,0.449755424075908,0.33374761234868,0.216496963575412
"122.02483-1.146",3,0.157317215656195,0.113177492342636,0.729505292001168
"301.20225-10.347",1,0.425157696476091,0.197395387861777,0.377446915662132
"594.24196-11.279",2,0.362361525827433,0.425243264716185,0.212395209456382
"245.04349-1.051",3,0.281398632685682,0.172544328454696,0.546057038859623
"417.28616-15.751",1,0.440106668550986,0.342888418852987,0.217004912596028
"259.13014-5.132",3,0.213622419512346,0.187612332681629,0.598765247806025
"425.24682-11.822",3,0.143889082690131,0.105703306977411,0.750407610332458
"206.08229-16.433",3,0.272721408404246,0.327238542907864,0.40004004868789
"285.04067-9.033",3,0.274054885797502,0.355377899094631,0.370567215107866
"287.61194-8.81",2,0.20918192771691,0.59578228456692,0.19503578771617
"243.17157-6.809",3,0.165041566538423,0.132761351598456,0.702197081863121
"391.26222-16.993",3,0.262219635007447,0.276760683376994,0.461019681615559
"111.02008-1.097",2,0.283339664061509,0.526173001180126,0.190487334758365
"229.14467-7.366",2,0.154698966628389,0.713432941546764,0.131868091824847
"231.07766-7.594",2,0.378348859052109,0.406973730275054,0.214677410672837
"530.27983-9.122",2,0.302237267086689,0.500443002550472,0.197319730362839
"405.26491-10.753",3,0.245951917429275,0.237877157885301,0.516170924685424
"389.07293-5.184",1,0.455414250987941,0.328488245141451,0.216097503870609
"59.01388-1.062",1,0.574707898366149,0.232349773135143,0.192942328498708
"553.30243-13.1",2,0.325306967449524,0.470375163131061,0.204317869419415
"558.33362-15.768",3,0.25639117429159,0.26064714810273,0.48296167760568
"285.24363-16.385",3,0.201849593187455,0.172925298083314,0.625225108729231
"492.24317-8.208",2,0.246953204222208,0.497752152008345,0.255294643769447
"158.97863-0.95",1,0.605242138692182,0.167543797294506,0.227214064013313
"491.27841-15.289",3,0.273558681572568,0.337669322108344,0.388771996319088
"478.2944-14.389",3,0.371414920975235,0.194071634677099,0.434513444347666
"119.03504-1.055",3,0.151541949241992,0.119259422660936,0.729198628097072
"453.26272-15.191",3,0.137682081353078,0.102922465834738,0.759395452812184
"242.99706-6.311",2,0.252581132861929,0.570069126077922,0.177349741060149
"447.09378-8.267",1,0.57641821296271,0.231140854448265,0.192440932589025
"514.30749-14.731",3,0.270644952771065,0.168636683746655,0.56071836348228
"174.83964-16.601",1,0.739338744614071,0.120561809427487,0.140099445958442
"289.62245-9.444",2,0.178299182907575,0.664089045296997,0.157611771795428
"554.3162-10.094",2,0.301699257047356,0.50116199309694,0.197138749855704
"429.08316-7.075",1,0.397843760038894,0.385655422544033,0.216500817417073
"424.24732-12.952",1,0.710902263354888,0.131471269813447,0.157626466831664
"543.39083-13.987",1,0.515912271005656,0.188955582482944,0.295132146511401
"137.89181-17.749",3,0.311079015134334,0.181879444647065,0.507041540218602
"130.08745-1.825",1,0.404558702753779,0.378551077663437,0.216890219582784
"174.08851-1.042",3,0.256354004164183,0.260554575311222,0.483091420524595
"340.11519-4.13",1,0.440605940384486,0.342409986604284,0.21698407301123
"243.17157-7.037",3,0.137805825340237,0.102949369405224,0.759244805254539
"558.33364-15.612",1,0.392174326997367,0.391748026437259,0.216077646565374
"361.22335-7.882",1,0.442468862616598,0.197055741118455,0.360475396264947
"287.14025-16.41",1,0.413372106510375,0.369407837075888,0.217220056413736
"431.09876-9.599",1,0.747915214658851,0.124425672230408,0.127659113110741
"507.28884-10.699",3,0.251501501621353,0.249268493376702,0.499230005001945
"173.08206-7.612",1,0.742587600851643,0.119302786372011,0.138109612776346
"111.02009-1.435",1,0.477384231495904,0.194469609153472,0.328146159350624
"176.07176-16.431",1,0.497046467259419,0.291951076669504,0.211002456071077
"176.07175-16.403",2,0.300534094495263,0.502721850230532,0.196744055274204
"172.84259-16.638",1,0.615361484999912,0.164505201865098,0.220133313134991
"160.84208-14.54",2,0.295698240455537,0.509235860906433,0.19506589863803
"443.23926-11.459",3,0.302947887476622,0.179537466222841,0.517514646300537
"257.07816-1.644",1,0.441190883844466,0.34185022149145,0.216958894664084
"290.08838-1.105",1,0.573544262692863,0.233174515790422,0.193281221516715
"471.31208-11.636",3,0.320811319021982,0.184465603663363,0.494723077314654
"437.29127-11.564",3,0.152895423343925,0.110672148129285,0.73643242852679
"409.19048-9.632",1,0.519680287168848,0.273539201544273,0.206780511286879
"297.24367-14.469",3,0.258533654109356,0.266174478502772,0.475291867387872
"329.1033-8.853",3,0.307052247777749,0.180740172795084,0.512207579427167
"417.31439-17.732",3,0.21841223449035,0.193980591270891,0.587607174238759
"227.12907-7.538",3,0.268220746214644,0.167718252574565,0.564061001210791
"227.12907-7.541",3,0.33751415056233,0.188348845503451,0.474137003934219
"147.03-1.487",1,0.411268273566193,0.197186195334804,0.391545531099003
"187.10902-1.698",3,0.288566093072583,0.174995669236683,0.536438237690734
"254.98183-1.104",1,0.467097692243554,0.317859787178019,0.215042520578427
"587.16285-10.051",3,0.211678440851214,0.18509849868582,0.603223060462967
"191.01995-1.447",2,0.165636437954647,0.705357399459637,0.129006162585716
"415.28167-13.891",3,0.148566070150955,0.11630102237608,0.735132907472965
"407.28056-10.171",3,0.1513209462221,0.109785087976495,0.738893965801406
"172.84263-11.104",3,0.269782610887831,0.306635400587012,0.423581988525156
"190.01813-1.47",3,0.273061294108106,0.330877301403825,0.396061404488069
"258.992-5.812",2,0.265231944842329,0.551722298556953,0.183045756600718
"581.3337-14.193",2,0.336034108811165,0.456907039694982,0.207058851493853
"103.04014-1.749",3,0.315629555731176,0.183118192839257,0.501252251429567
"290.08843-1.455",1,0.59121718290827,0.220838952879722,0.187943864212009
"595.28949-13.529",2,0.237261944248951,0.525628378712379,0.23710967703867
"217.11953-3.438",3,0.201069103761166,0.137230361500601,0.661700534738233
"405.30128-15.899",3,0.251504932141312,0.249275978814107,0.499219089044581
"525.2711-12.059",2,0.355624875916647,0.433157514822418,0.211217609260935
"231.13521-4.893",3,0.29599503556299,0.177405049608289,0.526599914828721
"292.14048-1.806",1,0.571774517348614,0.176786078256546,0.251439404394839
"259.13016-4.242",3,0.26598854187131,0.166860503306907,0.567150954821783
"281.13968-7.008",1,0.688016621469452,0.139981915274813,0.172001463255735
"103.04014-2.115",3,0.163241047119738,0.116541423340766,0.720217529539496
"781.5629-13.052",3,0.268277355597709,0.29919383137482,0.432528813027471
"230.06973-16.436",2,0.20660048932025,0.639872812904926,0.153526697774824
"227.10393-5.808",2,0.229711335833399,0.604209900621594,0.166078763545007
"361.0931-7.267",3,0.243968965461703,0.15779492881067,0.598236105727627
"172.8426-16.386",1,0.628098305419567,0.160534637724091,0.211367056856342
"269.04519-8.662",2,0.307375524589119,0.493616806720061,0.19900766869082
"231.13521-1.68",3,0.209982753939238,0.182936505191109,0.607080740869653
"471.31207-10.807",3,0.245977153776727,0.237926065508761,0.516096780714512
"285.11345-8.471",3,0.211296463321766,0.184609031711343,0.60409450496689
"449.24441-13.033",3,0.261604323471997,0.274879667778645,0.463516008749358
"469.2577-14.226",3,0.249670091975285,0.245356905423467,0.504973002601248
"529.28464-11.713",1,0.521834563395927,0.187884691637507,0.290280744966566
"255.82231-1.776",1,0.479505555773113,0.306899841387655,0.213594602839231
"487.23759-11.128",3,0.189359262186202,0.158508354409124,0.652132383404675
"459.2525-9.375",3,0.253012524822665,0.252627503834986,0.494359971342349
"329.23359-10.354",2,0.218879662536778,0.620788113893572,0.16033222356965
"174.04092-1.43",2,0.228369513210149,0.549154131078304,0.222476355711548
"266.00908-2.569",2,0.210729538521893,0.633422257915286,0.155848203562821
"242.02276-6.449",3,0.266289021645029,0.29082389150516,0.442887086849811
"321.20733-12.59",3,0.138546503361813,0.103174272369668,0.758279224268519
"595.38584-13.224",1,0.599107989158484,0.215457324308432,0.185434686533084
"299.1503-7.867",3,0.191097687241392,0.160455703858811,0.648446608899798
"203.0743-8.717",1,0.399388245968851,0.384010686918572,0.216601067112577
"261.00766-4.431",3,0.205267147509843,0.17706377551444,0.617669076975717
"443.25745-9.679",3,0.15702594722618,0.124710869933543,0.718263182840277
"220.08276-1.075",3,0.290360117110276,0.175589825226872,0.534050057662852
"469.22711-10.478",1,0.706828755071252,0.148097134625101,0.145074110303647
"389.25469-14.498",1,0.490137209441517,0.297765424959938,0.212097365598545
"485.29152-10.219",3,0.204339408835813,0.175931030657299,0.619729560506888
"387.11465-1.032",2,0.157337108362491,0.707968195899956,0.134694695737552
"285.17099-7.837",3,0.274026690384376,0.358596008669297,0.367377300946327
"250.14495-16.454",2,0.298833142476972,0.505005729785237,0.196161127737791
"345.09814-7.647",2,0.266833643025007,0.423511323201754,0.309655033773239
"345.09811-7.649",2,0.263160237404058,0.440652690725592,0.296187071870349
"345.09799-7.509",3,0.203710599140145,0.138596720203234,0.657692680656621
"133.05074-1.795",1,0.531081104493469,0.264611792961838,0.204307102544693
"471.31208-12.523",3,0.162824235741835,0.11630498819436,0.720870776063804
"461.10952-9.698",1,0.527829650465659,0.267135265171182,0.205035084363159
"193.05086-7.78",2,0.253715336470955,0.56840809306004,0.177876570469005
"121.06599-7.731",2,0.262800087140778,0.442192176038961,0.295007736820261
"525.25343-11.352",3,0.362007855005851,0.192772029452988,0.445220115541161
"243.12392-8.495",2,0.221372299097298,0.616951059666031,0.16167664123667
"405.30125-15.747",3,0.139612445619056,0.10359923398374,0.756788320397204
"274.01104-6.481",2,0.248578186036113,0.575956330782156,0.17546548318173
"227.14032-5.877",3,0.275529845463349,0.170445612803663,0.554024541732988
"671.23343-8.48",1,0.455046811088012,0.196407849786402,0.348545339125585
"164.92739-0.934",2,0.143194406908372,0.741225746780468,0.11557984631116
"219.08176-1.271",2,0.3087614828289,0.491788158236847,0.199450358934252
"250.14494-17.736",2,0.224802767251772,0.558188182968352,0.217009049779875
"451.27067-10.777",3,0.196071997344507,0.166128608269593,0.637799394385899
"481.29981-15.363",3,0.212391332523576,0.143000363732737,0.644608303743686
"248.96057-0.974",2,0.141581327351327,0.743478803292134,0.114939869356538
"73.02954-1.169",2,0.196943747205091,0.623584395642614,0.179471857152295
"523.28379-10.288",3,0.210289706373664,0.183325808561677,0.60638448506466
"201.1246-2.199",3,0.140866867322095,0.104172788910105,0.7549603437678
"148.94982-0.925",3,0.344431060461153,0.18975091208157,0.465818027457277
"303.06252-6.183",2,0.207450459460169,0.638542299701515,0.154007240838317
"206.0823-16.929",3,0.169365947650569,0.120003910386285,0.710630141963146
"453.26274-14.812",3,0.272719256394681,0.327217152673163,0.400063590932155
"360.26755-16.374",3,0.335863328943563,0.187996379050709,0.476140292005728
"151.02624-1.092",3,0.165577069085276,0.133304635556587,0.701118295358137
"483.20647-9.769",2,0.273184732005477,0.377409319372866,0.349405948621657
"358.25189-15.377",1,0.519955288939805,0.188230581097364,0.291814129962832
"279.03913-1.099",2,0.266313145898707,0.426133472315531,0.307553381785761
"423.23145-12.394",2,0.252905803653008,0.47888592041473,0.268208275932262
"298.15623-11.911",3,0.256448942590529,0.260791231831869,0.482759825577602
"535.11007-7.389",2,0.241664732722527,0.5862140641554,0.172121203122073
"217.10827-7.881",2,0.272085300465741,0.541952014767802,0.185962684766457
"205.83969-11.295",3,0.267501951009674,0.295768549030206,0.43672949996012
"131.08266-1.041",3,0.180514180150779,0.148849722422612,0.670636097426609
"316.63279-9.387",2,0.223036424645194,0.562590694580533,0.214372880774273
"515.30205-11.11",3,0.267685205696327,0.296557429331954,0.435757364971719
"393.19553-9.12",1,0.607090684999139,0.210087605298273,0.182821709702588
"595.28952-13.862",2,0.148605641778598,0.72609434021548,0.125300018005922
"243.17158-6.704",3,0.206797410963672,0.140178060933246,0.653024528103082
"182.04604-1.105",2,0.259158851017998,0.560480071983315,0.180361076998687
"188.03553-5.887",3,0.265834317306712,0.289079079721886,0.445086602971401
"172.84262-14.91",2,0.246477243091061,0.579061617337134,0.174461139571805
"391.2856-11.593",3,0.3157057900255,0.18313850406691,0.50115570590759
"400.21655-12.311",2,0.336230323564181,0.456663743129359,0.207105933306459
"493.29404-17.871",3,0.242025275819004,0.230535409444713,0.527439314736282
"217.0831-1.101",1,0.720098160669888,0.140387704505661,0.139514134824451
"386.23722-14.923",3,0.394569445517686,0.19634429323003,0.409086261252285
"427.29864-16.389",3,0.2740490650934,0.356497745554376,0.369453189352224
"129.01943-1.103",1,0.530170646314839,0.265316618395782,0.204512735289379
"217.11954-4.067",3,0.154274964309666,0.111452112972856,0.734272922717479
"303.62493-9.067",2,0.177582735352844,0.686033101019401,0.136384163627755
"322.12335-6.439",1,0.449291536430472,0.334182049424299,0.216526414145229
"265.14806-13.681",2,0.273075676884061,0.378837312192662,0.348087010923276
"244.13048-3.692",1,0.65313136447488,0.152296091540732,0.194572543984388
"469.20845-10.158",2,0.391604519294054,0.392365185420237,0.216030295285709
"385.13286-10.289",1,0.485918450753414,0.301362432941708,0.212719116304878
"245.0933-7.874",2,0.370293266709507,0.416089553831317,0.213617179459177
"385.14415-8.335",3,0.245652046148833,0.237297809055048,0.51705014479612
"270.12497-7.991",1,0.551240018329045,0.249348898311541,0.199411083359415
"362.08438-2.614",2,0.230286343506299,0.603336894172699,0.166376762321002
"443.1264-6.127",1,0.501465775822459,0.19132644359399,0.307207780583551
"308.63536-10.502",1,0.519682095841351,0.273537767470822,0.206780136687827
"323.08089-7.35",1,0.716960247115531,0.142203190920762,0.140836561963707
"209.0668-1.07",1,0.42049304134716,0.197373880596507,0.382133078056333
"579.331-13.974",2,0.272431909911163,0.386057125215238,0.3415109648736
"529.28457-10.137",1,0.654074773177185,0.179837885067919,0.166087341754897
"527.29977-15.316",3,0.251687560159151,0.161095549049231,0.587216890791618
"263.0973-0.997",3,0.254819200541689,0.256820681404084,0.488360118054227
"263.09732-1.004",3,0.254105069835223,0.255138657960956,0.490756272203821
"549.27118-11.98",1,0.747902003462211,0.124433236169587,0.127664760368202
"293.17965-16.035",3,0.171743178668714,0.139623239517236,0.688633581814051
"467.27832-17.671",1,0.770809900687306,0.110970598810385,0.118219500502309
"273.07706-9.856",3,0.249253952473407,0.244490490240005,0.506255557286588
"631.32743-11.627",3,0.389555077524883,0.195962450254499,0.414482472220618
"84.00909-17.914",2,0.140632024774983,0.744394738217119,0.114973237007899
"425.2468-12.517",3,0.138176711390117,0.105450024179541,0.756373264430341
"196.02867-1.091",1,0.399060019045242,0.384359682289608,0.21658029866515
"196.02868-1.085",1,0.40257179540057,0.380640665768059,0.21678753883137
"259.13014-5.859",2,0.252699653168141,0.479569185463208,0.267731161368651
"637.14176-7.988",2,0.202052863494765,0.647014346875753,0.150932789629482
"381.07645-7.22",1,0.49433743570692,0.294219599878964,0.211442964414116
"507.28885-11.331",3,0.175312213507677,0.143340408988579,0.681347377503744
"300.90849-2.68",3,0.15290063391782,0.110675089887475,0.736424276194705
"293.09928-1.038",3,0.385597321739044,0.195618316702911,0.418784361558045
"104.03535-1.028",2,0.18354610096288,0.652870750913521,0.163583148123599
"292.1041-1.728",1,0.442395060764226,0.197058563480888,0.360546375754885
"263.09741-1.817",3,0.259306298214153,0.164224350928571,0.576469350857276
"379.11889-11.638",2,0.270642787405409,0.543998445475704,0.185358767118887
"365.24646-16.808",3,0.252200009787963,0.250805592139734,0.496994398072304
"483.13632-1.269",2,0.26733714253625,0.42089651100673,0.31176634645702
"389.07289-5.845",1,0.671576584217521,0.169083598490047,0.159339817292433
"539.3232-13.469",1,0.476252898356107,0.309741164315557,0.214005937328336
"577.37517-13.065",2,0.334901063715902,0.458314108008629,0.206784828275468
"158.046-1.095",1,0.49820976570655,0.191811938980748,0.309978295312702
"457.15435-10.44",1,0.491294725634639,0.192781393689401,0.31592388067596
"172.09807-7.202",1,0.716929859516511,0.142220793709914,0.140849346773575
"554.2839-6.557",2,0.199563386120766,0.65093970294172,0.149496910937514
"455.31713-13.136",3,0.269231979167948,0.303770931153541,0.426997089678511
"347.02321-9.644",1,0.741731869367864,0.127963599765377,0.13030453086676
"134.06124-6.577",2,0.141007370932266,0.74415085645024,0.114841772617494
"173.05687-1.108",3,0.210013442220748,0.182975386359747,0.607011171419504
"418.1126-1.097",2,0.227163241354198,0.552232066512519,0.220604692133282
"453.23219-12.005",3,0.189639947202388,0.158821600266437,0.651538452531175
"229.04854-1.039",1,0.500568186122411,0.28902331094206,0.210408502935529
"229.04862-1.187",1,0.464044789055971,0.195745389757694,0.340209821186335
"281.57557-8.692",2,0.203920312856967,0.607880528858664,0.18819915828437
"381.07612-7.5",1,0.430670791349692,0.197358276258916,0.371970932391392
"334.13323-8.224",2,0.159734477369053,0.702999500895025,0.137266021735922
"451.27069-11.048",3,0.142286218363183,0.104873309248272,0.752840472388545
"431.11996-6.586",2,0.354981112246658,0.433920556520562,0.21109833123278
"668.76678-7.875",2,0.158437955979487,0.717031219254595,0.124530824765919
"669.2722-7.867",2,0.16741425008746,0.702475066850323,0.130110683062218
"506.25876-12.541",2,0.250949536193815,0.485275539458114,0.263774924348071
"259.01311-1.1",1,0.465278415406832,0.195641951553281,0.339079633039887
"577.37524-13.497",2,0.213595513418955,0.62896435660413,0.157440129976914
"575.3595-13.53",2,0.318464837498286,0.479136441235163,0.20239872126655
"592.29549-14.288",2,0.192887598986361,0.632560735005717,0.174551666007922
"566.34692-14.433",2,0.254537392502127,0.473388046021284,0.272074561476589
"379.09711-8.978",1,0.750420755571466,0.12299031727409,0.126588927154444
"292.94296-3.17",1,0.752117112993845,0.122017263371951,0.125865623634204
"492.24311-9.626",1,0.460034519310201,0.324248545699613,0.215716934990185
"325.18447-16.016",2,0.271041195195791,0.398005826984115,0.330952977820094
"347.24402-8.608",1,0.629920404151492,0.195116552346646,0.174963043501862
"160.04052-6.387",3,0.216373106823107,0.191237757707523,0.59238913546937
"514.28396-8.687",2,0.273079001450036,0.540545433933633,0.186375564616331
"296.61196-8.548",2,0.151657148408921,0.719740276147464,0.128602575443615
"226.96609-0.957",1,0.593121087700586,0.219533586829871,0.187345325469543
"403.16143-7.482",2,0.334063167068046,0.459357002731686,0.206579830200268
"403.16137-7.486",2,0.313287570341605,0.485853863582227,0.200858566076169
"509.28894-15.989",1,0.773664459801329,0.107993096656826,0.118342443541846
"469.22712-11.152",1,0.430169346281412,0.197364428456758,0.37246622526183
"258.14613-3.74",3,0.142941642079892,0.110634802400827,0.746423555519281
"549.07968-6.91",2,0.243558712201754,0.583392704574463,0.173048583223782
"357.08295-4.884",1,0.556638201144891,0.245368509447982,0.197993289407127
"254.07064-1.735",2,0.373994798088653,0.411878317942696,0.214126883968651
"301.99792-2.267",2,0.234527919963587,0.533033775995948,0.232438304040465
"379.09713-9.169",1,0.506875902400284,0.190479520009404,0.302644577590312
"367.22581-10.674",3,0.236417729124941,0.220838244069428,0.542744026805632
"257.10329-6.594",3,0.205132451110393,0.176898872231929,0.617968676657678
"218.81733-1.26",2,0.189996246872829,0.63889798325843,0.17110576986874
"146.06124-7.157",3,0.256050988323641,0.259803827094138,0.484145184582221
"295.1037-2.726",2,0.352680263773244,0.43665734774118,0.210662388485575
"103.00373-1.104",1,0.483921454931686,0.193720623303743,0.322357921764571
"116.03543-1.496",2,0.150725976186356,0.721675085606469,0.127598938207175
"359.06223-5.451",1,0.563022046061592,0.240716513399047,0.196261440539361
"138.92107-0.898",3,0.219924303515661,0.146709345419897,0.633366351064443
"341.10898-1.054",2,0.319983005742808,0.477180992352521,0.202836001904672
"160.84216-0.911",2,0.197591079527095,0.654057352306389,0.148351568166516
"595.13126-7.824",1,0.644323552300776,0.155256988693179,0.200419459006044
"170.83336-0.928",1,0.493509644212409,0.192480091478002,0.314010264309588
"219.08167-8.701",2,0.310494303493347,0.489509415652167,0.199996280854486
"487.30713-11.111",3,0.202963559522623,0.174264039499696,0.622772400977681
"473.32775-11.04",2,0.196606192904867,0.624335461435679,0.179058345659454
"476.24815-8.947",2,0.236125557133926,0.528727009033131,0.235147433832943
"455.31712-13.664",3,0.255915741201831,0.259470962350004,0.484613296448164
"399.26735-15.279",1,0.584047243145118,0.173548579246865,0.242404177608017
"591.31958-9.04",3,0.261063105238479,0.273266617816979,0.465670276944542
"593.33551-9.057",3,0.270459552339481,0.310442800106652,0.419097647553867
"453.28634-10.204",3,0.229139276710367,0.151097130833823,0.61976359245581
"366.11311-6.229",1,0.574156606515119,0.176172148929631,0.24967124455525
"439.18794-8.913",3,0.400858767317088,0.19673840041427,0.402402832268642
"384.07928-7.854",1,0.667754098579951,0.147242669729045,0.185003231691004
"323.13496-6.464",1,0.39681408385323,0.386755498229767,0.216430417917003
"173.09332-1.759",3,0.269421996965955,0.304738620493675,0.42583938254037
"355.1247-1.042",2,0.192169623680359,0.662661165325903,0.145169210993738
"530.27999-8.181",2,0.209721341554506,0.634994281724385,0.155284376721109
"465.23942-11.416",3,0.144467748776638,0.106009927656246,0.749522323567116
"637.39635-14.111",1,0.453428244404868,0.330325635200028,0.216246120395104
"450.26308-13.314",1,0.539574856807114,0.184350673167627,0.276074470025259
"359.20772-8.255",1,0.429837858061757,0.197368191680059,0.372793950258184
"259.13014-6.067",2,0.374404337038848,0.411414742480537,0.214180920480615
"391.17987-10.155",1,0.566201499439861,0.238421352696382,0.195377147863757
"381.17396-17.811",1,0.438242274541316,0.197198652645924,0.36455907281276
"577.37511-14.542",2,0.287412675266015,0.520545402591469,0.192041922142516
"565.1206-7.927",1,0.631488130458442,0.159451745400369,0.209060124141189
"174.04092-1.114",2,0.173726557952244,0.673772593856271,0.152500848191485
"201.02287-8.569",1,0.504562333727711,0.285731501441947,0.209706164830342
"563.1413-6.873",2,0.354115490113528,0.43494842099022,0.210936088896252
"266.0897-1.761",1,0.678689782971803,0.164780953913226,0.156529263114972
"393.19555-9.951",1,0.769651936851354,0.111706318529842,0.118641744618804
"215.12897-9.935",2,0.222712220319876,0.61489380329136,0.162393976388763
"405.26489-11.216",3,0.141395228480247,0.104428637058645,0.754176134461108
"471.31211-12.88",3,0.298908019441578,0.178312946444161,0.52277903411426
"509.28896-17.755",1,0.421597722863922,0.361056588324205,0.217345688811873
"660.34282-8.789",1,0.695383466219331,0.154822762755074,0.149793771025594
"381.22846-8.517",1,0.393084033185232,0.390764553582301,0.216151413232467
"621.40129-15.725",2,0.253995586049425,0.567998153232176,0.178006260718399
"291.94508-3.159",1,0.726381157991841,0.136764872551748,0.136853969456411
"145.06194-1.037",2,0.273197719840747,0.377233700696374,0.349568579462879
"257.13966-7.575",3,0.223922413215329,0.201653875709533,0.574423711075138
"471.31206-11.922",2,0.219704726000011,0.570778010995493,0.209517263004496
"495.32524-12.433",3,0.177805951130613,0.124720471927343,0.697473576942044
"473.32774-12.256",2,0.255478260552939,0.470139437578004,0.274382301869057
"293.17964-16.403",1,0.767397002096792,0.109879773128685,0.122723224774523
"495.11981-7.169",1,0.734529414325364,0.122423576459853,0.143047009214783
"616.30532-13.152",3,0.154861505267336,0.122556581898042,0.722581912834622
"290.87969-1.65",1,0.468157339869343,0.195388900111455,0.336453760019201
"187.10903-2.219",1,0.676119666043994,0.166331259637602,0.157549074318403
"421.25994-11.055",3,0.159173511595706,0.126854873002071,0.713971615402223
"349.00252-7.151",3,0.234482863267509,0.217671417077101,0.547845719655389
"349.00252-7.156",3,0.233424815360419,0.215973938895654,0.550601245743927
"241.11958-6.879",2,0.220500311988116,0.568836170259867,0.210663517752018
"394.33278-17.675",3,0.325942643983763,0.185733405971179,0.488323950045058
"607.13122-8.511",2,0.312244491086739,0.487216379344281,0.200539129568979
"417.21335-10.25",1,0.533480843037527,0.262760649180795,0.203758507781678
"483.12642-3.751",2,0.320982560257191,0.475897095436843,0.203120344305966
"244.13047-1.702",3,0.273207686498829,0.169592679251423,0.557199634249748
"144.0456-5.886",3,0.24134957074334,0.229321537909692,0.529328891346968
"259.15528-6.959",3,0.253269160159359,0.253210875648498,0.493519964192143
"273.17097-8.629",1,0.57976143588906,0.228788918462809,0.191449645648131
"467.27836-16.438",3,0.14374293069222,0.111454556277271,0.744802513030509
"575.28683-12.568",1,0.618560252532822,0.163522961490696,0.217916785976481
"272.95907-0.936",1,0.408029982121078,0.197073956915583,0.394896060963338
"483.1455-12.621",2,0.287563275404628,0.520338176507038,0.192098548088333
"371.09858-7.309",1,0.77358894476103,0.109031402429351,0.117379652809619
"345.22836-9.249",1,0.614042953883281,0.164907090382668,0.221049955734051
"363.01817-10.498",1,0.468919827596355,0.316229508335106,0.214850664068539
"455.24205-13.602",1,0.499165523027494,0.191671334716086,0.30916314225642
"244.14567-6.001",1,0.530500665708834,0.265060976096581,0.204438358194585
"221.09334-5.756",3,0.273076597403249,0.331055361008865,0.395868041587886
"221.09335-5.75",3,0.273085418034861,0.33115864927953,0.39575593268561
"244.14567-6.232",1,0.585070573912886,0.173270427216091,0.241658998871024
"275.11991-9.434",2,0.222377335299208,0.564222128530673,0.213400536170119
"528.26427-8.598",2,0.161421133341238,0.699499854836719,0.139079011822043
"131.04627-1.02",2,0.271716356508685,0.392624305679088,0.335659337812227
"287.61186-10.659",2,0.24042069917609,0.51684731381177,0.24273198701214
"266.00907-1.736",2,0.267155640256337,0.548967676666739,0.183876683076924
"363.25422-14.271",3,0.279989887973564,0.172048026194296,0.54796208583214
"153.86864-17.679",2,0.349301214628856,0.440703951152425,0.209994834218719
"247.54416-6.968",2,0.161300028866764,0.712391008949504,0.126308962183732
"383.1285-8.181",3,0.258136210952737,0.265119081019182,0.476744708028081
"227.12903-10.17",2,0.150037193259588,0.723108248281397,0.126854558459015
"365.07993-7.801",3,0.254847047344514,0.162408815123858,0.582744137531628
"465.29915-14.867",1,0.587842481414712,0.17251081916415,0.239646699421138
"241.11958-7.116",2,0.22972587991602,0.60418781008949,0.166086309994489
"241.11959-7.11",2,0.178779336193896,0.663067421937857,0.158153241868247
"305.12493-9.512",1,0.460461264412277,0.196028717534319,0.343510018053404
"331.11902-7.127",3,0.22049215471397,0.196830216308003,0.582677628978027
"255.82223-8.748",2,0.203007067185132,0.645512728986485,0.151480203828384
"281.08796-1.083",2,0.26991080946181,0.40590675038041,0.32418244015778
"373.23858-14.207",3,0.139998005138438,0.107535250760285,0.752466744101278
"349.00253-7.444",3,0.274011458638253,0.359558690532309,0.366429850829438
"286.60408-8.091",2,0.234354976623796,0.533496646394733,0.232148376981471
"511.27415-12.98",1,0.550374918251459,0.181971587900005,0.267653493848537
"511.27413-13.001",1,0.542817500453317,0.183653898939488,0.273528600607195
"201.12459-3.204",3,0.273431714925767,0.335687193692099,0.390881091382134
"453.28632-11.029",3,0.204105741068095,0.138800078798931,0.657094180132973
"403.28562-15.318",3,0.260744807345448,0.164800449718143,0.574454742936408
"403.15473-7.449",1,0.410766126633649,0.372090128809011,0.21714374455734
"355.15825-17.686",3,0.228689443279118,0.208644511991387,0.562666044729495
"676.3378-9.042",2,0.153684465155611,0.724718169221302,0.121597365623087
"398.26626-13.362",1,0.48476510526224,0.302352083338707,0.212882811399053
"563.16249-6.517",1,0.644321728362477,0.185942637500646,0.169735634136877
"258.14611-4.468",3,0.255167137150629,0.162540623046696,0.582292239802675
"621.40131-15.577",2,0.31113224512382,0.488672610694951,0.200195144181229
"467.27867-14.136",3,0.316234336258424,0.183278925074498,0.500486738667078
"352.26251-12.668",2,0.273061312608244,0.379019632703402,0.347919054688354
"676.33783-8.374",2,0.228195200153882,0.606515248794726,0.165289551051393
"393.13462-12.363",2,0.261306513340539,0.448373333616761,0.2903201530427
"253.05028-7.979",1,0.509804400504596,0.281456655400014,0.20873894409539
"285.17098-7.504",3,0.204560130824122,0.176199883271723,0.619239985904155
"465.23938-10.434",3,0.225888953814654,0.204494737641008,0.569616308544338
"498.29015-9.27",2,0.147128221110327,0.735191211155911,0.117680567733762
"223.04608-1.132",2,0.140579882569336,0.744338414210096,0.115081703220567
"273.17097-9.385",3,0.231074336432965,0.151996960973674,0.616928702593361
"205.06997-16.42",1,0.773222654283641,0.10806843612789,0.118708909588469
"528.26429-8.27",2,0.145805372487446,0.731984407809539,0.122210219703015
"570.25728-8.152",2,0.262440056491962,0.555736840616978,0.181823102891059
"494.25887-9.771",2,0.211232729190605,0.632638400204825,0.15612887060457
"637.1418-8.403",2,0.246014274196951,0.5797473180456,0.174238407757449
"265.08323-2.941",1,0.423478505548847,0.197393267432272,0.379128227018882
"490.29466-11.521",2,0.333263674990049,0.460353963684389,0.206382361325562
"222.04428-1.106",1,0.588722274214838,0.172267851436539,0.239009874348623
"236.07775-1.097",1,0.49086237927077,0.297150733569951,0.21198688715928
"566.34692-14.608",2,0.166702630147805,0.68850702701298,0.144790342839215
"501.32276-12.49",3,0.219343646512064,0.195250003922296,0.58540634956564
"471.3121-14.126",3,0.217661254933074,0.145606395680852,0.636732349386074
"530.27996-8.591",2,0.259470205936122,0.560028828269441,0.180500965794437
"690.27742-8.45",2,0.173707442514294,0.692288176499128,0.134004380986578
"363.21784-10.328",2,0.183514540251176,0.676492944111467,0.139992515637357
"193.07189-1.077",2,0.328395107807498,0.466464357025475,0.205140535167027
"632.30031-12.483",3,0.145626235598736,0.106632028287986,0.747741736113279
"313.10841-9.28",3,0.172690329255035,0.140605087521387,0.686704583223577
"328.24954-14.75",3,0.140814566934508,0.104147844554761,0.755037588510732
"307.20466-16.318",3,0.247967423606535,0.241860484591738,0.510172091801727
"471.31211-13.575",3,0.207285926429667,0.179553762534243,0.61316031103609
"527.26905-9.76",2,0.202177189730112,0.646818602860525,0.151004207409363
"217.11949-1.078",3,0.262936391969157,0.279020301804618,0.458043306226225
"245.11444-1.096",3,0.27279957076094,0.169441467047788,0.557758962191272
"206.08236-8.105",2,0.24574517880972,0.501392894986453,0.252861926203826
"523.28382-11.128",3,0.231364860816372,0.212733908408314,0.555901230775314
"375.18486-10.346",1,0.688340454172577,0.159001324210229,0.152658221617194
"253.10835-7.461",1,0.398044388031558,0.38544140981379,0.216514202154653
"373.1328-10.586",1,0.446773844661849,0.336548697862379,0.216677457475772
"134.02484-16.441",2,0.191492190959894,0.663739639868489,0.144768169171617
"329.10332-7.807",3,0.257697292476632,0.263970105870602,0.478332601652766
"329.10334-7.803",3,0.262265184054899,0.276902023568691,0.46083279237641
"343.88567-16.593",2,0.298793330124733,0.505059281703611,0.196147388171656
"184.06172-5.16",1,0.635886170125512,0.158030998062932,0.206082831811556
"158.08241-5.94",1,0.774353299581249,0.108223406081471,0.11742329433728
"247.11888-7.378",2,0.149011764019453,0.725245999818551,0.125742236161996
"402.23224-13.183",1,0.513578750362574,0.278410049028477,0.208011200608949
"469.25773-13.869",3,0.239260171653799,0.225650170105396,0.535089658240805
"316.94805-0.974",2,0.145256425813512,0.733151518558373,0.121592055628115
"204.00455-1.091",3,0.273503315775188,0.336776302634746,0.389720381590066
"327.08771-8.088",3,0.13693237571488,0.10297190724677,0.76009571703835
"507.27337-14.406",2,0.212252312801762,0.588606655803131,0.199141031395106
"495.22417-10.278",1,0.714456908682236,0.143654757691332,0.141888333626432
"258.95846-1.853",2,0.257857065598563,0.562369349999555,0.179773584401882
"287.22299-10.518",1,0.593332088116338,0.170980247550036,0.235687664333625
"321.04408-8.594",2,0.332948183097686,0.460747881379384,0.20630393552293
"591.26246-8.683",2,0.178114676186385,0.685175794202594,0.136709529611021
"471.31218-12.104",1,0.557374076690591,0.180342629027885,0.262283294281524
"207.81147-15.597",2,0.271892471323825,0.391106465204117,0.337001063472058
"601.16316-1.863",3,0.326164533148437,0.185786733317698,0.488048733533865
"295.60424-8.209",2,0.269391661201358,0.409204677585699,0.321403661212944
"523.28387-9.63",3,0.14446265807409,0.112185814356418,0.743351527569492
"262.05698-1.432",1,0.438270134155814,0.197197835933783,0.364532029910404
"315.25425-12.173",2,0.272513056583656,0.385233175155556,0.342253768260788
"162.05618-7.532",3,0.166274751856853,0.118259586004734,0.715465662138413
"244.13048-4.233",3,0.361789554752642,0.192739256290031,0.445471188957326
"537.32037-14.942",1,0.529988902414083,0.186319769210022,0.283691328375895
"503.16251-1.067",1,0.51637208802177,0.276171897440402,0.207456014537827
"389.12449-8.631",2,0.217010143210105,0.577296980434322,0.205692876355572
"407.25709-12.735",3,0.196758033066414,0.134975053304878,0.668266913628708
"85.0295-1.098",3,0.24871716392257,0.243384403219617,0.507898432857813
"213.8894-1.441",2,0.168309206058562,0.685149921983406,0.146540871958032
"446.08036-7.987",1,0.583697807005758,0.226038386552647,0.190263806441595
"595.35086-11.628",1,0.415452574011763,0.19729541128366,0.387252014704576
"501.25335-10.555",3,0.324388015428197,0.185356299102538,0.490255685469265
"313.23867-12.555",3,0.365524128543988,0.193283553096897,0.441192318359114
"501.25305-10.562",3,0.323812883966957,0.185215247218649,0.490971868814394
"359.20765-13.492",1,0.592720727101248,0.219807716885868,0.187471556012884
"413.25798-10.651",2,0.246961488667599,0.497726991369773,0.255311519962628
"413.25797-10.647",1,0.44111736877561,0.197105588759495,0.361777042464896
"295.22803-13.987",2,0.149024795376244,0.725218796290973,0.125756408332782
"167.83682-1.957",2,0.26652821221227,0.425059438355693,0.308412349432037
"391.28562-15.348",3,0.325269668597442,0.185570909150979,0.489159422251579
"163.06132-1.091",1,0.526600405398709,0.186982591334009,0.286417003267283
"452.27873-13.877",1,0.430667000636766,0.352048171669555,0.217284827693679
"435.27565-11.825",1,0.774348297588885,0.108070032898881,0.117581669512234
"271.0614-9.628",1,0.657111840011918,0.150937071980641,0.191951088007441
"366.11963-7.264",1,0.435090179023458,0.347729016415767,0.217180804560775
"581.14985-1.116",2,0.248787266196057,0.492113829375806,0.259098904428138
"517.31795-11.404",3,0.219126655360089,0.194953314067316,0.585920030572596
"403.16132-7.355",1,0.47046981195008,0.314848420070007,0.214681767979913
"469.25768-14.599",3,0.229308020764064,0.151175901602096,0.61951607763384
"430.30966-17.653",3,0.234440769541563,0.153544151694218,0.612015078764219
"501.3228-10.338",3,0.255359608487381,0.258116239897895,0.486524151614724
"298.61251-8.711",2,0.214793672930007,0.582596048473652,0.202610278596342
"345.22835-8.443",3,0.189401473914069,0.158555434463736,0.652043091622195
"260.02365-1.665",1,0.491155781981522,0.192800002325741,0.316044215692737
"331.11897-8.117",3,0.218379488864708,0.145957507228383,0.635663003906908
"258.14613-1.636",2,0.27391772393321,0.363474410661893,0.362607865404897
"240.05158-4.491",1,0.51824945513469,0.18853967685388,0.29321086801143
"389.25476-9.051",3,0.211628986906297,0.142619090546192,0.64575192254751
"175.06133-1.267",2,0.35212812565601,0.437316341446688,0.210555532897302
"293.94169-3.127",3,0.37136239618017,0.19406498770408,0.43457261611575
"491.1265-7.491",1,0.436932464070253,0.197235163251232,0.365832372678515
"144.0456-5.612",1,0.718848588640804,0.1284523631928,0.152699048166396
"445.15406-8.804",3,0.234582882003708,0.15360895171856,0.611808166277732
"516.71501-8.903",2,0.198302152736077,0.652932570019036,0.148765277244887
"392.21147-10.86",2,0.256973853600874,0.464843890018971,0.278182256380156
"213.88936-1.174",2,0.26711731871312,0.422048135132794,0.310834546154086
"616.30527-13.084",3,0.142600450714715,0.110283558686055,0.74711599059923
"157.03682-1.077",1,0.39534955940695,0.3883250793783,0.216325361214749
"203.10378-1.64",3,0.146986617759121,0.107373536667577,0.745639845573302
"321.07315-3.292",2,0.311347208603125,0.488390894542514,0.200261896854362
"309.1015-16.899",1,0.417559350929709,0.365134893342774,0.217305755727517
"84.00909-16.644",1,0.480247720758237,0.194151355107058,0.325600924134705
"239.06757-2.311",1,0.530570763459615,0.186204182520529,0.283225054019857
"509.25857-12.387",1,0.572529730790673,0.233895068245103,0.193575200964225
"651.28375-7.874",2,0.220597203607136,0.618142824137584,0.16125997225528
"299.25926-17.652",3,0.208147230175032,0.180626933762088,0.61122583606288
"543.2639-10.103",1,0.744164189349385,0.126572199636326,0.129263611014288
"181.07186-1.022",1,0.509749233198726,0.190009610975699,0.300241155825575
"180.06674-1.052",1,0.701632245290304,0.151141306337298,0.147226448372397
"221.0668-1.094",1,0.544802704228021,0.183219834606354,0.271977461165626
"415.19767-9.697",1,0.715473828147663,0.129737963106046,0.154788208746291
"219.08166-10.053",2,0.358543062818343,0.429713407527917,0.21174352965374
"287.14032-11.973",2,0.271585053295513,0.393721832114171,0.334693114590317
"315.25424-13.423",3,0.375075218560566,0.194518067106359,0.430406714333076
"132.86793-16.423",1,0.641384116807065,0.187798098069725,0.17081778512321
"181.05082-5.649",2,0.267550926246887,0.5484028199655,0.184046253787613
"169.83404-1.996",2,0.240532942138818,0.51653042827729,0.242936629583892
"487.30712-9.65",3,0.169509160308191,0.120084536026566,0.710406303665243
"390.15944-8.903",1,0.414131918868996,0.368629103363618,0.217238977767385
"225.08829-4.161",1,0.690939045306614,0.138912160791212,0.170148793902174
"529.28469-10.429",1,0.772898262481818,0.108139436264995,0.118962301253187
"287.15025-8.271",2,0.369151406448291,0.417396408564708,0.213452184987001
"312.13268-9.923",1,0.577624678202099,0.175265752606489,0.247109569191412
"443.23979-10.784",3,0.242578125714761,0.231538768958838,0.525883105326401
"404.04821-3.706",2,0.2871235927686,0.52094335202715,0.19193305520425
"353.03383-9.171",2,0.152535830075373,0.717916701223781,0.129547468700846
"130.05107-1.699",2,0.159596122041552,0.71515406426572,0.125249813692728
"279.23305-16.904",3,0.28941853998389,0.175278961913437,0.535302498102672
"607.13129-8.061",2,0.160911896455827,0.713020503944187,0.126067599599986
"607.13128-8.044",2,0.165412540367059,0.705720488340283,0.128866971292658
"460.28386-14.092",3,0.333235789704467,0.187421189606671,0.479343020688862
"186.04099-1.755",1,0.476860968756076,0.194526096333123,0.328612934910802
"186.04098-1.763",1,0.476907003268062,0.194521147601475,0.328571849130462
"361.22335-8.54",2,0.268969649110346,0.411766821478935,0.31926352941072
"476.23281-7.21",2,0.158707219042369,0.705129188535814,0.136163592421817
"476.23278-7.22",2,0.161370813788557,0.699604324376032,0.139024861835411
"650.77811-7.869",2,0.229363546978251,0.604738283922579,0.16589816909917
"496.26866-14.429",2,0.150305928422295,0.730146079655361,0.119547991922343
"397.18711-7.133",3,0.216546052190173,0.145059277161124,0.638394670648703
"302.06644-1.753",2,0.163714012274192,0.694734768253686,0.141551219472122
"377.19721-7.288",1,0.480768921856984,0.305802220338597,0.213428857804419
"471.33319-17.075",1,0.41001036178132,0.37287134284975,0.217118295368929
"500.76144-10.428",3,0.267331822013669,0.295046765817318,0.437621412169013
"500.25526-10.439",3,0.265358138777066,0.28730708567139,0.447334775551544
"500.26625-10.422",3,0.268494418587655,0.300196537239485,0.43130904417286
"545.27967-10.609",1,0.70509885077512,0.133656884587635,0.161244264637246
"540.32322-15.015",3,0.137671244618869,0.104803366625539,0.757525388755592
"501.28658-11.13",3,0.168166145799387,0.135943061138519,0.695890793062095
"672.28908-8.45",2,0.230031113829282,0.603724307413511,0.166244578757207
"501.32278-10.929",3,0.168404686084369,0.119462289291789,0.712133024623842
"111.00885-1.113",1,0.773286627755634,0.109269186139779,0.117444186104588
"499.36465-14.445",3,0.315030343341644,0.182958036839749,0.502011619818608
"132.86797-17.732",1,0.431853381419081,0.350884956025619,0.2172616625553
"99.00882-1.554",2,0.170142211905789,0.698055603692234,0.131802184401977
"336.14891-8.161",2,0.212187048672394,0.588760137783704,0.199052813543902
"258.99196-6.359",2,0.335796459020515,0.457201860751976,0.207001680227509
"469.33055-17.05",1,0.770686749346151,0.108768769731277,0.120544480922572
"132.86798-16.938",2,0.370514940717051,0.41583627338477,0.213648785898179
"216.93726-0.942",1,0.567856137699069,0.237232528238826,0.194911334062106
"278.90784-0.916",3,0.242884279090994,0.232098451296144,0.525017269612863
"367.01307-8.762",3,0.324551722656841,0.18539629631498,0.490051981028179
"359.18993-10.899",1,0.568821763988949,0.236540503380224,0.194637732630827
"135.03134-1.091",3,0.191798900803887,0.161246175344723,0.64695492385139
"297.24367-14.626",3,0.212141263042551,0.185693505610462,0.602165231346987
"465.23941-10.75",3,0.184800391332654,0.153480721341948,0.661718887325398
"595.13131-7.434",2,0.161396187688343,0.712235046698717,0.12636876561294
"245.01272-1.519",3,0.246379517023091,0.158839660652328,0.594780822324581
"362.23724-15.706",1,0.637917196334085,0.189998168030767,0.172084635635147
"487.3072-11.466",3,0.138839645582598,0.106238445895094,0.754921908522308
"298.15627-10.788",2,0.331423891340673,0.462655082894136,0.205921025765191
"348.08725-7.168",1,0.682196472913745,0.142096102464093,0.175707424622162
"392.31719-16.805",3,0.150570604759298,0.118294690379983,0.731134704860719
"295.60936-6.652",2,0.178630550953861,0.663384094978561,0.157985354067578
"406.96128-8.635",3,0.269639192615317,0.16825730335921,0.562103504025473
"257.96065-1.866",2,0.238718927064355,0.521609998007476,0.239671074928169
"225.1134-7.809",3,0.264055250177388,0.282712240149095,0.453232509673517
"315.12403-8.851",1,0.54095466316929,0.184056047579047,0.274989289251663
"158.04601-1.444",1,0.738317316049206,0.120957489152513,0.140725194798281
"397.25169-14.846",3,0.179208853407503,0.125496670419107,0.69529447617339
"397.25181-14.843",3,0.179252744956128,0.125520915296051,0.695226339747822
"377.07027-9.066",1,0.429892529171448,0.352809403421637,0.217298067406915
"615.31809-13.823",2,0.298266764880557,0.505767979803133,0.19596525531631
"537.32056-16.26",1,0.643194764464101,0.155631711624846,0.201173523911053
"485.29148-11.397",3,0.146324383454861,0.107011291700958,0.746664324844181
"485.29147-11.392",3,0.146704719345733,0.107219063947489,0.746076216706778
"256.09413-1.453",2,0.291837205006204,0.514482819951414,0.193679975042382
"261.13447-6.619",3,0.222500838934488,0.199635285852856,0.577863875212656
"595.27663-11.175",1,0.660842104381822,0.149652057044178,0.189505838574
"263.14031-6.668",3,0.154642088625076,0.122338469543574,0.72301944183135
"364.99741-8.022",3,0.273970028218483,0.347379648072534,0.378650323708983
"170.04605-1.539",1,0.694565661697767,0.137577311124997,0.167857027177235
"154.06226-1.023",2,0.224327359659274,0.559377547418923,0.216295092921804
"544.2593-9.444",2,0.293442850160604,0.512295881352143,0.194261268487252
"439.24705-13.892",2,0.273448480678456,0.373550555307382,0.353000964014162
"349.00252-7.792",2,0.346023056249495,0.444660836692501,0.209316107058005
"401.09119-7.867",3,0.222892317703724,0.200188338359026,0.57691934393725
"379.18946-8.736",1,0.690170402097077,0.157912543636214,0.151917054266709
"116.92095-16.903",1,0.607437983535862,0.166893486488842,0.225668529975296
"242.17634-10.149",2,0.358612699773091,0.429631515879945,0.211755784346964
"202.05128-16.408",1,0.409338447122485,0.373567139921965,0.21709441295555
"202.05128-16.434",2,0.370511148398025,0.415840605255181,0.213648246346794
"473.32772-14.062",3,0.186123303260505,0.154928328675511,0.658948368063984
"467.30502-15.73",3,0.371558585976121,0.194089780533994,0.434351633489885
"535.11004-7.996",2,0.234232175460504,0.597365872676975,0.168401951862521
"473.10953-8.359",1,0.408796854794207,0.374128844875466,0.217074300330327
"473.10952-8.36",1,0.407617583153428,0.375354577822915,0.217027839023658
"483.27382-12.811",1,0.509828807066859,0.281436871133472,0.20873432179967
"484.27443-12.718",2,0.207344794565965,0.600033689905684,0.192621515528351
"293.17587-11.479",3,0.259059219092271,0.267592984561214,0.473347796346515
"589.30393-9.03",3,0.287051299527947,0.174487916388094,0.538460784083959
"205.06998-17.734",3,0.179080712618326,0.125425873984186,0.695493413397488
"379.01312-9.104",2,0.350228028224877,0.439590801354243,0.21018117042088
"337.03909-7.786",3,0.245407995337721,0.23682872546929,0.517763279192989
"767.8773-11.108",2,0.180427938307774,0.681451562911827,0.1381204987804
"333.02889-6.588",2,0.35272810714901,0.436600286075839,0.210671606775151
"465.26285-14.603",3,0.334320040452223,0.187660652065403,0.478019307482374
"459.25244-10.305",3,0.180141911585314,0.148451573109723,0.671406515304963
"512.26932-9.648",2,0.172344310545259,0.694491995823537,0.133163693631204
"405.2416-14.032",3,0.211696962580007,0.185122269231112,0.603180768188881
"521.32535-15.323",3,0.222706249735479,0.199925210075019,0.577368540189502
"389.24659-16.266",3,0.217599943158,0.192882114432361,0.58951794240964
"236.10553-11.87",2,0.140598723844813,0.744372991047263,0.115028285107924
"445.07816-8.131",1,0.70134930157892,0.151307499370058,0.147343199051021
"297.07707-8.621",1,0.556016593030307,0.180663787500551,0.263319619469142
"557.3026-13.792",1,0.466861100541494,0.19550485009179,0.337634049366716
"173.0357-16.925",1,0.481185621995578,0.194043774318904,0.324770603685518
"189.04062-1.105",2,0.349811540022006,0.4400907217557,0.210097738222293
"665.21543-1.076",1,0.440451878894785,0.342557553553639,0.216990567551576
"180.97315-0.975",2,0.169703120181693,0.698766628323406,0.1315302514949
"342.265-15.276",1,0.7182801282373,0.128669258524239,0.153050613238461
"701.19217-1.442",2,0.152198597461602,0.718616369318606,0.129185033219792
"471.25221-11.301",3,0.272079979341359,0.321511402638935,0.406408618019706
"767.37145-11.108",2,0.186708077644403,0.67137632752255,0.141915594833047
"469.29647-12.738",3,0.272706958296039,0.327095257366441,0.40019778433752
"557.30263-13.564",3,0.273933329636416,0.34602690797402,0.380039762389564
"557.10914-6.97",1,0.676746189261586,0.165952894310442,0.157300916427972
"243.03341-5.986",2,0.222938116976334,0.614547343642619,0.162514539381047
"243.03344-6.005",2,0.304934241035614,0.496850901595506,0.19821485736888
"441.17709-9.176",1,0.553224585456612,0.247880511831726,0.198894902711662
"263.0442-1.097",2,0.154224302439667,0.723847328327285,0.121928369233048
"257.17601-11.698",2,0.26918334527804,0.410481700231796,0.320334954490164
"468.15191-2.17",3,0.150108548180932,0.109105137105304,0.740786314713765
"529.28471-11.308",1,0.491229117549161,0.296840266914587,0.211930615536252
"259.11888-8.039",2,0.272085548016769,0.541951664040659,0.185962787942572
"340.11519-1.749",1,0.407322170153497,0.375662203172263,0.21701562667424
"457.11463-7.777",2,0.322432936255865,0.474039165564551,0.203527898179584
"194.04939-1.182",3,0.263078086728234,0.279476311581133,0.457445601690633
"487.3282-13.154",1,0.465702937643856,0.319112603304504,0.21518445905164
"443.25742-11.83",3,0.156876171933987,0.11292707149242,0.730196756573593
"499.14046-11.591",2,0.378967064438768,0.406281640509321,0.214751295051911
"305.16088-5.737",3,0.218824736913148,0.146174673046446,0.635000590040407
"565.33879-14.002",1,0.431846907886909,0.350891293706013,0.217261798407078
"445.11446-10.026",1,0.684214739761921,0.161464263375128,0.154320996862952
"330.16739-5.922",3,0.30018052691038,0.178703000001626,0.521116473087994
"244.86987-0.895",3,0.276457810820906,0.170782899241859,0.552759289937235
"242.94362-0.96",2,0.183356194843164,0.653278963922685,0.163364841234151
"430.26282-12.046",3,0.335717210054638,0.187964849942596,0.476317940002766
"457.33285-12.507",3,0.271449310427298,0.168938394508767,0.559612295063935
"181.05082-5.665",2,0.275738143570258,0.53679408382843,0.187467772601312
"623.38066-13.775",2,0.297079306320471,0.507368968116739,0.19555172556279
"456.2608-9.929",1,0.445335901895441,0.337907072343237,0.216757025761323
"324.6303-9.02",1,0.453401584664952,0.330350361643136,0.216248053691911
"474.17363-5.862",3,0.358299726113438,0.192199167095765,0.449501106790797
"503.18977-10.181",1,0.528987392340834,0.266234699586003,0.204777908073163
"497.23982-11.097",1,0.414729928798423,0.368017254791852,0.217252816409725
"103.04012-1.07",2,0.26802538897964,0.417180958246465,0.314793652773896
"298.15619-11.072",1,0.728906212779365,0.135312999228423,0.135780787992213
"160.06169-1.525",2,0.140709005747331,0.744385375183326,0.114905619069343
"485.32775-13.134",1,0.669998230789653,0.170043458405474,0.159958310804872
"501.32286-11.503",3,0.247545944847261,0.241014150340484,0.511439904812255
"206.08235-7.549",3,0.311105212415016,0.181886724170247,0.507008063414738
"467.27835-17.796",1,0.706287285880115,0.148413630073993,0.145299084045892
"162.01974-17.753",3,0.242898365299358,0.232124272931867,0.524977361768776
"377.10325-11.635",1,0.543363658783198,0.183535045268045,0.273101295948757
"162.01973-17.716",2,0.262777431114601,0.442288342020999,0.294934226864399
"249.14975-12.841",3,0.237663488546217,0.155003307551306,0.607333203902477
"361.09308-7.678",3,0.141314659027535,0.10894432640263,0.749741014569835
"651.28385-8.072",1,0.610147156890836,0.208050794359712,0.181802048749452
"597.30515-14.752",2,0.22498438091724,0.557732944006457,0.217282675076303
"485.29142-10.704",3,0.241013588150639,0.228722931144876,0.530263480704485
"459.09394-7.154",1,0.439730714413033,0.343249077075804,0.217020208511163
"622.20185-8.703",1,0.728958010672205,0.124574461249705,0.14646752807809
"373.16922-10.301",1,0.458789651227313,0.325386110839595,0.215824237933092
"609.36496-15.282",2,0.346852100364945,0.443657247304993,0.209490652330061
"215.0827-16.436",2,0.355446992451887,0.433368239136514,0.211184768411598
"246.99199-5.178",2,0.381852492535624,0.40306539316113,0.215082114303247
"253.58053-9.625",2,0.258310977004208,0.561710111273647,0.179978911722145
"307.08598-6.909",2,0.236550132770361,0.593874487260802,0.169575379968837
"193.05076-6.487",1,0.456465260360654,0.327519542013534,0.216015197625812
"74.02478-1.04",2,0.204660050799837,0.642915384047992,0.152424565152171
"328.22447-7.116",3,0.2627117764435,0.165580569679201,0.571707653877299
"254.95239-1.789",3,0.33950155695134,0.188764052848653,0.471734390200007
"425.28297-15.782",3,0.191137133214802,0.160500093764509,0.648362773020689
"425.28292-15.783",3,0.194150231715277,0.163918551234885,0.641931217049838
"622.70134-8.719",1,0.768387614599014,0.112490180248503,0.119122205152484
"289.16591-8.178",3,0.188485085109748,0.130563303234566,0.680951611655686
"443.25746-11.826",3,0.156425336137437,0.112671163491918,0.730903500370645
"511.27413-12.692",3,0.191873139231079,0.132382956664718,0.675743904104202
"499.30717-11.456",3,0.168569212547156,0.136355646583821,0.695075140869023
"227.12906-7.336",3,0.20893124975965,0.181609627299438,0.609459122940912
"227.12907-7.339",3,0.196909136447207,0.167098921101592,0.635991942451201
"415.27039-14.933",1,0.46221120447556,0.322267857512722,0.215520938011717
"225.98656-1.024",2,0.273779987375665,0.367245869354095,0.35897414327024
"225.98657-1.021",2,0.273751032618347,0.367908974963837,0.358339992417816
"417.10424-6.394",1,0.710717501075207,0.145828725968845,0.143453772955948
"480.31003-15.332",2,0.367083491378235,0.419772465095406,0.213144043526359
"571.28954-14.181",2,0.161838341553709,0.698633518519728,0.139528139926563
"362.28322-17.443",3,0.27381319819864,0.342658109228067,0.383528692573294
"441.24185-10.175",3,0.263979372993691,0.166078627596217,0.569941999410093
"132.92357-16.912",2,0.241747948170929,0.586089926849362,0.172162124979709
"233.03915-7.987",1,0.487518498384546,0.299993964214337,0.212487537401118
"231.12394-8.227",2,0.185739360522193,0.67292684346963,0.141333796008177
"509.25254-12.355",2,0.141802367851532,0.740751694612523,0.117445937535945
"472.20151-7.479",1,0.636249457682195,0.157912856562973,0.205837685754832
"472.20154-7.475",1,0.650287127410194,0.153259295952906,0.196453576636899
"111.00886-1.447",1,0.768926392539383,0.109349096015062,0.121724511445555
"315.62497-9.064",1,0.669493736295398,0.14663062700693,0.183875636697672
"424.24735-12.683",3,0.207042968573266,0.140303135406973,0.65265389601976
"176.83664-16.252",2,0.215348945977091,0.581273644321134,0.203377409701775
"199.09772-8.888",3,0.142543288243344,0.110224566474469,0.747232145282187
"176.83664-16.641",2,0.244386534749492,0.50542393655711,0.250189528693398
"327.21794-10.893",2,0.344433124398809,0.446590996395271,0.208975879205921
"397.93285-17.108",3,0.376591555370342,0.194693339962378,0.42871510466728
"309.10149-17.779",2,0.285036693622965,0.523822838679674,0.191140467697362
"327.09352-1.086",2,0.172724520006175,0.675884291731758,0.151391188262067
"159.03001-1.115",1,0.461537617409082,0.19594630874375,0.342516073847168
"241.08583-11.583",1,0.749640615313414,0.123437438730716,0.12692194595587
"278.60655-9.352",2,0.244512039984726,0.581975761518389,0.173512198496884
"345.09809-8.109",3,0.237350248454566,0.154862433271229,0.607787318274205
"391.29862-17.709",3,0.270305526697729,0.309544961338872,0.420149511963399
"241.08322-3.005",3,0.142919410121234,0.110611958898038,0.746468630980728
"328.16226-11.78",1,0.48652488980328,0.300843153651503,0.212631956545217
"243.12395-6.621",3,0.373633668376687,0.194346191338983,0.43202014028433
"407.2806-10.945",3,0.153793716794581,0.111179790598713,0.735026492606706
"365.08051-7.27",3,0.24885906291802,0.159901134695374,0.591239802386606
"399.14856-10.534",1,0.497237700561424,0.291791480143278,0.210970819295298
"241.10831-6.393",2,0.164694919918713,0.692693018925659,0.142612061155628
"629.31185-11.581",1,0.772521627804842,0.108232223822833,0.119246148372325
"407.28062-9.645",3,0.372630222740695,0.194223526415063,0.433146250844242
"162.01974-16.426",2,0.26307640313273,0.554820084046869,0.182103512820401
"591.35457-12.438",2,0.192644858651962,0.633094665957058,0.17426047539098
"205.06534-1.857",3,0.194191169628458,0.163965382864195,0.641843447507347
"485.27943-16.456",2,0.271871803806833,0.391287477124949,0.336840719068217
"245.11448-4.995",1,0.61291622012255,0.165249121728963,0.221834658148487
"183.03006-4.186",2,0.267630082171303,0.419336240290341,0.313033677538356
"164.03539-17.726",1,0.497576698701873,0.19190419463099,0.310519106667137
"164.03539-17.694",1,0.592682519017591,0.171163149551189,0.23615433143122
"373.25974-9.961",1,0.489793440827305,0.192980623057129,0.317225936115566
"194.04951-1.498",2,0.26470346823905,0.433803563267717,0.301492968493233
"187.10894-1.076",3,0.143798963236945,0.111511643021816,0.744689393741239
"469.22713-10.891",2,0.253021660807479,0.478500844504422,0.268477494688098
"563.3358-15.764",1,0.478909628251419,0.307418744196917,0.213671627551665
"147.04526-7.748",2,0.159845321799132,0.714750045199996,0.125404633000871
"372.21426-7.507",3,0.269754086025366,0.16830076130538,0.561945152669254
"298.15626-11.584",1,0.498678277037315,0.290591504266226,0.21073021869646
"173.10447-1.004",2,0.140601459785043,0.744376057060588,0.115022483154369
"201.12457-1.972",3,0.269611770241741,0.305726534924867,0.424661694833392
"267.07243-1.097",1,0.691965384925812,0.138535208732484,0.169499406341704
"326.27021-16.459",1,0.690974807522308,0.138899037027403,0.170126155450289
"121.0296-6.881",2,0.272224722351793,0.388077430914805,0.339697846733402
"507.2242-9.437",3,0.258134487140414,0.265114534969286,0.476750977890299
"277.15594-7.516",3,0.251866985458454,0.161170721772754,0.586962292768791
"545.19615-10.078",3,0.232338362244812,0.214254716753155,0.553406921002032
"239.09271-7.307",2,0.142921024304619,0.741625082523269,0.115453893172112
"363.14512-9.393",3,0.194282094156979,0.164069435528251,0.64164847031477
"414.26539-14.916",1,0.611427587724318,0.207200611196206,0.181371801079475
"327.12705-16.425",1,0.420187159467409,0.362476361195379,0.217336479337212
"320.01572-1.2",2,0.225024204311638,0.611353005380235,0.163622790308127
"539.33618-17.202",3,0.313465395794026,0.182535522530084,0.503999081675889
"289.16592-6.666",3,0.272575250188013,0.32582458995432,0.401600159857668
"328.16232-12.034",3,0.378464352838358,0.194902020920285,0.426633626241356
"287.15024-6.564",1,0.499783122799931,0.191579633345922,0.308637243854147
"401.18203-7.482",1,0.543666777221319,0.255007508895045,0.201325713883635
"333.0289-6.109",1,0.526627378752178,0.268072868252872,0.20529975299495
"342.17452-11.025",2,0.234434608183473,0.597060478827374,0.168504912989153
"752.87196-11.27",2,0.198443602075215,0.652708928586722,0.148847469338064
"752.36581-11.269",2,0.217305730696937,0.623217558713585,0.159476710589478
"519.14489-8.205",1,0.664104237304525,0.17364492995381,0.162250832741665
"144.03032-1.096",2,0.151873103423855,0.719291923044031,0.128834973532114
"288.1277-10.04",1,0.403185688605936,0.379993926425974,0.21682038496809
"402.27801-16.438",3,0.202504613430236,0.173711319377552,0.623784067192212
"272.09637-9.218",2,0.214666153110477,0.582899269149785,0.202434577739737
"251.07768-1.091",1,0.672954865263622,0.16824695971693,0.158798175019448
"572.24363-9.003",2,0.225512843921484,0.61060611275965,0.163881043318866
"142.05106-1.731",3,0.141696933049131,0.109345461353838,0.748957605597031
"142.05107-1.729",3,0.192694019573754,0.16225951196848,0.645046468457766
"337.03907-8.638",1,0.432037295016786,0.350704945251828,0.217257759731386
"443.29379-14.757",3,0.185989410991361,0.129211991961207,0.684798597047432
"443.29381-14.756",3,0.186880302049817,0.129695415482735,0.683424282467448
"274.14113-1.773",1,0.773358674917666,0.108042019435529,0.118599305646806
"510.23741-14.31",1,0.661840587035535,0.175035445557106,0.163123967407359
"245.13957-8.8",2,0.234341444300141,0.53353283788017,0.232125717819689
"397.93292-14.908",2,0.206539557839556,0.639968245215509,0.153492196944935
"265.05664-1.094",1,0.452274590462109,0.196578861825479,0.351146547712412
"203.01986-1.452",2,0.141675063123952,0.741051602088377,0.117273334787672
"295.60931-7.991",2,0.218689640785801,0.57324408986291,0.208066269351289
"293.11459-3.981",3,0.258373398254801,0.26574717172317,0.475879430022029
"255.16036-11.268",3,0.260517402013069,0.271676874975929,0.467805723011002
"304.91416-0.935",2,0.146752734944513,0.735780883518721,0.117466381536766
"343.88574-14.892",2,0.307191806222248,0.493859609582807,0.198948584194945
"418.22724-11.527",2,0.162151805514565,0.697982412381027,0.139865782104408
"499.26844-13.706",3,0.235878508737495,0.219947272937185,0.54417421832532
"496.27444-10.454",2,0.144934061008293,0.733839742432552,0.121226196559155
"349.20241-11.999",1,0.416752382298691,0.365954855397734,0.217292762303575
"167.83676-17.726",3,0.159499202867847,0.127180721101546,0.713320076030607
"281.24869-17.809",3,0.245862457946462,0.237703976740258,0.51643356531328
"138.01976-1.451",2,0.1497347988041,0.731058447638804,0.119206753557096
"494.20477-10.37",1,0.452096162424405,0.331563125295975,0.216340712279621
"389.09146-8.442",1,0.512991369928084,0.278882473009352,0.208126157062564
"409.17719-8.81",3,0.361533892506601,0.192700722779703,0.445765384713696
"407.17481-8.796",1,0.509454328398619,0.190058475478764,0.300487196122617
"231.09881-1.096",3,0.387707797589729,0.195806537929253,0.416485664481018
"677.30349-8.452",2,0.156867092027648,0.719575325005893,0.123557582966459
"563.33579-16.408",3,0.193986575705326,0.13350907886328,0.672504345431394
"489.32276-10.621",3,0.26616532229936,0.290343864914791,0.443490812785849
"209.80847-16.445",1,0.419332017834088,0.19736091581404,0.383307066351872
"499.30737-12.175",3,0.273894521715669,0.344805121654174,0.381300356630157
"102.05609-1.048",1,0.516609715858257,0.275982143804138,0.207408140337605
"261.08825-6.621",1,0.488354382374656,0.193167780830316,0.318477836795028
"203.03267-1.08",1,0.393925992657177,0.389856323702996,0.216217683639827
"225.0621-7.973",1,0.471758563572853,0.313704061529863,0.214537374897284
"488.24819-14.331",1,0.489268730297554,0.298502977801157,0.212228291901289
"137.0609-6.879",2,0.271471023819891,0.394653348252252,0.333875627927857
"313.23867-11.07",1,0.461038135693901,0.195984838960636,0.342977025345463
"573.21174-8.983",2,0.337776426881731,0.454750495221072,0.207473077897197
"294.95354-0.959",2,0.391965748601562,0.391973835261339,0.216060416137099
"413.24674-15.926",3,0.238185028494598,0.223806507399,0.538008464106402
"539.27876-9.517",1,0.656218354478987,0.15124323302978,0.192538412491233
"190.05456-5.947",1,0.628308315745853,0.196155954543615,0.175535729710532
"579.31818-13.659",2,0.342976277963728,0.448365925542569,0.208657796493703
"207.81143-16.448",3,0.206772237030953,0.178916837727126,0.614310925241921
"227.20175-16.441",1,0.501378941288892,0.288352667755153,0.210268390955956
"252.5727-8.525",2,0.220749457599481,0.568226398245809,0.21102414415471
"522.2843-14.822",3,0.308291550813616,0.181095103918927,0.510613345267456
"243.12397-5.94",1,0.586699920562405,0.172825012117274,0.240475067320321
"327.18153-12.872",1,0.511324056459445,0.280226885861938,0.208449057678617
"327.18155-12.881",1,0.511320843876138,0.280229481164201,0.208449674959661
"187.10903-3.578",3,0.155851432408596,0.123541193957859,0.720607373633545
"499.27419-11.439",1,0.766522504730067,0.113622559593299,0.119854935676634
"217.10828-7.538",3,0.348206069346111,0.190465230963424,0.461328699690464
"366.8875-6.427",3,0.198753063208838,0.169253055589585,0.631993881201578
"523.28385-11.484",3,0.200948534166757,0.17184938834723,0.627202077486014
"146.96125-0.942",3,0.251186456190807,0.248583672871946,0.500229870937247
"629.31179-11.65",1,0.634344165339229,0.158531133973664,0.207124700687107
"300.19313-6.807",3,0.22439254361299,0.14885790160563,0.62674955478138
"577.1207-8.164",2,0.235672447725695,0.59519505787827,0.169132494396036
"421.16395-6.963",1,0.422882944071163,0.359767384419432,0.217349671509405
"259.05978-1.085",3,0.273153593621465,0.331973984006597,0.394872422371938
"255.06648-9.02",2,0.24254392271266,0.510791560014693,0.246664517272647
"500.27897-13.544",3,0.15596680143744,0.112410978049766,0.731622220512794
"342.23994-7.629",3,0.261281788184518,0.165014296743522,0.57370391507196
"159.07762-1.062",3,0.352350232650528,0.191208096702656,0.456441670646816
"250.14501-11.267",1,0.771134728117719,0.108629034921042,0.120236236961239
"242.8727-0.894",3,0.288601016966937,0.175007310066098,0.536391672966965
"289.11172-6.393",3,0.282376712907178,0.172886117023541,0.544737170069281
"565.12068-8.205",1,0.76973531325518,0.109077294306659,0.121187392438161
"189.08821-1.055",3,0.251897440984714,0.25013655211785,0.497966006897435
"189.08822-1.061",3,0.148008771191028,0.115745566348111,0.736245662460861
"539.28683-12.564",2,0.140872890316441,0.743076132943852,0.116050976739707
"507.22419-10.718",1,0.600336750924755,0.214625969236094,0.185037279839152
"421.25166-14.755",3,0.243111336157084,0.232515435439973,0.524373228402943
"203.06752-1.115",1,0.60256812061398,0.16832879722079,0.22910308216523
"387.10883-8.574",3,0.273789767054952,0.342110669212745,0.384099563732303
"131.03508-1.437",1,0.578941603678403,0.174917706351047,0.246140689970551
"241.10833-9.188",2,0.182581425436816,0.677990653432058,0.139427921131126
"234.0807-7.83",2,0.142976055389048,0.738089677869206,0.118934266741746
"607.38582-15.384",2,0.329964581427957,0.464487182568701,0.205548236003342
"350.10945-1.464",3,0.324732910416749,0.185440485733964,0.489826603849287
"577.12066-8.58",1,0.400284162571759,0.383059551991046,0.216656285437195
"401.16419-11.664",2,0.140835816354685,0.744306785494887,0.114857398150428
"192.06668-16.441",2,0.294958184184075,0.510238404342051,0.194803411473873
"192.06673-16.443",1,0.419432831047946,0.363237698857391,0.217329470094663
"511.3049-15.851",3,0.194243563665834,0.164025335412198,0.641731100921968
"396.18524-11.322",1,0.599919133531819,0.214908321965597,0.185172544502585
"335.05094-1.372",1,0.53359624100128,0.185594899151316,0.280808859847404
"395.11387-10.514",2,0.181342753859012,0.657596610357918,0.16106063578307
"173.00927-1.126",1,0.573055534477812,0.233521452272477,0.19342301324971
"337.03908-8.093",3,0.254037327617035,0.254980814297935,0.49098185808503
"365.1455-6.532",2,0.294101970364403,0.511400175488642,0.194497854146954
"245.11449-2.949",3,0.385674750471703,0.195625412773921,0.418699836754376
"297.03637-6.478",1,0.488969324549638,0.193088262236001,0.317942413214361
"572.24365-9.768",2,0.150091629026487,0.722994910500161,0.126913460473352
"115.04015-1.104",2,0.267816682632222,0.418326262228405,0.313857055139373
"509.27623-10.121",1,0.748409188264405,0.117047856615012,0.134542955120583
"205.06997-16.904",1,0.544047987662643,0.183385518595225,0.272566493742131
"477.2782-15.161",3,0.254942153422132,0.2571136865921,0.487944159985768
"466.2944-15.03",3,0.366767405271566,0.193457050953473,0.439775543774961
"149.0279-5.253",3,0.233639786717943,0.216316941985681,0.550043271296376
"595.1313-8.116",1,0.773581460697491,0.109037479555616,0.117381059746893
"480.24312-11.649",3,0.264844659714507,0.285454329453815,0.449701010831678
"241.11957-6.621",1,0.564651392874506,0.178579030468396,0.256769576657099
"261.0076-1.141",3,0.185195539136431,0.153912177073889,0.660892283789681
"299.05626-9.932",1,0.463253159969437,0.195810179543108,0.340936660487455
"311.62249-8.614",1,0.555925539066015,0.180685240215039,0.263389220718945
"527.24383-7.134",2,0.172945797419343,0.693519340811808,0.13353486176885
"527.24387-7.141",2,0.270600723708961,0.401221695410541,0.328177580880498
"163.04021-7.14",3,0.266837776847782,0.167188189501561,0.565974033650657
"146.98311-1.129",2,0.241622176260549,0.513436743195225,0.244941080544226
"456.24307-11.605",1,0.771702540311666,0.110385578647684,0.11791188104065
"487.30672-10.001",3,0.151001443023976,0.118722654180422,0.730275902795602
"286.17748-6.802",3,0.201537286178199,0.172551691057854,0.625911022763947
"200.12936-8.984",1,0.752633404767621,0.11541677461739,0.131949820614988
"202.10839-1.812",1,0.461353590512855,0.323046980515974,0.215599428971171
"256.07294-11.152",2,0.346207316993636,0.44443761258805,0.209355070418314
"304.61464-8.321",1,0.561809106688692,0.241595879090149,0.196595014221159
"204.03029-6.27",2,0.268190740573248,0.416261260024971,0.315547999401781
"266.0883-1.045",1,0.486638997630052,0.19338596993571,0.319975032434238
"476.24818-10.82",2,0.26498128609168,0.432522014649136,0.302496699259184
"329.10332-8.093",3,0.263774786592447,0.165998491631746,0.570226721775807
"287.15024-8.569",1,0.512651797392085,0.279155872618772,0.208192329989143
"377.1972-8.099",2,0.367463286851183,0.41933517341318,0.213201539735636
"362.16443-9.464",2,0.259175585025847,0.456710184860023,0.28411423011413
"201.11337-7.357",1,0.655803658372382,0.178764355060694,0.165431986566924
"581.1499-1.442",2,0.253246158275518,0.477752439288751,0.269001402435731
"393.16051-6.779",1,0.513922236973106,0.278134075209612,0.207943687817282
"561.30755-13.039",2,0.202918078041205,0.645652700144114,0.151429221814681
"485.29154-12.132",3,0.273704686728062,0.340305587491929,0.385989725780009
"466.33074-16.002",2,0.377523891861364,0.407898948514253,0.214577159624384
"379.21282-8.219",1,0.509453948771506,0.281740856733121,0.208805194495373
"365.08138-8.828",1,0.444338710241933,0.196980380281522,0.358680909476544
"401.18202-7.084",1,0.501425480557047,0.288314209334927,0.210260310108026
"371.09859-6.069",1,0.549535672632042,0.2506146920569,0.199849635311058
"329.23359-11.041",1,0.454622285375815,0.329219860664889,0.216157853959296
"225.1134-7.325",1,0.420412765777558,0.362248941009927,0.217338293212516
"125.09727-8.448",1,0.555314057823395,0.180829016528337,0.263856925648268
"348.10252-7.303",1,0.678267467740074,0.165035367009432,0.156697165250494
"439.22613-10.414",3,0.136969922517808,0.102944913362328,0.760085164119864
"491.2387-10.036",3,0.155680850199331,0.123371454744046,0.720947695056623
"254.07063-1.11",1,0.766516006660653,0.113626467130854,0.119857526208493
"168.02789-1.03",3,0.175844452366466,0.143898923102446,0.680256624531088
"344.18287-6.846",1,0.457684440443148,0.19623056927415,0.346084990282702
"287.05555-1.827",2,0.270842820719724,0.543714345247321,0.185442834032955
"169.83372-17.762",2,0.378184412570227,0.407158009392187,0.214657578037586
"371.2441-10.35",1,0.423787123571535,0.35886291366445,0.217349962764015
"395.15619-6.33",2,0.149359118704093,0.724521225134584,0.126119656161323
"515.30533-11.412",3,0.158124434560698,0.113635957446084,0.728239607993218
"323.16156-6.652",3,0.202423344502806,0.173613616654122,0.623963038843071
"510.29001-13.368",1,0.414680703700931,0.197278285940547,0.388041010358523
"555.27347-14.593",2,0.336571747774589,0.456240655928685,0.207187596296726
"373.25974-10.331",2,0.344416733697248,0.446610932092525,0.208972334210227
"517.31774-9.97",3,0.152598490989778,0.110504567816596,0.736896941193626
"495.29719-11.176",3,0.386030300347048,0.195657811060237,0.418311888592714
"496.22182-13.407",3,0.137193690444939,0.104108928643144,0.758697380911917
"494.29524-11.161",1,0.487957413370434,0.193218749158054,0.318823837471512
"553.26852-14.538",2,0.301111016534121,0.501949028447523,0.196939955018356
"314.1149-7.992",1,0.509102656124294,0.282025966842427,0.208871377033279
"496.27431-10.009",2,0.209825984577606,0.634831026345157,0.155342989077237
"517.28158-9.249",2,0.272114113440391,0.389112244677684,0.338773641881925
"258.14612-5.253",3,0.143341290889342,0.105416115904612,0.751242593206046
"441.24186-10.474",3,0.139895293398744,0.103723346296629,0.756381360304628
"373.18693-9.154",2,0.144927827599914,0.733853073506175,0.121219098893911
"358.09997-6.314",1,0.463023060507363,0.32153181841657,0.215445121076066
"247.09372-1.099",1,0.75152630365468,0.12235630234091,0.12611739400441
"227.06753-1.676",1,0.727709374167453,0.136000899309399,0.136289726523149
"543.30019-12.103",1,0.672708421654448,0.145493821919393,0.181797756426159
"218.06713-1.102",1,0.495273655921698,0.192233888220761,0.312492455857541
"288.93662-0.934",3,0.177138566870754,0.145261692584071,0.677599740545175
"449.10739-1.432",2,0.257086314243159,0.464438667364421,0.27847501839242
"293.17553-12.572",2,0.364173866351926,0.423136066443456,0.212690067204618
"415.27041-14.804",1,0.533616611602688,0.262656202526602,0.20372718587071
"493.33614-16.896",2,0.346866580100691,0.443639736456971,0.209493683442338
"138.01975-1.149",2,0.232185647061802,0.539250273850536,0.228564079087662
"471.26384-14.484",3,0.218663828933368,0.146096235438174,0.635239935628458
"500.27902-13.738",2,0.257354849112323,0.463466869679139,0.279178281208538
"613.21538-8.707",1,0.61917452130613,0.202094799938259,0.178730678755611
"485.3278-12.747",3,0.227062831804909,0.206218741725443,0.566718426469648
"316.15168-5.716",1,0.629678305193265,0.160031233269962,0.210290461536773
"281.08809-1.401",1,0.634197587521061,0.192371227907351,0.173431184571588
"412.18028-9.573",2,0.391165896232974,0.392840860472428,0.215993243294598
"521.26824-10.861",3,0.227605441909688,0.150378491989281,0.622016066101031
"367.09563-6.742",3,0.21360375170471,0.187588007278369,0.59880824101692
"367.09563-6.747",3,0.235482717326429,0.219297493013226,0.545219789660344
"537.29951-12.491",3,0.235732220247782,0.219706697627979,0.544561082124239
"619.34954-12.639",2,0.169640683997097,0.698867742929507,0.131491573073396
"348.14874-8.322",2,0.355669876324083,0.433104220695489,0.211225902980428
"167.83676-16.91",3,0.256362049804491,0.163030643811399,0.58060730638411
"245.11447-1.437",3,0.302212007416182,0.17931741712512,0.518470575458698
"550.24868-12.806",2,0.202261622173445,0.611646948931977,0.186091428894578
"351.23087-13.423",3,0.317905401515543,0.183718276754973,0.498376321729483
"288.61972-8.422",2,0.268662960535279,0.413570260955727,0.317766778508994
"261.12465-6.856",3,0.241238528848849,0.229123338505315,0.529638132645836
"100.04044-1.563",3,0.340459730064001,0.188960672877779,0.47057959705822
"431.26583-13.034",3,0.278898100175918,0.17166013304267,0.549441766781412
"164.07188-3.139",1,0.59156636900269,0.17147631125764,0.23695731973967
"453.67529-8.931",3,0.273235887663943,0.333001976150986,0.393762136185071
"551.28688-12.659",1,0.484622492648008,0.193635591235257,0.321741916116734
"233.08674-1.001",3,0.255167398503227,0.257653134038516,0.487179467458257
"555.22218-6.928",1,0.581767582761747,0.227384626343613,0.190847790894641
"415.1977-9.263",2,0.225430702871027,0.610731630772945,0.163837666356028
"287.12514-6.884",1,0.414875638080789,0.367868314037044,0.217256047882167
"172.09807-7.048",2,0.211053169391022,0.632918057288001,0.156028773320977
"381.07646-7.663",3,0.3293948463156,0.186549033933914,0.484056119750486
"623.41697-16.459",1,0.481342701017073,0.305304814178245,0.213352484804682
"529.37521-13.513",1,0.764646146540778,0.11474268822495,0.120611165234272
"435.08132-6.423",3,0.236984023655938,0.221781208347519,0.541234767996543
"477.10449-7.801",1,0.652720570509372,0.152435616832573,0.194843812658055
"430.30962-17.742",3,0.218237653229383,0.193743834377362,0.588018512393255
"175.07253-1.053",2,0.237877224609323,0.523937834914668,0.238184940476009
"483.31215-13.702",3,0.185543107956826,0.154292339448076,0.660164552595098
"413.1457-8.117",1,0.537622900289831,0.259587734761776,0.202789364948393
"443.18227-12.447",1,0.444800033037812,0.338414540723029,0.216785426239158
"259.13016-3.674",2,0.227111038055846,0.552364732738033,0.220524229206121
"467.07568-7.766",1,0.570040247076852,0.235669103690974,0.194290649232174
"467.07567-7.765",1,0.567131454458169,0.237752728957577,0.195115816584255
"535.11008-8.232",1,0.769830314072637,0.109045887351989,0.121123798575374
"334.25201-16.046",3,0.207842795379709,0.140709780902913,0.651447423717378
"487.30717-10.919",1,0.593199412412817,0.219479980088545,0.187320607498638
"304.1548-5.659",1,0.486219061598011,0.193438567070224,0.320342371331765
"444.24236-11.214",3,0.253976141995242,0.254838497370825,0.491185360633933
"295.13021-5.092",2,0.211255214736272,0.632603384315866,0.156141400947862
"401.2547-14.087",1,0.560607400831348,0.242469177770344,0.196923421398308
"323.09846-1.69",1,0.454972320618651,0.196412650749103,0.348615028632246
"343.17635-9.017",2,0.19353772527974,0.660485401549619,0.14597687317064
"362.94096-0.96",2,0.277161063401128,0.534794322480596,0.188044614118276
"282.08464-1.668",1,0.508198793009693,0.282760591103705,0.209040615886602
"459.25245-8.791",3,0.379995451331888,0.195066240644533,0.424938308023579
"450.26317-14.05",1,0.466130176995035,0.195568779368207,0.338301043636758
"593.37021-15.064",2,0.327261642387742,0.467896621731008,0.20484173588125
"259.1189-6.781",3,0.400359987993198,0.196710568253588,0.402929443753214
"331.16263-1.756",3,0.396585091312198,0.19648083288703,0.406934075800772
"237.0883-2.244",3,0.199112016312733,0.169675163099288,0.631212820587978
"241.09244-1.01",2,0.303767411380109,0.498402522937583,0.197830065682308
"380.15654-5.414",2,0.286570611592839,0.52170521029147,0.191724178115691
"386.12087-1.914",2,0.356737074442797,0.43184202127593,0.211420904281272
"335.0623-1.625",1,0.507294925731007,0.190411854084188,0.302293220184805
"142.01465-1.106",1,0.691796547671103,0.138597263450492,0.169606188878405
"695.29182-8.45",2,0.192927124930621,0.6614560957487,0.145616779320679
"603.33943-7.867",3,0.145265432397116,0.112997003379987,0.741737564222896
"183.9344-17.34",1,0.620121644716534,0.201474967729044,0.178403387554423
"402.11758-1.099",1,0.460669472678745,0.196012957490711,0.343317569830544
"419.22901-10.619",1,0.470523858058135,0.314800357214121,0.214675784727744
"418.22707-10.609",1,0.435502058777113,0.347329270193576,0.217168671029311
"512.26917-8.552",2,0.155144480738649,0.712510020567094,0.132345498694257
"511.27413-11.809",2,0.146970880240725,0.729522328590842,0.123506791168433
"595.27668-11.42",1,0.754449833964886,0.120676748649486,0.124873417385629
"365.08138-9.031",1,0.442541363332877,0.340561007847805,0.216897628819318
"256.06511-7.079",1,0.774288623982949,0.108346041912522,0.117365334104528
"429.29591-16.379",3,0.194018263526987,0.163767656099619,0.642214080373394
"176.03885-5.366",3,0.164422547472344,0.117211187044723,0.718366265482933
"286.17747-6.608",3,0.215182139170034,0.189657878688291,0.595159982141675
"250.07228-6.944",1,0.599492331848715,0.215197095433933,0.185310572717353
"278.13995-10.983",2,0.347243908531522,0.44318363092233,0.209572460546147
"292.10404-1.105",3,0.377400960919536,0.194784585904374,0.42781445317609
"428.21162-10.622",2,0.176605046629932,0.667686171174662,0.155708782195406
"468.21797-10.027",2,0.274445791598269,0.53861494571891,0.186939262682822
"503.23278-8.98",3,0.208149444563491,0.180629701418626,0.611220854017883
"517.28431-10.016",2,0.167602822796887,0.702169423895152,0.130227753307961
"249.00763-1.109",1,0.667344479759833,0.171661637625752,0.160993882614415
"656.2983-7.873",2,0.327400884177938,0.467720476690483,0.20487863913158
"245.11447-4.213",1,0.521075082071775,0.18802515247165,0.290899765456574
"243.12393-8.861",2,0.309203029155393,0.491206705361865,0.199590265482742
"359.12456-7.861",3,0.178134496406982,0.146315178866555,0.675550324726463
"359.12452-7.862",3,0.177911524405142,0.146078957449112,0.676009518145746
"91.05535-7.134",1,0.735932033189229,0.131283054395319,0.132784912415453
"523.28388-10.765",3,0.207209392087134,0.17945872064604,0.613331887266827
"268.87909-0.901",3,0.258557637904035,0.266238635556707,0.475203726539257
"313.23865-12.74",1,0.408156673650759,0.197078805054529,0.394764521294712
"331.03435-1.444",3,0.253377029446723,0.161800550072763,0.584822420480513
"257.07808-1.112",1,0.527297609591104,0.267549879989184,0.205152510419711
"340.21304-8.459",2,0.144262120237177,0.735282623002155,0.120455256760667
"116.07178-1.087",2,0.237069597331482,0.52615499532858,0.236775407339938
"535.28391-12.807",3,0.205247252024362,0.177039408751043,0.617713339224595
"228.90296-0.974",2,0.241742825050327,0.513091958007144,0.245165216942529
"455.31718-13.9",3,0.273696553503326,0.340145386132368,0.386158060364307
"525.2995-10.62",3,0.215899665478904,0.190607811224934,0.593492523296162
"523.23762-10.665",1,0.771667470856531,0.108469008770459,0.11986352037301
"88.0404-1.035",2,0.29046275979943,0.516360431321077,0.193176808879493
"294.8854-0.91",2,0.273714271724759,0.368708162070022,0.357577566205219
"169.83369-16.932",3,0.268829952378767,0.301788868268863,0.42938117935237
"525.03525-7.205",1,0.414209785371816,0.368549382433168,0.217240832195016
"460.66497-8.525",3,0.260320196428135,0.27111099031753,0.468568813254335
"173.00929-1.445",1,0.444329438153772,0.338860756605932,0.216809805240295
"583.31306-10.346",3,0.294773633958399,0.177018175919843,0.528208190121758
"330.20377-5.674",2,0.155876412478111,0.721178180662384,0.122945406859505
"407.21136-10.349",3,0.35496156520447,0.191654026489505,0.453384408306025
"407.21119-10.352",3,0.342728727751831,0.189417042134739,0.467854230113431
"271.06143-8.321",1,0.453455969725452,0.330299922187293,0.216244108087255
"520.25818-14.989",3,0.237709283324145,0.155023885703897,0.607266830971958
"162.01974-16.907",2,0.276255841124071,0.536065900121418,0.187678258754511
"319.14011-6.96",1,0.488776738020932,0.298921472288797,0.212301789690271
"116.07182-1.757",1,0.644328601332696,0.155255310108861,0.200416088558444
"457.23686-9.535",3,0.276489444937549,0.170794361365403,0.552716193697048
"491.29393-14.003",3,0.19528531026876,0.134197589867091,0.670517099864149
"491.29398-14.002",3,0.199245877756309,0.136280336634256,0.664473785609435
"597.39332-16.064",3,0.267065666706922,0.293937103692558,0.43899722960052
"290.92914-1.816",3,0.349842181252413,0.190763674433794,0.459394144313793
"347.13491-7.673",1,0.435206886688002,0.347615704696543,0.217177408615455
"229.08316-1.643",2,0.278119031492658,0.533451000384039,0.188429968123302
"461.25505-14.606",1,0.448940966405448,0.334510696756039,0.216548336838514
"380.17512-7.68",2,0.216047758909912,0.579604571506617,0.204347669583471
"311.22293-11.527",2,0.229004623966407,0.605283860712247,0.165711515321346
"691.34707-15.959",3,0.264333082725684,0.283663431968281,0.452003485306034
"261.07293-1.093",3,0.337018711370815,0.188243786699126,0.474737501930059
"264.0046-6.417",3,0.25282682702565,0.25220779018599,0.49496538278836
"302.13602-1.474",1,0.503009017975464,0.191089945762604,0.305901036261932
"353.03381-7.296",3,0.262487836311166,0.165492198019414,0.57201996566942
"409.16378-8.513",2,0.31921476157186,0.478169700403479,0.202615538024661
"268.15567-8.609",2,0.360567205952028,0.427338666854252,0.21209412719372
"510.25348-8.683",2,0.140886999564243,0.743036478263357,0.1160765221724
"587.23538-7.03",1,0.581597532761464,0.227503458055937,0.190899009182599
"347.24402-8.841",1,0.411284335356709,0.197186691572387,0.391528973070904
"285.07308-1.629",1,0.694014366282233,0.155632554821146,0.150353078896621
"132.86796-1.929",2,0.260994059073026,0.449628679040362,0.289377261886612
"573.34391-13.673",1,0.605906308060513,0.167347637913418,0.226746054026069
"467.31486-16.025",3,0.185083861650154,0.128719450749052,0.686196687600794
"527.29979-15.063",3,0.272108870452156,0.32174618168043,0.406144947867415
"217.04854-1.056",1,0.468000035128896,0.19540314644618,0.336596818424924
"313.0568-6.012",1,0.754671001757355,0.12054947010728,0.124779528135365
"163.04021-7.399",3,0.25944394426827,0.268648630820087,0.471907424911643
"479.19611-8.367",2,0.220045785512047,0.569946548393568,0.210007666094385
"313.05678-6.733",1,0.772162201938477,0.108328207248066,0.119509590813458
"507.28886-14.126",3,0.259869354195237,0.164450404485041,0.575680241319722
"172.06167-1.106",1,0.76825517444071,0.112571410621485,0.119173414937805
"358.19857-6.742",1,0.453600544111475,0.196499033699493,0.349900422189031
"147.0664-2.351",2,0.29936067966256,0.504296547863205,0.196342772474235
"607.3495-11.446",1,0.555601697024469,0.246129425375658,0.198268877599873
"607.34953-11.533",1,0.48967457042945,0.192996224573416,0.317329204997133
"465.28658-14.866",1,0.465913608485914,0.318923097101006,0.21516329441308
"361.09309-7.046",3,0.162206392231907,0.12989759124493,0.707896016523163
"361.09309-7.048",3,0.166241687501117,0.133980035566187,0.699778276932696
"230.03081-1.751",1,0.561051593014041,0.179460170984965,0.259488236000994
"485.16713-8.294",1,0.758972843240182,0.112990707659419,0.128036449100399
"339.14097-1.049",3,0.231907131999056,0.213578797754592,0.554514070246352
"530.27995-7.835",2,0.223544948724991,0.613617174592412,0.162837876682596
"293.11453-6.374",1,0.523079019056024,0.270854477737421,0.206066503206555
"138.05615-1.811",1,0.56947829684183,0.236070729099284,0.194450974058887
"379.21283-7.88",2,0.170018882252434,0.681569336633954,0.148411781113612
"379.01314-8.168",2,0.269293483984504,0.545917511424511,0.184789004590985
"472.1593-5.654",1,0.561116766510738,0.242098760405783,0.196784473083479
"295.10369-1.684",1,0.433310600183936,0.34946095010835,0.217228449707714
"223.07258-6.267",2,0.196368471978596,0.62486394146241,0.178767586558994
"690.27949-16.882",3,0.232659738308691,0.214760814006469,0.552579447684841
"429.19526-16.804",3,0.248344824427313,0.242624590035422,0.509030585537265
"181.05081-6.023",2,0.144716558624513,0.734305464433305,0.120977976942182
"318.64365-9.574",2,0.201702746811192,0.647565733879686,0.150731519309122
"283.06135-7.794",1,0.452694304880229,0.331006950096291,0.21629874502348
"251.10395-5.569",3,0.180623850562025,0.126277055827801,0.693099093610174
"461.25505-14.379",1,0.477682460737511,0.308489643735566,0.213827895526923
"453.19541-16.064",3,0.213151244555089,0.186999475019937,0.599849280424974
"464.30223-10.449",2,0.142554867889176,0.739029071277645,0.118416060833179
"341.12741-11.885",1,0.604988140647469,0.211494827174678,0.183517032177854
"440.15016-8.796",1,0.773134949745638,0.108086624203788,0.118778426050574
"542.13918-1.116",2,0.277435800712336,0.534408821619123,0.188155377668542
"281.03685-1.002",1,0.539462006389676,0.258187845241068,0.202350148369257
"230.11481-1.686",3,0.345475974261132,0.189952227544875,0.464571798193994
"299.04717-7.502",1,0.417055749698775,0.365646406644358,0.217297843656867
"661.27471-7.935",2,0.192069874124255,0.662819920703146,0.145110205172598
"254.07255-9.664",2,0.192788971832436,0.66167580712896,0.145535221038604
"316.18803-6.74",3,0.256239865107798,0.162980684044102,0.5807794508481
"389.16427-9.028",1,0.734734238733652,0.131969243222497,0.133296518043851
"459.25245-10.004",3,0.140611089124801,0.108197535299979,0.75119137557522
"358.19859-6.936",3,0.34848361922967,0.190516333390482,0.461000047379848
"390.19582-10.487",2,0.193370495144907,0.631497496293797,0.175132008561297
"236.02361-1.103",2,0.194343504200589,0.629350775596846,0.176305720202565
"364.18005-9.415",2,0.17770702244636,0.665347680852554,0.156945296701086
"482.253-13.376",3,0.187802965357478,0.156779494073139,0.655417540569383
"315.25424-12.309",1,0.407048005678812,0.197035113242271,0.395916881078917
"524.33635-14.729",3,0.378304336753073,0.194884526858841,0.426811136388086
"552.28699-12.865",3,0.274008433688092,0.359729389911571,0.366262176400337
"466.29447-14.483",1,0.774368611890767,0.108154982290214,0.11747640581902
"426.196-9.889",2,0.309104225324643,0.491336768385648,0.199559006289709
"287.60705-8.946",2,0.167592152004385,0.70218671885864,0.130221129136975
"269.11452-6.883",1,0.416693914683189,0.366014329590894,0.217291755725918
"435.22978-14.828",3,0.176387272474436,0.144469709887966,0.679143017637598
"271.11884-6.452",3,0.269400184113152,0.304626467961884,0.425973347924964
"219.05113-1.101",1,0.616017944950198,0.164304458823413,0.21967759622639
"239.5649-8.731",2,0.287565903870103,0.520334560276567,0.19209953585333
"134.02485-16.923",2,0.271068698208532,0.397798153534459,0.331133148257009
"366.30144-16.502",3,0.330810204780954,0.186874746547584,0.482315048671462
"111.00886-7.727",1,0.572742894373585,0.176537356660325,0.25071974896609
"367.2438-16.88",3,0.356428173843155,0.191896971376987,0.451674854779858
"552.28694-13.091",2,0.25217537031747,0.570664123070731,0.177160506611799
"552.2869-13.092",2,0.255447805389151,0.565876975492513,0.178675219118336
"298.15626-10.36",1,0.541207535579988,0.256864189774109,0.201928274645903
"637.39646-12.779",1,0.565060308408079,0.178477866881468,0.256461824710453
"637.39645-12.782",1,0.564437649897428,0.178631822860011,0.256930527242562
"237.06178-1.093",1,0.665035051491899,0.148194790682707,0.186770157825394
"288.15681-1.758",3,0.358585898810723,0.19224460173725,0.449169499452027
"345.17084-8.343",2,0.151100772083003,0.728873362365263,0.120025865551734
"326.12489-3.363",1,0.674695602735848,0.167192344626265,0.158112052637886
"482.25298-13.624",3,0.217414030572339,0.19263180453683,0.589954164890831
"203.06751-1.432",2,0.210821814797871,0.591961092157328,0.197217093044801
"539.27889-9.374",3,0.186473010883559,0.155312511420503,0.658214477695938
"443.25751-10.015",3,0.136832436645294,0.103220106934724,0.759947456419982
"289.1659-8.059",3,0.239055547393871,0.225296980582238,0.535647472023891
"350.24685-12.255",3,0.261952243324192,0.165280376758471,0.572767379917337
"639.41207-12.923",2,0.238424296546105,0.591060474420624,0.170515229033271
"242.13998-7.714",1,0.403023828589129,0.380164349294016,0.216811822116855
"466.0388-6.233",1,0.595227406274331,0.170443856367353,0.234328737358315
"453.31454-16.843",3,0.150501808557127,0.118226341665165,0.731271849777708
"439.37956-17.605",1,0.762236465495708,0.111761851981756,0.126001682522536
"423.23144-11.861",1,0.446380966378848,0.336919351251112,0.216699682370041
"682.291-10.869",2,0.248923789752832,0.49168843179439,0.259387778452778
"180.0668-1.601",2,0.290264854428232,0.516631209815774,0.193103935755994
"219.08169-7.901",1,0.523787708392133,0.187519291073918,0.288693000533949
"459.25238-8.783",1,0.463647103516916,0.195778093190304,0.340574803292779
"330.20376-6.732",3,0.232958092048032,0.152865594833425,0.614176313118543
"393.09826-10.533",3,0.184885549447834,0.128611430959314,0.686503019592852
"327.23308-16.435",1,0.524389467937778,0.187405504845587,0.288205027216636
"450.2979-9.378",1,0.423932996810537,0.197394463700377,0.378672539489087
"245.56487-8.346",2,0.141716021625713,0.740954748627515,0.117329229746772
"263.14028-6.337",3,0.291347586620497,0.175913524767582,0.532738888611921
"261.12804-6.347",3,0.24161222042341,0.229791773543049,0.528596006033541
"742.38491-13.336",1,0.587680002715157,0.172555591851482,0.239764405433361
"163.06134-1.439",1,0.488020273793626,0.193210697329194,0.31876902887718
"530.28001-8.376",2,0.240858511233044,0.58741758436023,0.171723904406725
"373.2056-12.431",1,0.451011238565254,0.196651551184031,0.352337210250715
"401.24087-7.561",3,0.377227138752094,0.19476512619296,0.428007735054945
"339.09672-1.086",2,0.290432300072934,0.516402100070891,0.193165599856175
"302.13598-1.085",2,0.313539271023727,0.485525539281501,0.200935189694772
"375.25422-14.276",3,0.245898339874879,0.158632122739497,0.595469537385623
"405.26501-9.814",3,0.2557884507597,0.162795816161296,0.581415733079003
"241.0025-1.185",1,0.49908953626898,0.191682571501512,0.309227892229508
"96.04552-1.101",1,0.773493340566311,0.109108218890736,0.117398440542953
"596.27693-8.674",2,0.204814036243508,0.642673681779892,0.1525122819766
"290.87969-1.285",2,0.240676287676867,0.516125222285631,0.243198490037502
"277.15594-7.294",3,0.195340448087288,0.134226760824895,0.670432791087817
"345.09796-6.914",1,0.609131110054051,0.166388596700243,0.224480293245706
"300.90237-0.948",3,0.270337043363361,0.3097270530769,0.419935903559739
"359.07728-6.413",3,0.148747227920956,0.108346017058266,0.742906755020778
"243.16034-7.802",3,0.26924575903298,0.303840411568574,0.426913829398445
"347.11375-6.991",3,0.184937068044789,0.128639498236518,0.686423433718693
"347.11376-6.988",3,0.186357537592951,0.129411886781786,0.684230575625263
"189.07707-5.194",3,0.220475786254649,0.146976630002513,0.632547583742838
"259.15527-6.685",3,0.224372443081032,0.202298922559698,0.57332863435927
"365.19714-9.465",1,0.554424639916452,0.181037235875677,0.264538124207871
"328.11715-1.828",1,0.682412852009536,0.14201789945374,0.175569248536724
"276.06223-4.511",1,0.549097637263446,0.182261570629022,0.268640792107531
"419.09666-1.641",1,0.395581238209435,0.388076395470862,0.216342366319703
"281.11981-9.689",2,0.197528387308174,0.65415656132634,0.148315051365486
"294.09859-7.39",2,0.190073221533207,0.638729895335188,0.171196883131605
"469.26729-8.503",1,0.628136271119938,0.196267034215984,0.175596694664079
"349.15051-7.863",1,0.493033494319099,0.295316644133309,0.211649861547592
"314.61717-9.087",1,0.761711879211107,0.111957972989534,0.126330147799359
"162.0562-6.847",3,0.172268256282387,0.121634175424892,0.706097568292721
"219.08166-11.392",2,0.203441477336967,0.608970049582949,0.187588473080084
"144.04559-7.135",3,0.234394314811802,0.217528451873169,0.548077233315028
"235.109-5.862",3,0.145079954922264,0.106337439730187,0.748582605347549
"306.61969-9.995",1,0.504517242970329,0.285768494917828,0.209714262111844
"274.14111-2.133",3,0.226831578077711,0.205877387804254,0.567291034118035
"409.02378-8.968",3,0.394106599052117,0.196311571480359,0.409581829467524
"537.30761-13.05",2,0.330033392085175,0.464400657522069,0.205565950392756
"469.29647-13.608",3,0.216361973289235,0.191222914606721,0.592415112104044
"565.21454-7.258",1,0.446450809341971,0.336853432642627,0.216695758015403
"496.27445-9.28",2,0.210241486704339,0.63418300322804,0.155575510067621
"434.18574-8.926",3,0.329125783563025,0.1864865437964,0.484387672640575
"473.3278-12.03",3,0.298953201188871,0.178326864022957,0.522719934788172
"674.28658-7.876",2,0.324231237845811,0.471743827559807,0.204024934594381
"507.16268-8.287",1,0.774292739182913,0.108020074973732,0.117687185843355
"255.82225-10.068",1,0.592807045088533,0.171128123199026,0.236064831712441
"292.6041-10.764",2,0.273409142903814,0.540078687979207,0.186512169116978
"184.06174-1.949",3,0.140400490146041,0.103953134195641,0.755646375658318
"243.17157-8.14",1,0.394384304277201,0.389362746644544,0.216252949078254
"473.25845-10.28",1,0.743124398706156,0.127167011080272,0.129708590213572
"473.25836-10.281",1,0.699275015363138,0.152527310848682,0.148197673788181
"226.03921-1.088",1,0.624580494135195,0.161646986264401,0.213772519600404
"491.21122-13.036",3,0.175901539971527,0.143958896068316,0.680139563960157
"491.2112-13.038",3,0.176966392258874,0.145079988182022,0.677953619559104
"605.31061-9.633",1,0.565865547873034,0.17827802070134,0.255856431425626
"364.18008-9.777",2,0.162785794055334,0.696664992492073,0.140549213452593
"397.25171-14.696",3,0.158317220876766,0.125999087747733,0.715683691375502
"261.03887-7.968",1,0.774351675260065,0.108075508802811,0.117572815937124
"293.08807-1.616",3,0.215304925407079,0.144447611746639,0.640247462846282
"294.0986-7.386",2,0.149362744487904,0.724513663376546,0.12612359213555
"389.20061-11.68",2,0.305701615293111,0.495832531093214,0.198465853613675
"195.06656-7.65",3,0.163219707978589,0.116529320584781,0.720250971436631
"593.37024-13.279",1,0.436504014796097,0.19724630275146,0.366249682452443
"280.61735-9.688",2,0.143424191302572,0.740886738326915,0.115689070370514
"307.62748-9.968",1,0.771996862851783,0.110187746036641,0.117815391111576
"271.1553-8.999",3,0.374496957069259,0.194449735986542,0.431053306944199
"645.31099-6.208",3,0.246272750792777,0.238500696070382,0.51522655313684
"337.04436-1.566",2,0.233137060068705,0.536738611111462,0.230124328819832
"426.30169-16.754",1,0.50259634299806,0.191153587209258,0.306250069792682
"455.21106-16.991",3,0.241172557197604,0.229005754252426,0.52982168854997
"596.2765-8.682",2,0.166812687520116,0.688277271553164,0.144910040926719
"473.32765-16.157",2,0.322586079217229,0.473843337698108,0.203570583084663
"384.93549-0.973",2,0.156057326979146,0.710619178866648,0.133323494154206
"428.04439-1.482",2,0.309311244952452,0.491064284000699,0.199624471046849
"585.21488-10.063",3,0.139881017604387,0.107407347613596,0.752711634782017
"72.99314-1.244",2,0.269192665163298,0.410425090852924,0.320382243983778
"589.31554-10.214",1,0.515893983233169,0.188958802019073,0.295147214747758
"589.31584-10.234",1,0.517212740002957,0.188725249167384,0.29406201082966
"271.15534-8.196",1,0.687706960363223,0.14009495168931,0.172198087947466
"217.1083-5.892",3,0.263056205788424,0.165716265206929,0.571227529004647
"176.03546-7.182",2,0.2188788367104,0.572785413461293,0.208335749828308
"505.25788-10.427",3,0.234968636695125,0.218458714481319,0.546572648823556
"199.07257-1.74",1,0.550368896109422,0.249995318359218,0.199635785531359
"483.27347-16.434",1,0.69431252944116,0.155456097829117,0.150231372729722
"485.2916-11.137",3,0.261253805688758,0.165003169212899,0.573743025098344
"492.31011-15.393",3,0.287401114205381,0.174605665918336,0.537993219876282
"385.08655-9.461",1,0.439534669499389,0.343437281030029,0.217028049470582
"231.04557-1.048",2,0.211928114259457,0.631555961027019,0.156515924713524
"287.17661-16.439",2,0.35901143485246,0.429162876455204,0.211825688692336
"641.35504-9.949",1,0.432908177865442,0.349853677186797,0.217238144947761
"507.20398-9.912",3,0.224734384229337,0.202819861009684,0.572445754760979
"203.10377-1.069",2,0.244606441762364,0.504775854989496,0.25061770324814
"176.83667-14.896",1,0.459358106253901,0.196110767428525,0.344531126317575
"385.09318-9.182",2,0.272643780717424,0.383861730210501,0.343494489072074
"136.89838-16.908",2,0.24382185843409,0.507080605408384,0.249097536157525
"268.08819-10.553",2,0.21154652929637,0.590264196061612,0.198189274642019
"226.03592-4.167",1,0.491607197747035,0.192739418117908,0.315653384135058
"415.1977-8.928",1,0.700283472759249,0.151933957008147,0.147782570232604
"181.0369-1.976",2,0.366966239000712,0.419907550101449,0.213126210897838
"477.34378-15.756",1,0.596874738918224,0.169974381606339,0.233150879475438
"423.27567-9.362",1,0.726858153504055,0.13649044074998,0.136651405745965
"393.27613-14.576",1,0.41491807865835,0.367824942571659,0.217256978769991
"170.83336-1.175",1,0.478289559153935,0.307959458139028,0.213750982707037
"369.23979-16.428",2,0.315645908418433,0.482784584542896,0.201569507038671
"441.30139-16.127",3,0.250538319099848,0.247190704774209,0.502270976125943
"407.17487-9.717",1,0.467745577700752,0.31727928716837,0.214975135130878
"393.19553-9.755",1,0.547867643820049,0.182538660361583,0.269593695818368
"674.32221-8.594",2,0.152445455057409,0.718104182270241,0.12945036267235
"119.05033-7.725",2,0.140690787826293,0.744391688929363,0.114917523244345
"311.22302-13.292",2,0.273837178681964,0.365827687778973,0.360335133539064
"379.15832-16.904",3,0.145122521380405,0.106360318964483,0.748517159655112
"471.24307-10.084",1,0.71448688299642,0.143637359438158,0.141875757565422
"281.13965-9.451",1,0.428086910545348,0.197384048161435,0.374529041293217
"365.1819-7.217",2,0.370215041558369,0.416178965324035,0.213605993117596
"791.3867-12.608",2,0.220053423800458,0.618979671256043,0.160966904943499
"385.21539-13.71",3,0.267116495376188,0.167295372734767,0.565588131889045
"182.04608-1.49",1,0.721365386597189,0.12749048758082,0.151144125821992
"559.31822-14.437",2,0.24394865287001,0.506709536552196,0.249341810577795
"215.04973-6.75",1,0.601625845881621,0.213755691524055,0.184618462594324
"144.03034-1.424",3,0.156033564543221,0.123722462720061,0.720243972736719
"441.27817-14.265",3,0.155014511676925,0.111871003700609,0.733114484622467
"221.1547-11.87",2,0.161890439321834,0.698525316417476,0.13958424426069
"449.24452-12.033",3,0.138215702796713,0.105497879348594,0.756286417854693
"500.7615-10.743",3,0.26648068401416,0.29157590697413,0.441943409011709
"593.33374-13.762",3,0.318883231374315,0.183972116264928,0.497144652360757
"485.26812-11.21",3,0.262664648248534,0.165561981388609,0.571773370362857
"568.35782-14.641",1,0.435876573645527,0.346966148119245,0.217157278235229
"553.2947-11.295",2,0.272939642028803,0.380516381400198,0.346543976570999
"259.13009-1.1",3,0.27443230341882,0.170044066205346,0.555523630375834
"499.26857-13.915",3,0.201890290408124,0.137656416406698,0.660453293185178
"511.30486-16.094",3,0.279884696735665,0.172010777196561,0.548104526067774
"377.10326-10.913",2,0.159154003032468,0.71587076379514,0.124975233172392
"368.09898-6.035",2,0.257011282039468,0.464709140520542,0.27827957743999
"227.12906-7.116",3,0.270149807201894,0.308657031855739,0.421193160942366
"227.12905-7.13",3,0.270615551668233,0.311373289636653,0.418011158695114
"217.10827-7.351",2,0.141627859982794,0.741163683626678,0.117208456390528
"197.11849-8.24",2,0.254309767675819,0.474165069867592,0.271525162456589
"287.18666-7.886",3,0.265625931419716,0.288296946188911,0.446077122391373
"199.03805-1.083",3,0.253900342811073,0.162017638854413,0.584082018334514
"172.09807-7.426",2,0.273671545162599,0.369586203867708,0.356742250969693
"351.08514-8.465",3,0.187052704232968,0.155950771068639,0.656996524698393
"251.07745-1.439",1,0.753575682972339,0.115054083148755,0.131370233878906
"251.07744-1.438",1,0.758032250808093,0.1133480771784,0.128619672013507
"361.22338-8.773",1,0.529374554431557,0.265934043788046,0.204691401780396
"319.16654-8.988",3,0.209719280206547,0.182603058404779,0.607677661388674
"363.23904-8.219",3,0.25803219139814,0.264845238797524,0.477122569804336
"337.03906-7.409",3,0.25806596023314,0.264934032218434,0.477000007548427
"327.21793-11.135",1,0.657561135452229,0.150782877068016,0.191655987479755
"277.05993-1.14",2,0.219316322116933,0.571723116455206,0.208960561427861
"345.10137-9.494",2,0.159803668036993,0.702856013451996,0.137340318511012
"345.10138-9.495",2,0.14827966795444,0.726776079478944,0.124944252566616
"403.27042-10.126",2,0.271452835150061,0.542848602465027,0.185698562384911
"555.27339-14.33",2,0.232881888860847,0.599405290409253,0.1677128207299
"565.12071-7.526",1,0.76651603794964,0.110192884801607,0.123291077248753
"301.072-7.76",3,0.209818106062421,0.182728053439903,0.607453840497677
"369.11128-6.862",2,0.241941219216443,0.512524057254819,0.245534723528738
"541.24841-9.727",1,0.67281576938572,0.145455732150506,0.181728498463773
"496.22182-13.631",3,0.136948622650303,0.102959135507149,0.760092241842548
"485.32784-11.659",3,0.143364953686271,0.111068695141618,0.745566351172111
"415.18857-7.382",2,0.38110847033118,0.403892510444619,0.2149990192242
"303.14518-6.683",1,0.503386822268655,0.191031426533552,0.305581751197793
"474.26307-13.037",2,0.15129830544409,0.728556590661048,0.120145103894862
"293.08813-2.261",3,0.173569011602697,0.141518888105657,0.684912100291646
"147.06639-1.763",3,0.39308197772133,0.196237311924753,0.410680710353916
"160.06164-1.093",2,0.256542670654355,0.564281192056417,0.179176137289227
"202.05124-16.927",2,0.17482366374319,0.671456452174755,0.153719884082054
"483.32522-16.179",3,0.225584495245212,0.204051109064726,0.570364395690062
"568.36256-15.606",2,0.141320531193745,0.743802073219743,0.114877395586512
"568.36252-15.735",1,0.563308859420164,0.178909635026765,0.257781505553071
"521.26822-11.382",3,0.205442335728917,0.139485932791693,0.65507173147939
"328.15168-6.032",1,0.480022639174587,0.306450193481701,0.213527167343712
"341.12739-16.409",2,0.230810956627766,0.542848464244215,0.226340579128019
"381.02875-10.174",1,0.557756387815521,0.244549399031957,0.197694213152522
"307.08598-6.533",2,0.288149577824041,0.519532006129158,0.192318416046801
"300.19311-7.433",3,0.199137732144404,0.13622380991499,0.664638457940606
"374.16449-9.568",2,0.168762308384153,0.684201822656193,0.147035868959655
"231.13516-1.073",3,0.158868840168875,0.126550232308205,0.71458092752292
"259.0726-6.69",3,0.207580837525361,0.140576722926933,0.651842439547707
"598.49774-17.807",2,0.385845994395631,0.398652016634019,0.21550198897035
"532.17665-7.251",1,0.734666740927749,0.132007920063751,0.133325339008501
"378.30144-16.451",1,0.492943139251003,0.19255798754649,0.314498873202507
"521.24-9.252",1,0.423748574082335,0.35890143333298,0.217349992584685
"507.7251-8.772",1,0.75780476460804,0.118741483012166,0.123453752379795
"629.31189-9.052",3,0.272878249482892,0.328849043227115,0.398272707289993
"327.21792-10.02",1,0.450237483832621,0.33329668907802,0.216465827089359
"303.60189-9.651",1,0.755418601462052,0.114346461930073,0.130234936607874
"485.27944-16.877",1,0.681636193678009,0.163009515729967,0.155354290592024
"341.10315-9.184",2,0.257403536202707,0.463290033758978,0.279306430038315
"611.40897-17.519",3,0.257272820735863,0.26287482580753,0.479852353456607
"172.0617-1.46",1,0.538251841367592,0.259108386067064,0.202639772565344
"391.32201-16.473",1,0.429103235198759,0.197375668565718,0.373521096235522
"191.0022-1.441",1,0.445975989502937,0.196908326592136,0.357115683904927
"387.18889-5.762",3,0.380112107532964,0.195078517563545,0.424809374903491
"527.05093-7.458",1,0.46448246391193,0.320212392651131,0.21530514343694
"270.12766-9.719",2,0.267156273307905,0.42184521652408,0.310998510168015
"740.6974-5.946",1,0.661793763891109,0.175064251852764,0.163141984256127
"293.1244-6.394",2,0.281134048426976,0.529238983081582,0.189626968491443
"475.34312-15.81",1,0.746385982667643,0.117831013481183,0.135783003851174
"253.05667-1.055",1,0.429044272485005,0.197376217071125,0.37357951044387
"317.19717-9.008",3,0.267257649164681,0.294735172387229,0.43800717844809
"317.19718-9.003",3,0.267258640803715,0.294739326025455,0.438002033170829
"380.17507-8.295",2,0.267345033452082,0.420854871994701,0.311800094553217
"431.12008-6.31",1,0.580688549338445,0.228139294521913,0.191172156139642
"416.21166-10.23",1,0.54953683746402,0.182162115266302,0.268301047269678
"447.1348-11.475",1,0.542667927886852,0.25576047172949,0.201571600383658
"682.27997-8.503",2,0.309970111669242,0.490197865898323,0.199832022432434
"427.06748-8.345",3,0.260892058307475,0.272764472100041,0.466343469592485
"315.08121-1.027",3,0.27391846010567,0.345538406402408,0.380543133491922
"499.75361-10.736",3,0.268394922753845,0.299734356379598,0.431870720866557
"425.10138-7.741",2,0.201389040872534,0.648059966148103,0.150550992979363
"313.0568-6.175",1,0.741973588278901,0.119540761367199,0.1384856503539
"575.27185-8.153",2,0.246511238770602,0.579011286564085,0.174477474665313
"205.07181-1.789",1,0.405070168249788,0.378014877352739,0.216914954397474
"225.8974-0.959",2,0.219820383531283,0.570496216043521,0.209683400425196
"329.23359-9.859",1,0.588383040162365,0.172361642118267,0.239255317719367
"390.96633-7.976",1,0.445220357016957,0.338016435893089,0.216763207089954
"263.09026-7.534",3,0.26951817119037,0.305236514301924,0.425245314507706
"158.08238-7.159",2,0.140566829204573,0.744220419087888,0.115212751707539
"291.09893-5.886",2,0.140689046495289,0.743634887510016,0.115676065994695
"130.08745-7.2",3,0.338558136697173,0.18856819690099,0.472873666401838
"264.86715-0.923",1,0.743191001898101,0.127128911458367,0.129680086643532
"569.33379-9.624",1,0.506707664785253,0.190506604696274,0.302785730518473
"257.10331-6.794",3,0.368408479158859,0.193680181271519,0.437911339569622
"555.12966-8.414",1,0.592730582687453,0.171149632415418,0.236119784897128
"164.0354-16.933",3,0.255047783268986,0.162491501773107,0.582460714957907
"327.21792-11.75",1,0.759529230560146,0.117741881019273,0.122728888420581
"569.33378-10.319",3,0.337571041396505,0.188360869662881,0.474068088940614
"525.29941-9.265",3,0.243542701946635,0.233312155630232,0.523145142423133
"389.12451-8.755",2,0.214463156964837,0.583381598739249,0.202155244295914
"611.3808-13.831",1,0.558591044451273,0.243939175690854,0.197469779857872
"500.25538-10.749",3,0.266702361911788,0.292458657752563,0.440838980335649
"128.95963-0.99",1,0.447529461965038,0.196834751713777,0.355635786321185
"465.19832-9.145",1,0.533618446508335,0.262654791142831,0.203726762348833
"443.15648-6.722",1,0.424666468733828,0.357985268724581,0.217348262541591
"503.23278-9.094",3,0.223984524507944,0.201742727430204,0.574272748061852
"326.10948-1.087",3,0.273974526426159,0.361364946848274,0.364660526725567
"357.10406-1.071",2,0.381730224584903,0.403201211209019,0.215068564206078
"231.09879-1.435",1,0.737728450455191,0.121185549255555,0.141086000289254
"234.82006-8.709",2,0.235962466250967,0.594758501026888,0.169279032722145
"196.02535-1.705",2,0.182051037553729,0.678842483898387,0.139106478547885
"268.112-9.071",2,0.237730620183577,0.524341482854016,0.237927896962407
"687.33268-11.333",2,0.245208662768332,0.502992505114559,0.251798832117109
"559.31829-14.679",2,0.267196567067385,0.421634802389704,0.311168630542911
"305.06468-1.044",2,0.24542495896461,0.580620884199863,0.173954156835527
"316.15173-1.646",1,0.497350790158135,0.291697132995856,0.210952076846008
"387.16636-6.82",1,0.601330220555778,0.213955099396082,0.18471468004814
"441.24182-9.97",3,0.27649771219005,0.170797356483743,0.552704931326207
"379.0972-7.583",1,0.631941245197529,0.159306188226607,0.208752566575864
"321.09157-8.899",2,0.346104789889944,0.444561807886991,0.209333402223065
"407.21132-11.213",3,0.349455778636673,0.190693798246348,0.459850423116979
"443.29381-14.519",3,0.375393884193879,0.194555370901097,0.430050744905024
"443.29382-14.504",1,0.436946448728519,0.197234792973143,0.365818758298338
"243.09881-1.552",1,0.468038026266001,0.19539971019945,0.336562263534549
"588.24592-8.153",2,0.227698008519219,0.607272340882608,0.165029650598174
"283.15533-7.727",3,0.215142819166935,0.144367506532199,0.640489674300867
"204.0303-5.676",2,0.220522585077316,0.618257621539613,0.161219793383071
"231.09883-1.779",1,0.555372236148119,0.180815359034037,0.263812404817843
"524.27889-13.665",3,0.376474420936065,0.194680001889564,0.428845577174371
"524.27895-13.663",3,0.227490548578649,0.20685236830474,0.56565708311661
"236.01536-1.012",2,0.261529050276949,0.44747170155017,0.290999248172881
"236.01536-1.013",2,0.258675806305249,0.458595466759021,0.28272872693573
"485.32778-14.072",3,0.255478708790317,0.258404498715472,0.486116792494211
"415.16144-7.067",2,0.145636599102662,0.737521492505412,0.116841908391926
"481.05495-7.919",1,0.763730024963129,0.115284618584134,0.120985356452736
"465.26309-12.978",3,0.379407638244311,0.195003872681468,0.425588489074221
"218.0333-1.044",3,0.270141843942906,0.308612136886188,0.421246019170906
"203.09246-6.259",1,0.439501553910495,0.19716007073749,0.363338375352015
"200.05664-1.108",1,0.532795825540787,0.185757434490408,0.281446739968804
"614.20816-8.559",2,0.253607978219283,0.476539913442996,0.269852108337721
"759.43293-12.864",1,0.71133829423099,0.131306375815636,0.157355329953374
"457.33286-13.752",3,0.167612728787094,0.119015496495128,0.713371774717778
"507.75094-8.764",1,0.709266949454433,0.132088867092465,0.158644183453102
"410.23734-15.01",2,0.296186308016785,0.508575504404199,0.195238187579016
"190.05453-5.637",2,0.23151964165513,0.540997977604165,0.227482380740705
"345.22835-9.805",1,0.415131781105848,0.197288459404053,0.387579759490099
"379.01308-8.59",3,0.366309033775337,0.193393532946972,0.440297433277691
"317.11458-8.008",2,0.183037985790872,0.677257696687947,0.139704317521181
"595.38588-13.065",1,0.452199068779226,0.196583299660907,0.351217631559868
"540.30067-10.682",3,0.357328957226077,0.192043514158005,0.450627528615918
"297.03644-6.052",2,0.185814930620504,0.672805837919681,0.141379231459816
"357.17426-10.727",3,0.243366803084234,0.157531996018648,0.599101200897118
"315.25424-13.163",1,0.407605658009392,0.197057447386068,0.39533689460454
"459.13674-1.085",2,0.226291292211079,0.554442292196749,0.219266415592172
"537.32053-16.473",1,0.445668423556428,0.196922292652208,0.357409283791363
"338.27023-16.419",1,0.718983025378134,0.12840104924769,0.152615925374176
"293.11459-6.002",3,0.197505094562592,0.135368082813212,0.667126822624196
"293.11461-6.013",3,0.188398904841466,0.130516792162414,0.681084302996119
"480.31014-17.782",1,0.711964940246935,0.145102729229846,0.142932330523218
"99.0088-1.105",2,0.20349336358708,0.608852077932456,0.187654558480464
"390.19586-10.037",2,0.305905187190175,0.495562649237877,0.198532163571949
"266.99463-6.609",2,0.268013711627301,0.417245490375101,0.314740797997598
"251.12659-10.505",3,0.190325896016087,0.159589009894347,0.650085094089566
"536.25319-14.621",1,0.605842806648221,0.167366412985709,0.226790780366071
"307.07267-9.275",3,0.145021381337907,0.106305978568011,0.748672640094082
"501.28667-9.793",3,0.136978745699178,0.103719364783603,0.75930188951722
"352.91212-0.951",2,0.145532229851456,0.737683154262916,0.116784615885628
"303.2179-9.107",3,0.223313416668261,0.200785625324912,0.575900958006828
"283.13547-10.373",2,0.141471502470843,0.741538932778735,0.116989564750423
"406.06129-7.996",1,0.569859803334343,0.235798019388089,0.194342177277568
"495.27937-14.527",3,0.300088421623346,0.178674901549496,0.521236676827158
"473.28322-16.414",2,0.23649731581616,0.593953906590969,0.169548777592871
"284.92477-0.949",2,0.237521890579589,0.592414415406965,0.170063694013446
"494.24256-14.709",1,0.43008082935265,0.197365457021759,0.372553713625591
"567.31812-13.639",2,0.305508747984549,0.496088328036681,0.19840292397877
"137.06091-6.027",2,0.253973571562491,0.475306613147421,0.270719815290088
"491.26567-10.659",1,0.742281094841563,0.119421580154867,0.13829732500357
"537.14425-15.45",3,0.232851190979886,0.215063282612009,0.552085526408106
"181.05075-6.476",2,0.143094399609771,0.741372367823008,0.115533232567221
"124.99149-1.063",2,0.158994592324889,0.704533525689486,0.136471881985625
"603.44033-16.868",2,0.329839259847047,0.464644801170185,0.205515938982769
"327.08371-1.645",3,0.266520601308279,0.167065998876641,0.56641339981508
"321.09169-8.577",1,0.420133221546018,0.362530752030523,0.217336026423458
"369.23984-17.713",2,0.233803167413412,0.534969307090501,0.231227525496087
"345.09593-1.723",1,0.658290353142657,0.177224699488171,0.164484947369172
"505.18848-9.502",1,0.671923652242956,0.16887278719081,0.159203560566234
"371.18996-12.147",3,0.26892821405194,0.167987695445128,0.563084090502933
"297.1271-10.475",1,0.694515810682292,0.137595713680977,0.167888475636731
"251.98931-1.011",1,0.760915074626949,0.112256996564157,0.126827928808894
"441.24187-9.774",3,0.139943662197389,0.103744922680633,0.756311415121978
"288.15677-4.866",3,0.208423325383735,0.141004215096276,0.65057245951999
"285.20733-10.84",2,0.346323227874501,0.444297241087445,0.209379531038054
"471.32516-15.581",3,0.158889779049788,0.126571163699021,0.714539057251191
"471.32519-15.585",3,0.176177153399555,0.144248624082042,0.679574222518403
"343.2127-9.703",1,0.464775006216911,0.195684525192881,0.339540468590207
"384.18525-12.988",1,0.747225729076303,0.117505857428721,0.135268413494976
"265.11961-2.851",3,0.25093638995973,0.248043730828582,0.501019879211689
"397.22695-16.425",2,0.290381886264896,0.516471071434165,0.193147042300939
"265.10595-7.323",3,0.252508984883521,0.251494005398915,0.495997009717563
"447.26046-11.644",1,0.436544697164247,0.346319199222505,0.217136103613248
"377.19717-8.541",2,0.32324332574274,0.473003654945096,0.203753019312163
"256.09407-1.113",2,0.140758890711484,0.743410529701167,0.11583057958735
"313.23866-13.433",1,0.393640591776948,0.390163972902771,0.216195435320281
"609.39332-16.507",3,0.190883727738773,0.160215087006581,0.648901185254646
"161.08209-5.665",2,0.278952391025987,0.532284380743947,0.188763228230066
"335.02332-9.232",1,0.508559746171539,0.190205817062136,0.301234436766325
"326.09967-1.441",1,0.647379016599087,0.15423720576617,0.198383777634743
"243.12395-8.296",3,0.187101029141577,0.129815011114194,0.683083959744228
"301.62749-11.803",2,0.264305320717698,0.435612809893678,0.300081869388624
"609.25095-8.678",2,0.179806912630775,0.660877792838147,0.159315294531078
"371.23017-7.412",1,0.461277270181917,0.195966454291289,0.342756275526793
"331.03436-1.112",1,0.486680680462042,0.193380731581617,0.319938587956341
"448.02816-7.996",1,0.447883554147105,0.335503728288711,0.216612717564183
"148.04389-1.437",1,0.506509493815173,0.190538447204257,0.302952058980571
"405.2648-10.473",3,0.312472047555534,0.182264154035682,0.505263798408785
"457.18508-8.911",2,0.342201344890016,0.449312522973904,0.208486132136079
"509.1285-1.135",2,0.167589421780019,0.686654852748824,0.145755725471157
"661.27669-13.965",3,0.32978528016488,0.186639388008334,0.483575331826786
"430.19089-10.039",1,0.449312190133963,0.334162696254693,0.216525113611345
"311.223-12.675",1,0.615291572167761,0.204645877634934,0.180062550197305
"378.91859-0.965",2,0.268101810366165,0.416757281785268,0.315140907848567
"314.20884-7.405",3,0.146210831847354,0.106949411324941,0.746839756827704
"173.0457-1.809",1,0.534840842748933,0.185340256629113,0.279818900621954
"353.03382-6.264",1,0.429983849653118,0.197366564123298,0.372649586223584
"553.33888-14.053",1,0.470198953014739,0.315089388491241,0.214711658494019
"361.09306-7.425",1,0.471410585193137,0.195083473350538,0.333505941456325
"395.15617-6.188",2,0.262430604962133,0.555750464713011,0.181818930324856
"369.30113-16.928",3,0.165229791058629,0.132952220527436,0.701817988413935
"248.09299-8.074",1,0.565108342938221,0.23920886442397,0.195682792637809
"298.11453-1.038",3,0.217273001585783,0.192442196191242,0.590284802222975
"278.10326-7.481",3,0.219669837286342,0.146585816391819,0.633744346321839
"555.67071-8.675",2,0.308311316236805,0.492381524218844,0.199307159544351
"627.29627-9.019",3,0.251813355255502,0.249951503090631,0.498235141653868
"343.19884-6.718",3,0.30515088212645,0.180188208473471,0.514660909400079
"184.06161-1.061",3,0.167480196711799,0.135242078988578,0.697277724299623
"389.12447-7.702",2,0.345226676897515,0.44562673075564,0.209146592346845
"251.10397-2.282",3,0.181266574288243,0.126630671501798,0.692102754209959
"525.3076-12.894",2,0.342160409991392,0.449362573499415,0.208477016509192
"171.06642-7.981",2,0.327120900295101,0.468074720741212,0.204804378963687
"431.22912-10.671",1,0.407141315078575,0.375850648333851,0.217008036587573
"277.12948-7.189",1,0.425527302784581,0.357127989019704,0.217344708195715
"491.1777-7.553",1,0.774252806402145,0.108396480284069,0.117350713313785
"310.11457-1.095",2,0.238092237705161,0.523344876680489,0.23856288561435
"288.93681-3.167",3,0.230178758688305,0.210905072346669,0.558916168965027
"508.75897-8.765",3,0.224028971574841,0.201806344317104,0.574164684108054
"507.24281-12.397",1,0.509672733766879,0.281563404996625,0.208763861236496
"505.12923-8.02",1,0.626608481067824,0.19725474649767,0.176136772434506
"425.2829-15.628",3,0.144096318811232,0.11181413433785,0.744089546850918
"521.32495-15.708",1,0.602113104479059,0.168461610282988,0.229425285237953
"525.23714-16.909",3,0.260429197345892,0.271423218491528,0.46814758416258
"315.15111-11.316",2,0.257964225363204,0.461238944687591,0.280796829949205
"493.27323-10.72",2,0.261390231791033,0.557251505453756,0.181358262755211
"245.1396-6.707",3,0.277793373679796,0.171264756988095,0.550941869332109
"387.18495-11.622",1,0.503748823089123,0.19097512645325,0.305276050457626
"289.60938-8.06",1,0.490273761991976,0.192917322502818,0.316808915505206
"321.21071-16.412",1,0.653736321983945,0.18004834056007,0.166215337455985
"429.29732-14.606",3,0.219454159684172,0.146481019315912,0.634064820999916
"167.8368-1.234",2,0.237593097675436,0.524719646678915,0.237687255645649
"333.13464-6.813",2,0.264808383338249,0.433321495193204,0.301870121468547
"429.19565-12.861",2,0.163904442590895,0.708166477122771,0.127929080286334
"293.15096-6.231",3,0.177652975691484,0.145805309005944,0.676541715302572
"332.12557-6.843",2,0.318125348948842,0.479574604926804,0.202300046124355
"293.88335-0.922",3,0.270009223400372,0.307871507622719,0.422119268976909
"229.08314-1.445",2,0.173495594467375,0.692630563987527,0.133873841545098
"459.18795-8.974",2,0.184705268932803,0.674583490629372,0.140711240437824
"323.64064-9.681",1,0.614647554972758,0.164723026105384,0.220629418921858
"452.92322-0.974",2,0.161883279990295,0.698540185944305,0.1395765340654
"245.1396-8.224",3,0.309608383633252,0.18146804973023,0.508923566636517
"241.10837-6.954",2,0.272886537579052,0.540817665558232,0.186295796862716
"288.1356-6.002",1,0.518766615813965,0.274264375660784,0.206969008525251
"331.1189-7.796",2,0.272125607000076,0.389006017148143,0.338868375851781
"234.84104-0.883",3,0.348863653943285,0.19058599077979,0.460550355276926
"285.11339-9.753",3,0.273563101741289,0.337742772361967,0.388694125896744
"429.21344-9.726",1,0.597010260227235,0.216880718601106,0.186109021171659
"427.28348-14.589",3,0.161468712107581,0.129155698795765,0.709375589096654
"442.19095-9.528",2,0.231366517361467,0.541398605090695,0.227234877547837
"255.16035-11.457",1,0.556220803654591,0.245674737955144,0.198104458390264
"614.21037-9.003",2,0.184375715233673,0.651085425278518,0.164538859487809
"343.1763-10.775",1,0.586969459505798,0.223767416818894,0.189263123675308
"227.90505-1.71",3,0.219022410878948,0.194810989136896,0.586166599984157
"565.30251-12.691",1,0.456762795309633,0.196294122031264,0.346943082659103
"150.8867-1.163",2,0.262892584176722,0.441798739018194,0.295308676805083
"361.09092-1.119",1,0.699883791988193,0.135605744900765,0.164510463111042
"373.16923-9.937",3,0.13836145983922,0.105674861219989,0.75596367894079
"150.04226-1.392",1,0.645404278918985,0.185260860380357,0.169334860700658
"358.1986-5.587",3,0.264878009509922,0.285572933536084,0.449549056953994
"545.27951-9.654",3,0.138230399253682,0.105515858016602,0.756253742729716
"267.06642-9.253",2,0.164554740055262,0.707111695436078,0.12833356450866
"361.22342-7.168",3,0.137933627644121,0.102981273924807,0.759085098431071
"287.15024-7.877",3,0.32486810985326,0.185473405328321,0.489658484818419
"272.16183-5.721",3,0.376825150037017,0.194719838707775,0.428455011255208
"171.04123-1.076",2,0.328077178849633,0.466865728177183,0.205057092973184
"209.8085-11.141",2,0.272288285177711,0.38746954316714,0.340242171655148
"579.33111-14.317",2,0.218531178526266,0.573627922183636,0.207840899290098
"577.37528-14.297",2,0.261511658530143,0.557076171844046,0.181412169625811
"375.10876-8.043",2,0.257010968830635,0.464710268603299,0.278278762566066
"503.30228-9.659",3,0.262868513865783,0.165642353483372,0.571489132650845
"315.12407-8.461",3,0.160176094554003,0.127858592267026,0.711965313178971
"204.06668-7.999",2,0.140570479140298,0.744163485616982,0.11526603524272
"379.04161-1.143",2,0.238894666388257,0.521121700477996,0.239983633133747
"690.27759-8.251",2,0.178984579576162,0.66263043214586,0.158384988277978
"247.08851-8.468",2,0.149459706596013,0.731497182686218,0.119043110717769
"295.22803-13.489",3,0.276446609390645,0.170778840012482,0.552774550596873
"271.15532-7.978",3,0.257234067018332,0.163386227107293,0.579379705874375
"372.18517-11.039",2,0.293829584366511,0.511770188268028,0.194400227365461
"555.25199-8.214",2,0.37277053831052,0.413266910276931,0.213962551412549
"311.22299-12",2,0.150882131447644,0.729223769904624,0.119894098647733
"477.30516-16.431",3,0.263848914557636,0.282015090569237,0.454135994873128
"433.33267-16.95",3,0.257428059874414,0.263273624482694,0.479298315642892
"274.10468-1.091",1,0.504820346936171,0.190807169498156,0.304372483565672
"347.11371-7.287",3,0.28870440526343,0.175041754115294,0.536253840621276
"387.25426-12.378",1,0.755505434369244,0.120068929149307,0.124425636481449
"438.29941-14.689",1,0.53492027236845,0.185323926887588,0.279755800743962
"373.03903-1.052",2,0.238388008489157,0.522527323351316,0.239084668159528
"186.03847-1.01",2,0.248563390970341,0.492809644366647,0.258626964663012
"357.17088-9.647",1,0.430503546789967,0.197360389630444,0.372136063579589
"583.34947-12.975",2,0.343433969898197,0.447807650153655,0.208758379948147
"186.04091-1.125",1,0.447862716278711,0.196818309862559,0.35531897385873
"200.0566-1.464",1,0.752545800320365,0.121771151331456,0.125683048348179
"327.05228-6.773",2,0.344042429777405,0.447066399479027,0.208891170743569
"399.25491-14.826",3,0.137221621259012,0.104153921262854,0.758624457478134
"302.14329-10.636",2,0.171294040453668,0.678892957013348,0.149813002532983
"625.36007-11.866",3,0.197915521243901,0.168271691729604,0.633812787026495
"350.10939-1.114",3,0.196725753457005,0.134958050392294,0.668316196150701
"372.10515-1.675",1,0.566174077464906,0.238441087035221,0.195384835499874
"481.29945-16.422",1,0.547874135310892,0.182537203552545,0.269588661136563
"329.18339-5.711",3,0.303486032959193,0.179697538742467,0.516816428298339
"491.28688-9.365",3,0.330841586158671,0.186881911006831,0.482276502834498
"244.13045-1.082",3,0.27355588269451,0.337622986329352,0.388821130976138
"219.07772-2.061",2,0.315768675401789,0.482625237468244,0.201606087129968
"260.10412-16.429",1,0.478674720319603,0.307623494209655,0.213701785470743
"459.25243-9.712",3,0.139458538461774,0.10694044852059,0.753601013017637
"464.31518-14.973",1,0.422132577746557,0.197387008327621,0.380480413925822
"469.3095-15.233",3,0.15568551583029,0.123376096886991,0.720938387282719
"606.2056-9.643",2,0.32659614664959,0.468739255379223,0.204664597971187
"405.24163-13.269",3,0.139203844201092,0.106654543235078,0.75414161256383
"238.07231-1.673",3,0.187185461753581,0.129860740147752,0.682953798098668
"485.2916-10.953",1,0.548283754519815,0.251547289568843,0.200168955911342
"471.31214-13.091",2,0.390414488788003,0.393656960598814,0.215928550613183
"260.10413-17.71",3,0.14348944817103,0.105493469133527,0.751017082695443
"437.29125-12.825",3,0.272919825096502,0.329294452072487,0.397785722831011
"297.04064-12.35",2,0.267818000648468,0.418319082171867,0.313862917179664
"283.0614-9.086",2,0.348253622110013,0.441965110704443,0.209781267185544
"288.13561-6.23",1,0.591153978980631,0.171591658072863,0.237254362946506
"525.29966-10.37",3,0.136960727183012,0.102950742467558,0.76008853034943
"697.21277-9.068",1,0.552582588568906,0.248354879965699,0.199062531465396
"484.27839-6.773",2,0.143270789896815,0.74111337284275,0.115615837260435
"351.13452-11.868",2,0.211600156215146,0.590138426096474,0.19826141768838
"317.11455-8.294",2,0.148010678264305,0.733798928407603,0.118190393328092
"281.61195-8.674",3,0.39250655628923,0.196194506075766,0.411298937635005
"451.08074-7.096",1,0.707690274256811,0.14759389419749,0.144715831545699
"193.0508-9.092",2,0.273391857824277,0.37443799649272,0.352170145683003
"179.03514-6.592",2,0.273797651434581,0.366824588843981,0.359377759721438
"329.2336-10.608",1,0.770818011661388,0.108727400987075,0.120454587351537
"442.28153-10.652",2,0.355608508389166,0.433176900365437,0.211214591245397
"330.20374-7.391",3,0.306530377201969,0.18058956849291,0.512880054305121
"279.08498-5.602",2,0.385699506359712,0.398813129737427,0.215487363902861
"258.18249-1.812",1,0.491706259762559,0.192726074240055,0.315567665997386
"624.35245-14.742",3,0.394500198506422,0.196339430247755,0.409160371245823
"485.14903-12.449",2,0.356059965180451,0.43264247843369,0.211297556385859
"576.25727-8.772",1,0.617230297945109,0.163932589415407,0.218837112639484
"407.17492-8.092",3,0.39106690732495,0.196083931120347,0.412849161554702
"244.13045-1.461",3,0.143940998135789,0.105730686858342,0.750328315005869
"447.11507-5.645",1,0.501098068123931,0.288584859218129,0.21031707265794
"301.10434-1.475",2,0.322228418663533,0.474300791215564,0.203470790120903
"579.39082-16.265",1,0.453323307411508,0.196516023313763,0.350160669274729
"325.63819-8.109",3,0.23561261261271,0.219510357690624,0.544877029696666
"280.60335-8.688",1,0.728575353032525,0.124721883078185,0.14670276388929
"593.33524-11.643",1,0.497206724421933,0.191957785978556,0.310835489599512
"369.11279-8.016",3,0.256330724337235,0.260496650452223,0.483172625210542
"379.21292-7.432",2,0.33562672957872,0.457412520543914,0.206960749877367
"275.05415-1.057",1,0.498888325038612,0.191712277784776,0.309399397176611
"275.18664-8.264",2,0.265275020978573,0.43114903045409,0.303575948567337
"453.30149-14.113",3,0.189175376834055,0.158303378378433,0.652521244787512
"279.13523-4.775",1,0.496742369801677,0.192024709236252,0.311232920962071
"313.23865-14.401",1,0.499047623917807,0.191688765131263,0.30926361095093
"309.17093-11.644",2,0.331216520103773,0.462915058564794,0.205868421331433
"298.1411-6.67",2,0.265530316877982,0.551294429044342,0.183175254077676
"250.09338-1.053",1,0.610338666328171,0.166026678622815,0.223634655049014
"319.11488-1.109",3,0.392181512466222,0.196169975162838,0.41164851237094
"523.2838-10.469",3,0.147213405125471,0.114951487975288,0.737835106899241
"249.00762-1.455",2,0.34172656735278,0.449893320783492,0.208380111863728
"249.00764-1.447",2,0.342163461083349,0.44935884280717,0.208477696109481
"338.17248-7.599",2,0.275035534666812,0.537783483942447,0.187180981390741
"603.44041-16.897",3,0.273290923601322,0.333719592664553,0.392989483734125
"367.24413-16.441",1,0.503520421179652,0.286587288252883,0.209892290567465
"690.31712-9.105",2,0.231624105944872,0.601308653478809,0.167067240576319
"433.04509-5.919",1,0.745926901924912,0.125563702791179,0.128509395283908
"265.1196-5.897",3,0.279722276737795,0.171953211269236,0.548324511992969
"579.39083-16.386",1,0.703854865052233,0.134123105254435,0.162022029693331
"136.93249-0.913",1,0.558140151085888,0.180160292348178,0.261699556565933
"284.16179-6.515",3,0.178196858242985,0.146381284235018,0.675421857521997
"342.63905-9.067",2,0.156156867065914,0.71041299967999,0.133430133254096
"217.09048-8.869",1,0.441251876005317,0.341791902011125,0.216956221983557
"466.29284-8.72",1,0.462629013581687,0.195860384344454,0.341510602073859
"410.201-12.947",1,0.404829879063267,0.378266700690841,0.216903420245892
"489.32286-10.341",3,0.178730159420008,0.125232092115525,0.696037748464466
"388.18014-9.436",2,0.348698532196549,0.441429116941842,0.209872350861609
"390.26852-14.232",1,0.543291384211938,0.255290307692185,0.201418308095876
"243.12397-6.172",1,0.756605194521768,0.119434677727353,0.123960127750879
"492.27954-12.3",3,0.270154913032627,0.168452131631099,0.561392955336273
"367.09566-7.052",3,0.201284442826001,0.172249762312275,0.626465794861724
"284.85664-0.9",2,0.14535832953486,0.732934425240749,0.121707245224391
"375.25423-14.424",3,0.328614373095658,0.186367264931529,0.485018361972813
"174.07735-1.628",1,0.723144628889402,0.138629150128571,0.138226220982026
"332.18307-6.036",2,0.299686589801671,0.503858802071976,0.196454608126352
"490.24852-10.399",1,0.472021142687391,0.313471341516104,0.214507515796505
"432.24287-9.41",2,0.199452419794591,0.617978197505393,0.182569382700016
"303.124-8.224",1,0.596210223013197,0.170164126243716,0.233625650743088
"663.33945-13.154",1,0.445831166527496,0.196914927543113,0.35725390592939
"247.54419-6.751",2,0.29999885506587,0.503439658431517,0.196561486502612
"525.03518-6.912",1,0.424755264692041,0.357896752989619,0.21734798231834
"766.22687-1.094",2,0.388717826483658,0.395505368229588,0.215776805286755
"343.08233-7.316",3,0.179630871839713,0.125729684942439,0.694639443217848
"170.94433-0.977",2,0.193744447043058,0.660156906416725,0.146098646540218
"505.25792-10.746",3,0.178163403262482,0.146345818915046,0.675490777822472
"391.17992-8.86",3,0.380873996276096,0.19515788085935,0.423968122864553
"448.23796-9.399",2,0.15887651570555,0.716320518218958,0.124802966075492
"526.24832-9.587",1,0.599038033953827,0.215504707932842,0.185457258113331
"484.23826-9.254",1,0.469602180217053,0.315620866152203,0.214776953630744
"310.93121-0.963",2,0.248362234063408,0.493433002042292,0.2582047638943
"381.19215-8.038",3,0.271809048519288,0.169072841018875,0.559118110461837
"216.09908-1.066",3,0.247628674049918,0.241179696177916,0.511191629772166
"466.03877-6.001",1,0.501263312691762,0.288448237058262,0.210288450249976
"353.24652-14.873",1,0.451170969812936,0.19664254281458,0.352186487372484
"513.28415-14.618",3,0.232240232860218,0.21410058879162,0.553659178348162
"537.30765-12.902",3,0.340217941514621,0.188911275639987,0.470870782845391
"325.63811-8.949",1,0.586813185357209,0.172793933344483,0.240392881298308
"497.11571-1.784",1,0.536592633607349,0.184977929526494,0.278429436866158
"667.36269-12.857",2,0.311433080450843,0.488278393129771,0.200288526419386
"515.35947-13.043",3,0.245177044016141,0.158320079136501,0.596502876847357
"339.2541-14.93",3,0.346511451348069,0.190149010698615,0.463339537953316
"123.04526-5.535",2,0.171006419447401,0.679497084222645,0.149496496329954
"337.07794-1.086",1,0.431568283999486,0.351164168662043,0.21726754733847
"209.08539-7.052",3,0.280632477937725,0.172274999039114,0.547092523023161
"441.27818-14.231",3,0.1872357166812,0.129887953483561,0.682876329835239
"111.04523-1.104",1,0.507969433859638,0.190302311608603,0.301728254531759
"463.2239-11.237",3,0.240351731154421,0.156203801431988,0.603444467413591
"254.98188-1.431",2,0.349907708575842,0.439975244523723,0.210117046900434
"528.26442-8.084",2,0.227463497094164,0.607629626402646,0.164906876503191
"319.21286-7.866",3,0.391665616224368,0.196130520355017,0.412203863420615
"239.16542-12.916",1,0.530179055838508,0.186282051975725,0.283538892185767
"287.05635-8.474",3,0.229736902091055,0.151375846550908,0.618887251358037
"183.03004-1.989",2,0.192969330538761,0.632380878432493,0.174649791028746
"455.10236-0.995",2,0.140695023096783,0.743614767816687,0.11569020908653
"267.03008-9.793",3,0.250828190621296,0.247811088265498,0.501360721113206
"476.27878-14.386",3,0.338746144330307,0.188607406847309,0.472646448822385
"656.27537-10.194",1,0.60071652451818,0.214369379918446,0.184914095563374
"581.33391-12.626",1,0.622098222483093,0.200184444731142,0.177717332785766
"391.11924-12.089",1,0.770454008451807,0.111199015426207,0.118346976121985
"544.31819-15.07",3,0.186728902487012,0.155594036466011,0.657677061046977
"507.20615-10.424",3,0.17312417788724,0.122113390416046,0.704762431696714
"241.10837-6.158",2,0.341261938973835,0.450462326043312,0.208275734982853
"393.0653-8.386",1,0.42975919434635,0.352940609221733,0.217300196431917
"207.81147-13.024",3,0.136874223406463,0.103041146254765,0.760084630338771
"632.30033-12.422",3,0.172286671737617,0.121644493761168,0.706068834501215
"171.10279-7.821",1,0.628920453639356,0.195760970830584,0.17531857553006
"248.09632-8.677",2,0.147586206281851,0.728229181391704,0.124184612326445
"415.19768-10.046",2,0.383852876569225,0.400849190098173,0.215297933332602
"539.27892-10.316",3,0.240419718838582,0.227672722958143,0.531907558203275
"551.29985-14.678",1,0.715319928194543,0.129796471389445,0.154883600416013
"357.21453-7.349",3,0.326608436489082,0.185893045777151,0.487498517733766
"206.01297-1.439",1,0.517718452960537,0.275098108793432,0.207183438246032
"246.1097-1.066",2,0.259142153266604,0.45683706437496,0.284020782358436
"186.07738-1.896",1,0.463133351395003,0.195819876722708,0.341046771882289
"219.08168-7.386",2,0.319765521046294,0.477460719401485,0.202773759552221
"409.17255-10.335",3,0.27393240706125,0.169860233298786,0.556207359639964
"357.21455-6.622",3,0.29147501505405,0.175955123845795,0.532569861100155
"405.26499-10.183",3,0.365397496724566,0.193265666072342,0.441336837203092
"221.09335-4.991",1,0.668205606390157,0.171135948487274,0.160658445122569
"517.09946-8.358",2,0.352964521364125,0.436318416078025,0.21071706255785
"569.11565-6.552",1,0.762487092231452,0.111668380235529,0.12584452753302
"515.30435-11.753",3,0.139757089443111,0.107271238288274,0.752971672268615
"593.37023-11.674",1,0.485732227894646,0.193499139696067,0.320768632409287
"160.97618-0.95",1,0.631781420246927,0.159357551500207,0.208861028252865
"354.3014-17.127",3,0.335236917327973,0.187860834153889,0.476902248518138
"206.01297-1.093",1,0.691898969132025,0.156886095027534,0.151214935840441
"260.10413-16.909",1,0.407321182510408,0.197046144516762,0.39563267297283
"362.63825-8.573",2,0.269077893812607,0.41111891039511,0.319803195792283
"269.15091-6.271",3,0.23797828149684,0.223455340525127,0.538566377978033
"469.30955-15.461",3,0.293951808600758,0.176755810739055,0.529292380660187
"469.30974-15.49",1,0.420878470997817,0.197377511374743,0.381744017627439
"157.01434-1.098",1,0.49500452493273,0.192271806749539,0.312723668317731
"599.15448-9.099",3,0.399567555325917,0.196665141412616,0.403767303261467
"467.0969-4.886",1,0.556755717128484,0.245282338696775,0.197961944174741
"377.21833-7.521",3,0.137098019420705,0.103947196186153,0.758954784393142
"596.35421-11.628",1,0.536872234102096,0.184919677535748,0.278208088362156
"435.2755-13.078",3,0.19423676774261,0.164017558107853,0.641745674149537
"154.91884-1.267",2,0.25721808264052,0.463962558001324,0.278819359358156
"425.283-15.943",3,0.175627484282417,0.143671107799198,0.680701407918385
"383.09868-6.652",1,0.611116367580516,0.207407089378364,0.181476543041121
"323.09814-1.099",2,0.254378695048136,0.473930134114116,0.271691170837748
"126.01975-1.116",1,0.43023774785804,0.352469902316994,0.217292349824966
"355.06725-6.296",1,0.606414879033852,0.167197117935965,0.226388003030183
"317.1972-8.352",1,0.572438603441848,0.176615638526587,0.250945758031566
"294.60151-7.748",1,0.553637791546622,0.247575522043012,0.198786686410366
"467.24208-13.43",3,0.151177999746266,0.109704760196738,0.739117240056996
"315.16774-5.592",3,0.199248360150139,0.136281633929245,0.664470005920616
"609.36514-13.431",1,0.773329461436832,0.108047492404985,0.118623046158184
"527.26899-10.227",1,0.441197804442375,0.341843603705328,0.216958591852297
"567.2477-16.693",3,0.140359248681886,0.107926983700602,0.751713767617512
"233.08681-1.347",3,0.193958744815215,0.133494295167102,0.672546960017683
"399.19618-10.836",2,0.221423512257983,0.616872359987929,0.161704127754088
"173.04566-1.15",1,0.643220819882258,0.186637068958212,0.170142111159529
"537.26325-10.527",3,0.255742749467968,0.259047165976537,0.485210084555495
"483.31526-16.423",1,0.43791382787236,0.197208155241008,0.364878016886632
"513.28965-10.237",1,0.688177039269127,0.159098660427221,0.152724300303652
"325.14079-7.699",1,0.410233134485511,0.372640913180656,0.217125952333833
"306.11973-1.883",1,0.41051303462418,0.197162189296738,0.392324776079082
"291.99583-1.983",1,0.508168083428472,0.1902699047742,0.301562011797327
"515.3054-11.97",3,0.175195079532778,0.123269641389231,0.701535279077991
"87.04515-1.096",1,0.625030609766441,0.161505314768043,0.213464075465516
"331.11898-7.427",3,0.247965374434663,0.159520099218309,0.592514526347028
"331.11901-7.426",3,0.238187218398047,0.155238385699878,0.606574395902075
"785.35823-10.105",1,0.585637251965298,0.224690512792026,0.189672235242676
"503.30261-9.366",3,0.354622888030709,0.1915971576057,0.453779954363591
"366.24977-17.003",1,0.559057581363544,0.24359852923597,0.197343889400486
"232.04712-1.029",3,0.139662065673827,0.107166416047172,0.753171518279001
"583.31317-9.558",1,0.570837113546898,0.235100326710745,0.194062559742356
"277.15597-7.12",3,0.14548778397799,0.10655717406038,0.747955041961629
"466.29445-14.795",3,0.347032114795873,0.190246937560974,0.462720947643153
"265.1447-10.339",3,0.244201611862232,0.234540864011526,0.521257524126242
"373.18693-8.54",1,0.71136008157002,0.131298134070346,0.157341784359634
"589.30259-12.786",1,0.468173841268092,0.195387402857742,0.336438755874166
"331.20478-13.953",1,0.672077035467238,0.168779650363319,0.159143314169443
"411.1513-5.192",2,0.282374297712357,0.527513342012189,0.190112360275454
"245.07808-1.541",1,0.759857273291903,0.11755124436995,0.122591482338147
"218.81734-1.456",3,0.19445689595835,0.133758725536278,0.671784378505371
"469.33281-15.176",3,0.256498416038002,0.260914831682156,0.482586752279841
"337.14261-7.862",3,0.222398877310893,0.199491589745182,0.578109532943925
"535.11013-7.609",1,0.40119161238201,0.382098363974649,0.216710023643341
"411.1081-6.817",3,0.39374168614353,0.196285412330254,0.409972901526216
"363.29058-15.308",3,0.396824881827569,0.196496432139326,0.406678686033105
"399.1664-7.663",2,0.331769703703969,0.46222181992839,0.206008476367641
"557.12396-8.912",3,0.37994630709379,0.195061058734224,0.424992634171987
"557.12398-8.914",3,0.38080608267481,0.195150864111461,0.424043053213729
"407.17482-10.012",2,0.219667722925736,0.619573615690939,0.160758661383326
"455.14135-1.845",2,0.147834373768755,0.734077744981281,0.118087881249964
"244.13047-5.154",2,0.264814346936574,0.433294024946343,0.301891628117082
"361.22331-13.023",2,0.215208696030338,0.626462276659887,0.158329027309775
"264.07266-1.082",1,0.649310684061902,0.153588431218283,0.197100884719816
"690.27934-16.422",3,0.319072884408654,0.184021071320392,0.496906044270954
"613.35194-13.501",2,0.141348306764475,0.741839744854828,0.116811948380697
"470.74321-8.72",1,0.414092289923214,0.368669682131043,0.217238027945743
"321.0653-5.752",1,0.51579814016636,0.27663062926798,0.20757123056566
"470.25873-12.141",1,0.56865061575048,0.177580372123944,0.253769012125576
"495.18401-1.66",1,0.672800864566588,0.145461021260976,0.181738114172436
"495.21299-10.459",2,0.357866659257871,0.430509560500986,0.211623780241143
"385.25169-14.764",3,0.232833290856327,0.215034971936466,0.552131737207207
"510.25369-9.955",2,0.181030137634136,0.680483148661501,0.138486713704363
"501.29919-10.526",3,0.237382127412362,0.222448658820062,0.540169213767576
"531.30008-10.068",1,0.690169869677603,0.139194235583494,0.170635894738903
"431.13841-9.801",1,0.466185262240904,0.318678878846483,0.215135858912613
"515.30214-10.455",3,0.148718759433073,0.116453093971793,0.734828146595134
"508.25264-8.759",2,0.375695244444401,0.409956573547946,0.214348182007654
"418.12063-1.05",2,0.156347422254562,0.720416300040654,0.123236277704785
"417.12576-1.069",1,0.438607820882406,0.197187803838564,0.364204375279029
"503.33851-10.013",3,0.246912358692745,0.239755432906904,0.513332208400351
"286.86166-0.967",2,0.249020310200522,0.491387184502389,0.259592505297089
"293.08802-1.109",3,0.337339499900798,0.188311881197156,0.474348618902045
"173.09328-1.072",2,0.215530503761158,0.580840525015053,0.203628971223789
"467.11361-7.389",3,0.166059551190486,0.118137887487772,0.715802561321742
"209.80852-13.032",2,0.268313570427297,0.415570723715726,0.316115705856977
"191.00216-1.097",3,0.315315137620149,0.183034268075848,0.501650594304003
"519.11853-7.622",1,0.533876300292931,0.262456508679074,0.203667191027995
"519.11851-7.619",1,0.523975982060811,0.270149293695447,0.205874724243742
"187.07259-1.104",1,0.774242703980679,0.108409742456819,0.117347553562502
"371.25529-13.672",1,0.422692244085572,0.359958410373436,0.217349345540992
"289.16593-7.008",1,0.421558559721754,0.197383100952675,0.381058339325571
"530.28007-7.494",2,0.155777861283403,0.711198041765017,0.13302409695158
"475.08892-7.809",1,0.618357119546484,0.163585640415187,0.218057240038329
"429.25299-10.47",3,0.364714847097062,0.193168552924133,0.442116599978805
"429.25296-10.476",3,0.137046512980327,0.102909683376416,0.760043803643258
"250.99416-1.057",3,0.142615780506491,0.105041208707692,0.752343010785817
"290.14341-10.792",2,0.220536432640876,0.568747816349294,0.21071575100983
"631.34943-11.915",3,0.270639913859112,0.311520616932485,0.417839469208403
"495.34625-17.158",3,0.239700039746675,0.226413143817885,0.53388681643544
"330.20371-7.544",3,0.37972791564006,0.195037959461374,0.425234124898567
"273.06187-2.484",1,0.590512082955467,0.171770811903191,0.237717105141342
"162.02307-11.325",1,0.420756475085342,0.36190271799745,0.217340806917208
"703.3277-10.064",1,0.73686991103972,0.121517967389124,0.141612121571156
"379.01322-7.523",1,0.463019632306327,0.321534923378408,0.215445444315265
"563.28687-12.213",1,0.754933522400756,0.114532467292355,0.130534010306889
"293.59375-8.126",2,0.304901660806878,0.496894174590819,0.198204164602303
"400.18022-10.501",1,0.392540351897481,0.391352050675757,0.216107597426762
"448.21686-11.787",2,0.192276435170381,0.633904373172291,0.173819191657329
"522.27384-16.11",3,0.258318512027748,0.265601370588601,0.47608011738365
"407.1845-11.577",1,0.420074448631699,0.362590026918747,0.217335524449554
"385.09315-8.642",1,0.469092807211944,0.316075118797154,0.214832073990902
"261.13451-6.92",3,0.142147831997905,0.104803311828121,0.753048856173973
"277.1196-5.228",1,0.717504726598109,0.128964891378871,0.15353038202302
"414.19593-10.162",2,0.387306770726084,0.397048625537934,0.215644603735983
"313.23866-11.283",1,0.738395715170931,0.129872486843368,0.131731797985701
"389.26996-12.674",3,0.137267932566916,0.102876813591423,0.759855253841661
"449.20348-7.631",1,0.485057240632613,0.302101154054324,0.212841605313064
"485.3278-12.111",3,0.235798969748736,0.219816409034831,0.544384621216432
"457.18507-8.791",1,0.495502860438478,0.192201494255572,0.31229564530595
"275.02339-1.797",1,0.421178025573438,0.361478495838783,0.217343478587778
"202.0731-1.724",1,0.774144534570963,0.108525584349875,0.117329881079163
"497.113-8.049",1,0.515137699565349,0.189091469312451,0.2957708311222
"317.15085-8.727",1,0.42394897727845,0.358701226178856,0.217349796542695
"170.04602-1.114",3,0.312078368535491,0.182155924232499,0.50576570723201
"612.26118-13.811",1,0.479424428286014,0.194244434718326,0.32633113699566
"516.29264-11.672",1,0.774128585361471,0.107974477688803,0.117896936949726
"196.0617-1.438",3,0.137110755660587,0.103969534964094,0.758919709375319
"203.09246-6.678",2,0.351417223613079,0.438166103239441,0.210416673147479
"318.13287-9.598",1,0.682554878575125,0.162458441327271,0.154986680097605
"262.11199-9.525",2,0.203771368102519,0.608219626645269,0.188009005252211
"373.25977-9.258",1,0.409583166184306,0.197130821108777,0.393286012706917
"379.09718-7.802",1,0.515201838724032,0.189080254080897,0.29571790719507
"175.02491-10.662",1,0.605669304386766,0.167417689549705,0.226913006063529
"302.17243-5.756",3,0.276413097879693,0.170766694173686,0.552820207946621
"261.12804-5.946",3,0.170396201602751,0.12058351629484,0.70902028210241
"491.28685-9.643",3,0.278956040363288,0.171680789482044,0.549363170154668
"631.38573-12.844",2,0.30865806917464,0.491924417951611,0.199417512873749
"283.09381-5.262",1,0.444201520162628,0.196986161047079,0.358812318790293
"453.30146-14.788",2,0.271160466417632,0.397098820348344,0.331740713234024
"467.16779-7.667",2,0.30426470771707,0.497740767628784,0.197994524654146
"402.1958-10.298",2,0.193904444587399,0.659902707484532,0.146192847928069
"189.98896-1.037",2,0.241861019963931,0.51275376761628,0.245385212419789
"505.25789-11.402",3,0.296956097741648,0.177706890508565,0.525337011749787
"496.27439-10.66",2,0.14365146569475,0.740548822272611,0.115799712032639
"315.25422-13.616",2,0.270895904181921,0.399088868616915,0.330015227201164
"121.02959-8.513",3,0.266639435894512,0.167111806665019,0.566248757440468
"278.12474-1.443",2,0.360189927583576,0.42778041197336,0.212029660443063
"635.27316-7.812",3,0.166064100862744,0.133799444307295,0.700136454829961
"365.23348-9.843",2,0.269483863970546,0.545646456404531,0.184869679624923
"467.21151-9.315",3,0.302140126682784,0.179295850936393,0.518564022380822
"405.18897-10.013",1,0.419470828327523,0.363199313700707,0.21732985797177
"335.05082-1.825",3,0.179666070785918,0.125749109613138,0.694584819600945
"482.29516-11.989",2,0.211978743590438,0.589249724554328,0.198771531855234
"486.25374-9.447",1,0.453773743746552,0.196488339642886,0.349737916610562
"189.0302-7.21",2,0.354516176178567,0.434472369949617,0.211011453871817
"326.20884-6.685",3,0.270229439629849,0.168480234942801,0.56129032542735
"415.18979-6.786",1,0.434126360712391,0.348666065267469,0.21720757402014
"377.09928-7.597",1,0.65834825237608,0.177188912392734,0.164462835231186
"503.25064-10.206",1,0.601926842520409,0.168515913165474,0.229557244314116
"423.64639-8.908",1,0.463932488830563,0.320709061936088,0.215358449233349
"405.24163-14.189",3,0.154211410730961,0.121910463741124,0.723878125527915
"186.04097-1.463",1,0.631308212954464,0.159509489008132,0.209182298037404
"499.27416-11.264",1,0.633947752628388,0.158659358774046,0.207392888597566
"271.1917-8.253",3,0.245257207915326,0.236539972637129,0.518202819447545
"541.23208-15.266",2,0.1917148173831,0.663385137090711,0.144900045526189
"299.25933-14.969",1,0.459458855443843,0.324774154864229,0.215766989691928
"386.0275-6",1,0.493682370316084,0.294770306691583,0.211547322992333
"337.12152-9.044",2,0.188506407926661,0.642144824919668,0.169348767153671
"399.12189-9.335",3,0.233142413266316,0.215524780355434,0.55133280637825
"377.64356-8.303",2,0.147089847369826,0.729271999365176,0.123638153264998
"498.28997-9.457",2,0.15838706494209,0.717113679517728,0.124499255540182
"392.24697-16.043",3,0.149882939884264,0.117611314651365,0.73250574546437
"537.26324-9.923",3,0.201815746073379,0.172884771437062,0.625299482489559
"311.09859-1.099",1,0.42676875472704,0.35589494653253,0.21733629874043
"151.06126-1.024",1,0.772458227933761,0.108248690741667,0.119293081324572
"282.1276-9.92",2,0.302026986271805,0.500723923987291,0.197249089740904
"341.12429-6.494",2,0.207569615505178,0.599515039485845,0.192915345008977
"493.1471-7.515",1,0.752259276835056,0.115560921071994,0.132179802092949
"317.19722-7.274",3,0.206662413583436,0.178780966269776,0.614556620146788
"471.32508-15.408",2,0.267226033286477,0.548867057012439,0.183906909701084
"553.31507-16.415",1,0.629911156473691,0.195122507469723,0.174966336056586
"301.20227-9.403",2,0.3257344194123,0.469832223246058,0.204433357341643
"108.90201-1.062",3,0.274018426027629,0.349740156668439,0.376241417303931
"775.36809-10.943",2,0.282850917495159,0.526851279328356,0.190297803176485
"365.08091-7.601",3,0.401572562961104,0.196777209549161,0.401650227489735
"261.12807-6.183",3,0.305134114791842,0.18018330100965,0.514682584198508
"503.30231-10.978",1,0.446021445121432,0.19690624566001,0.357072309218558
"485.30431-12.778",3,0.204855736671323,0.139185313224797,0.65595895010388
"209.80848-14.925",3,0.169006452256804,0.119801444371963,0.711192103371233
"539.30564-12.668",3,0.363407698565847,0.192979360773778,0.443612940660375
"483.28873-12.034",3,0.137982917874734,0.102994537717807,0.75902254440746
"341.12737-16.905",1,0.424585730242482,0.197395373287039,0.378018896470479
"429.02877-8.469",3,0.174456782059456,0.142445082528555,0.683098135411989
"302.13605-5.257",1,0.664146849585515,0.173618793617749,0.162234356796737
"425.24683-12.254",3,0.160939111912124,0.128623827666876,0.710437060420999
"458.00997-6.004",1,0.545706555337748,0.253474711080335,0.200818733581917
"372.21426-6.205",1,0.446183495845874,0.196898791742614,0.356917712411512
"492.25779-13.035",3,0.247450133778836,0.240822774529072,0.511727091692091
"263.06754-6.259",3,0.263173942110252,0.27978661824182,0.457039439647928
"275.08876-1.507",1,0.77431073302103,0.108031590725447,0.117657676253523
"267.14647-1.638",1,0.469040589262805,0.195308011690449,0.335651399046745
"104.95998-0.91",3,0.32943966360191,0.186559425065407,0.484000911332683
"775.87501-10.937",2,0.141739845569733,0.740898575342637,0.11736157908763
"301.12972-7.005",3,0.235922159417552,0.154217572198142,0.609860268384306
"525.29949-9.867",3,0.163255990318328,0.130955398133721,0.705788611547951
"439.24732-9.819",3,0.212612541011807,0.18630160084189,0.601085858146303
"507.2888-12.923",3,0.176162528327605,0.144233242341697,0.679604229330698
"271.22801-15.82",3,0.213060414539306,0.186881597883049,0.600057987577645
"501.28673-10.819",3,0.185971851910108,0.129202452427279,0.684825695662613
"264.93452-0.979",1,0.774225019116187,0.107992646678971,0.117782334204842
"308.93783-1.595",3,0.284303315566132,0.173552657685874,0.542144026747994
"483.31216-12.411",3,0.329772079526745,0.186636339399664,0.483591581073591
"388.09517-6.003",1,0.550233084549509,0.250096201473338,0.199670713977153
"422.24684-12.553",3,0.242132655694961,0.230729564526717,0.527137779778323
"455.24189-12.127",1,0.760794731730729,0.112302268470189,0.126902999799081
"342.16721-6.155",2,0.181543823412341,0.657166269348566,0.161289907239094
"466.22747-10.957",2,0.163663569494027,0.708557189144464,0.127779241361509
"374.90666-0.971",2,0.208612602420082,0.597103045136899,0.194284352443019
"372.90149-0.967",2,0.256826479020214,0.465373368310661,0.277800152669125
"200.05661-1.78",1,0.760000754962498,0.112601615991274,0.127397629046228
"439.26244-15.298",3,0.234612337282127,0.217880759940587,0.547506902777286
"267.59617-10.522",2,0.221952550384581,0.565270436120991,0.212777013494429
"283.19163-10.665",1,0.712915886649803,0.144549815142303,0.142534298207894
"485.26821-11.479",3,0.25401718339638,0.162066025202407,0.583916791401213
"283.07852-1.076",3,0.154993747893159,0.122688058749559,0.722318193357282
"223.01449-7.725",2,0.194026135603993,0.630051621970288,0.175922242425719
"223.0145-7.725",2,0.19444217597624,0.629132749807246,0.176425074216514
"312.25459-16.111",1,0.764912453127687,0.114584607660039,0.120502939212274
"499.26854-13.46",3,0.178644713160042,0.146856513065565,0.674498773774392
"556.24874-10.853",3,0.136854819353579,0.103386567582747,0.759758613063674
"159.97945-0.95",1,0.626424814862538,0.161065268582781,0.212509916554681
"487.30723-10.764",3,0.22934266571058,0.209631223196512,0.561026111092908
"511.30498-15.68",2,0.233778367272748,0.598050830583752,0.1681708021435
"565.33887-14.155",1,0.549486602792132,0.250651200863613,0.199862196344255
"259.08851-8.701",2,0.174860493053804,0.690425396440478,0.134714110505718
"150.05614-1.059",3,0.199268917868287,0.169859958783452,0.63087112334826
"759.28905-11.976",1,0.71383536671354,0.130360306208728,0.155804327077733
"343.17634-9.838",3,0.313012550296107,0.182412117571933,0.50457533213196
"218.87414-0.974",2,0.248783821199596,0.492124553145692,0.259091625654712
"247.08851-8.126",2,0.230901298293945,0.60240404326317,0.166694658442884
"295.10359-1.117",1,0.661461487502654,0.175268724494025,0.163269788003321
"278.82983-0.987",2,0.273468604926429,0.373225627782292,0.353305767291279
"288.15678-5.281",3,0.186186706098583,0.129319148500055,0.684494145401361
"172.02284-0.994",2,0.188441337122933,0.642286357898312,0.169272304978755
"583.34958-12.733",2,0.290684766487211,0.516056803376232,0.193258430136557
"323.13487-5.954",1,0.632766163535989,0.193288002466132,0.17394583399788
"413.28328-15.864",3,0.140886245624701,0.104182049920085,0.754931704455214
"413.28334-15.903",3,0.27552246832289,0.170442923291156,0.554034608385953
"529.28475-9.909",3,0.376920774132511,0.19473064755008,0.428348578317409
"293.17944-11.987",1,0.684854611151063,0.141133261472524,0.174012127376413
"365.2335-9.404",2,0.193730484764729,0.63070394495684,0.175565570278432
"203.02048-1.029",2,0.230351892170841,0.544042200188762,0.225605907640398
"522.27378-15.96",1,0.752256972997042,0.12193697923552,0.125806047767438
"310.0969-1.483",2,0.24089096286852,0.587369111721742,0.171739925409738
"407.21134-10.142",3,0.314025737415655,0.182687511342232,0.503286751242113
"415.09726-9.466",1,0.516792845235607,0.275835977623501,0.207371177140892
"311.12514-6.865",1,0.436180730710396,0.197254445318715,0.366564823970888
"259.98798-1.118",2,0.193052640627208,0.632197506507443,0.174749852865349
"368.31707-17.481",3,0.371186413966248,0.194042667573837,0.434770918459915
"205.07183-1.444",2,0.193602080734662,0.630987086772388,0.17541083249295
"489.19344-10.648",1,0.403998864401793,0.196900161981194,0.399100973617014
"219.12394-6.06",3,0.196039453528195,0.166090981781507,0.637869564690298
"534.23752-13.738",1,0.633238910756407,0.192985005271935,0.173776083971658
"360.03397-1.237",1,0.756966513838269,0.119226045124705,0.123807441037026
"541.28472-11.613",1,0.480457225338237,0.194127466582717,0.325415308079046
"365.13566-5.615",1,0.494856987731666,0.293783417766157,0.211359594502177
"383.3281-13.715",1,0.462023150483637,0.322438559527527,0.215538289988836
"463.22593-16.391",1,0.552582258834104,0.181465111081975,0.265952630083921
"321.02888-6.009",2,0.171941643700888,0.677531726254125,0.150526630044987
"257.13967-7.16",2,0.262823497778963,0.442092723933574,0.295083778287463
"524.27888-13.491",3,0.333945256456711,0.187578214531255,0.478476529012034
"417.21342-9.911",2,0.155583258716025,0.721652185936941,0.122764555347034
"503.33844-10.451",3,0.383249235645273,0.195396209156268,0.421354555198459
"243.01816-1.125",3,0.270603561663514,0.168621117254143,0.560775321082343
"209.80849-16.876",3,0.162336389271896,0.13002846122729,0.707635149500814
"207.81145-16.857",3,0.34402606070485,0.189672143855806,0.466301795439344
"379.01317-7.344",1,0.426557406575878,0.356104589614293,0.217338003809829
"224.02357-1.102",1,0.400493479797743,0.382837643728028,0.216668876474229
"381.14055-5.756",2,0.305364842828145,0.496279254722648,0.198355902449208
"552.20413-14.317",1,0.623605524448836,0.161953186063809,0.214441289487355
"352.17667-8.82",2,0.234302316107751,0.533637462346318,0.232060221545931
"345.57188-8.562",2,0.26936339672529,0.409379407932519,0.321257195342191
"299.15023-8.311",1,0.589402118670776,0.222087552605403,0.188510328723821
"492.76397-13.036",3,0.248765132857899,0.243482728058911,0.50775213908319
"235.076-1.747",1,0.501889635494666,0.191261895456822,0.306848469048512
"225.00761-1.094",1,0.553976071134217,0.181141839850738,0.264882089015044
"225.00759-1.098",1,0.543203566453789,0.183569928616599,0.273226504929612
"522.28432-14.453",3,0.169062911017267,0.119833248966259,0.711103840016474
"276.01854-1.442",3,0.149199265908226,0.108597498920308,0.742203235171466
"430.22719-10.199",2,0.32794028161088,0.467038643436578,0.205021074952542
"289.1659-6.305",3,0.395389812235003,0.196401033697235,0.408209154067762
"111.08162-7.607",1,0.593372999065994,0.219361201051695,0.187265799882311
"111.08163-7.608",2,0.373766584114802,0.412136847059558,0.21409656882564
"632.30033-11.817",3,0.175313256251734,0.123335481079679,0.701351262668587
"632.30034-11.812",3,0.162862581908007,0.116326742998466,0.720810675093527
"288.15679-5.529",1,0.431101970880226,0.351621289925488,0.217276739194285
"247.11888-7.596",2,0.205075618223202,0.642263191998503,0.152661189778295
"346.16214-1.669",1,0.748993100285061,0.123808400764165,0.127198498950774
"579.31815-13.497",3,0.183501162218119,0.12785583152306,0.688643006258822
"247.11241-5.068",1,0.746573986668575,0.12519340702486,0.128232606306565
"352.1225-9.07",2,0.161892425672755,0.711430154225937,0.126677420101309
"277.15595-8.293",1,0.419586428149282,0.197364017517729,0.383049554332989
"388.18014-10.172",2,0.377051027609853,0.408430130005955,0.214518842384192
"349.16576-12.545",3,0.333995325937483,0.187589248333533,0.478415425728984
"687.33281-10.46",2,0.342955805830909,0.448390910649825,0.208653283519266
"284.12545-5.83",2,0.338601947599852,0.453731736458703,0.207666315941445
"278.11483-5.655",3,0.285586587490074,0.17399167668386,0.540421735826066
"589.33893-11.446",1,0.672227889408849,0.168688066733538,0.159084043857613
"344.24437-9.121",3,0.341674050874282,0.189206527501052,0.469119421624666
"369.11275-7.911",3,0.24400329246464,0.234169532320688,0.521827175214673
"515.30214-10.187",3,0.189029463794074,0.158140864933664,0.652829671272263
"314.20876-6.46",3,0.144088895778743,0.111806592165043,0.744104512056214
"387.23097-15.26",3,0.248519667758441,0.242980638405669,0.50849969383589
"525.21665-11.406",3,0.202160764593597,0.137796493918933,0.66004274148747
"305.16082-7.518",3,0.300250081574022,0.178724205095713,0.521025713330265
"326.09975-1.111",1,0.562250297918198,0.24127577797557,0.196473924106232
"539.25057-6.811",1,0.554909546801159,0.246638428281402,0.198452024917439
"227.14033-4.908",2,0.272432920830852,0.386046980872502,0.341520098296646
"202.02092-1.012",2,0.212333809200776,0.588414940223093,0.19925125057613
"759.28908-12.254",1,0.5225292478063,0.187755416136486,0.289715336057213
"220.02869-1.865",1,0.649065374166048,0.18296294841254,0.167971677421412
"459.24669-7.042",3,0.334639050502593,0.187730542302971,0.477630407194436
"194.99704-1.102",1,0.690627274430456,0.157641057348178,0.151731668221366
"232.91481-0.95",2,0.25489824383519,0.472149232997476,0.272952523167334
"305.17602-11.948",3,0.139211479030842,0.106663169302248,0.75412535166691
"358.19863-5.281",3,0.297321370800968,0.177821017191533,0.524857612007499
"132.86793-1.219",2,0.211104651298297,0.591299448102123,0.19759590059958
"457.2273-11.591",1,0.403996659693283,0.196900056533792,0.399103283772925
"495.27313-15.133",2,0.233892671092957,0.534730873448067,0.231376455458976
"629.33383-12.95",2,0.267594065451102,0.419529709995226,0.312876224553672
"351.08524-9.316",2,0.247644115149223,0.495644417817898,0.256711467032879
"413.24676-15.772",1,0.542865537571526,0.25561138313949,0.201523079288984
"505.30962-16.146",3,0.137382493593423,0.102880180319889,0.759737326086688
"505.30961-16.1",1,0.441474719080367,0.197092786709177,0.361432494210456
"582.2586-16.441",3,0.393750416203464,0.196286041871353,0.409963541925183
"607.1313-8.285",2,0.15882164675936,0.716409443635166,0.124768909605474
"463.08889-7.768",1,0.717060236062733,0.142145272769884,0.140794491167384
"159.06642-6.637",3,0.267743627789845,0.296811495430449,0.435444876779706
"289.09391-4.049",3,0.257056467660634,0.262322368415648,0.480621163923718
"326.27026-16.764",1,0.411991889925216,0.19720796139739,0.390800148677394
"459.25247-8.963",3,0.279627074733727,0.171919439947892,0.548453485318381
"402.19585-10.706",1,0.628305251485678,0.196157932707502,0.175536815806819
"279.59621-10.039",2,0.349110899213472,0.440932832564307,0.209956268222221
"493.09961-7.572",1,0.724983329206019,0.126103478369542,0.148913192424439
"527.26891-12.089",3,0.396911598989295,0.196502039736025,0.40658636127468
"331.19172-12.689",3,0.16913562070084,0.136936306078739,0.69392807322042
"549.25104-11.374",3,0.386993367663767,0.195744029100386,0.417262603235847
"430.26288-11.594",3,0.227199796341266,0.20642132062364,0.566378883035095
"330.13836-10.421",1,0.662255181097234,0.174780458825426,0.16296436007734
"671.27643-10.305",1,0.462121667656843,0.322349122801991,0.215529209541167
"580.31843-14.052",3,0.212018483875672,0.185535450858081,0.602446065266247
"580.31831-14.048",3,0.20687720147711,0.179046795780748,0.614076002742142
"315.07243-5.836",1,0.536141853865001,0.260719042432816,0.203139103702183
"539.27889-10.554",3,0.199731613488091,0.170405944151462,0.629862442360447
"523.31075-13.956",1,0.75388263757279,0.121003003026376,0.125114359400834
"371.13491-7.14",1,0.604316398623261,0.211945480106606,0.183738121270133
"479.32075-16.423",2,0.209691627055653,0.59459731445652,0.195711058487827
"367.10364-7.137",1,0.74946424622105,0.123538493229265,0.126997260549685
"601.30046-13.681",3,0.389066358138877,0.195922002751886,0.415011639109238
"291.01831-1.448",1,0.681776411730374,0.142247830467253,0.175975757802374
"237.93386-1.223",1,0.706749124741242,0.133037132144033,0.160213743114725
"635.38065-15.299",3,0.245228562543949,0.2364852095126,0.51828622794345
"299.15025-7.087",3,0.25843902963445,0.265921882271406,0.475639088094144
"544.28377-14.374",1,0.707615016810842,0.13271138398002,0.159673599209138
"349.20213-10.481",3,0.273138688714074,0.169567142140073,0.557294169145853
"424.24739-12.809",2,0.27253990917621,0.384956059679993,0.342504031143797
"528.26439-8.943",2,0.354135047192723,0.434925174820773,0.210939777986505
"243.1603-11.262",2,0.142143130991231,0.739962714856847,0.117894154151922
"369.23993-16.91",3,0.331330888931754,0.186993298924887,0.481675812143359
"486.72749-8.564",1,0.593374438239544,0.219360216430522,0.187265345329935
"441.17709-10.041",1,0.539622612817654,0.258065852519705,0.202311534662642
"361.16584-8.037",1,0.559568496051212,0.179818225874707,0.26061327807408
"517.294-8.998",2,0.260290809143257,0.558840694863043,0.1808684959937
"317.93682-1.198",2,0.196329503931704,0.656055063172605,0.147615432895691
"602.30269-13.703",1,0.57192822354342,0.23432293579551,0.19374884066107
"309.14591-5.745",2,0.371434314538711,0.414787287064157,0.213778398397131
"529.25955-6.861",2,0.256040814523357,0.468167336205189,0.275791849271453
"244.04642-1.122",3,0.348512998950175,0.190521731428803,0.460965269621022
"130.08741-1.165",3,0.274055578252551,0.355136752133869,0.370807669613581
"429.08321-7.518",1,0.508805732572692,0.282267128203622,0.208927139223686
"287.12514-6.737",2,0.352180623914077,0.437253645827885,0.210565730258039
"337.23866-14.656",2,0.27834823830138,0.533129951075549,0.18852181062307
"349.00253-6.898",3,0.206978376949823,0.140270246138971,0.652751376911207
"437.29137-11.219",3,0.264059835577306,0.166110118275005,0.569830046147689
"176.00967-1.017",2,0.271409883003104,0.395145028706684,0.333445088290212
"250.10866-7.4",3,0.361940192570991,0.19276188408998,0.445297923339029
"567.24763-17.072",1,0.566123908115594,0.238477194342478,0.195398897541927
"366.05752-1.114",2,0.229549498393307,0.546119597433329,0.224330904173364
"335.06227-1.113",1,0.585621483503988,0.173120173312931,0.24125834318308
"502.27129-12.984",1,0.770029445319032,0.111468710420468,0.1185018442605
"381.20498-14.066",1,0.527163173808069,0.186873732398337,0.285963093793594
"258.14613-5.005",3,0.149580259399028,0.108809929289782,0.74160981131119
"272.16187-5.003",2,0.268858810312353,0.412423982401636,0.318717207286011
"660.30677-11.337",2,0.232947271355588,0.59930644544065,0.167746283203761
"196.06172-6.261",1,0.594747517926462,0.170580050311649,0.23467243176189
"473.32787-10.664",1,0.505738793386277,0.190661654860529,0.303599551753194
"450.23246-11.672",2,0.148461122636955,0.733085252247856,0.118453625115188
"241.14472-8.332",3,0.274005534002483,0.34900817595719,0.376986290040326
"663.33943-12.928",1,0.450875153673524,0.1966591843288,0.352465661997676
"232.84389-0.883",3,0.356139179809112,0.191849525930768,0.45201129426012
"232.84389-0.884",3,0.356126180518461,0.19184738685876,0.452026432622779
"504.26783-12.924",3,0.246906964934981,0.159066578352764,0.594026456712254
"220.06501-6.764",2,0.236855405732807,0.593415581305863,0.16972901296133
"321.07311-4.86",1,0.77090299029656,0.108700800271085,0.120396209432355
"556.29569-10.273",1,0.569869597954659,0.177271900502368,0.252858501542973
"532.77722-11.922",2,0.260385378062714,0.452040196208907,0.287574425728379
"672.28925-8.256",2,0.197704065822646,0.653878571144234,0.14841736303312
"269.87931-1.43",1,0.612649405158791,0.16532992661418,0.222020668227029
"542.13936-1.435",2,0.369353150969973,0.417165246177436,0.213481602852591
"349.0025-6.914",3,0.192846302444708,0.162432391007751,0.64472130654754
"641.38331-11.105",2,0.273882680188902,0.364563677281048,0.36155364253005
"344.18291-5.384",1,0.548297336213723,0.182442101694076,0.269260562092201
"487.30737-11.731",3,0.273415770108754,0.335453571594095,0.391130658297152
"469.3095-15.236",3,0.195183100000755,0.165103388590309,0.639713511408936
"632.30001-11.579",3,0.193118183150807,0.133047213656735,0.673834603192458
"365.07995-8.083",2,0.273888739180457,0.36438364004343,0.361727620776114
"100.04042-1.049",1,0.767731193028326,0.112891429556254,0.11937737741542
"516.28687-13.676",3,0.257908990027612,0.163660266811939,0.578430743160449
"501.70967-8.794",1,0.772561593609454,0.109798384839839,0.117640021550707
"381.11285-9.103",2,0.187219115720293,0.644940550852876,0.167840333426831
"379.17647-11.149",3,0.162049009593696,0.129739204809476,0.708211785596828
"495.15623-6.636",1,0.484305081375422,0.302747574308003,0.212947344316575
"547.29312-9.909",1,0.414742204382505,0.197279700425366,0.38797809519213
"525.12178-1.113",1,0.716722453671238,0.129262881879805,0.154014664448957
"375.18484-10.064",3,0.303205978193381,0.179614325322842,0.517179696483776
"300.19311-7.606",3,0.17366349778179,0.141617321781656,0.684719180436553
"405.24161-13.141",3,0.21937022797653,0.19528638876238,0.585343383261089
"341.03351-7.534",3,0.2708802075408,0.313004789884001,0.416115002575199
"507.2428-12.065",3,0.393092070705711,0.196238055667948,0.410669873626341
"225.04064-6.786",3,0.139518029682894,0.103558652820409,0.756923317496697
"600.22883-9.444",2,0.234445723163537,0.533253849159656,0.232300427676807
"671.27656-8.236",1,0.468007471044308,0.317044893704066,0.214947635251626
"553.65508-8.361",2,0.218892436715525,0.620768417093364,0.160339146191112
"237.08041-7.341",1,0.61621731365661,0.204036209551629,0.179746476791761
"509.30468-10.609",1,0.475615331517436,0.194658477824281,0.329726190658283
"633.2043-6.703",1,0.445292398906315,0.196939096908325,0.35776850418536
"579.39087-14.356",2,0.364105886026354,0.423214939173735,0.212679174799911
"316.18803-6.595",3,0.183936086442756,0.152539736337328,0.663524177219916
"315.60674-10.261",1,0.396195275939942,0.387417989361842,0.216386734698216
"588.26114-14.387",1,0.749486743754774,0.116631155407116,0.13388210083811
"271.15528-9.865",2,0.324214867421051,0.471764681245423,0.204020451333526
"276.83283-1.005",2,0.261795710651543,0.446382756171879,0.291821533176578
"492.31011-15.318",1,0.434789974436618,0.348020638885415,0.217189386677968
"532.2715-11.923",2,0.256644971594028,0.466023096271607,0.277331932134365
"507.28877-12.432",3,0.235372166483424,0.219116624903177,0.545511208613399
"403.24937-10.397",3,0.305403665210092,0.180262108496774,0.514334226293135
"316.15564-8.947",3,0.360140160865654,0.192487788437791,0.447372050696556
"319.12236-8.825",1,0.714958490758444,0.129933837399881,0.155107671841675
"309.10166-6.75",1,0.590967752739412,0.221010297510924,0.188021949749665
"489.32281-9.276",3,0.290158347260939,0.175523391869703,0.534318260869358
"554.66287-8.35",2,0.174824376721814,0.690483722924488,0.134691900353698
"589.33888-14.059",2,0.382560721393911,0.402279489857245,0.215159788748844
"553.31522-15.618",3,0.244063820893484,0.234282725786749,0.521653453319767
"350.10683-9.142",2,0.14452831883592,0.739225711593788,0.116245969570292
"575.35958-14.008",1,0.567214493601857,0.177941359256724,0.254844147141419
"455.24828-12.324",2,0.304030035765451,0.498052961402083,0.197917002832466
"203.09246-7.064",2,0.27932181201026,0.531767815511317,0.188910372478423
"271.1917-8.717",2,0.20197777484948,0.647132582848316,0.150889642302203
"485.34888-13.963",1,0.514179952451507,0.27792715382231,0.207892893726183
"232.09402-1.061",3,0.212668832718744,0.186374385654992,0.600956781626264
"327.21793-10.528",2,0.218857826922257,0.620821783508373,0.160320389569371
"574.35401-13.988",1,0.76030077873492,0.112488369472898,0.127210851792182
"413.26797-8.375",3,0.260015060729188,0.270244060071029,0.469740879199783
"469.30948-15.331",3,0.171294728864464,0.139159477390732,0.689545793744804
"372.08577-6.673",1,0.753603333154776,0.115043448583158,0.131353218262066
"241.88434-1.225",2,0.23733147720553,0.52543778996265,0.23723073283182
"488.24826-14.186",2,0.19683957786962,0.655247031119681,0.147913391010698
"355.14343-7.549",3,0.169241358201245,0.137044818810659,0.693713822988095
"367.09562-7.767",3,0.206294498068913,0.178326548844282,0.615378953086806
"539.25057-9.385",3,0.263974329048947,0.282437906617777,0.453587764333276
"231.12394-7.783",3,0.261959051907099,0.275957724151374,0.462083223941526
"543.26407-9.887",1,0.596935742891875,0.216931377655587,0.186132879452538
"479.30213-12.907",3,0.300771400868227,0.178882759475047,0.520345839656726
"526.71492-8.922",2,0.309573110953019,0.490719781317271,0.19970710772971
"321.06527-6.027",1,0.724335045776654,0.126352363448095,0.149312590775251
"399.16638-6.879",1,0.765971718261073,0.113953002349573,0.120075279389354
"470.27642-11.408",3,0.30433459686056,0.179948488721262,0.515716914418178
"255.93639-7.215",1,0.60625082942302,0.210649115431676,0.183100055145304
"538.26862-15.721",3,0.236253326980782,0.220565890264743,0.543180782754475
"234.06206-1.074",3,0.343663001882946,0.189601181216026,0.466735816901028
"237.11339-9.089",1,0.626413839268832,0.161068739979669,0.212517420751499
"172.83216-0.919",3,0.257509704252701,0.263484177791719,0.479006117955579
"473.32783-13.276",1,0.508213096834458,0.190262552295378,0.301524350870164
"369.08293-5.987",1,0.431673570401901,0.351061032102163,0.217265397495936
"503.33876-10.884",1,0.475943652696143,0.194623870936626,0.329432476367231
"381.17194-11.142",3,0.214114460274724,0.14385819273564,0.642027346989637
"259.11894-5.971",3,0.274027196044898,0.350313042300268,0.375659761654833
"553.19343-8.37",2,0.372437986931716,0.41364482483663,0.213917188231654
"441.30145-15.161",3,0.245481029158927,0.236968876081815,0.517550094759258
"442.89439-0.97",2,0.189957851569482,0.638981813800962,0.171060334629556
"474.2632-12.816",1,0.635147653563984,0.191763839359894,0.173088507076122
"463.15113-6.206",1,0.51806632666744,0.188572582572188,0.293361090760372
"330.1674-5.303",2,0.225042520777802,0.557587104811519,0.217370374410679
"293.15093-6.55",3,0.245396254419841,0.158415031968816,0.596188713611343
"176.83668-11.211",3,0.264863432051666,0.28552106200693,0.449615505941404
"433.23657-14.825",3,0.307291391246942,0.180808959937274,0.511899648815784
"338.23645-15.248",3,0.155195730405325,0.122888902860707,0.721915366733968
"415.28169-13.728",3,0.23244549140622,0.152629946014936,0.614924562578845
"317.13963-8.011",3,0.235564158902891,0.219430910562042,0.545004930535067
"539.33619-17.424",1,0.413983811077535,0.197261652418722,0.388754536503742
"356.14648-6.381",1,0.552238587032117,0.248609315108363,0.19915209785952
"239.12906-8.23",3,0.16087779300893,0.128562285229708,0.710559921761362
"660.34325-9.005",2,0.381928454786642,0.402981033382925,0.215090511830433
"309.1095-1.646",2,0.210884440576017,0.591814657398079,0.197300902025904
"463.08892-6.861",1,0.70057915552745,0.151760097962926,0.147660746509624
"225.11332-9.915",3,0.281985053357794,0.172749527091879,0.545265419550328
"589.25908-10.316",2,0.288466913431868,0.519096054373284,0.192437032194848
"434.23751-14.874",1,0.438038916470217,0.344876268892596,0.217084814637186
"415.1534-7.261",3,0.250750627728441,0.247644679071966,0.501604693199593
"441.27821-14.446",1,0.4780578486225,0.194396129446841,0.327546021930659
"133.05071-1.098",3,0.273877481068814,0.344316276953814,0.381806241977372
"416.2115-9.936",1,0.425547555156469,0.35710784274465,0.217344602098881
"240.12432-8.316",1,0.668978998388151,0.146811955016171,0.184209046595679
"609.36509-11.806",1,0.415379778703446,0.197293854377322,0.387326366919231
"501.10467-7.778",2,0.293864688739732,0.511722490637977,0.194412820622291
"501.26313-10.745",3,0.269922837344047,0.307396034854842,0.422681127801111
"523.28397-11.708",3,0.260530097147751,0.271713457379348,0.467756445472901
"570.30548-13.141",1,0.484676691283612,0.193628979568185,0.321694329148203
"428.31732-17.654",1,0.466107553630234,0.195570741338397,0.338321705031369
"383.0623-6.895",1,0.757219146163484,0.119080089525927,0.123700764310589
"388.2529-17.786",1,0.664159953954193,0.173610756316727,0.16222928972908
"71.05029-5.201",1,0.445202808063732,0.338033048793879,0.216764143142389
"203.12895-7.18",3,0.289307962746739,0.175242313401477,0.535449723851783
"593.33524-11.551",1,0.579050349191058,0.174888872074145,0.246060778734797
"363.10871-7.081",1,0.480803316372291,0.305772384638338,0.213424298989371
"297.24362-16.581",3,0.378129233080817,0.194865311403476,0.427005455515707
"318.1673-1.698",2,0.327536766917346,0.467548634121897,0.204914598960756
"506.32577-15.926",3,0.272573440107233,0.325807547874924,0.401619012017843
"269.04567-7.33",2,0.297223091758307,0.507174903357431,0.195602004884263
"264.10901-1.065",1,0.485369099695965,0.301833475597955,0.21279742470608
"319.11497-1.441",1,0.756616874517386,0.113887866418896,0.129495259063718
"569.16746-9.073",2,0.186871940135932,0.671114187129643,0.142013872734425
"174.82918-1.005",3,0.264420735076948,0.283966579514338,0.451612685408713
"631.34951-12.414",1,0.612601274358959,0.206422889114512,0.180975836526529
"207.01607-1.673",1,0.572141754399628,0.176691894127237,0.251166351473135
"243.12397-5.65",3,0.25232473576085,0.161362179953326,0.586313084285824
"292.10407-1.455",1,0.478412737497571,0.194357073259815,0.327230189242614
"229.10828-8.116",1,0.748059516841702,0.11718314626103,0.134757336897268
"558.33377-15.348",1,0.518399039392879,0.274556533366812,0.207044427240309
"505.30962-15.983",3,0.353474590410289,0.19140219892864,0.455123210661071
"481.14882-7.928",3,0.201075209411915,0.172000274673062,0.626924515915023
"473.32768-16.298",2,0.384139228097543,0.400532848497667,0.21532792340479
"298.17743-6.374",3,0.136868413404263,0.103437809375338,0.759693777220399
"555.3311-16.807",3,0.218283285423248,0.193805682571069,0.587911032005683
"241.08322-1.621",1,0.761013899262715,0.112219840395763,0.126766260341523
"261.95331-1.862",3,0.328688948584046,0.186384699618851,0.484926351797103
"269.08795-1.048",2,0.293193306485267,0.512635306225247,0.194171387289486
"631.38589-13.316",2,0.143886875108727,0.740196398334424,0.115916726556848
"489.32258-10.075",3,0.154080335493131,0.111341951599956,0.734577712906913
"251.02333-1.096",1,0.477114652480556,0.19449877537334,0.328386572146104
"349.11417-6.792",1,0.678083400377924,0.165146294037657,0.156770305584419
"257.176-11.896",3,0.199605570984592,0.170257059502131,0.630137369513277
"519.26073-11.733",3,0.211816241533517,0.185275432123048,0.602908326343435
"307.14011-7.453",1,0.646629386572263,0.184490578818909,0.168880034608828
"353.0516-6.662",1,0.733942834879223,0.122650379260419,0.143406785860358
"313.11958-9.911",2,0.306896848869137,0.494249623359949,0.198853527770914
"241.9605-1.019",1,0.418261951841223,0.364422343463732,0.217315704695045
"227.06753-1.099",2,0.359026219055321,0.429145509028257,0.211828271916422
"504.31033-13.794",1,0.552864054190567,0.181399968546791,0.265735977262642
"425.18213-10.768",1,0.418867824658439,0.363808909015039,0.217323266326521
"447.26084-10.745",3,0.164784198381832,0.132500524747241,0.702715276870926
"447.2608-10.43",3,0.263348654512298,0.28035605508765,0.456295290400052
"283.94521-1.024",3,0.273933864800377,0.362927201817641,0.363138933381982
"399.15832-8.245",3,0.156975083899906,0.124660178334093,0.718364737766001
"231.02082-5.869",2,0.259603807487276,0.455074959525849,0.285321232986875
"349.21519-11.88",3,0.325070534807959,0.185522607562151,0.489406857629889
"171.83191-17.682",1,0.660556299553012,0.149750897008338,0.18969280343865
"544.25916-10.748",2,0.337638999921095,0.454920279961739,0.207440720117166
"169.89951-1.195",3,0.273932329791873,0.362980710194885,0.363086960013242
"437.15051-6.74",1,0.570120193537287,0.235612001267248,0.194267805195465
"700.33793-11.834",2,0.21843772309456,0.57385415037059,0.20770812653485
"336.09059-10.126",3,0.166480440188164,0.118375875801921,0.715143684009916
"285.17096-9.342",3,0.137992639969117,0.102997211559963,0.75901014847092
"413.2679-9.339",3,0.354143716760409,0.191516206008307,0.454340077231284
"425.10294-6.734",1,0.499540548464126,0.191615729762078,0.308843721773796
"189.04069-1.509",2,0.18387625254296,0.675912693300106,0.140211054156934
"326.20883-6.887",3,0.370909283713769,0.194007363391999,0.435083352894231
"434.23187-9.806",1,0.567097023979251,0.177970769728283,0.254932206292466
"434.23187-9.79",1,0.442655209953447,0.197048563256501,0.360296226790052
"660.34319-9.68",1,0.420589384749358,0.362070992694242,0.217339622556401
"285.17099-8.108",3,0.263425064152583,0.280606684749494,0.455968251097923
"429.16654-11.58",1,0.498947564072474,0.290367637714297,0.210684798213229
"169.89954-1.443",2,0.209509931022173,0.595020005768755,0.195470063209073
"575.35947-14.294",2,0.379997219971033,0.405130725425353,0.214872054603614
"527.39582-15.305",3,0.304706441412027,0.180057893801791,0.515235664786182
"501.32312-11.716",3,0.246560155030029,0.23906256098247,0.514377283987501
"343.88566-17.148",1,0.757666025948046,0.113487527130996,0.128846446920958
"271.22805-13.885",3,0.245018189858174,0.158251205220489,0.596730604921337
"307.62746-10.423",1,0.610450496482759,0.165993085399759,0.223556418117482
"273.1346-7.814",2,0.336478383614127,0.456356318199317,0.207165298186557
"406.26342-13.043",3,0.279159781976999,0.171753362623138,0.549086855399863
"553.31521-15.829",2,0.304139055643744,0.497907908723602,0.197953035632654
"541.26625-9.085",1,0.548045265057906,0.182498777534539,0.269455957407555
"554.31637-10.807",2,0.150565219684009,0.729731254955947,0.119703525360044
"226.04122-7.925",1,0.439138971487502,0.197171528529326,0.363689499983172
"482.25872-12.214",3,0.312093597343999,0.182160118118948,0.505746284537053
"428.24806-13.966",1,0.705390683655661,0.148938058975113,0.145671257369226
"379.21286-8.416",2,0.346589793586382,0.44397456757136,0.209435638842258
"251.12903-9.766",1,0.451550302285159,0.332071409449087,0.216378288265754
"463.22391-10.75",2,0.265187857952543,0.431558435460553,0.303253706586904
"639.41212-13.238",1,0.629247618334655,0.160168686206186,0.210583695459159
"206.08236-7.804",1,0.749749437582048,0.116529623168123,0.133720939249829
"559.38584-11.997",1,0.640703028832187,0.188229423695322,0.171067547472491
"357.21453-7.509",3,0.173562135512924,0.122358301171504,0.704079563315572
"341.24463-14.042",1,0.68341772299603,0.161941399959444,0.154640877044526
"495.32515-14.129",3,0.253188057517966,0.161722008218268,0.585089934263766
"239.12903-12.182",1,0.752019479839151,0.122073302167535,0.125907217993314
"239.12903-12.153",1,0.754525561900328,0.120633172451833,0.124841265647839
"371.12846-8.086",3,0.176045466911829,0.144110155554011,0.67984437753416
"249.06173-1.105",3,0.289894867725217,0.175436491472349,0.534668640802433
"215.09266-7.337",1,0.439344727702676,0.197165061122734,0.36349021117459
"244.13048-5.42",1,0.742736255379844,0.119245171888699,0.138018572731457
"434.27353-16.445",1,0.514694172239857,0.189168840310765,0.296136987449378
"309.14767-8.661",1,0.53069427463188,0.264911085846621,0.204394639521499
"238.0287-6.183",3,0.285371365341895,0.173918324017355,0.54071031064075
"254.06723-5.669",3,0.284242677271947,0.173531814716709,0.542225508011344
"160.04052-7.728",2,0.243106808140115,0.509163417502611,0.247729774357274
"275.18661-9.03",1,0.495317449338971,0.192227705964342,0.312454844696686
"521.26819-10.225",3,0.137595338165736,0.102906429865169,0.759498231969095
"424.07204-6.19",1,0.703193489345877,0.134370637056215,0.162435873597908
"463.08892-6.611",1,0.628771739737272,0.195856894516098,0.17537136574663
"206.99696-1.107",3,0.375715277415844,0.194592740927002,0.429691981657154
"509.08622-8.894",2,0.378405593540713,0.4069101709228,0.214684235536487
"347.22286-13.236",3,0.151531012974477,0.109903202937261,0.738565784088262
"614.21033-9.765",2,0.140618390739378,0.743897051272643,0.11548455798798
"192.06669-17.702",1,0.61499685365923,0.164616517314722,0.220386629026048
"529.30243-14.393",2,0.180296312804029,0.659833357390703,0.159870329805269
"148.04385-1.069",2,0.368065596895651,0.418642514364368,0.213291888739982
"404.19292-7.067",1,0.407634502116114,0.375336966395404,0.217028531488483
"297.11326-8.555",2,0.212533260795471,0.587945459395503,0.199521279809027
"229.15585-7.444",3,0.14606676656432,0.113803030927794,0.740130202507887
"605.33396-11.945",2,0.339307521205027,0.452862543799171,0.207829934995802
"397.27288-9.461",2,0.290320698453224,0.516554792026157,0.19312450952062
"397.93283-17.677",2,0.312760063045974,0.486542534471883,0.200697402482143
"281.11447-8.012",2,0.220299717710399,0.618600562375574,0.161099719914027
"426.03097-7.865",3,0.210434331617561,0.18350954663019,0.606056121752249
"426.03094-7.87",3,0.198752827767433,0.169252779024934,0.631994393207633
"524.29983-15.761",2,0.205507081224136,0.641586392664184,0.152906526111681
"247.09375-1.482",1,0.642567945443076,0.187049412854189,0.170382641702735
"353.07261-1.108",1,0.687732148228385,0.140085759573801,0.172182092197814
"458.00995-6.229",1,0.578315691937532,0.175083389937508,0.24660091812496
"187.10897-1.434",3,0.198625196557408,0.169102912924428,0.632271890518164
"239.09605-6.971",1,0.437281819771743,0.34560669993198,0.217111480296278
"344.21923-6.306",3,0.310219797057645,0.181639741819105,0.50814046112325
"505.20868-9.212",2,0.259448615969716,0.455669755375369,0.284881628654915
"415.23416-10.97",1,0.459423094518784,0.324806830982095,0.215770074499121
"138.05612-1.11",2,0.230954304562102,0.602323674864164,0.166722020573734
"138.05614-1.102",2,0.238240604449831,0.591335929148436,0.170423466401733
"258.07515-1.088",1,0.743188000054506,0.119070089873436,0.137741910072058
"358.19863-7.691",1,0.487586072574448,0.193266167990224,0.319147759435328
"464.30237-9.486",2,0.274169133619767,0.539005310986512,0.18682555539372
"459.00767-6.22",1,0.553093195374563,0.181346917568474,0.265559887056963
"637.30984-7.785",2,0.204235789310274,0.643581550081228,0.152182660608498
"344.18288-6.19",3,0.330089624026479,0.186709552549574,0.483200823423948
"205.0355-1.101",1,0.563295866379461,0.178912823116336,0.257791310504203
"130.88934-0.886",3,0.150593897217987,0.109376953616262,0.740029149165751
"128.89227-0.885",3,0.202280012318561,0.137858212021963,0.659861775659476
"144.04557-8.319",1,0.630853642537158,0.159655247769167,0.209491109693675
"295.22802-13.742",3,0.323823351564502,0.185217821851997,0.4909588265835
"379.2253-15.421",2,0.243807962222933,0.507121240955825,0.249070796821242
"294.10207-6.746",2,0.389109633825255,0.395077819778319,0.215812546396427
"499.21932-10.374",1,0.524874649121933,0.269444159289794,0.205681191588274
"391.26226-17.199",2,0.255728176135303,0.469266166490159,0.275005657374537
"300.19312-7.25",1,0.463838424708377,0.195762399145877,0.340399176145745
"393.19557-10.419",3,0.367117544930287,0.193505219220908,0.439377235848805
"533.78512-11.039",3,0.271625691603971,0.31803391085013,0.410340397545899
"525.03527-6.63",2,0.387670349876516,0.396650460811557,0.215679189311927
"525.33576-11.095",2,0.268504007256418,0.414487196692652,0.31700879605093
"561.1608-10.086",3,0.148909816910683,0.116643317681647,0.73444686540767
"600.24079-10.044",1,0.459909218722962,0.324362887660042,0.215727893616997
"675.34266-11.821",2,0.213289657203061,0.586161328725908,0.200549014071031
"358.19861-7.532",1,0.583862001367022,0.173598797633606,0.242539200999372
"450.29943-15.305",1,0.771590805928168,0.108491558978419,0.119917635093413
"490.33087-16.252",1,0.528517687998121,0.186609719325783,0.284872592676096
"303.92115-1.206",1,0.401881011659629,0.196793608345116,0.401325379995255
"607.34956-10.984",1,0.460479615602317,0.196027331958779,0.343493052438904
"278.12468-1.105",1,0.582489140716859,0.173969706072128,0.243541153211012
"491.2657-9.568",1,0.488268294753152,0.193178858214146,0.318552847032702
"536.25306-14.394",2,0.246098300971969,0.500334343701633,0.253567355326397
"314.17244-6.347",3,0.183623079083324,0.152199873722218,0.664177047194458
"314.20884-7.606",3,0.254302118659688,0.162183895863885,0.583513985476427
"425.24685-11.588",1,0.414818364062214,0.197281440059578,0.387900195878208
"425.24685-11.589",1,0.407608671306197,0.19705756610333,0.395333762590473
"431.16446-12.672",2,0.273574382036071,0.371421519387714,0.355004098576215
"208.05264-6.434",3,0.264244457708323,0.28335842717929,0.452397115112386
"324.14811-6.962",2,0.271477719873864,0.394599176903956,0.333923103222181
"286.1775-5.879",3,0.281702433053617,0.172650736115752,0.545646830830631
"612.31602-14.436",1,0.41249499210034,0.197222383414899,0.390282624484761
"241.08584-10.791",2,0.267889992035422,0.41792589332615,0.314184114638428
"373.13289-8.685",1,0.468274102629402,0.195378294216734,0.336347603153864
"257.04361-1.458",3,0.257722314583273,0.264035152219791,0.478242533196936
"537.32881-15.312",3,0.167583144933594,0.135347190888234,0.697069664178172
"335.13515-6.163",1,0.599527295157515,0.215173431263929,0.185299273578556
"289.16591-8.045",3,0.285383520346498,0.173922469697057,0.540694009956444
"185.05688-1.117",1,0.553991206863763,0.181138314758307,0.26487047837793
"140.96865-1.091",2,0.152321865337016,0.726912534679481,0.120765599983503
"399.26959-13.372",2,0.221841431532728,0.565544258426916,0.212614310040356
"499.30715-11.017",3,0.273961986423355,0.347061466527943,0.378976547048702
"291.9958-5.154",1,0.481688290813859,0.193985441466277,0.324326267719864
"664.29146-8.5",2,0.181503779501243,0.679721800048738,0.138774420450019
"520.91079-0.973",2,0.179455536349252,0.661627033428554,0.158917430222194
"230.11479-1.082",3,0.375511083810528,0.194569027732333,0.429919888457139
"321.15572-7.107",1,0.542066629204574,0.256214506012183,0.201718864783243
"387.10875-9.076",2,0.250737030947966,0.485957517666551,0.263305451385483
"427.24391-12.677",3,0.17862986271655,0.146840741093103,0.674529396190348
"346.13324-7.985",1,0.508992943068364,0.282115056865518,0.208892000066118
"368.88975-0.955",2,0.270829517792632,0.399576171827628,0.32959431037974
"411.25225-8.049",2,0.253987051749383,0.47526097961178,0.270751968638837
"180.03371-1.093",3,0.138229891962722,0.105515237955186,0.756254870082092
"221.06684-1.423",2,0.206838876706454,0.601199199622229,0.191961923671317
"409.12957-11.258",3,0.312601927480999,0.182299775529232,0.505098296989769
"239.06758-1.157",1,0.70119745172414,0.135116242449773,0.163686305826087
"468.23733-12.887",3,0.273537315534625,0.337318922664016,0.389143761801359
"299.18657-10.654",3,0.331556353443999,0.187044421807211,0.48139922474879
"322.0133-1.018",2,0.145134058418205,0.738297829155011,0.116568112426784
"234.11372-9.295",3,0.175725484073036,0.123565021476227,0.700709494450736
"297.08297-1.094",1,0.559800171131865,0.243056971570047,0.197142857298089
"383.09061-6.989",1,0.678039042496085,0.143592546425281,0.178368411078634
"570.31124-8.831",1,0.600769661727545,0.214333491852304,0.184896846420152
"525.23707-17.278",1,0.685754802001967,0.140806141635909,0.173439056362124
"283.09377-6.315",3,0.253369154799279,0.161797278740545,0.584833566460175
"439.22613-11.265",1,0.406425460039233,0.197009324295659,0.396565215665108
"212.02094-1.012",3,0.325049292448865,0.185517449153585,0.489433258397549
"617.02482-8.358",2,0.352880123741855,0.436419022719811,0.210700853538334
"365.24648-17.03",2,0.14705129069762,0.729353112532339,0.123595596770041
"499.27096-10.232",3,0.158053485374113,0.125735762321932,0.716210752303955
"341.19704-10.768",1,0.579984434069255,0.174640606081651,0.245374959849094
"614.33167-13.811",3,0.26856665473828,0.167850138884223,0.563583206377497
"351.23081-13.17",3,0.211461544500862,0.184820390129429,0.603718065369709
"114.05613-1.439",2,0.253236432006065,0.477784925415054,0.26897864257888
"509.27629-9.003",1,0.563890908030372,0.178766591880431,0.257342500089197
"577.37523-14.976",1,0.74592914582509,0.125562418807396,0.128508435367513
"449.26795-16.853",1,0.773978191135891,0.107968059046346,0.118053749817763
"621.36511-15.074",2,0.36827478746795,0.418402183323351,0.2133230292087
"263.1057-7.531",3,0.271917590538489,0.320224176876622,0.407858232584889
"207.06972-7.633",2,0.218513506966591,0.621352840365703,0.160133652667706
"341.19702-10.625",1,0.62779168280509,0.160632059509214,0.211576257685696
"220.06503-1.452",2,0.298405872409286,0.505580682337877,0.196013445252837
"219.05117-1.443",2,0.349794403495104,0.440111301713664,0.210094294791232
"291.12741-6.522",3,0.257850307135746,0.163636480470125,0.578513212394129
"267.0989-2.121",1,0.445626190577333,0.196924194846645,0.357449614576022
"359.07735-6.206",3,0.253478360383248,0.161842633264365,0.584679006352387
"284.12539-6.386",2,0.374086826039613,0.411774106535589,0.214139067424798
"451.19535-10.149",2,0.366953442321838,0.419922295341049,0.213124262337113
"469.29411-17.023",1,0.524076584614326,0.187464738438467,0.288458676947207
"283.15535-7.926",3,0.271700414317657,0.318580732359954,0.409718853322389
"503.30251-9.813",3,0.168594865008003,0.136381922256737,0.695023212735259
"204.08782-1.679",1,0.559338858642133,0.179873404323092,0.260787737034776
"657.36275-14.44",1,0.697838620401303,0.153373503388017,0.14878787621068
"556.33218-10.271",2,0.270146035104144,0.544704412268124,0.185149552627732
"643.2862-7.932",2,0.354111635214137,0.434953003175237,0.210935361610626
"293.15094-6.021",3,0.198182918251387,0.168584472114947,0.633232609633665
"448.30734-11.773",1,0.751569251697493,0.1223316618691,0.126099086433407
"149.95062-0.925",3,0.349619653128471,0.190723478817715,0.459656868053814
"253.14469-11.395",2,0.375946381500262,0.409673437554058,0.21438018094568
"253.14469-11.391",2,0.375946381500262,0.409673437554058,0.21438018094568
"229.10829-7.75",1,0.41604127824984,0.36667880021348,0.21727992153668
"380.15394-10.817",2,0.286713635463328,0.521508083191943,0.191778281344729
"297.06518-7.315",2,0.140847473532094,0.744297533539324,0.114854992928582
"501.15172-6.158",1,0.753057925059502,0.121477008280943,0.125465066659555
"541.23173-15.744",1,0.51280414994415,0.189494943898132,0.297700906157718
"409.02384-8.574",1,0.640888493954737,0.156393894708632,0.202717611336632
"269.04516-7.779",1,0.511548158932364,0.280045889970684,0.208405951096952
"343.08587-8.798",1,0.433713819511804,0.19730911660757,0.368977063880625
"572.33796-16.285",3,0.152280090743868,0.11032500971309,0.737394899543042
"471.32508-15.191",3,0.136851246865559,0.103371142345654,0.759777610788786
"239.12902-12.324",1,0.448562580976929,0.334865742914988,0.216571676108083
"337.12157-8.134",3,0.270760924349778,0.312260839808122,0.4169782358421
"513.28424-14.146",3,0.308555717029461,0.181170265837851,0.510274017132689
"471.33332-13.473",1,0.742009866463689,0.119526700975468,0.138463432560843
"293.15098-5.816",3,0.259696937099993,0.164381259443725,0.575921803456281
"431.08373-6.099",1,0.640433975936988,0.188399930662302,0.17116609340071
"347.20765-8.549",1,0.770036267707371,0.111464398302728,0.118499333989901
"200.12935-8.842",2,0.368369646005997,0.41829324457078,0.213337109423223
"627.29634-11.606",1,0.773519149483983,0.109087649519221,0.117393200996796
"609.36521-13.706",1,0.442204438011745,0.34088223922994,0.216913322758315
"277.08662-1.598",2,0.174408416530677,0.672333610047227,0.153257973422096
"327.07241-6.891",1,0.712522239730262,0.144778640732179,0.142699119537558
"214.07225-1.803",2,0.211181248908035,0.591120128433723,0.197698622658242
"459.25249-9.241",3,0.242135306923805,0.15699184425943,0.600872848816765
"359.1865-9.498",2,0.163560926069529,0.695053229992975,0.141385843937497
"565.33883-14.879",1,0.48976020562934,0.298085408403427,0.212154385967232
"245.01273-1.113",3,0.26149710623379,0.274557125954246,0.463945767811964
"203.12897-7.858",1,0.761576802002099,0.11654890243401,0.121874295563892
"399.19474-7.264",2,0.273666854343943,0.369679649050329,0.356653496605728
"171.83188-16.907",3,0.168935844278621,0.119761665384974,0.711302490336405
"361.15053-8.034",1,0.504377758426483,0.28588295540648,0.209739286167037
"387.23905-10.372",2,0.221143103531595,0.567261324746462,0.211595571721943
"261.10944-1.664",1,0.764988671202201,0.11453931524298,0.120472013554819
"251.06775-1.84",3,0.222681504264728,0.148039759878948,0.629278735856324
"401.24095-7.01",3,0.372786483788672,0.194242791681851,0.432970724529477
"509.30446-10.364",3,0.170801019470194,0.12081099718294,0.708387983346866
"315.12406-7.945",2,0.235203439014193,0.531219636592392,0.233576924393415
"765.4436-11.449",2,0.352294054772894,0.437118208742958,0.210587736484148
"281.61187-11.465",3,0.267889014588927,0.167591510779435,0.564519474631639
"186.07731-1.144",2,0.221757256143975,0.56575157538729,0.212491168468735
"331.95383-5.727",1,0.448157694052014,0.196803562857232,0.355038743090754
"399.24837-14.828",1,0.425246673108513,0.197395324513447,0.37735800237804
"415.27371-11.179",1,0.532696298701004,0.263364793511413,0.203938907787584
"360.1415-5.848",1,0.41005563081146,0.372824507343123,0.217119861845417
"409.23638-16.425",1,0.686902037846436,0.140388488817857,0.172709473335707
"611.38087-11.944",2,0.220229991018715,0.569496864507016,0.210273144474269
"367.10362-6.487",1,0.723238056572739,0.126773168938403,0.149988774488859
"351.18149-8.407",3,0.246722587683168,0.158987324619313,0.594290087697519
"303.14513-7.71",3,0.148185501835347,0.115921787205819,0.735892710958834
"299.07743-6.188",2,0.250283717311868,0.57344324882749,0.176273033860642
"245.03378-1.052",2,0.29560042390995,0.509368285485765,0.195031290604285
"328.15901-10.49",1,0.440208300583975,0.342790980276549,0.217000719139476
"505.09948-8.215",1,0.515969771043211,0.276493390423477,0.207536838533313
"570.3113-9.612",2,0.290928530599506,0.515723572980263,0.193347896420231
"387.25428-11.845",3,0.278624858149958,0.17156261105161,0.549812530798432
"211.97092-1.016",2,0.271319941054512,0.395858937689268,0.33282112125622
"383.17137-8.306",1,0.746601481262628,0.125177671886317,0.128220846851055
"429.26288-8.248",3,0.333442771903055,0.187467131799873,0.479090096297072
"361.98231-1.224",1,0.693659984332214,0.137911410738693,0.168428604929093
"464.30234-9.711",1,0.415012802743889,0.36772815763605,0.217259039620062
"389.21031-8.737",1,0.732449657139939,0.133278915212325,0.134271427647736
"389.21032-8.746",1,0.69647610509814,0.154177328645083,0.149346566256777
"257.0821-10.277",2,0.27293842332001,0.380530970373827,0.346530606306163
"328.12262-10.391",2,0.326299819763425,0.469114862112707,0.204585318123868
"305.21575-16.418",1,0.520592376966545,0.188113950224683,0.291293672808772
"313.23864-13.145",2,0.34078614651606,0.451045641980231,0.208168211503708
"461.07331-7.162",2,0.345915043354897,0.444791734784961,0.209293221860142
"469.27308-12.908",3,0.289770702085798,0.175395480902021,0.534833817012181
"469.28455-14.412",1,0.771486806165592,0.110528838560135,0.117984355274274
"607.34943-14.736",2,0.186927045260032,0.671026041139826,0.142046913600142
"264.12427-12.482",1,0.730226473315842,0.134554686583442,0.135218840100716
"694.84835-11.337",2,0.283823195485167,0.525502588616685,0.190674215898147
"327.21793-8.937",1,0.730843766316093,0.123847342042201,0.145308891641706
"533.13093-7.365",2,0.320871855238519,0.476039153287036,0.203088991474445
"313.23866-12.403",1,0.429842865631028,0.197368136631693,0.372788997737279
"702.2809-9.872",1,0.428981961514417,0.353706312136232,0.217311726349351
"612.26116-13.565",3,0.377215046566753,0.194763769691676,0.428021183741571
"249.10412-9",2,0.152513351745326,0.726604522285288,0.120882125969385
"759.15091-1.224",2,0.391646433062315,0.392319758483126,0.216033808454559
"605.35781-14.687",2,0.344339871115149,0.446704428811031,0.20895570007382
"233.10323-5.811",1,0.655885602088562,0.178713536106482,0.165400861804956
"292.13058-5.732",3,0.222987775651897,0.20032351774764,0.576688706600462
"482.28776-8.805",1,0.67139314654483,0.145959844388239,0.182647009066931
"320.06515-1.089",2,0.26514352447948,0.431766021257304,0.303090454263215
"461.12736-9.736",2,0.191238525003751,0.636181130353369,0.17258034464288
"408.86593-0.904",3,0.266386210884473,0.291203955924372,0.442409833191155
"285.04067-7.817",2,0.2646942647961,0.433845743575137,0.301459991628764
"343.19882-6.564",3,0.152331078362504,0.120042970470231,0.727625951167265
"457.33287-13.295",2,0.226782002547859,0.553199918505479,0.220018078946662
"607.34953-10.775",1,0.486370698717628,0.300975112899564,0.212654188382808
"304.02291-6.433",3,0.244425703143501,0.234962044191112,0.520612252665387
"507.06609-1.139",2,0.265721871086167,0.429022705566336,0.305255423347497
"357.19199-10.457",1,0.481804092188343,0.304905332131336,0.213290575680321
"187.06138-5.573",2,0.216842859450214,0.623932987580166,0.15922415296962
"632.27536-10.477",2,0.180285707865854,0.681680355329229,0.138033936804916
"632.27517-10.469",2,0.191930045641992,0.66304249017325,0.145027464184758
"267.06644-10.654",2,0.209095388649859,0.635971282310488,0.154933329039653
"549.30791-9.474",1,0.464211396333378,0.32045710345184,0.215331500214782
"362.21054-10.805",1,0.562624336057904,0.241004616815453,0.196371047126643
"410.27367-16.29",3,0.34161727091436,0.189195114575412,0.469187614510227
"389.26986-11.823",1,0.465522924715872,0.195621092798361,0.338855982485767
"525.29955-11.934",3,0.329462017212303,0.186564605978411,0.483973376809286
"343.21268-10.441",3,0.194209593522379,0.133627500920198,0.672162905557423
"387.09358-6.124",1,0.743793812707134,0.126784076839503,0.129422110453363
"302.1763-16.416",1,0.492604707281313,0.295678128741045,0.211717163977642
"513.23481-8.446",1,0.583225683703692,0.173770991280953,0.243003325015355
"475.23434-14.516",1,0.450802590181674,0.332768772737947,0.216428637080379
"260.84737-0.887",3,0.266952524754473,0.293472314584515,0.439575160661012
"423.2254-6.642",1,0.531294107712908,0.186059772163744,0.282646120123349
"334.0354-1.453",1,0.593119260934097,0.219534837188368,0.187345901877535
"505.27321-13.257",2,0.2464914866931,0.499150215220949,0.254358298085951
"501.2163-11.338",3,0.137035542952524,0.102913566369844,0.760050890677631
"264.08794-5.857",3,0.34695085760327,0.190231699599628,0.462817442797102
"297.10932-9.184",1,0.616817042337029,0.164059513994529,0.219123443668442
"636.26165-13.797",1,0.555406796988847,0.18080724362016,0.263785959390994
"555.31009-9.715",3,0.233022428803298,0.21533443524006,0.551643135956642
"343.88577-11.195",1,0.742009665690791,0.119526778789375,0.138463555519834
"284.22326-14.775",1,0.771211179692219,0.108605623906688,0.120183196401093
"483.22421-10.625",1,0.524865791558005,0.269451102563929,0.205683105878065
"230.10352-7.393",2,0.382995458638731,0.401797760014103,0.215206781347166
"360.17785-5.85",3,0.1406568141128,0.108246456090741,0.751096729796459
"242.07846-1.441",1,0.410974510843439,0.371874990464851,0.21715049869171
"330.04454-1.052",1,0.541682641445901,0.256504749797592,0.201812608756507
"650.1396-11.595",2,0.273196599021245,0.377248905993304,0.349554494985451
"274.89597-0.936",2,0.21935301592126,0.571633909566755,0.209013074511985
"142.05103-1.103",2,0.256564037095879,0.466311974408071,0.27712398849605
"538.18854-13.408",3,0.146826250688214,0.114564266749138,0.738609482562647
"304.10402-6.803",1,0.75905375702476,0.118017902952315,0.122928340022924
"461.31552-16.598",3,0.373621767875662,0.194344751131577,0.432033480992762
"213.11334-9.438",1,0.457726268878997,0.196227644130703,0.3460460869903
"213.11334-9.441",1,0.663055797797706,0.148884358903619,0.188059843298674
"511.25552-11.566",1,0.732227062006776,0.123313354407382,0.144459583585842
"675.30761-10.416",2,0.268420546459237,0.414964034950816,0.316615418589947
"427.26244-12.413",3,0.27475875826365,0.17016379971406,0.555077442022291
"427.26244-12.411",3,0.274485211831296,0.170063488419261,0.555451299749443
"666.28913-7.935",2,0.300551492443619,0.502698531172867,0.196749976383514
"557.14212-7.629",1,0.491193671790828,0.296870262241107,0.211936065968065
"421.29625-14.745",3,0.15152682957988,0.10990084993983,0.73857232048029
"465.23952-10.948",1,0.520971765094774,0.188044189622327,0.290984045282899
"468.27369-12.903",3,0.327341613412138,0.186067550467242,0.48659083612062
"275.18658-8.878",1,0.713753392601379,0.144063230498845,0.142183376899775
"493.3097-13.3",2,0.246807512519037,0.49819419285936,0.254998294621603
"551.29985-14.443",1,0.50441282990227,0.190871276301728,0.304715893796003
"329.64975-11.338",2,0.253658177917639,0.568491726267129,0.177850095815233
"233.10323-6.276",2,0.198283714998936,0.620595348986611,0.181120936014453
"382.85955-0.897",3,0.199737847643143,0.170413311085945,0.629848841270912
"319.0802-1.101",3,0.268187108083953,0.298782916784325,0.433029975131721
"471.32524-15.921",3,0.27387867292737,0.34434967575743,0.381771651315199
"471.32529-15.925",3,0.274054915276249,0.353475041323254,0.372470043400497
"505.27307-12.958",2,0.245535197366194,0.502020186354943,0.252444616278863
"467.24207-10.154",1,0.450982125796453,0.332601208030124,0.216416666173423
"568.36257-15.469",1,0.450896045314265,0.332681539565563,0.216422415120172
"391.11897-12.318",2,0.236968588147121,0.526431190116043,0.236600221736837
"370.16219-6.592",2,0.223425529955381,0.613800161496176,0.162774308548443
"341.12737-17.695",2,0.36536239459798,0.421759210876071,0.212878394525949
"525.25331-10.776",1,0.578378343555684,0.175066827032263,0.246554829412053
"425.07647-6.238",1,0.531949326550535,0.185928277567554,0.282122395881911
"255.16032-9.809",2,0.227087255984184,0.552425156494841,0.220487587520975
"329.18669-16.308",3,0.153650170202083,0.111098607744321,0.735251222053596
"328.24955-14.577",3,0.169462570034737,0.13727195473217,0.693265475233094
"404.19297-7.232",1,0.590396613908317,0.221402926452365,0.188200459639318
"243.05122-2.167",2,0.182584690753348,0.677985410331136,0.139429898915516
"259.1552-6.397",3,0.167996824703401,0.119232250881394,0.712770924415205
"509.09446-6.607",1,0.709193495622927,0.146716767535435,0.144089736841638
"673.29217-10.322",3,0.251522288756431,0.249313860632886,0.499163850610682
"258.85025-0.886",3,0.269967001575097,0.307638445991896,0.422394552433007
"526.24823-11.429",3,0.187351578586699,0.129950679344486,0.682697742068815
"209.04564-8.072",3,0.2318032855582,0.152333954888349,0.61586275955345
"297.24354-15.445",1,0.774311424728188,0.108309867908167,0.117378707363646
"494.29501-14.726",1,0.434163493149284,0.197300136699097,0.368536370151619
"537.7254-10.046",1,0.774335894587537,0.108053945415761,0.117610159996702
"198.04098-1.098",3,0.259226122451776,0.268049114625289,0.472724762922935
"293.21244-13.319",3,0.384621805847232,0.195527668080587,0.419850526072181
"393.24162-10.51",3,0.146328787427866,0.114065921470324,0.739605291101809
"266.1514-13.673",2,0.243918062425442,0.506799109328541,0.249282828246017
"422.89887-1.211",2,0.231842848766661,0.540150892966231,0.228006258267108
"636.26162-13.566",2,0.26319369834511,0.440508609183281,0.29629769247161
"343.04913-7.323",3,0.157907433739864,0.125589986855842,0.716502579404294
"347.1865-10.034",3,0.329939546439546,0.18667498230973,0.483385471250725
"412.18025-10.46",2,0.173518344365425,0.674211673379437,0.152269982255138
"400.18013-9.659",1,0.564472664407752,0.178623178695757,0.25690415689649
"614.26546-8.679",2,0.376133001876003,0.4094631526764,0.214403845447597
"359.20765-10.436",1,0.762773530196524,0.111561743310976,0.1256647264925
"472.25564-11.303",2,0.271938859988645,0.390697237677148,0.337363902334207
"344.65469-8.468",2,0.288342411709305,0.519267060875843,0.192390527414852
"352.08539-8.939",3,0.251667200345829,0.249630758019149,0.498702041635022
"222.07737-5.893",3,0.380905220141572,0.195161103089829,0.423933676768599
"341.09141-5.603",1,0.430714291857362,0.352001737128382,0.217283971014256
"411.12742-6.101",1,0.442199351357553,0.340887091029707,0.21691355761274
"434.24319-13.366",2,0.226293527438233,0.554436641651957,0.219269830909811
"344.21922-7.481",3,0.355599973129146,0.191760442188001,0.452639584682853
"217.10828-7.015",3,0.363322947451839,0.192966947225075,0.443710105323087
"617.33375-13.56",1,0.478976267188822,0.307360681546276,0.213663051264902
"482.25276-13.039",3,0.224061363575548,0.201852724880814,0.574085911543638
"482.25284-13.036",3,0.237033748492398,0.221864368637126,0.541101882870476
"687.33277-10.201",1,0.649317516014235,0.182805128497864,0.1678773554879
"501.28653-10.564",3,0.262612710122693,0.165541490085475,0.571845799791832
"353.23352-11.002",1,0.49077154421802,0.192851282744402,0.316377173037578
"511.31979-12.601",1,0.404670932413475,0.196931774839458,0.398397292747067
"511.31954-12.598",3,0.395655531578181,0.196419067890431,0.407925400531389
"473.3279-11.483",3,0.225734153174724,0.149495354123903,0.624770492701372
"631.34943-13.608",3,0.273481741838393,0.336440866109379,0.390077392052227
"373.22335-12.937",1,0.749974456048801,0.11644267121843,0.133582872732769
"485.30443-12.228",3,0.225874508515573,0.149561836055976,0.62456365542845
"428.14144-1.082",3,0.20187615811566,0.172957111590061,0.62516673029428
"216.08785-6.172",2,0.149019316703385,0.725230233133808,0.125750450162807
"423.18852-11.554",3,0.399495184945493,0.196660918725338,0.403843896329169
"294.1278-10.354",2,0.191298190912219,0.636050418280018,0.172651390807763
"311.16889-16.422",1,0.726520246655667,0.136684841867766,0.136794911476567
"431.08372-6.509",1,0.473453479158292,0.312204491772407,0.214342029069302
"225.54921-7.838",2,0.225901804331578,0.610011947075882,0.16408624859254
"301.90553-1.207",1,0.600244121975938,0.169004789973007,0.230751088051056
"286.18872-1.437",3,0.254992871732839,0.257234850581104,0.487772277686057
"273.16092-16.435",2,0.31019576716827,0.489901405598164,0.199902827233567
"611.38083-14.125",1,0.406221231047924,0.376810683054151,0.216968085897925
"303.08756-7.66",3,0.143554945444853,0.111262822483355,0.745182232071792
"388.25291-17.324",3,0.168992368525358,0.136789351945789,0.694218279528853
"369.08286-6.487",1,0.707393601517759,0.132794717018456,0.159811681463785
"328.18813-5.877",3,0.376816326968579,0.194718840263196,0.428464832768225
"361.06479-1.88",1,0.583909207721073,0.225891234849707,0.19019955742922
"349.09075-1.109",2,0.315271589098475,0.483270699664425,0.201457711237099
"338.13939-5.662",3,0.174434000446765,0.122845248721353,0.702720750831881
"338.13952-5.682",3,0.150058721155081,0.117786041995233,0.732155236849686
"614.27673-14.679",2,0.185690619734113,0.67300489333928,0.141304486926607
"537.23489-9.002",3,0.256739954177027,0.163184952009153,0.580075093813819
"337.07793-1.44",1,0.466653729040904,0.318258106036455,0.21508816492264
"549.751-8.863",2,0.360409367779489,0.427523426254995,0.212067205965516
"475.32821-14.865",1,0.567761788377333,0.177804101387054,0.254434110235613
"703.32769-9.829",1,0.40368216327539,0.196884897923337,0.399432938801273
"557.26577-11.77",2,0.273197934659044,0.377230785338658,0.349571280002298
"467.32847-17.044",3,0.156496465971467,0.11271153337926,0.730792000649274
"503.30242-10.382",3,0.223397825330563,0.200905651493827,0.57569652317561
"446.23758-12.615",2,0.278562805448967,0.532829533152761,0.188607661398272
"228.96362-0.956",1,0.570695242514607,0.235201525949459,0.194103231535934
"274.03938-5.939",1,0.594637325533505,0.170611286852407,0.234751387614089
"259.03962-6.753",1,0.695288492033219,0.137310311139067,0.167401196827715
"545.2796-9.374",1,0.475713427485856,0.19464815942306,0.329638413091084
"565.35149-16.418",2,0.30471240046476,0.497145608216878,0.198141991318362
"593.37027-14.265",1,0.669271072980282,0.170486315133171,0.160242611886546
"455.3302-17.573",3,0.162767219921245,0.130462472610253,0.706770307468501
"455.33021-17.575",3,0.170189542727692,0.138019535220808,0.6917909220515
"215.14019-1.126",3,0.20387412355614,0.138680910474443,0.657444965969417
"395.20784-7.668",1,0.48238612634326,0.304402023628244,0.213211850028496
"367.21054-9.966",2,0.173471005662763,0.674311479558937,0.152217514778301
"467.19284-9.736",1,0.614071715823359,0.205450651616139,0.180477632560501
"339.19996-16.433",2,0.198174636157593,0.620839128860044,0.180986234982363
"465.23612-6.22",1,0.731035903784214,0.123773201619346,0.14519089459644
"408.17007-6.466",3,0.136930825009605,0.103612198972557,0.759456976017838
"482.25303-12.579",1,0.49677214413985,0.192020429470297,0.311207426389852
"162.97807-1.105",2,0.251731975596517,0.482744613578795,0.265523410824688
"399.27528-16.062",3,0.218591762426683,0.194224441502602,0.587183796070715
"265.07538-6.251",1,0.4147167549373,0.368030723527395,0.217252521535305
"510.28953-10.695",3,0.203400913816937,0.138437152072875,0.658161934110188
"313.0867-6.582",1,0.533881031064457,0.262452871867018,0.203666097068525
"171.83198-16.434",2,0.163425960358132,0.695333956016653,0.141240083625215
"403.18962-8.17",3,0.345603707349713,0.189976648148823,0.464419644501463
"503.1904-10.021",2,0.38102989441778,0.403979951499474,0.214990154082746
"646.26959-8.079",2,0.234498609028372,0.596963945099402,0.168537445872226
"161.99402-1.003",2,0.206288673431923,0.602464219532176,0.191247107035901
"539.10503-6.57",1,0.773466826041866,0.10912923058663,0.117403943371504
"414.23228-10.44",2,0.24942579412234,0.574706515779631,0.175867690098029
"395.14813-6.981",1,0.725024418471394,0.137545894855304,0.137429686673301
"601.30019-13.922",1,0.749119340647443,0.123736087166302,0.127144572186256
"540.25699-7.445",3,0.25923888878143,0.16419723951643,0.57656387170214
"446.90622-0.967",2,0.270003843150553,0.405296637257294,0.324699519592152
"319.12231-8.997",1,0.520797685362663,0.188076227185668,0.291126087451669
"427.19771-10.077",1,0.580452529047936,0.228304566667104,0.19124290428496
"629.33134-16.72",1,0.457090790248579,0.326944194830434,0.215965014920987
"346.98688-7.457",1,0.454093751879481,0.3297089191516,0.216197328968919
"302.61674-8.872",2,0.332321837326838,0.461530766766894,0.206147395906268
"380.08199-6.265",2,0.390291413131982,0.393790779298072,0.215917807569945
"201.12459-1.09",3,0.140236762647491,0.103877641326491,0.755885596026018
"277.06971-1.038",1,0.571860432519413,0.234371188103045,0.193768379377543
"511.26833-13.995",3,0.25871649986303,0.266664967527048,0.474618532609922
"297.10944-5.561",1,0.694143431546419,0.137733130820603,0.168123437632978
"231.12394-8.616",2,0.273406577431222,0.374210916584041,0.352382505984737
"342.88327-0.942",2,0.198493775354457,0.620125653589897,0.181380571055646
"392.88836-0.908",3,0.156578105717262,0.112757870868143,0.730664023414595
"377.20059-10.983",1,0.736936673369533,0.13070773216313,0.132355594467337
"400.19799-9.542",2,0.143575984406382,0.736770982772875,0.119653032820743
"245.99411-5.882",3,0.163732827668099,0.131436864519579,0.704830307812321
"510.88197-0.969",2,0.208337282232184,0.597740693874382,0.193922023893434
"508.87684-0.971",2,0.239178417471614,0.520331602040497,0.240489980487889
"282.10387-11.512",3,0.346751877803723,0.190194315183905,0.463053807012372
"534.28968-10.375",2,0.387657610208896,0.39666440621503,0.215677983576074
"267.03007-8.306",3,0.200445760113836,0.17125170106595,0.628302538820214
"511.2919-12.35",2,0.254557058080072,0.567177428553822,0.178265513366106
"295.22799-14.946",1,0.625323009753042,0.198087625237278,0.176589365009681
"545.31585-11.416",3,0.242945100763398,0.157347397150856,0.599707502085747
"571.25234-10.196",2,0.330511399135837,0.463799966154348,0.205688634709815
"529.24847-10.76",3,0.307738301548651,0.180937127806514,0.511324570644835
"436.24761-10.177",2,0.365069529175032,0.422098111711506,0.212832359113461
"278.10694-6.404",2,0.387278739311845,0.397079338504681,0.215641922183474
"265.14462-11.573",3,0.301221003417844,0.179018963177975,0.519760033404181
"194.08249-1.683",2,0.208286678958856,0.597857817932448,0.193855503108696
"453.26508-16.927",3,0.22877124911596,0.208767679660032,0.562461071224008
"453.26508-16.926",3,0.228856304069394,0.208895860675365,0.562247835255241
"371.23015-7.542",3,0.335509478863545,0.18791993356244,0.476570587574016
"501.28947-16.273",2,0.166313443919786,0.689319240593381,0.144367315486834
"501.28948-16.271",2,0.215534645060335,0.58083064140312,0.203634713536545
"633.36526-12.942",2,0.348489788130704,0.441680525597633,0.209829686271664
"338.58221-9.444",2,0.212356508955243,0.588361528457403,0.199281962587354
"387.07578-8.983",2,0.342230794348384,0.449276518493216,0.2084926871584
"394.26259-16.992",3,0.173234571374791,0.141170743944922,0.685594684680286
"485.29164-12.523",3,0.270344419886261,0.309769790678724,0.419885789435015
"399.27514-15.914",3,0.26495925480897,0.285862854955594,0.449177890235436
"457.23684-9.12",3,0.187074198644078,0.129800477439036,0.683125323916887
"457.2368-9.113",3,0.208518252366781,0.141052302746485,0.650429444886734
"209.01266-1.086",3,0.374983911487427,0.19450733240723,0.430508756105344
"429.19531-17.025",2,0.140809534694371,0.743258423354921,0.115932041950708
"423.27569-10.294",3,0.394363150218596,0.196329772045177,0.409307077736227
"130.08744-7.05",2,0.168852768685231,0.700143990634877,0.131003240679892
"585.34159-14.802",3,0.140431689316124,0.108005005787744,0.751563304896132
"320.1176-7.597",2,0.215384114069699,0.626190513833074,0.158425372097227
"517.31781-9.377",1,0.59434093995665,0.218699544143317,0.186959515900032
"500.76138-11.409",3,0.154077012489158,0.121776926842152,0.72414606066869
"612.19257-8.214",1,0.773959408055669,0.108711198366238,0.117329393578093
"597.29895-10.591",2,0.150820910685891,0.729321844809959,0.11985724450415
"455.3172-14.856",3,0.260578329004575,0.164734018281879,0.574687652713546
"447.31213-11.787",2,0.242406067567505,0.585108739996494,0.172485192436001
"274.82787-0.894",1,0.644195555601449,0.186022168755854,0.169782275642696
"387.23915-10.184",2,0.379073669938245,0.406162401507789,0.214763928553966
"453.31476-15.87",3,0.25031537966848,0.246716381266647,0.502968239064873
"681.22423-13.047",1,0.427219333660956,0.197389392842155,0.375391273496888
"245.07806-1.1",1,0.486580808620534,0.193393277347301,0.320025914032165
"339.19994-16.906",2,0.253449984179419,0.477070352109012,0.269479663711569
"469.19327-7.096",1,0.521768811618673,0.271887052630231,0.206344135751096
"429.19561-9.646",3,0.356246765993403,0.191867213297473,0.451886020709124
"561.32225-10.601",2,0.156722813920067,0.71980884624481,0.123468339835124
"353.11633-7.003",3,0.151580566329252,0.119297768842636,0.729121664828112
"353.11635-7.006",3,0.152742063623664,0.120451049705422,0.726806886670914
"387.15827-8.462",3,0.140947358625648,0.108555984422586,0.750496656951766
"540.7747-10.324",3,0.236627401944647,0.221186504155337,0.542186093900016
"120.95494-0.913",3,0.283441562730866,0.173255621111932,0.543302816157202
"711.28282-8.947",2,0.168414890224563,0.684928834400474,0.146656275374963
"134.07427-12.006",1,0.749130916084381,0.123729456244713,0.127139627670906
"338.17247-7.43",2,0.241170066920327,0.586952317973673,0.171877615106
"285.13456-8.736",1,0.687978337794134,0.139995893366476,0.172025768839391
"597.05652-6.911",2,0.294695746580482,0.51059428498206,0.194709968437458
"269.10329-6.28",1,0.710360565840426,0.146036604950384,0.14360282920919
"393.19577-8.663",1,0.531890680926352,0.263986224135222,0.204123094938426
"398.9831-8.108",1,0.735561356923134,0.131495375264379,0.132943267812488
"398.98309-8.118",1,0.721358583954385,0.139659669851755,0.13898174619386
"397.16694-10.612",2,0.148600385621252,0.726105326880495,0.125294287498253
"187.01453-6.566",3,0.221482740050378,0.147463145132024,0.631054114817598
"355.13981-9.48",1,0.536100418261935,0.260750744461177,0.203148837276888
"377.1972-8.352",3,0.255260363316539,0.257876799175362,0.486862837508099
"388.29891-15.739",1,0.452807716857484,0.196547199905744,0.350645083236772
"185.0821-8.111",1,0.463874115832009,0.320761816575226,0.215364067592765
"303.05131-7.82",3,0.238321375392837,0.224038682689873,0.537639941917291
"453.28651-10.021",3,0.162560048723477,0.116155091918277,0.721284859358246
"497.34082-16.771",3,0.260935304805727,0.272891094052572,0.466173601141701
"497.34088-16.778",3,0.261031432812652,0.273173365806914,0.465795201380433
"278.10701-7.168",1,0.774088038773097,0.108585421715982,0.117326539510921
"181.0508-7.11",1,0.59907037006239,0.215482804600143,0.185446825337467
"509.04026-6.413",2,0.369511010238173,0.41698444807885,0.213504541682976
"509.04016-6.402",2,0.359278053275832,0.428849767381325,0.211872179342844
"795.45421-11.327",2,0.28691833859872,0.521226040556036,0.191855620845244
"349.20219-11.364",3,0.306426243791948,0.180559436096041,0.513014320112011
"173.0569-1.434",1,0.746497059798418,0.11778799664242,0.135714943559161
"281.10669-6.82",3,0.223019933082186,0.200369085066969,0.576610981850845
"402.19585-11.364",1,0.557775279220702,0.244535576148553,0.197689144630745
"313.098-1.651",1,0.545724263686829,0.183016421413732,0.271259314899439
"258.14611-5.601",3,0.249950270535398,0.245944757709192,0.50410497175541
"171.83193-1.225",1,0.726319090154773,0.125590201494904,0.148090708350323
"356.25567-8.139",1,0.671788859774334,0.145819767903482,0.182391372322184
"561.33366-15.734",3,0.25637846161057,0.163037351838261,0.580584186551168
"371.16883-15.462",1,0.653560618165887,0.152150149742265,0.194289232091849
"401.16427-9.674",3,0.177862014557341,0.12475153711244,0.697386448330218
"491.16789-9.088",2,0.186652221751205,0.646168951915142,0.167178826333653
"378.13825-11.631",2,0.248538538897848,0.49288675173353,0.258574709368622
"325.12549-1.045",2,0.250059977123093,0.488115517330767,0.26182450554614
"538.18851-13.631",3,0.140947301200334,0.104211293476493,0.754841405323173
"496.27436-12.61",1,0.496773276499878,0.292179195273438,0.211047528226684
"525.27132-8.16",1,0.548116923190837,0.182482674957421,0.269400401851742
"537.26321-10.814",3,0.21073180189226,0.183888098023452,0.605380100084288
"514.2851-8.183",2,0.381303271372958,0.403675805195857,0.215020923431185
"449.24458-11.579",3,0.225537331291384,0.149402059741609,0.625060608967007
"757.27355-10.412",1,0.771620111060665,0.108482918452811,0.119896970486524
"285.24363-16.981",3,0.372460911719519,0.194202584186765,0.433336504093717
"254.07832-1.648",1,0.677790483141084,0.143681640919021,0.178527875939895
"295.10367-1.469",1,0.513577252511922,0.27841125294088,0.208011494547198
"295.10369-1.449",1,0.730010886124029,0.134678476209797,0.135310637666174
"539.27907-10.81",3,0.213745683399721,0.187773045780721,0.598481270819557
"242.07595-1.017",2,0.268426268617899,0.414931441669388,0.316642289712713
"240.00077-1.121",2,0.371366721630687,0.414864328378667,0.213768949990645
"344.18285-5.817",3,0.282237406960288,0.172837576645012,0.544925016394701
"405.28608-10.327",1,0.676155667125386,0.14426656512105,0.179577767753564
"307.17652-5.723",1,0.773973502651597,0.107968125651426,0.118058371696978
"451.11712-8.78",1,0.769003737920421,0.112110238826153,0.118886023253426
"407.32818-13.266",1,0.494347444478074,0.294211192155968,0.211441363365958
"287.11463-5.704",1,0.45843936958528,0.196177231202592,0.345383399212127
"499.30745-12.805",3,0.221798300261392,0.198648069394586,0.579553630344022
"534.23753-13.516",3,0.292867895855941,0.176407250308633,0.530724853835426
"189.00494-1.006",2,0.268124568410499,0.416630654855479,0.315244776734021
"428.24722-11.821",1,0.546448041744049,0.182855817573901,0.27069614068205
"107.05031-6.903",3,0.189403127790959,0.131058079731251,0.67953879247779
"186.11374-8.176",1,0.607643523281626,0.166832354674487,0.225524122043887
"361.22331-12.887",1,0.765368669345353,0.110606798767812,0.124024531886835
"677.30353-8.246",2,0.273375938000505,0.540125619427359,0.186498442572136
"370.88157-6.433",3,0.163475506501562,0.131176973805638,0.7053475196928
"404.07577-5.903",2,0.179816036268933,0.660858331428976,0.159325632302091
"690.27945-17.913",3,0.291492766666389,0.175960915731005,0.532546317602606
"533.78507-11.154",3,0.16056084666347,0.128244310921651,0.711194842414879
"603.17867-1.097",2,0.175703048461092,0.689065087102715,0.135231864436194
"431.04442-8.94",2,0.272504374635819,0.385322286401588,0.342173338962593
"516.22802-9.871",1,0.407591979054871,0.375381231288853,0.217026789656275
"593.27406-12.716",2,0.23604845434819,0.528936163247537,0.235015382404274
"454.68321-8.837",2,0.321309781199981,0.475477405036934,0.203212813763084
"453.17722-8.846",2,0.206928951575109,0.600991852270879,0.192079196154012
"385.30742-12.292",3,0.186204098242652,0.129328591987199,0.684467309770149
"451.25862-13.89",3,0.156955930598787,0.112972353023746,0.730071716377468
"493.30948-13.606",3,0.25981328071128,0.269676407907492,0.470510311381228
"485.25869-12.681",3,0.197953416362064,0.168315988265062,0.633730595372874
"561.2513-16.488",2,0.352336417954301,0.437067636262218,0.210595945783481
"491.22932-11.438",1,0.732747928427765,0.133107854352135,0.1341442172201
"523.14639-9.876",2,0.294933512960621,0.510271851926231,0.194794635113147
"477.25003-13.557",1,0.597998570969191,0.21620946048787,0.185791968542939
"471.32524-15.722",3,0.157648621603191,0.113365698981701,0.728985679415108
"202.10832-7.664",2,0.205979111373453,0.603174823620125,0.190846065006422
"714.35846-8.949",2,0.219879938556361,0.570351046924154,0.209769014519486
"317.12442-7.411",1,0.597287717533872,0.216692153162041,0.186020129304087
"440.252-7.109",1,0.455671303442353,0.196367155403148,0.347961541154498
"485.14275-10.353",1,0.772835831563727,0.109603150302471,0.117561018133802
"417.16935-8.038",1,0.627778162823562,0.160636353112733,0.211585484063705
"492.34642-17.571",3,0.262282333393537,0.165411001267089,0.572306665339374
"213.07702-6.287",1,0.604779031494529,0.211635057421955,0.183585911083516
"526.28415-10.298",3,0.142110130245724,0.109776049629094,0.748113820125182
"611.3727-12.62",3,0.260827033658943,0.164833238021905,0.574339728319152
"199.03375-0.995",2,0.141834986031862,0.743147352848582,0.115017661119556
"356.18294-6.54",1,0.641589982060876,0.187667810414981,0.170742207524143
"373.08264-8.25",3,0.232622543757528,0.21470213632802,0.552675319914452
"373.08267-8.248",3,0.232452062503314,0.214433537250102,0.553114400246584
"229.14464-9.43",2,0.175381616704826,0.68958395212903,0.135034431166145
"702.28086-9.671",1,0.597766663081985,0.216366867625848,0.185866469292166
"581.27155-8.77",1,0.535495159199381,0.185205456852509,0.27929938394811
"497.20584-14.094",1,0.544034655643948,0.183388438068927,0.272576906287125
"350.13599-5.711",2,0.364660864819036,0.422571418589842,0.212767716591122
"269.21235-16.129",3,0.200730574412961,0.137054388942807,0.662215036644232
"381.02876-8.729",3,0.356227566148034,0.191864058934495,0.451908374917471
"605.33395-10.9",1,0.582392556607527,0.226948212363704,0.190659231028769
"613.0514-7.285",2,0.274627455566073,0.538358726029427,0.187013818404501
"289.0832-7.865",1,0.515907570491586,0.276543120914303,0.207549308594111
"302.15125-6.975",3,0.242843780090318,0.157302987531752,0.59985323237793
"333.2074-12.21",2,0.229817575222945,0.545426821283967,0.224755603493088
"473.32796-11.774",3,0.261574241735637,0.274789020570807,0.463636737693555
"457.33285-14.347",3,0.270829668403969,0.168706103406377,0.560464228189654
"617.40655-15.977",2,0.330519350372069,0.463789979673274,0.205690669954657
"439.28357-14.43",1,0.438301423191971,0.197196916696828,0.364501660111201
"251.05623-6.341",3,0.348639780955795,0.190545000610476,0.460815218433729
"359.06221-1.187",1,0.692516251311886,0.156520011439687,0.150963737248428
"523.25553-11.68",1,0.569161617096212,0.177451289945972,0.253387092957815
"266.07847-1.595",3,0.400967831747835,0.19674440803166,0.402287760220505
"350.08025-8.354",3,0.26094471701061,0.272918682298029,0.466136600691361
"350.08026-8.358",3,0.262338927455917,0.277131483845606,0.460529588698477
"485.22219-7.713",3,0.179689469131346,0.125762021207379,0.694548509661275
"506.32588-15.768",3,0.332979547886551,0.187364163898471,0.479656288214978
"215.09264-7.033",3,0.274052524254115,0.352911277506211,0.373036198239674
"280.10399-1.062",1,0.665421771087778,0.172837488182746,0.161740740729476
"299.18659-8.932",1,0.597774677740806,0.1697166341437,0.232508688115494
"653.3397-9.366",2,0.160609433340259,0.713511021722232,0.12587954493751
"287.15025-9.162",3,0.199672439466731,0.170336031934751,0.629991528598518
"273.17098-7.993",3,0.294871907311652,0.17704943875489,0.528078653933458
"505.2732-12.525",3,0.195502905033958,0.165471642971562,0.63902545199448
"328.18805-6.344",3,0.146318175403588,0.107007906749918,0.746673917846494
"274.14109-1.083",2,0.280242946616112,0.530481356733346,0.189275696650542
"487.34348-11.991",2,0.244396294937223,0.505395207541582,0.250208497521195
"475.33127-16.902",3,0.262512945524121,0.165502112367101,0.571984942108778
"198.04097-1.451",3,0.311475769302951,0.181989508523418,0.506534722173631
"198.04098-1.462",1,0.485285158429034,0.193554382536541,0.321160459034424
"223.0614-6.208",1,0.488276039740488,0.193177862172681,0.31854609808683
"728.36927-13.046",1,0.420689498202164,0.361970161070706,0.217340340727131
"317.16082-7.698",1,0.550534665113332,0.18193516044531,0.267530174441358
"609.36512-10.16",1,0.429774151289592,0.352925888902349,0.217299959808059
"554.66294-8.542",2,0.340570811170321,0.451309852988121,0.208119335841558
"134.07425-12.541",1,0.443001825158187,0.340122433156019,0.216875741685794
"539.287-13.553",1,0.426373419629378,0.356287183506672,0.21733939686395
"439.20918-6.985",1,0.587775907337773,0.172529168048171,0.239694924614056
"351.21784-8.094",1,0.773414690295587,0.108031862352991,0.118553447351422
"391.119-11.388",3,0.196050339646398,0.134601894579661,0.669347765773941
"289.92083-7.726",2,0.323372920376814,0.472838232527313,0.203788847095873
"199.13416-9.21",1,0.61858689798997,0.202479836849452,0.178933265160578
"497.34099-16.607",2,0.161677911941392,0.711778099125586,0.126543988933022
"433.11452-6.323",1,0.619733871872068,0.163160029451301,0.217106098676631
"404.25754-12.536",1,0.563686075832111,0.240235987778953,0.196077936388937
"382.11463-6.571",1,0.710023083616884,0.146233215014355,0.143743701368761
"464.09041-6.231",1,0.685112014544648,0.14103977756525,0.173848207890102
"523.28409-12.211",2,0.273127001175501,0.378175240309583,0.348697758514916
"401.17327-8.647",1,0.498225906389244,0.191809577684994,0.309964515925763
"374.20083-11.652",2,0.143914392038524,0.740155056480899,0.115930551480577
"687.29442-8.506",2,0.347176116316839,0.443265546593215,0.209558337089946
"330.96636-6.486",2,0.304137975188651,0.497909346124172,0.197952678687178
"413.13058-1.105",3,0.269876717767381,0.307144364843081,0.422978917389537
"319.08597-7.764",2,0.140681564815008,0.744394132773536,0.114924302411456
"114.01975-1.439",1,0.618153749901075,0.163648351375738,0.218197898723187
"609.36513-12.941",3,0.348885109549754,0.190589912583979,0.460524977866266
"553.31539-15.371",2,0.251353691505015,0.483972197432726,0.264674111062259
"679.84314-11.449",1,0.615721217903846,0.164395250543319,0.219883531552835
"455.31686-15.433",3,0.191548383080975,0.160963434169202,0.647488182749823
"524.30566-14.231",2,0.157514673519146,0.718526857025475,0.12395846945538
"492.31012-15.14",2,0.284744093239363,0.524227501381389,0.191028405379248
"239.12903-8.559",2,0.250851771090219,0.485589571146893,0.263558657762888
"282.86649-1.428",3,0.313199699648126,0.182463179819821,0.504337120532054
"356.18295-6.061",1,0.501031627921045,0.288639805848666,0.210328566230289
"263.07104-5.964",1,0.586123366547755,0.172982980610749,0.240893652841496
"427.19785-7.556",1,0.764479321349959,0.110931503308326,0.124589175341715
"482.28786-8.58",2,0.265701620290013,0.551048879990738,0.183249499719249
"452.24242-9.044",1,0.511983543998117,0.189634706786424,0.298381749215459
"139.92186-0.895",3,0.214970192787657,0.144282148502917,0.640747658709426
"775.87502-9.279",1,0.506126443669656,0.284450631892193,0.209422924438151
"402.19583-9.854",1,0.423328806993232,0.359321119120807,0.217350073885961
"266.00486-1.036",3,0.2556705596506,0.16274746097867,0.58158197937073
"509.26047-8.763",2,0.360045914263145,0.427949139697029,0.212004946039827
"372.21414-6.427",3,0.280066713754905,0.172075214104113,0.547858072140982
"316.16688-7.653",3,0.23909047387554,0.155642458881681,0.605267067242779
"635.41708-14.772",1,0.576492207871803,0.175563356318941,0.247944435809256
"387.22527-1.579",1,0.773790921489669,0.108862371726913,0.117346706783418
"333.17114-9.502",1,0.604593506090965,0.21175951400123,0.183646979907805
"538.32144-11.996",2,0.248961210738749,0.491571687189372,0.259467102071878
"361.12927-7.707",2,0.269972365978142,0.405503759895854,0.324523874126004
"249.06175-1.444",1,0.593106609092307,0.219543497047973,0.18734989385972
"390.27823-17.126",3,0.330577970612912,0.186821649607751,0.482600379779338
"619.27807-8.945",3,0.236331834379933,0.154402998966819,0.609265166653247
"416.31729-16.701",3,0.244947742301156,0.235949887100942,0.519102370597902
"258.14607-1.079",3,0.348508339430855,0.190520875464067,0.460970785105077
"585.14741-9.914",3,0.171566978613026,0.139440938588281,0.688992082798693
"132.92351-0.946",1,0.518605368570521,0.274392509095533,0.207002122333946
"335.18664-11.464",3,0.152069932491728,0.119783677533011,0.728146389975261
"203.05632-1.11",2,0.239088124847657,0.520583247054386,0.240328628097957
"395.29172-15.322",1,0.412058076182478,0.197209892002533,0.390732031814988
"449.28348-15.706",2,0.272169647723115,0.38859622337023,0.339234128906655
"449.28359-15.712",2,0.192783259532818,0.632790283311345,0.174426457155837
"352.28575-16.694",1,0.408371476070308,0.197086939730332,0.39454158419936
"472.25585-8.091",1,0.550980418853451,0.24954141517464,0.199478165971909
"189.03019-7.059",2,0.185834460824046,0.672774566799516,0.141390972376438
"435.2869-11.17",2,0.267106229753268,0.422105808984275,0.310787961262458
"601.33885-14.034",2,0.14659600337998,0.730312227087101,0.123091769532919
"411.26734-15.423",2,0.273333839859092,0.375310341592157,0.351355818548751
"411.26703-15.446",1,0.478115931136241,0.308111010239623,0.213773058624136
"255.93639-7.064",2,0.148639826888725,0.732801624692526,0.118558548418748
"485.33837-14.347",2,0.153204429501566,0.725491882597375,0.121303687901059
"520.31072-16.436",2,0.148741024450202,0.732640894072552,0.118618081477246
"373.15059-9.551",2,0.14995580656706,0.723277724142346,0.126766469290594
"515.12358-7.062",1,0.639062648283281,0.156994007608658,0.203943344108061
"201.05184-1.097",2,0.266173342051397,0.426824839922064,0.307001818026539
"508.94456-7.991",1,0.442119809190125,0.340962968735898,0.216917222073977
"538.3215-10.627",2,0.212675611695745,0.630393462174282,0.156930926129973
"626.26474-10.406",2,0.15297196582046,0.72586632052637,0.12116171365317
"354.3014-17.688",1,0.550325177790139,0.181982923089788,0.267691899120072
"285.17093-10.55",3,0.232028345816512,0.152437780847351,0.615533873336137
"285.17092-10.553",3,0.176602943807321,0.144696824480789,0.678700231711891
"346.16216-5.536",2,0.174613836897978,0.690823763161993,0.134562399940028
"299.08871-1.46",3,0.252680978601799,0.251879539999317,0.495439481398884
"337.20566-16.42",3,0.142702561082483,0.10508568592802,0.752211752989497
"459.2731-13.034",3,0.211817646285692,0.185277236772671,0.602905116941636
"554.1567-8.362",2,0.159363055126302,0.715531894394785,0.125105050478913
"219.08161-16.901",3,0.273841914556652,0.343367164083439,0.382790921359909
"508.22184-13.069",3,0.252053584105544,0.161248824332594,0.586697591561862
"459.28879-12.993",3,0.165388826693365,0.117758390684333,0.716852782622303
"281.11457-2.423",3,0.218250828832285,0.193761689526892,0.587987481640822
"367.2128-8.152",3,0.365158073297966,0.193231737952666,0.441610188749368
"517.29404-16.446",1,0.645573625068461,0.154840727811888,0.199585647119651
"514.89368-0.968",2,0.243838342778013,0.507032393350684,0.249129263871303
"535.18874-1.053",2,0.140579550169255,0.744091281621985,0.115329168208759
"501.28943-16.12",1,0.46714660588154,0.195479593905685,0.337373800212775
"196.07296-1.092",2,0.236730185770139,0.527082109930394,0.236187704299466
"258.18249-1.431",1,0.421095321380765,0.197379406831643,0.381525271787592
"409.06018-7.899",2,0.254031599628801,0.475110093369616,0.270858307001583
"614.27694-14.445",3,0.368290749543131,0.193664396605177,0.438044853851693
"616.30549-12.412",3,0.164980608612789,0.117527283215303,0.717492108171909
"525.28409-14.242",1,0.767093397280804,0.109987157352611,0.122919445366585
"617.3342-13.942",1,0.420299975780107,0.362362621594013,0.217337402625879
"471.13329-11.575",1,0.584807560020714,0.225266545991524,0.189925893987761
"611.38074-11.589",1,0.53436630200906,0.185437619972447,0.280196078018493
"567.26165-10.276",1,0.741222616901558,0.119831810167144,0.138945572931298
"325.11432-1.087",1,0.604872551361476,0.167652750334972,0.227474698303552
"298.18473-11.022",1,0.495927394102594,0.292886442043499,0.211186163853907
"271.10365-1.02",1,0.46426601475156,0.320407782657857,0.215326202590583
"271.10368-1.023",1,0.543320339601923,0.255268486551433,0.201411173846644
"322.14114-5.525",1,0.565546283798539,0.238893169648595,0.195560546552866
"499.26846-14.082",2,0.273134902335804,0.378071783537053,0.348793314127142
"156.03035-1.444",3,0.233709436036567,0.216428276884084,0.549862287079349
"545.17329-1.107",2,0.140584748440439,0.744350513980317,0.115064737579244
"309.20735-12.875",3,0.292240809015329,0.176204284512717,0.531554906471954
"276.82461-0.888",3,0.269968691171125,0.30764774767322,0.422383561155655
"413.12451-10.082",3,0.18729522815268,0.156218327161895,0.656486444685425
"118.93079-0.997",3,0.348783898581581,0.190571402385043,0.460644699033376
"535.30611-12.726",2,0.24137214243851,0.586650665848492,0.171977191712999
"538.26856-15.566",1,0.707444155816842,0.132775692348538,0.15978015183462
"348.10254-6.751",1,0.510647001221027,0.280774265192967,0.208578733586006
"409.19062-8.509",3,0.203197144881222,0.174545988049018,0.62225686706976
"160.9155-0.986",2,0.247700987437712,0.495470062185734,0.256828950376554
"611.38096-11.756",1,0.531496559415495,0.186019211941664,0.282484228642841
"311.223-12.888",2,0.357822527230821,0.430561550723877,0.211615922045302
"181.08717-7.533",3,0.245133670051036,0.236304005983981,0.518562323964983
"374.15717-5.238",2,0.301367113523175,0.501606266206208,0.197026620270618
"523.23773-10.949",1,0.598304751077633,0.169564399427706,0.23213084949466
"793.43896-10.519",1,0.502035039449391,0.287810872205833,0.210154088344776
"517.30786-14.731",3,0.391578587895822,0.196123801617664,0.412297610486514
"380.84478-0.942",3,0.38231985301602,0.195304594034747,0.422375552949234
"672.30677-10.756",2,0.333090279275286,0.46057042743488,0.206339293289833
"225.07702-5.892",1,0.470061671733569,0.195212607747434,0.334725720518998
"289.89746-6.571",3,0.304017770800944,0.179855000897734,0.516127228301322
"447.15609-7.165",1,0.574510124827119,0.176080434963544,0.249409440209337
"321.08633-1.803",3,0.349390276718026,0.19068191578773,0.459927807494244
"464.0904-6.003",1,0.49192093864691,0.296255326577082,0.211823734776008
"410.27371-16.141",1,0.647496400030645,0.154197870420851,0.198305729548504
"263.09607-8.121",2,0.328764841054346,0.465997947070691,0.205237211874962
"297.24364-16.11",3,0.358469379534021,0.192226127114859,0.44930449335112
"465.23938-10.19",3,0.240386039502574,0.156219023822139,0.603394936675286
"503.30224-11.469",3,0.137222536304275,0.104155381160733,0.758622082534992
"441.10443-7.465",1,0.65841159480783,0.150490568477318,0.191097836714852
"192.06683-7.579",1,0.418270910726118,0.364413265906568,0.217315823367314
"309.17426-16.424",2,0.219944220765245,0.619147802751301,0.160907976483453
"359.24395-11.309",1,0.612185954053517,0.165470109702794,0.22234393624369
"139.05139-1.091",3,0.266556243880886,0.29187520600827,0.441568550110844
"344.11009-1.577",1,0.76349730512737,0.115421857871574,0.121080837001057
"495.28894-12.444",3,0.140033331755976,0.103785174901175,0.756181493342849
"215.09264-7.796",2,0.225143231761457,0.611171023139557,0.163685745098986
"487.30784-12.754",3,0.346395255416322,0.190127063258618,0.46347768132506
"155.10784-8.891",1,0.691092626125533,0.15736467216031,0.151542701714157
"562.22486-14.99",3,0.245541998598102,0.158478104771399,0.595979896630499
"428.04437-1.127",2,0.333726082746049,0.459777122238899,0.206496795015052
"364.18019-7.718",2,0.141553183505303,0.74134209108153,0.117104725413167
"267.12393-8.993",3,0.272673888056538,0.326770324454892,0.40055578748857
"403.16138-6.171",1,0.591288148721016,0.17155415165928,0.237157699619703
"275.07832-1.742",3,0.229506446917169,0.151268454419245,0.619225098663586
"689.32195-10.611",1,0.576932323146104,0.175447884353874,0.247619792500022
"489.27123-10.788",2,0.252266179393496,0.570530928843521,0.177202891762983
"283.06095-8.058",1,0.60464807999354,0.211722899940931,0.183629020065529
"455.17774-6.15",1,0.73572267602143,0.131402969471689,0.132874354506881
"647.36304-12.953",2,0.268065828889234,0.416957054774996,0.31497711633577
"575.2869-12.793",1,0.646957677699965,0.184284396057289,0.168757926242746
"305.16082-6.841",3,0.387793028004327,0.195813912750726,0.416393059244948
"442.22723-11.117",2,0.248450480502877,0.493159752257249,0.258389767239874
"247.15522-7.486",1,0.432033882202274,0.350708284882132,0.217257832915594
"457.26738-7.365",1,0.402599771335811,0.196830952411671,0.400569276252517
"693.2944-8.963",2,0.147387880329339,0.734782423263044,0.117829696407618
"552.30077-10.474",2,0.189759547796049,0.666501319300119,0.143739132903832
"383.09211-6.553",3,0.247030753280642,0.239989430265753,0.512979816453605
"517.31776-9.711",3,0.246908326909514,0.239747474097242,0.513344198993244
"591.35472-13.209",2,0.267790835059253,0.418466937198642,0.313742227742105
"389.07282-1.162",1,0.674199026142189,0.167492961790487,0.158308012067324
"271.22798-16.886",3,0.199235655784606,0.16982076859851,0.630943575616884
"567.3185-14.678",1,0.482576346617616,0.304237684283672,0.213185969098711
"291.18155-6.547",3,0.266197503932392,0.166941287957746,0.566861208109863
"469.28119-10.057",3,0.137846013297022,0.105033463333545,0.757120523369433
"363.18153-8.242",3,0.160432504339843,0.128115612299785,0.711451883360372
"259.09773-8.841",1,0.687504423420387,0.159499483902926,0.152996092676687
"482.18602-10.759",2,0.346497882468052,0.444085801606924,0.209416315925024
"470.22228-9.221",3,0.27405307677269,0.353021170501914,0.372925752725397
"482.20615-12.951",1,0.685261909772823,0.140985318667246,0.173752771559931
"304.61471-7.198",2,0.216342367177263,0.624707054606428,0.158950578216309
"297.94238-6.43",3,0.244138270853123,0.234422121618165,0.521439607528712
"536.20922-14.704",3,0.389415504710174,0.195950957626052,0.414633537663774
"203.12895-8.009",2,0.308468519054143,0.49217425030154,0.199357230644317
"473.32778-10.369",3,0.252575298068562,0.161466783357892,0.585957918573546
"215.06752-1.454",2,0.148667596421888,0.725964854046322,0.125367549531791
"522.23745-14.062",1,0.574989814637793,0.232150234584941,0.192859950777266
"289.03897-7.048",2,0.235424388905814,0.595568604894853,0.169007006199333
"260.15052-6.37",1,0.613139992593632,0.165181296226391,0.221678711179977
"361.06488-1.082",1,0.623824080874063,0.199060930340968,0.177114988784969
"331.01325-7.371",1,0.566179758199705,0.238436998784226,0.195383243016068
"186.07734-1.444",1,0.631699308576029,0.159383930745586,0.208916760678385
"272.08907-1.655",2,0.164942063941985,0.706483497525481,0.128574438532534
"391.18929-9.63",2,0.190721105209023,0.637313795892095,0.171965098898882
"591.17881-1.091",2,0.166230067785717,0.689493192516042,0.144276739698242
"252.08792-6.415",2,0.379075930067965,0.406159873878604,0.21476419605343
"332.15312-11.871",2,0.223516436623502,0.561398715016586,0.215084848359912
"198.07734-1.048",3,0.381261383469261,0.195197689868663,0.423540926662076
"793.43897-10.523",1,0.502128578470377,0.287733695881343,0.21013772564828
"693.84059-10.519",1,0.627068738961822,0.196956943861848,0.175974317176331
"333.19221-7.993",3,0.141432813030194,0.104447082630237,0.754120104339569
"503.2262-10.336",1,0.63411333034287,0.192425136549167,0.173461533107964
"560.27276-10.365",1,0.469970802181019,0.195221180165505,0.334808017653476
"340.22429-7.506",3,0.362146189045132,0.192792735818521,0.445061075136348
"341.1008-7.321",3,0.199295451396733,0.169891226915398,0.630813321687868
"359.28046-10.672",1,0.447006952725032,0.196860063154532,0.356132984120436
"416.25769-12.049",2,0.362530213898681,0.425046739943167,0.212423046158152
"496.2219-13.15",3,0.163755869137113,0.131460144330668,0.704783986532219
"271.22803-14.349",1,0.40488447578891,0.196941598068944,0.398173926142147
"162.01983-1.792",2,0.219812697896827,0.619350331197515,0.160836970905659
"443.25749-9.066",3,0.153757196233941,0.111159134300394,0.735083669465665
"695.29205-8.25",2,0.225075292964066,0.611274891724626,0.163649815311307
"519.15745-1.082",2,0.248713579288103,0.492343092747972,0.258943327963925
"220.06169-6.973",3,0.229701863826596,0.210176968710336,0.560121167463069
"592.79859-12.186",1,0.522427625865713,0.187774374749818,0.28979799938447
"325.11435-1.664",1,0.643206244730962,0.18664627010153,0.170147485167508
"248.00976-7.141",3,0.263975348849145,0.282441356411881,0.453583294738975
"391.19886-7.773",1,0.446178237200242,0.196899034492874,0.356922728306884
"380.31713-17.303",3,0.399404335712626,0.196655600285881,0.403940064001493
"301.10427-1.105",1,0.454065063841332,0.196470213619968,0.3494647225387
"614.33171-13.981",1,0.531958315009133,0.185926469173087,0.282115215817779
"379.21288-8.611",1,0.633315813098525,0.192935736913071,0.173748449988404
"470.27617-10.743",3,0.242113708304824,0.230695280208361,0.527191011486815
"556.24876-10.6",2,0.190327291004481,0.638174851895655,0.171497857099863
"245.13957-9.332",1,0.535893385505622,0.185123103733118,0.27898351076126
"213.04941-1.006",2,0.27286548563233,0.381390781892751,0.34574373247492
"315.20403-1.548",3,0.152093242507094,0.110219709657149,0.737687047835757
"430.299-16.478",3,0.213699116683291,0.187712312676579,0.59858857064013
"254.01306-6.819",1,0.458799383109665,0.19615138969586,0.345049227194475
"577.3026-14.541",2,0.193468686394112,0.660595124706332,0.145936188899557
"532.77719-10.792",3,0.26110300231637,0.273384261923499,0.465512735760131
"340.2243-7.024",3,0.250192070218201,0.160466228193494,0.589341701588305
"389.09143-8.304",1,0.730440636104027,0.124002866429627,0.145556497466346
"517.29392-9.752",2,0.243396451070584,0.583634087806634,0.172969461122782
"577.37526-13.315",1,0.538868031338925,0.18450052274252,0.276631445918555
"322.14117-5.818",1,0.761606542983046,0.116531515450681,0.121861941566273
"175.09771-7.947",2,0.284780266836398,0.52417746130985,0.191042271853752
"381.24155-15.39",1,0.744515600047509,0.118555598615652,0.136928801336839
"563.32334-13.403",2,0.215733308099961,0.625649716465468,0.15861697543457
"197.15489-9.22",1,0.439732652092246,0.1971526208743,0.363114727033454
"172.02529-1.108",1,0.565979604733295,0.238581070369095,0.195439324897611
"235.08849-8.14",2,0.140624600344589,0.744392170722941,0.114983228932471
"245.87049-0.893",3,0.204850858164556,0.139182810562638,0.655966331272806
"311.18661-11.481",3,0.280401141864091,0.172193401007515,0.547405457128394
"442.23523-11.078",3,0.195474075371095,0.165438418362939,0.639087506265966
"279.90809-1.469",2,0.14447767796388,0.734818380307332,0.120703941728788
"499.32002-12.188",3,0.37663252028675,0.194697996673098,0.428669483040152
"551.27892-11.749",1,0.505650143644393,0.190675762438618,0.303674093916989
"227.12905-6.861",3,0.178857356740843,0.147082456716555,0.674060186542603
"593.15202-7.129",1,0.460670950081963,0.32366832176394,0.215660728154097
"353.07276-1.44",1,0.763647434483086,0.111237763069141,0.125114802447774
"379.16126-7.254",2,0.334941796705055,0.458263460413538,0.206794742881408
"299.18663-9.87",3,0.250901091409265,0.160765207955063,0.588333700635672
"521.26818-11.575",3,0.216821512580977,0.191836745419737,0.591341741999287
"459.13037-7.379",1,0.498155705609267,0.191819844375116,0.310024450015616
"181.05075-7.524",2,0.273674148314411,0.369534108172934,0.356791743512655
"443.09878-8.853",1,0.508561615769558,0.282465521787038,0.208972862443404
"283.15533-8.135",3,0.247336172427292,0.159250784833025,0.593413042739684
"353.23347-10.722",3,0.299921493452631,0.178623923654123,0.521454582893246
"507.30981-17.063",1,0.412477719059661,0.370326420085351,0.217195860854988
"221.99971-0.996",1,0.544204696735733,0.254602657153183,0.201192646111084
"221.99978-1.013",2,0.144679042403921,0.738995738391802,0.116325219204277
"639.32136-12.755",1,0.421448429814302,0.197382266511324,0.381169303674374
"505.1782-1.056",2,0.152393337172272,0.7182123072143,0.129394355613428
"553.13383-6.399",2,0.369103748874583,0.417451032154008,0.213445218971409
"553.13378-6.398",2,0.372228277638288,0.413883299783116,0.213888422578596
"499.27375-11.772",3,0.232923218189448,0.152849580020024,0.614227201790528
"209.0796-8.442",1,0.467267340846262,0.317707694543382,0.215024964610356
"313.09319-5.908",2,0.254123754023006,0.567810737345938,0.178065508631056
"201.05861-16.907",2,0.271782721955169,0.542380822998355,0.185836455046476
"337.03909-6.481",3,0.144324116957301,0.112045374781259,0.743630508261439
"359.04435-8.008",1,0.445965811673237,0.337311416922709,0.216722771404053
"246.06209-1.702",3,0.229986417970872,0.210610925077932,0.559402656951196
"410.23162-12.14",3,0.309351633506945,0.181395673457885,0.50925269303517
"660.28521-8.871",1,0.402115528401152,0.381121995673901,0.216762475924947
"593.2602-8.155",2,0.324335597857439,0.471610905043394,0.204053497099166
"452.21979-7.135",3,0.254956989966556,0.16245411356909,0.582588896464354
"364.99746-6.526",3,0.164702067138478,0.132417327647072,0.702880605214451
"437.29132-12.235",3,0.172479957401195,0.121752772708407,0.705767269890398
"505.27324-14.522",3,0.194104686614531,0.163866461596035,0.642028851789434
"114.01973-1.103",1,0.401771533217542,0.196787813535967,0.401440653246491
"241.14473-8.119",3,0.252688432883579,0.251896287249745,0.495415279866676
"415.16147-6.862",2,0.158415286436355,0.705734222857792,0.135850490705852
"305.10674-7.229",2,0.163340880621662,0.70908062062466,0.127578498753677
"425.10289-7.092",1,0.479380357702343,0.194249381435613,0.326370260862044
"278.0552-1.426",2,0.232178816535621,0.539268241583548,0.228552941880831
"310.09352-5.83",1,0.647864399937197,0.154074478010991,0.198061122051812
"343.19887-5.657",2,0.259639526956179,0.454937703069732,0.285422769974089
"507.20344-13.115",3,0.249205638414405,0.244390409624823,0.506403951960772
"349.00252-6.02",3,0.137445908700595,0.104491522545971,0.758062568753434
"249.09822-1.841",1,0.523804808779405,0.187516065403106,0.288679125817489
"575.28449-13.1",2,0.382600916964163,0.402234927462806,0.215164155573031
"279.09097-8.467",1,0.516514105086834,0.18884932819142,0.294636566721745
"649.34618-8.475",1,0.465743666427902,0.319075958630295,0.215180374941803
"429.14075-6.761",1,0.531139110069276,0.264566935150692,0.204293954780032
"565.23205-14.778",1,0.604862356059203,0.211579173333612,0.183558470607185
"469.28126-10.75",3,0.136904689270874,0.102998933459192,0.760096377269934
"413.14572-7.909",2,0.38361255560935,0.401114854861795,0.215272589528855
"648.30082-7.932",2,0.259975231357853,0.559297413983143,0.180727354659004
"408.17805-5.995",1,0.770569608728777,0.10880596115396,0.120624430117263
"329.16082-8.68",1,0.434358960312686,0.348439717472726,0.217201322214589
"469.29653-12.079",1,0.728866257068473,0.12460981402128,0.146523928910247
"455.31716-12.809",1,0.602986517518507,0.212839184930299,0.184174297551193
"529.19358-6.865",1,0.460356752750446,0.323954656687883,0.215688590561671
"311.05626-8.358",1,0.403180530026426,0.379999356833134,0.21682011314044
"493.09956-8.427",1,0.663847715081584,0.148608813536073,0.187543471382343
"359.17137-6.976",2,0.249965157630807,0.573912111895808,0.176122730473385
"529.30568-17.357",1,0.471840115621001,0.313631767248035,0.214528117130964
"215.06748-1.113",1,0.742026385470145,0.127795120126013,0.130178494403842
"573.77258-13.097",1,0.555165440450243,0.246450163095728,0.198384396454029
"423.17958-6.818",2,0.251756775461482,0.571278355973906,0.176964868564613
"601.02992-7.776",2,0.297529965890418,0.50676091066416,0.195709123445422
"537.20097-5.582",3,0.140691586508393,0.108283619435993,0.751024794055613
"367.15129-7.024",2,0.30218182895019,0.500517052385498,0.197301118664312
"394.13326-9.805",2,0.205888339821428,0.603383037100389,0.190728623078182
"399.1428-7.868",3,0.21980315790486,0.195880231344979,0.584316610750161
"362.12814-7.494",1,0.597044260142064,0.16992589834311,0.233029841514825
"332.92205-0.977",1,0.622609826485998,0.162264950095601,0.215125223418401
"486.27123-9.483",2,0.232618207437751,0.538110565250091,0.229271227312158
"619.30638-10.325",1,0.708687699088421,0.147011764868428,0.144300536043151
"521.17304-1.051",1,0.439044822836991,0.343907941581429,0.21704723558158
"513.19842-8.083",1,0.766417464618221,0.113685696902638,0.119896838479141
"550.35217-15.016",1,0.434684094149216,0.197289190717029,0.368026715133755
"550.3521-15.012",1,0.436016286045174,0.197258500423439,0.366725213531387
"384.22151-13.763",1,0.520093457889899,0.188205341548167,0.291701200561934
"423.2315-12.68",3,0.272460337012851,0.324763481882935,0.402776181104213
"598.33687-14.466",1,0.489872079964781,0.192970287816969,0.31715763221825
"551.28691-12.463",1,0.539459383607652,0.184375203863422,0.276165412528926
"419.15639-7.465",1,0.632083775968501,0.19372574826153,0.174190475769968
"281.06681-7.013",1,0.67794558520108,0.16522936353381,0.15682505126511
"424.28624-16.031",3,0.209100971244957,0.18182309890106,0.609075929853983
"629.1026-6.988",1,0.422813518206028,0.359836918278983,0.217349563514989
"669.30615-8.502",2,0.334376386027474,0.458966917889674,0.206656696082851
"245.04904-6.418",2,0.149276272691121,0.724694024695972,0.126029702612907
"430.27059-13.038",2,0.263370582603004,0.439743904152188,0.296885513244808
"588.89831-0.973",2,0.19122207335842,0.636217167880608,0.172560758760972
"457.24815-13.8",3,0.277713543899266,0.171236074024629,0.551050382076105
"312.19319-6.023",2,0.272624482578,0.38406783849009,0.34330767893191
"371.15361-9.743",1,0.645490742367915,0.154868368159793,0.199640889472292
"596.33477-14.481",1,0.532173893784165,0.185883060134046,0.281943046081789
"137.06083-6.486",2,0.209600487063798,0.635182855189812,0.15521665774639
"483.12649-5.265",1,0.72636491551664,0.136774218807451,0.136860865675909
"230.15511-14.405",1,0.451450228152154,0.332164669615555,0.21638510223229
"431.19289-6.963",1,0.608521461828818,0.166570738888519,0.224907799282664
"309.20731-13.187",3,0.355019838734756,0.191663782456093,0.453316378809151
"541.28461-11.952",1,0.774189638222507,0.107984030386277,0.117826331391216
"591.26255-8.528",2,0.212778291602982,0.630233861653784,0.156987846743233
"350.136-6.227",1,0.497046989220355,0.191980849812697,0.310972160966949
"330.95601-5.727",1,0.454704647141247,0.196429808935988,0.348865543922765
"609.36513-14.144",2,0.315594196901856,0.48285171692773,0.201554086170413
"389.16424-8.324",3,0.319718412840625,0.184187024431062,0.496094562728313
"688.56579-17.701",2,0.272636763817847,0.383936824758762,0.343426411423391
"528.26455-7.84",2,0.155812279656318,0.721281890723162,0.12290582962052
"298.94024-6.431",3,0.225871940608622,0.204469909959653,0.569658149431725
"171.06641-6.352",3,0.348257708632708,0.190474753461726,0.461267537905566
"453.30148-12.803",2,0.334592021203347,0.458698527134236,0.206709451662417
"794.29725-5.672",1,0.769429990716607,0.111845162137143,0.11872484714625
"415.0821-5.817",1,0.773979143403237,0.107968047087113,0.11805280950965
"329.23355-11.799",1,0.457654844564029,0.326426154859399,0.215919000576572
"492.31024-14.782",1,0.771449802336721,0.110553277721845,0.117996919941434
"385.11427-6.501",2,0.299982666515373,0.503461381185374,0.196555952299252
"525.19837-8.798",1,0.466594805206353,0.195528262786465,0.337876932007183
"658.32705-8.985",2,0.320605343586705,0.476381286227515,0.20301337018578
"292.14044-1.16",1,0.667072117697108,0.147481995451332,0.185445886851559
"303.08764-9.794",2,0.243056856119507,0.509308305540908,0.247634838339585
"569.11571-7.313",1,0.655966994109073,0.151329249265805,0.192703756625122
"224.02362-1.446",2,0.307432226322391,0.493541888534663,0.199025885142945
"224.0236-1.442",2,0.307505924649534,0.493444526712419,0.199049548638047
"393.24118-16.913",1,0.417818641805221,0.197339433611846,0.384841924582933
"371.06224-6.924",1,0.774139579795257,0.107975801517203,0.117884618687539
"489.3132-10.322",3,0.143423434653453,0.111128487503674,0.745448077842873
"583.31316-9.767",3,0.336387206918076,0.188108977026884,0.47550381605504
"367.24618-15.253",3,0.153285411886896,0.110892421032396,0.735822167080707
"553.29448-9.37",2,0.272330468299259,0.387060468994686,0.340609062706055
"205.10821-7.66",3,0.181742123192219,0.150167522152585,0.668090354655197
"513.28407-14.376",3,0.267493140112422,0.167439928638669,0.565066931248909
"633.40152-14.287",1,0.555166221953911,0.246449588279116,0.198384189766974
"361.09673-7.531",3,0.315278614068565,0.183024503125435,0.501696882805999
"230.13992-7.224",1,0.739334905456341,0.120563296831067,0.140101797712592
"537.21149-8.055",1,0.554790289282069,0.246726201161259,0.198483509556672
"501.32288-10.616",3,0.2232667549737,0.200719317330403,0.576013927695897
"501.32315-11.97",2,0.228155799808453,0.549701197563238,0.222143002628309
"434.05845-11.908",2,0.169122211371786,0.699707506686681,0.131170281941533
"607.12671-1.064",2,0.193922180487843,0.630281049970613,0.175796769541544
"259.13011-6.657",3,0.266995358492173,0.167248810740821,0.565755830767006
"565.33881-14.783",2,0.285269318731716,0.523501284898306,0.191229396369978
"591.31954-14.482",1,0.769049625499289,0.109307225256449,0.121643149244262
"560.26642-8.213",2,0.335020294203577,0.45816586959494,0.206813836201483
"497.3409-16.939",3,0.243421679049351,0.23308802537942,0.523490295571228
"361.14072-7.469",3,0.256142308326861,0.162940770274813,0.580916921398326
"420.19333-11.981",3,0.151892148212846,0.110106442887724,0.73800140889943
"405.17704-7.353",2,0.282065836778573,0.527942141539699,0.189992021681728
"553.25816-8.978",3,0.178521802549203,0.125116842369503,0.696361355081294
"671.39383-12.242",1,0.522133425322121,0.27159940131896,0.206267173358919
"369.17814-6.383",1,0.462894988094078,0.321647832880394,0.215457179025529
"412.34353-15.316",3,0.150622793170284,0.118346537014978,0.731030669814738
"271.22803-13.575",3,0.319780840544532,0.184203017912683,0.496016141542786
"261.12809-6.593",3,0.396974778931947,0.196506114029757,0.406519107038296
"305.10673-7.226",2,0.151541273162641,0.728166720299762,0.120292006537597
"416.21158-12.678",1,0.414869962318892,0.197282611119244,0.387847426561864
"193.0178-1.085",3,0.267406509758847,0.167406709068367,0.565186781172785
"519.33361-9.709",3,0.27339459040624,0.335147841612343,0.391457567981418
"440.31749-16.501",3,0.308431559640602,0.18113496158283,0.510433478776568
"419.16106-9.741",2,0.142616816327796,0.73889003458212,0.118493149090084
"489.26282-13.04",3,0.168922858480222,0.136718069520236,0.694359071999542
"291.09106-8.442",1,0.754142312009778,0.120853664390053,0.12500402360017
"284.16185-6.307",3,0.204888980026277,0.176601183767185,0.618509836206538
"366.10178-9.073",1,0.7599809430147,0.117479331041286,0.122539725944014
"310.63287-9.375",2,0.143977308685669,0.73589830506801,0.120124386246321
"441.15216-5.929",1,0.426894188200801,0.355770577989284,0.217335233809914
"455.16781-6.398",3,0.27400581721239,0.349023175348818,0.376971007438792
"578.71007-9.094",1,0.394895747314677,0.388812621729426,0.216291630955897
"174.97808-1.206",2,0.238530075415563,0.522133846654382,0.239336077930055
"187.01454-6.102",1,0.636957767738457,0.190609007528173,0.172433224733369
"164.95711-0.995",1,0.409883158131238,0.19714115970197,0.392975682166792
"458.27653-9.768",1,0.470281969125413,0.31501551669091,0.214702514183677
"284.09889-1.031",2,0.210189843888354,0.63426352792517,0.155546628186476
"447.2289-13.091",3,0.267326282335409,0.295023430162353,0.437650287502238
"567.09198-7.791",2,0.359092868226404,0.429067222034484,0.211839909739111
"468.1518-1.064",2,0.272938259326357,0.380532932940135,0.346528807733508
"371.0986-6.843",1,0.55062076734595,0.249808298178393,0.199570934475657
"285.17094-10.039",1,0.485225605089883,0.193561713680708,0.321212681229409
"253.13479-9.911",1,0.483885435225287,0.303108730147839,0.213005834626874
"485.32788-12.331",2,0.141596421119555,0.741238623884694,0.117164954995751
"283.08246-7.177",1,0.760034685763259,0.11744807207252,0.122517242164221
"593.37035-12.661",1,0.477283987809926,0.19448047073415,0.328235541455924
"291.01821-1.123",1,0.673815221166265,0.145100706017692,0.181084072816043
"448.28226-9.292",1,0.521800070639626,0.271862382681534,0.20633754667884
"520.26877-13.785",3,0.379738466371324,0.195039078094502,0.425222455534174
"354.10574-5.419",1,0.490296979321185,0.297629905489397,0.212073115189417
"376.22445-8.176",3,0.246436498462649,0.238820431526374,0.514743070010977
"373.20956-1.636",2,0.140937036573795,0.744219257836205,0.11484370559
"411.26738-15.304",3,0.232260001170213,0.214131622958951,0.553608375870835
"216.12424-5.997",3,0.313147539391198,0.18244895710046,0.504403503508342
"581.24127-11.236",2,0.261212070499864,0.448754064591839,0.290033864908297
"319.13023-8.319",3,0.293365991603389,0.176567782371511,0.530066226025099
"395.29186-15.455",1,0.655443511377662,0.151508224301705,0.193048264320633
"368.87903-0.916",1,0.418804144414875,0.197354012572622,0.383841843012504
"178.06413-12.013",1,0.439552600624141,0.343420063219596,0.217027336156263
"334.13331-7.593",2,0.258375941639791,0.459715129860131,0.281908928500078
"413.18211-11.379",1,0.401523109190182,0.381747785331181,0.216729105478637
"485.32781-11.841",3,0.158229967060166,0.113695904492092,0.728074128447743
"293.06381-7.238",1,0.658701955654828,0.176970351498764,0.164327692846408
"305.97122-6.425",3,0.265136748098635,0.28650116527135,0.448362086630015
"423.26753-15.147",3,0.211201582821284,0.184487674747325,0.60431074243139
"423.26751-15.143",3,0.204058538835581,0.175589488781934,0.620351972382485
"399.16641-7.345",1,0.558444364297878,0.244046341038503,0.197509294663619
"366.88191-0.901",3,0.3920712092642,0.196161593047196,0.411767197688604
"603.31577-14.192",2,0.154113494993949,0.724026137747126,0.121860367258926
"365.88424-0.9",3,0.308693527572615,0.181209407433011,0.510097064994374
"323.14476-7.838",3,0.274055161535328,0.35355374911889,0.372391089345783
"304.10408-1.061",2,0.272883020506576,0.38118640844613,0.345930571047294
"481.26358-12.226",3,0.145159677979108,0.106380301215691,0.748460020805201
"445.25795-7.132",3,0.137499403930185,0.102891980921296,0.75960861514852
"453.17713-8.865",1,0.587296147135954,0.223541393723912,0.189162459140134
"435.34865-15.419",3,0.270960031344323,0.313510966432119,0.415529002223558
"621.32885-10.871",1,0.400030115378941,0.38332903846662,0.216640846154439
"347.04439-6.631",1,0.446433047562565,0.336870195326641,0.216696757110794
"511.17274-9.084",1,0.418936171070552,0.363739768682435,0.217324060247014
"371.13489-9.925",1,0.623112869118545,0.199523549280123,0.177363581601332
"218.08571-7.882",3,0.220291869542947,0.196553437786945,0.583154692670108
"621.40136-16.148",2,0.215826073014786,0.625506092611563,0.158667834373651
"534.19238-7.09",3,0.273962254890254,0.347071862132459,0.378965882977287
"340.65967-9.661",1,0.414547443680866,0.368203864551543,0.217248691767591
"327.21792-12.11",1,0.570928275359518,0.235035313821201,0.194036410819281
"667.27467-8.653",2,0.163228736150598,0.695744111963334,0.141027151886068
"269.17601-11.727",2,0.236480168136159,0.527763312218017,0.235756519645824
"447.22889-11.824",1,0.59659712216111,0.170053711450934,0.233349166387956
"322.12338-5.078",1,0.562519672019028,0.241080473513553,0.196399854467419
"382.29632-16.237",3,0.21507529594849,0.189516916053329,0.595407787998181
"136.87225-0.94",1,0.599133119545262,0.215440303839198,0.18542657661554
"491.22936-10.361",1,0.464957320092717,0.319784100471569,0.215258579435713
"501.2866-10.199",3,0.145716983315911,0.106681158695964,0.747601857988125
"285.1346-9.071",1,0.584913015403272,0.225193282652858,0.18989370194387
"748.27935-8.663",1,0.440435410389247,0.342573331200396,0.216991258410357
"363.07585-7.633",1,0.757350341816673,0.119004265400279,0.123645392783048
"512.67052-9.598",1,0.708378890125585,0.132423696392748,0.159197413481667
"485.20359-6.871",1,0.513632082572173,0.278367185373931,0.208000732053896
"237.06174-1.446",2,0.211092662565257,0.632856542879523,0.15605079455522
"574.16157-5.639",2,0.181784737942898,0.656650409265842,0.16156485279126
"387.20268-9.932",1,0.703887805209107,0.149818105504638,0.146294089286255
"575.09002-8.915",1,0.453181872003944,0.19652462996533,0.350293498030727
"398.83712-0.897",3,0.266406631816451,0.291284144264873,0.442309223918676
"215.08278-6.634",2,0.189521701726406,0.639933503749367,0.170544794524227
"487.32821-13.392",1,0.758690382687873,0.113097900963766,0.128211716348361
"591.35512-14.094",1,0.616932421597599,0.203565887672916,0.179501690729484
"559.28157-11.133",3,0.235565739517814,0.219433501389073,0.545000759093112
"239.04982-5.702",1,0.451567057059176,0.196619977112124,0.3518129658287
"578.86953-0.97",2,0.197199783335818,0.623014201169263,0.179786015494919
"417.10434-5.991",1,0.766331234194083,0.113737485171066,0.119931280634852
"580.23593-10.742",2,0.344171467557591,0.446909336189743,0.208919196252666
"417.15917-10.244",2,0.360373246087585,0.427565718870211,0.212061035042204
"544.25881-8.861",2,0.142988198665347,0.738062782274845,0.118949019059809
"205.05403-7.564",3,0.236294708400031,0.220634385289813,0.543070906310156
"629.3679-14.626",3,0.153814957559671,0.121516584679397,0.724668457760932
"469.30936-13.295",3,0.137113200520534,0.103973790734111,0.758913008745355
"313.11956-10.173",1,0.494344421509037,0.294213731536491,0.211441846954472
"388.09522-6.231",1,0.6209052137993,0.1627964498741,0.2162983363266
"459.09386-9.675",1,0.631799914881188,0.193907976757901,0.174292108360911
"325.27499-15.377",3,0.239707756621193,0.226426575212135,0.533865668166672
"289.11193-7.494",3,0.218038889914138,0.193474730010522,0.588486380075339
"188.09305-1.444",1,0.59249718681206,0.171215246745683,0.236287566442257
"455.26871-12.219",1,0.447858598280545,0.196818514449784,0.355322887269672
"271.04754-6.649",1,0.740100165973272,0.120266787656268,0.13963304637046
"602.38336-16.673",2,0.239072314539289,0.520627288406945,0.240300397053766
"461.67268-8.84",1,0.597141651660562,0.216791410983461,0.186066937355976
"554.28334-13.089",3,0.274016086225371,0.349598933155416,0.376384980619213
"515.30253-11.75",3,0.273945246811019,0.346440487440039,0.379614265748942
"399.16634-7.146",1,0.417699490621184,0.364992667960807,0.217307841418009
"262.11203-7.748",1,0.668616605871018,0.170885250689951,0.160498143439031
"275.15031-7.865",3,0.158467598752216,0.113830894982247,0.727701506265537
"507.20328-12.998",3,0.264477606060609,0.284164071534508,0.451358322404883
"218.06713-1.621",1,0.446614061094468,0.336699398629477,0.216686540276056
"370.25996-15.381",3,0.395894167837494,0.196435120533344,0.407670711629162
"245.13961-6.291",3,0.142366686694342,0.110042030338331,0.747591282967326
"506.70188-8.931",1,0.409489115868457,0.373411012840553,0.217099871290991
"473.32762-16.424",1,0.454708114110149,0.329140502841714,0.216151383048136
"523.284-12.018",1,0.424713744875585,0.197395439989234,0.377890815135181
"302.17248-1.746",1,0.528013924944765,0.186708239410109,0.285277835645127
"383.1715-7.753",1,0.421995030773915,0.197386139559329,0.380618829666755
"293.21243-15.175",1,0.517822385798679,0.275015351370153,0.207162262831168
"705.31695-10.598",1,0.539949131203406,0.184271029829021,0.275779838967573
"267.94446-1.21",1,0.679618499701267,0.143025410149188,0.177356090149545
"229.08312-1.101",2,0.355413757687551,0.433407619677693,0.211178622634756
"417.20542-7.677",2,0.230873681634771,0.542685056336396,0.226441262028833
"259.11883-7.862",2,0.252421871283778,0.480486034323632,0.267092094392589
"496.20509-9.388",1,0.718081584564114,0.1287449805029,0.153173434932986
"408.18537-12.285",3,0.279941205809532,0.172030790757906,0.548028003432562
"339.1021-8.474",1,0.744608162640908,0.11851973139418,0.136872105964911
"473.29152-10.644",3,0.344480916780579,0.189760580032775,0.465758503186647
"358.16228-6.973",2,0.375864288268907,0.409765971434727,0.214369740296367
"552.26858-8.152",1,0.493350163041203,0.295049913110627,0.21159992384817
"284.16184-5.95",3,0.252331639149458,0.251098219406211,0.496570141444331
"213.05183-1.431",3,0.365641262427447,0.193300063000893,0.441058674571659
"492.24708-7.807",1,0.488944776398661,0.193091449690773,0.317963773910566
"452.24451-13.042",3,0.229480928027891,0.209841022644534,0.560678049327575
"446.32797-15.282",3,0.241981296364207,0.230455989747861,0.527562713887932
"629.24821-14.738",2,0.282567439160124,0.527244980205087,0.190187580634789
"463.08871-8.502",1,0.589370708860793,0.172088203678284,0.238541087460923
"576.20419-13.741",3,0.339409463409055,0.1887450329562,0.471845503634745
"195.06994-5.788",3,0.159470520540869,0.114400662046763,0.726128817412368
"790.2048-16.89",3,0.318314123648845,0.183824670757068,0.497861205594087
"213.11333-9.322",1,0.58430920780087,0.225612959089865,0.190077833109265
"291.07241-1.101",3,0.260124213230462,0.270552985340333,0.469322801429205
"691.34722-16.559",3,0.189977753034211,0.159199186279757,0.650823060686032
"274.95628-7.73",2,0.268328044195997,0.415488930317071,0.316183025486933
"274.9563-7.729",2,0.270771061815973,0.400001501669104,0.329227436514923
"229.10823-8.896",2,0.151722639151666,0.727875533159318,0.120401827689016
"229.10828-8.914",2,0.144777553380313,0.738845090408819,0.116377356210867
"287.22296-12.507",3,0.384003671106108,0.195469032646499,0.420527296247393
"639.31597-14.022",3,0.359702057988645,0.192419852364534,0.447878089646821
"365.19719-7.932",3,0.323341054596383,0.185098908675713,0.491560036727904
"483.31194-14.636",3,0.314611901492069,0.182845663606323,0.502542434901608
"427.21077-12.009",3,0.142990521745957,0.105234011367512,0.751775466886531
"616.30535-12.087",3,0.218316087234183,0.145926552757804,0.635757360008014
"467.2938-15.193",1,0.402653025738778,0.196833670952516,0.400513303308707
"467.29362-15.198",3,0.250790966046234,0.247731186392198,0.501477847561567
"593.37028-11.44",1,0.551143291339713,0.249420618361961,0.199436090298326
"386.27359-16.935",3,0.32806710544097,0.186238892585513,0.485694001973517
"407.17488-10.221",1,0.42747840663394,0.355191839130535,0.217329754235525
"407.17493-10.47",1,0.519758619623824,0.273477098000101,0.206764282376075
"535.28398-12.213",1,0.395173941264377,0.388513684514612,0.216312374221011
"546.28188-16.378",1,0.605803696669198,0.167377974267412,0.22681832906339
"445.1358-5.862",1,0.555032895647989,0.246547666386642,0.198419437965369
"279.96963-6.43",2,0.272214341895896,0.388175763672934,0.33960989443117
"114.05612-1.097",2,0.320254840522345,0.47683154891566,0.202913610561995
"241.08584-10.363",2,0.253550307537272,0.47673370900191,0.269715983460818
"227.10383-16.883",1,0.436198076067263,0.197254014180554,0.366547909752183
"377.11007-8.65",1,0.7712442525504,0.108595539339503,0.120160208110098
"407.19737-13.706",3,0.317364302919437,0.183576779286884,0.499058917793679
"350.27014-15.771",3,0.273689480538687,0.340007570571776,0.386302948889537
"466.29455-14.214",1,0.493854904339528,0.19243233746553,0.313712758194942
"255.05123-6.204",2,0.202276239644502,0.646662674849945,0.151061085505553
"454.22743-11.223",2,0.145425968909761,0.737847522711711,0.116726508378529
"254.90573-0.979",3,0.307149661333403,0.180768209959759,0.512082128706839
"269.17603-9.145",1,0.496333936629041,0.192083260393161,0.311582802977799
"269.17604-9.14",1,0.496632103586509,0.192040545366038,0.311327351047453
"323.18417-10.341",3,0.208776267715584,0.141182924955856,0.65004080732856
"625.36012-10.853",1,0.502107883458739,0.287750769300205,0.210141347241056
"713.35274-13.665",1,0.424944716790171,0.357707965248713,0.217347317961117
"593.40643-16.877",2,0.373836401089183,0.412057740376791,0.214105858534026
"578.30269-13.775",2,0.242971038155896,0.509557040116707,0.247471921727397
"436.28372-14.53",1,0.617997321814445,0.202866520157858,0.179136158027697
"320.11759-7.258",1,0.460742932313961,0.323602754007397,0.215654313678643
"464.27902-11.024",2,0.235368069592687,0.595653434435439,0.168978495971874
"464.27899-11.037",2,0.188833010644877,0.667980055633115,0.143186933722008
"503.28022-14.343",1,0.472974544162601,0.19492935548896,0.332096100348439
"581.15006-1.666",2,0.249377611865509,0.574777515257612,0.175844872876879
"402.18542-7.486",1,0.75938719095455,0.112833670963455,0.127779138081996
"216.08791-1.11",2,0.307499161913171,0.493453460236115,0.199047377850714
"401.26991-14.702",3,0.216382744324289,0.191250607454198,0.592366648221513
"173.84275-11.202",3,0.254938032937231,0.257103850609574,0.487958116453196
"487.34361-12.192",2,0.173268513451586,0.674738313476512,0.151993173071902
"223.0953-9.21",3,0.20314227462297,0.174479718298347,0.622378007078683
"402.19586-9.991",3,0.305641709967846,0.180331554853002,0.514026735179152
"459.25219-10.751",3,0.157342961270624,0.125026897375223,0.717630141354153
"383.20778-11.373",3,0.140874917859488,0.10847901615489,0.750646065985621
"383.20773-11.374",3,0.143521660437542,0.10551031982241,0.750968019740048
"769.17957-1.032",2,0.352229012068341,0.437195865617838,0.210575122313821
"769.17958-1.04",2,0.28673437158988,0.521479507551364,0.191786120858755
"563.32324-14.263",2,0.339347712455406,0.452813075173203,0.207839212371391
"526.24849-9.106",2,0.145196625192023,0.738201470824104,0.116601903983873
"427.21058-11.728",3,0.209577775799601,0.141587928153638,0.648834296046761
"527.31511-9.542",1,0.683258980924979,0.162036483929228,0.154704535145793
"402.24189-11.932",2,0.141174083249991,0.74397226348498,0.114853653265029
"126.01977-1.437",2,0.382576733118119,0.402261738093121,0.21516152878876
"383.17139-7.986",2,0.316071145416054,0.482232823747824,0.201696030836122
"509.28937-15.004",1,0.535196783639243,0.261442802817575,0.203360413543183
"317.15087-8.903",1,0.714096510987915,0.130261197074277,0.155642291937808
"317.15087-8.911",1,0.668857876634289,0.146854594621609,0.184287528744101
"275.10398-7.461",1,0.41791387181021,0.364775193839528,0.217310934350262
"649.39636-12.321",3,0.170278997954429,0.120517627341939,0.709203374703632
"479.27842-14.942",3,0.346916152810384,0.190225186427128,0.462858660762488
"750.29917-7.755",3,0.253313799301128,0.25331274608276,0.493373454616112
"523.19831-11.414",3,0.265693153254152,0.166746134370037,0.567560712375811
"493.09122-8.239",1,0.476513382234063,0.309512800167889,0.213973817598048
"630.31379-9.122",3,0.27171870140522,0.318715947806676,0.409565350788104
"602.30271-13.527",3,0.274051306941729,0.356154000773597,0.369794692284674
"273.13458-8.291",3,0.367016848737096,0.193491397772339,0.439491753490565
"267.09106-6.091",3,0.149780303039984,0.117509277586484,0.732710419373532
"376.2626-15.381",3,0.267763077928959,0.296896361556524,0.435340560514517
"409.23649-9.968",3,0.326766748434158,0.185930840534494,0.487302411031348
"140.03538-1.129",1,0.769721528928877,0.111662658350118,0.118615812721006
"619.28956-13.6",2,0.273837090502423,0.365830005409033,0.360332904088544
"399.25433-14.395",3,0.141990237377859,0.109651404650151,0.74835835797199
"253.14469-10.73",2,0.249477926463599,0.489953251286786,0.260568822249615
"357.21459-7.162",3,0.224748547848793,0.202840285959916,0.572411166191291
"300.19314-6.173",3,0.224559569844282,0.148937456830949,0.626502973324768
"545.26589-10.334",3,0.176585161487848,0.144678091470375,0.678736747041776
"220.14652-11.874",2,0.144523659500226,0.734719528116798,0.120756812382976
"295.22791-15.611",1,0.483204904810059,0.193806600476643,0.322988494713298
"471.34852-14.803",1,0.590372434365941,0.171809725499661,0.237817840134398
"578.21981-14.626",3,0.294960173652675,0.177077497992827,0.527962328354499
"215.10386-1.089",2,0.357120827349413,0.431388939049786,0.211490233600801
"470.27623-10.428",3,0.227803980054131,0.150471778820322,0.621724241125547
"251.0563-5.862",3,0.136840916339182,0.103129894181579,0.760029189479239
"397.21352-10.574",1,0.731133773432412,0.123735432733267,0.145130793834321
"373.12941-8.941",2,0.196860705696002,0.62376923534029,0.179370058963708
"405.24161-12.642",3,0.249094856863679,0.244161326396389,0.506743816739932
"134.07427-10.802",1,0.547203630900971,0.252353840326089,0.20044252877294
"570.31118-9.435",2,0.17708365701883,0.666671110468363,0.156245232512808
"308.08135-5.557",2,0.380275996724094,0.404819775604382,0.214904227671524
"588.21269-8.501",2,0.236196117623662,0.594406930634362,0.169396951741976
"264.08793-7.748",1,0.585551912767791,0.224749721289002,0.189698365943207
"566.15808-1.065",2,0.230001348492882,0.603769497556966,0.166229153950153
"408.20649-8.134",2,0.19435054864326,0.629335212177006,0.176314239179734
"238.02546-1.588",3,0.274036638576541,0.35103798494828,0.374925376475179
"534.29008-11.065",2,0.149225913757501,0.724799081902437,0.125975004340062
"491.22934-9.924",2,0.22048824542929,0.618310455506319,0.161201299064391
"395.22088-11.307",1,0.646208593587442,0.154628779875881,0.199162626536677
"509.30436-11.159",3,0.149894610167972,0.117622915988158,0.73248247384387
"339.01615-7.652",1,0.745902585475103,0.118018240405856,0.136079174119042
"145.0507-1.133",3,0.276684555560179,0.170865004273653,0.552450440166167
"383.17133-8.161",1,0.632090031013289,0.159258351485679,0.208651617501032
"261.13451-8.319",1,0.462756823029571,0.321773030758772,0.215470146211657
"255.11406-9.004",2,0.333563416995264,0.459979973941262,0.206456609063474
"403.22601-13.458",2,0.267876678239999,0.417998757849543,0.314124563910458
"517.10068-7.312",2,0.333292248344182,0.460318301506774,0.206389450149045
"619.43537-15.09",1,0.711800784555213,0.13113137517411,0.157067840270677
"269.12578-1.588",2,0.285043013719791,0.523814100597365,0.191142885682844
"370.98455-8.621",3,0.27677778402077,0.170898727305729,0.552323488673501
"233.0669-1.098",3,0.144904436711622,0.10624324196202,0.748852321326358
"360.14147-6.2",2,0.204038472066082,0.643891486334384,0.152070041599534
"654.26707-8.02",2,0.190255740233972,0.6657099513386,0.144034308427429
"497.16114-12.305",2,0.144609541756609,0.739101862197123,0.116288596046268
"337.20232-9.303",1,0.575414555155769,0.175845091967507,0.248740352876724
"206.90846-0.929",2,0.277876356373515,0.533791065743806,0.188332577882679
"228.09915-1.442",3,0.368191203543511,0.193651023089551,0.438157773366937
"553.29478-10.713",2,0.244045798997681,0.506424874185338,0.249529326816981
"525.21665-10.745",3,0.193372570813301,0.163030934863574,0.643596494323125
"423.17899-6.989",1,0.585142788978051,0.173250751761135,0.241606459260814
"293.12451-5.421",2,0.349632118776686,0.440306237583976,0.210061643639338
"267.1215-8.468",2,0.240626213207722,0.516266837085099,0.243106949707179
"441.29966-15.571",2,0.280843126369563,0.52964435464471,0.189512518985726
"379.26858-16.434",2,0.207635268973926,0.638253186267589,0.154111544758485
"637.39593-16.39",1,0.631041440132812,0.19439527760706,0.174563282260128
"549.16223-7.709",1,0.442612269563084,0.340493439001286,0.216894291435629
"349.20199-10.897",1,0.769254172965216,0.111954739440366,0.118791087594418
"483.12629-1.147",1,0.576867937256157,0.230823617838792,0.192308444905052
"556.28439-13.791",1,0.607122787226305,0.166987146226895,0.2258900665468
"248.07778-1.474",3,0.320614369305815,0.184415623325564,0.49497000736862
"381.24155-11.508",3,0.229772085358755,0.151392232481996,0.618835682159249
"239.1039-6.321",1,0.545212359969032,0.183129561785694,0.271658078245274
"445.07818-6.572",2,0.345214873363886,0.445641060360868,0.209144066275246
"593.18836-8.076",1,0.707453868097464,0.147731946551992,0.144814185350544
"188.09303-6.583",1,0.398324277534949,0.385143028583472,0.216532693881579
"230.03079-1.114",3,0.143377649700778,0.105435075802976,0.751187274496247
"436.23791-8.898",2,0.172130192321065,0.694838321076804,0.133031486602131
"458.25867-13.044",2,0.163343950404425,0.695504516973844,0.141151532621731
"582.25224-10.037",1,0.468474113475592,0.316627622130012,0.214898264394396
"377.21001-12.106",2,0.215554028627685,0.625927336194837,0.158518635177478
"322.14116-6.112",3,0.208906024920597,0.181577922798391,0.609516052281012
"238.04901-1.101",3,0.252194803815007,0.250794038349357,0.497011157835636
"230.10353-7.232",2,0.348055230898949,0.442204299278773,0.209740469822278
"624.35245-14.909",1,0.48873321237687,0.193118875035815,0.318147912587314
"619.38581-13.371",1,0.690220908523987,0.139175529819763,0.17060356165625
"573.24047-8.215",2,0.387971493546131,0.396320945202257,0.215707561251612
"575.05826-8.356",2,0.318336109213936,0.479302547114032,0.202361343672031
"379.21291-7.177",2,0.243658061219746,0.507559181105402,0.248782757674853
"428.22936-10.705",3,0.273204237629902,0.332600553943999,0.394195208426099
"253.13481-9.684",3,0.391102492593971,0.196086724299812,0.412810783106217
"463.33108-15.984",1,0.611519368305596,0.165671350192604,0.2228092815018
"549.07974-7.151",2,0.168601648687531,0.700550834603385,0.130847516709084
"219.9785-1.037",1,0.58793339262082,0.172485754265291,0.239580853113889
"357.16494-10.993",1,0.468332735477139,0.195372958388346,0.336294306134515
"524.2684-10.706",3,0.226355687993483,0.205177604087091,0.568466707919426
"779.29195-5.689",1,0.653478355927397,0.180208814776754,0.166312829295848
"445.25795-7.261",3,0.326810889047229,0.185941367228684,0.487247743724087
"596.3235-11.577",3,0.272517067957014,0.169336567153058,0.558146364889928
"525.21674-10.429",3,0.268031565811788,0.298082615299772,0.433885818888439
"621.10004-7.007",2,0.220253330770438,0.618671954027535,0.161074715202027
"367.21294-10.894",3,0.311433917585731,0.181977916946113,0.506588165468156
"470.23029-9.12",3,0.351357340664048,0.191034049061784,0.457608610274168
"427.11712-7.08",1,0.405242753276161,0.19695783952386,0.397799407199978
"513.156-11.446",1,0.673536894288067,0.145199644994348,0.181263460717585
"477.18046-8.655",1,0.399254555141446,0.384152802092146,0.216592642766408
"253.18105-13.475",1,0.663554507975339,0.148710889830795,0.187734602193866
"547.14654-7.713",1,0.435268431486949,0.34755596414238,0.217175604370671
"487.32001-14.186",3,0.310691551484969,0.181771578878955,0.507536869636076
"273.12062-1.068",3,0.265992279353449,0.289679147649755,0.444328572996795
"502.29456-14.227",3,0.244439201445744,0.234987468694198,0.520573329860058
"385.18706-8.067",3,0.366168492673898,0.193373953110239,0.440457554215864
"275.15028-7.761",3,0.138670586442144,0.106041772571269,0.755287640986587
"231.06309-1.004",2,0.260652588197635,0.558317417536021,0.181029994266344
"317.17606-12.448",1,0.772890510678053,0.109563605271983,0.117545884049964
"110.97584-1.07",1,0.686915450445828,0.140383600938219,0.172700948615953
"412.28932-17.103",3,0.359894052854337,0.192449683835034,0.447656263310629
"510.23621-9.202",2,0.232454409023542,0.538542572292267,0.229003018684191
"442.19092-9.896",2,0.196716335830301,0.6240904744388,0.179193189730899
"530.30001-15.31",2,0.273634216358261,0.370315262263861,0.356050521377878
"372.08586-6.138",1,0.757047679879746,0.113723333319835,0.129228986800419
"572.21789-10.478",1,0.522404237462759,0.187778735791363,0.289817026745878
"395.16488-8.512",2,0.356881402006387,0.431671570218787,0.211447027774826
"380.2306-6.628",3,0.388916374887335,0.195909474326819,0.415174150785846
"521.31259-16.121",2,0.267949844031709,0.547833179094159,0.184216976874132
"471.31222-16.012",2,0.177525022508977,0.665734235114582,0.156740742376441
"443.30495-15.323",3,0.287207463876838,0.174540518716886,0.538252017406276
"437.09165-8.34",1,0.626746417787714,0.160963500219715,0.212290081992571
"457.29653-10.824",3,0.184437247265866,0.128367039263433,0.687195713470701
"321.10164-7.52",3,0.185509959340315,0.12895135645668,0.685538684203004
"321.10164-7.517",3,0.255573975594771,0.258635798304497,0.485790226100732
"295.228-15.244",3,0.309982086683628,0.181573100686356,0.508444812630015
"402.91711-0.917",3,0.157237904244101,0.124922151108013,0.717839944647886
"301.10807-1.598",1,0.501432742590141,0.191331461129429,0.30723579628043
"301.10803-1.589",1,0.411462508490363,0.197192156400009,0.391345335109628
"545.0036-7.781",2,0.39113364930282,0.392875852097047,0.215990498600132
"411.20623-9.25",1,0.727092336827651,0.125292802001686,0.147614861170664
"127.07654-7.977",1,0.517418324938001,0.275337195845958,0.207244479216042
"372.21429-5.983",1,0.652486197658206,0.152515159418589,0.194998642923205
"195.06656-6.859",2,0.259292981432047,0.456263754586663,0.28444326398129
"638.33181-15.012",1,0.757065263198374,0.119169001856684,0.123765734944943
"281.11206-5.123",2,0.167062829421418,0.687754958124204,0.145182212454377
"525.29958-11.456",3,0.13780335361227,0.102948790976084,0.759247855411646
"196.94712-0.984",1,0.432045871419924,0.197338572194664,0.370615556385412
"325.20228-11.575",2,0.389539850241884,0.394608842171308,0.215851307586808
"385.09293-7.887",2,0.239062199257258,0.590104510927884,0.170833289814858
"233.06685-1.477",3,0.181149642908519,0.126566378054543,0.692283979036938
"394.22722-9.125",2,0.25904579123274,0.457202152340887,0.283752056426373
"583.18293-9.349",2,0.148331768110105,0.733290385603945,0.11837784628595
"536.20804-6.866",2,0.241131051223387,0.514835866875131,0.244033081901482
"400.28594-16.467",1,0.753169107523202,0.121413130073255,0.125417762403543
"303.12388-7.839",3,0.375715013455488,0.194592710339239,0.429692276205274
"317.11629-7.531",3,0.232445078338823,0.214422545680697,0.553132375980479
"316.18806-5.758",1,0.421251886570601,0.197380709453214,0.381367403976185
"522.23755-13.806",1,0.744030134410874,0.126648887567622,0.129320978021504
"333.19223-6.268",3,0.184498781396431,0.153151928780445,0.662349289823125
"340.2857-16.306",3,0.355745820499313,0.191784609935644,0.452469569565043
"646.32746-9.424",2,0.148084497836652,0.727184639582298,0.12473086258105
"500.2977-13.287",1,0.579103516994077,0.229250599250389,0.191645883755533
"384.22161-12.326",1,0.652767770294298,0.180651148063998,0.166581081641704
"368.24696-16.814",1,0.435314888495943,0.197275138706171,0.367409972797886
"189.11343-6.831",3,0.196024379382497,0.166073555744101,0.637902064873402
"410.20097-12.297",3,0.37253699547035,0.194212003808979,0.433251000720671
"110.92614-0.885",3,0.227169908819811,0.150173571538415,0.622656519641774
"227.05632-1.117",1,0.76533010791684,0.114336136871697,0.120333755211464
"232.08279-1.105",1,0.739848627767702,0.129041032496321,0.131110339735977
"298.23891-15.128",1,0.431507652680408,0.197346778497716,0.371145568821876
"302.17627-16.907",3,0.139519262953948,0.103559179957337,0.756921557088715
"326.16378-7.244",3,0.249202768406108,0.244384467829256,0.506412763764636
"248.06-6.149",2,0.243986071652965,0.582757250790642,0.173256677556393
"427.08036-8.465",3,0.202970111041995,0.138214900948901,0.658814988009104
"377.20059-11.269",2,0.232453658230128,0.538544551242893,0.229001790526979
"247.15528-6.828",3,0.214716179926205,0.189044034204963,0.596239785868832
"319.97675-1.007",1,0.402428652704114,0.380791611597862,0.216779735698024
"319.97663-1.009",1,0.410926322549125,0.371924730541866,0.21714894690901
"401.20457-6.79",3,0.25611489019712,0.259961573522625,0.483923536280256
"313.09973-6.298",3,0.363827659286391,0.193040608544195,0.443131732169414
"517.19604-8.781",1,0.677070009150709,0.165757447986476,0.157172542862815
"253.10835-6.875",3,0.203169912026771,0.138318018159843,0.658512069813386
"273.12468-8.012",1,0.730845856981828,0.123846535366179,0.145307607651993
"279.09108-8.232",3,0.18766001878435,0.156621364297125,0.655718616918525
"287.09272-10.492",2,0.340994740374949,0.450789828819921,0.20821543080513
"358.26001-14.252",3,0.240538280414383,0.156286541979491,0.603175177606126
"273.13462-5.549",1,0.738034656272151,0.121066965055276,0.140898378672573
"439.2262-10.197",3,0.146019342620686,0.113755417178742,0.740225240200572
"509.26766-10.031",3,0.15076123287405,0.118484060999746,0.730754706126204
"469.29649-11.419",3,0.246055307079782,0.158699879896663,0.595244813023555
"402.30156-17.398",1,0.55320461417248,0.181321095723814,0.265474290103706
"289.89751-6.099",3,0.213020038608272,0.186829226314076,0.600150735077652
"441.24169-12.019",3,0.232014911447496,0.152431586147191,0.615553502405313
"537.26324-9.652",3,0.202939054468261,0.138198866473463,0.658862079058276
"403.27047-15.005",1,0.575212049887022,0.175897874034285,0.248890076078693
"481.23441-9.366",3,0.139210831225726,0.106662437532946,0.754126731241328
"499.28891-14.026",3,0.290564070097245,0.175656876817119,0.533779053085636
"455.33022-17.451",3,0.259757157490413,0.269519301368785,0.470723541140802
"455.3302-17.45",3,0.261424966088399,0.274340950495461,0.46423408341614
"654.28283-7.174",2,0.20929572831885,0.595517925102969,0.195186346578181
"506.3259-14.673",1,0.45498674902917,0.196411721712924,0.348601529257905
"389.20809-10.127",3,0.137206832419211,0.102879468374422,0.759913699206367
"473.32384-8.655",1,0.515697105121038,0.276711443165017,0.207591451713944
"672.34303-12.019",2,0.226135823690003,0.609654621849314,0.164209554460683
"620.33813-14.886",1,0.501749972889227,0.28804617498229,0.210203852128483
"269.07032-1.46",2,0.231973419285102,0.600779696032399,0.167246884682499
"333.00779-6.393",1,0.685821915504319,0.140781732245329,0.173396352250353
"251.00067-7.209",2,0.23250376028749,0.599977130466824,0.167519109245686
"363.15979-7.223",1,0.407202197308773,0.197041361085042,0.395756441606185
"481.35404-16.57",3,0.180134631808258,0.148443793455121,0.671421574736621
"343.12202-9.946",3,0.184375077302667,0.128333125154388,0.687291797542944
"343.12205-9.928",3,0.260633370799482,0.272011749740976,0.467354879459542
"573.23266-6.482",1,0.590237189585174,0.221512594370785,0.188250216044041
"387.20267-10.625",1,0.7733365654,0.108046150862246,0.118617283737754
"378.9148-0.966",1,0.773190376033936,0.108075032435172,0.118734591530892
"332.19989-10.925",1,0.761214648787673,0.112144421356289,0.126640929856038
"655.40714-10.801",1,0.73502561763037,0.131802291759094,0.133172090610536
"359.12499-8.249",1,0.432066505306371,0.350676362523047,0.217257132170582
"605.24609-7.342",1,0.533139742167884,0.263023191762767,0.203837066069349
"401.21027-9.844",2,0.140642173198504,0.744396834556808,0.114960992244688
"353.11638-7.924",2,0.260774387149795,0.450504062875886,0.288721549974318
"353.11636-7.917",2,0.261453606846907,0.447778085185798,0.290768307967296
"579.13644-6.704",1,0.643687295692815,0.155468341230937,0.200844363076248
"603.23046-7.467",1,0.603829623798046,0.212272366254687,0.183898009947267
"307.94003-1.587",3,0.372752951904466,0.194238662649083,0.433008385446451
"303.13868-8.207",1,0.589705302305432,0.171995315518295,0.238299382176272
"352.2156-12.013",1,0.732214400105827,0.133413853180608,0.134371746713565
"731.40186-14.903",1,0.478336531411226,0.194365479879757,0.327297988709017
"589.27282-11.236",1,0.663786410303612,0.148630161416795,0.187583428279593
"469.29644-13.257",2,0.268189907289235,0.416265922966374,0.315544169744391
"421.18407-7.456",2,0.337737397508184,0.454798708751292,0.207463893740524
"363.18154-7.359",3,0.327627943163964,0.186135332481655,0.486236724354381
"118.89968-16.909",3,0.269791553536677,0.306683506185676,0.423524940277648
"625.36019-9.954",2,0.195879570905437,0.625949653212595,0.178170775881968
"559.38584-12.527",1,0.601861508856249,0.168534951684409,0.229603539459342
"359.13494-7.889",1,0.712499358072419,0.144791944131588,0.142708697795993
"423.32343-16.408",1,0.433660444291126,0.19731015325586,0.369029402453014
"367.13605-1.07",1,0.518594649145487,0.188477503811317,0.292927847043196
"349.06003-6.973",1,0.39972969032447,0.383647944484522,0.216622365191009
"331.08027-1.091",2,0.270114860785611,0.404560302969,0.325324836245389
"428.24722-12.516",3,0.1369305620149,0.103611568571735,0.759457869413365
"407.31692-14.415",1,0.435235933411358,0.197276944856809,0.367487121731833
"357.15901-8.56",1,0.591395130960546,0.171524230640856,0.237080638398598
"134.87528-0.939",2,0.142010399880094,0.742911061119426,0.115078539000481
"270.14619-5.483",1,0.6263390279966,0.197429191101333,0.176231780902067
"524.26948-9.379",2,0.213668819505912,0.628850544736068,0.15748063575802
"636.27856-8.02",3,0.285940137173665,0.174111932180332,0.539947930646003
"273.1247-8.303",1,0.405535874023979,0.377527252789564,0.216936873186457
"239.05971-6.967",2,0.318562977413406,0.47900983684498,0.202427185741614
"333.08626-5.56",1,0.429463055683337,0.197372155052099,0.373164789264564
"287.12909-9.076",1,0.716364073715135,0.142548617213113,0.141087309071752
"497.34079-16.933",3,0.2285551982308,0.20844263861214,0.56300216315706
"127.05136-1.086",1,0.591361484123544,0.17153364246671,0.237104873409746
"519.14503-6.186",2,0.17730773287442,0.666195567604027,0.156496699521553
"359.18656-10",2,0.247317774932959,0.577818011449022,0.174864213618019
"324.11792-1.008",2,0.38195951179551,0.402946547660764,0.215093940543726
"237.04064-7.603",2,0.271221809829333,0.543176364197922,0.185601825972745
"211.09773-7.107",1,0.710775383938574,0.145795021180657,0.143429594880769
"369.21456-6.561",3,0.29900596253196,0.178343110023552,0.522650927444488
"378.16742-6.127",3,0.22398386453635,0.14866301380862,0.627353121655029
"438.13789-6.631",3,0.385503993848459,0.195609744206977,0.418886261944564
"501.32273-10.137",3,0.170146555512821,0.120443156435281,0.709410288051898
"401.21028-9.398",3,0.187356565771904,0.156286045655779,0.656357388572317
"607.34953-13.13",1,0.593053121406167,0.171058855898591,0.235888022695243
"413.21842-11.509",1,0.525627262114304,0.268854691216474,0.205518046669223
"429.21353-8.624",2,0.258481121800036,0.561463133122557,0.180055745077407
"475.25694-8.011",2,0.346815334207456,0.44370171258526,0.209482953207284
"497.25844-11.285",1,0.589615729157179,0.172020195000021,0.2383640758428
"341.26975-13.652",3,0.300597240762717,0.178829864903347,0.520572894333936
"475.26848-10.753",3,0.140698928910912,0.108291462411754,0.751009608677334
"583.33729-14.686",3,0.291925832724258,0.176101976038791,0.531972191236951
"297.06656-6.047",3,0.254065032727881,0.255045333805318,0.490889633466802
"377.20059-10.797",3,0.340860425757107,0.189042210001254,0.470097364241639
"277.08504-7.53",3,0.267017073530549,0.293736987433807,0.439245939035643
"375.19437-11.335",2,0.143112862209982,0.737787205180414,0.119099932609604
"261.11339-8.67",1,0.467662003828101,0.317354117021183,0.214983879150716
"402.10462-1.439",1,0.412363129656767,0.197218659776545,0.390418210566688
"335.02321-8.075",2,0.216128757814379,0.625037579842742,0.158833662342879
"346.16942-10.381",2,0.158600004521605,0.716768632364467,0.124631363113928
"633.29459-7.882",1,0.700406541646826,0.151861587251553,0.147731871101622
"361.25222-15.375",3,0.232428111237149,0.214395847117095,0.553176041645755
"249.2225-15.173",1,0.53744000494827,0.259727248542215,0.202832746509514
"239.05628-6.541",1,0.713870576407928,0.130346945309936,0.155782478282136
"302.17631-17.7",1,0.681172685662324,0.142465692368643,0.176361621969033
"262.09328-1.096",3,0.195648716774049,0.134389761761388,0.669961521464563
"403.14355-8.303",3,0.394021411241865,0.196305493193457,0.409673095564677
"190.07231-1.432",1,0.733095883629829,0.132908327930258,0.133995788439913
"385.10634-5.817",3,0.143187175868127,0.105335921850188,0.751476902281685
"385.10629-5.814",3,0.159468918516954,0.114399751918526,0.72613132956452
"471.25932-11.21",2,0.227254171411576,0.607948641349263,0.164797187239161
"599.23248-11.772",2,0.188593124336446,0.668363124286977,0.143043751376577
"398.20087-11.745",1,0.51850177145115,0.188494250844319,0.29300397770453
"471.31247-13.354",3,0.388206885672593,0.195849473528135,0.415943640799273
"383.00803-7.838",1,0.414449942017552,0.197272901319821,0.388277156662628
"397.22337-12.554",1,0.504901401646943,0.190794385087845,0.304304213265212
"505.35416-12.435",1,0.465778885344537,0.195599130893679,0.338621983761784
"404.21946-8.839",1,0.551873999419782,0.181628356168068,0.266497644412151
"653.39151-12.907",2,0.305623352398308,0.495936317473867,0.198440330127825
"547.23536-10.969",1,0.46165604601668,0.195937099965404,0.342406854017916
"541.29473-10.366",3,0.271063520597124,0.314177644470495,0.414758834932381
"649.31315-12.187",1,0.48239998231741,0.193902049026631,0.323697968655959
"510.28923-11.917",2,0.147221007687725,0.728996193462094,0.123782798850181
"527.21417-9.565",1,0.675143727062891,0.166921216692721,0.157935056244388
"387.20272-9.28",2,0.360886264210538,0.42696540488937,0.212148330900092
"241.12351-8.46",3,0.172459130147406,0.121741107064578,0.705799762788017
"579.28195-10.585",3,0.270828616398459,0.168705708268211,0.560465675333331
"206.08236-7.176",2,0.18788426451412,0.669495595568734,0.142620139917146
"589.339-13.38",1,0.515686056856997,0.188995369020364,0.295318574122639
"380.17501-8.496",2,0.239373169412448,0.519788101945309,0.240838728642243
"177.077-1.483",3,0.164637192668548,0.132351624140789,0.703011183190663
"638.27744-14.44",1,0.618564718753346,0.163521582929712,0.217913698316942
"317.07027-8.366",2,0.289682610823924,0.517428464331888,0.192888924844188
"526.24848-7.902",2,0.262329629326907,0.555896032097632,0.181774338575462
"401.15692-6.903",1,0.681255901966663,0.142435677272808,0.176308420760529
"567.17863-10.088",3,0.173815545503029,0.141775792405421,0.68440866209155
"535.30647-9.992",2,0.146334348121343,0.730864619951209,0.122801031927447
"222.09843-1.043",1,0.668353914156777,0.171045469895761,0.160600615947462
"547.25315-12.058",1,0.643215414922335,0.155624866163396,0.20115971891427
"523.20067-11.262",3,0.283823535220086,0.173387502917539,0.542788961862375
"527.30553-13.836",1,0.734295077787154,0.122514191953676,0.14319073025917
"293.04269-1.035",2,0.380616575323839,0.404440184029253,0.214943240646908
"551.75917-10.12",1,0.634040821169516,0.158629267393506,0.207329911436978
"487.32838-16.209",2,0.381311213031632,0.403666972775149,0.215021814193219
"416.21152-11.092",1,0.610191566315147,0.208021276959282,0.181787156725571
"286.16626-7.991",3,0.166921324488225,0.118625038601861,0.714453636909915
"311.11735-6.755",3,0.175054236394036,0.123191153082427,0.701754610523537
"247.0592-1.033",1,0.756480086410772,0.119506886905938,0.12401302668329
"402.19585-11.791",2,0.230719931925495,0.543085468207191,0.226194599867314
"416.21153-8.886",1,0.43360387612529,0.197311245139438,0.369084878735272
"475.26855-10.43",3,0.331828371020425,0.187105929662197,0.481065699317378
"613.26316-8.25",2,0.146457791245426,0.736242742210973,0.117299466543602
"284.77501-1.019",2,0.154855158736783,0.713109364591404,0.132035476671813
"341.16399-9.832",1,0.427755291083736,0.197386287992329,0.374858420923935
"341.164-9.837",1,0.442854992773632,0.197040785985629,0.360104221240739
"326.10691-9.841",1,0.440792144527743,0.342231708204767,0.21697614726749
"397.20572-12.071",1,0.721093301864602,0.127594596045918,0.15131210208948
"336.15684-5.824",3,0.227945642137331,0.150538292952786,0.621516064909883
"163.02633-1.666",1,0.677163950748032,0.1657007624582,0.157135286793768
"449.32773-12.79",3,0.307056046100022,0.180741266454438,0.51220268744554
"309.17087-11.841",1,0.495385793616504,0.293340010433563,0.211274195949933
"447.31211-15.304",3,0.216353400803792,0.191211486828025,0.592435112368183
"430.22728-10.998",1,0.460618201599269,0.196016846451503,0.343364951949228
"693.35282-9.721",3,0.368681652237533,0.193716674679781,0.437601673082686
"471.26027-11.761",1,0.626848773241823,0.197099242574839,0.176051984183338
"344.56397-8.217",1,0.728436427486303,0.12477539433589,0.146788178177808
"236.093-7.981",2,0.152527949775271,0.717933048092645,0.129539002132084
"523.25564-9.696",2,0.360443742504246,0.427483182487495,0.212073075008259
"469.30942-13.37",3,0.320285839869106,0.184332034824616,0.495382125306278
"388.17289-6.336",1,0.651742892320351,0.18128989318764,0.166967214492009
"304.00285-1.006",2,0.214176288481984,0.584062461677848,0.201761249840168
"585.05622-7.96",1,0.768615478082064,0.112350071929569,0.119034449988366
"495.28896-13.846",3,0.137216771887603,0.102878782304557,0.75990444580784
"495.28895-13.847",3,0.137907648866431,0.102974487516459,0.75911786361711
"436.87724-0.958",2,0.261657011967503,0.446950330917506,0.291392657114991
"300.08419-1.448",1,0.568984256120357,0.177496130148913,0.25351961373073
"315.25425-11.476",2,0.158240689847817,0.70609604165528,0.135663268496903
"485.29161-11.983",1,0.766825123034435,0.110082513738138,0.123092363227427
"497.27362-6.633",1,0.61929538505733,0.163295786959266,0.217408827983405
"584.32024-13.572",2,0.273234941490024,0.376723236912962,0.350041821597014
"539.26809-11.454",1,0.447164890098279,0.196852472611498,0.355982637290223
"536.30571-14.129",2,0.225422053724016,0.610744848194274,0.16383309808171
"322.89322-0.979",1,0.497069760251277,0.19197756468238,0.310952675066343
"272.08906-1.442",2,0.252594450108341,0.570049604885415,0.177355945006244
"258.13487-6.684",3,0.375361430150692,0.194551583178552,0.430086986670756
"239.12907-7.937",3,0.177221365433513,0.145349117792781,0.677429516773706
"239.12905-7.944",3,0.196400189856152,0.16650845116487,0.637091358978979
"239.12905-7.939",3,0.178137256806124,0.146318104619415,0.675544638574461
"364.18805-7.92",1,0.533124155561697,0.185690879130651,0.281184965307652
"378.24186-12.052",1,0.655601631037688,0.151454187448876,0.192944181513436
"503.03699-7.784",1,0.461847237317014,0.322598312523882,0.215554450159104
"487.30754-12.201",1,0.624661286447873,0.161621571605114,0.213717141947013
"285.24364-16.537",3,0.217792626374233,0.193141971133527,0.58906540249224
"379.17654-7.259",3,0.152270114494641,0.110319386147846,0.737410499357512
"157.0143-1.441",3,0.290822336259217,0.175741639266819,0.533436024473963
"339.09683-1.441",2,0.335888517384662,0.457087636841986,0.207023845773353
"243.19665-14.92",1,0.652718209159526,0.15243641846241,0.194845372378065
"455.31713-15.308",2,0.273847520460982,0.365552634656667,0.360599844882351
"485.22221-9.1",3,0.252854624420503,0.161583230938543,0.585562144640953
"473.29128-10.021",3,0.209019393924885,0.141305899624526,0.649674706450589
"382.13576-1.084",3,0.323287871837314,0.185085760318437,0.491626367844249
"512.30499-12.278",2,0.192060372968299,0.634378849975972,0.17356077705573
"189.07704-6.092",2,0.36552249064506,0.421574051732969,0.212903457621971
"370.16217-6.388",2,0.318260043988833,0.479400720682602,0.202339235328566
"185.09327-1.428",3,0.372121630458052,0.194160405132946,0.433717964409002
"497.28917-15.161",3,0.273442311904724,0.335844165610399,0.390713522484877
"324.15678-6.757",2,0.266956774372899,0.549252003615077,0.183791222012024
"281.13966-7.54",3,0.198713270520098,0.136001759103088,0.665284970376814
"356.24441-12.141",1,0.743979298167816,0.118763423030965,0.137257278801219
"229.88427-1.216",3,0.136879286068526,0.103032780831122,0.760087933100353
"468.2991-14.86",3,0.303912324103236,0.179823830917491,0.516263844979273
"307.19165-12.034",3,0.138211405212554,0.103061844441079,0.758726750346367
"581.32153-13.566",3,0.270760585945736,0.312258749794631,0.416980664259634
"523.26045-14.319",1,0.705996865264481,0.148583450633246,0.145419684102273
"317.07806-6.448",2,0.156562859744489,0.720067706602955,0.123369433652556
"385.11416-6.897",1,0.553200715100853,0.24789813847166,0.198901146427487
"731.40192-14.701",3,0.363554212577,0.193000778544187,0.443445008878813
"288.1819-7.753",3,0.145894126976862,0.113629650524923,0.740476222498216
"415.04938-10.128",3,0.207096021458804,0.14033014373412,0.652573834807076
"529.27105-11.633",3,0.360598272807648,0.192558314188326,0.446843413004026
"471.23699-12.287",3,0.173647453307887,0.141600604627319,0.684751942064794
"398.13074-1.081",1,0.582942318318134,0.173847517941857,0.243210163740009
"291.0911-8.122",1,0.526512757251931,0.268162385063171,0.205324857684898
"653.39142-12.782",1,0.559725683513964,0.179780415559871,0.260493900926164
"627.29622-11.459",1,0.48889687368854,0.193097666479616,0.318005459831844
"461.11015-7.116",1,0.607372553526512,0.166912937430206,0.225714509043281
"387.25486-14.728",3,0.254201664426487,0.162142361085253,0.58365597448826
"651.15747-8.034",1,0.751989765905347,0.115664805717876,0.132345428376777
"422.20903-11.905",3,0.266508411152323,0.291685547974451,0.441806040873226
"176.03545-6.362",1,0.429832664394475,0.197368248715852,0.372799086889673
"491.16009-7.642",2,0.191316756312439,0.636009742226531,0.17267350146103
"357.14521-1.655",2,0.269071723602515,0.411156009198542,0.319772267198943
"465.2361-7.644",2,0.22727186179282,0.607921677316525,0.164806460890655
"372.2757-14.803",3,0.394703431096995,0.196353670066333,0.408942898836672
"285.10947-1.777",2,0.272502351417765,0.385343018987142,0.342154629595094
"267.16036-11.037",1,0.467310998675946,0.317668564822486,0.215020436501567
"696.30661-11.023",2,0.267707609109518,0.548179033611946,0.184113357278536
"689.35273-14.244",1,0.488379765929217,0.299259496525467,0.212360737545316
"499.27112-11.8",3,0.209480281346714,0.182301152153647,0.608218566499639
"511.27412-10.682",1,0.598921914385565,0.215583373360756,0.185494712253679
"565.37287-13.987",1,0.429683074957674,0.353015532996965,0.217301392045361
"454.28126-13.035",3,0.162357249667719,0.130049465417413,0.707593284914869
"510.18898-7.428",3,0.139794265369375,0.103678600623106,0.75652713400752
"487.25617-14.449",3,0.343685642918432,0.189605616296334,0.466708740785235
"219.08163-17.702",3,0.164039264614496,0.131746583376408,0.704214152009097
"441.29946-15.406",2,0.140995597093283,0.742739856761396,0.116264546145321
"463.25985-15.883",2,0.25576277785221,0.469144904133511,0.275092318014279
"301.06545-1.035",2,0.194964164099075,0.658220127694107,0.146815708206818
"148.07688-6.688",1,0.669115405147579,0.17058117362986,0.160303421222561
"390.23221-12.49",1,0.49612365546717,0.192113291090964,0.311763053441866
"238.10866-9.129",3,0.143717431777815,0.105612972400453,0.750669595821732
"475.12533-8.612",2,0.278975694513716,0.532251784568941,0.188772520917343
"235.06475-8.328",1,0.62379152826292,0.161894840126821,0.214313631610259
"443.30502-13.274",1,0.41061679809192,0.372244367233618,0.217138834674462
"327.07241-7.156",1,0.64272522829515,0.186950040044471,0.170324731660378
"638.27735-14.678",2,0.264771931006688,0.433489245626097,0.301738823367216
"481.25778-15.096",1,0.710100207677486,0.146188278953191,0.143711513369322
"536.26935-9.887",2,0.266422642903628,0.550016174060469,0.183561183035903
"473.27615-12.256",3,0.194682448997866,0.133878324341836,0.671439226660299
"255.08764-6.646",3,0.27399365057453,0.360495929983921,0.365510419441549
"237.0804-6.856",1,0.396451587671365,0.38714345858407,0.216404953744565
"401.17402-7.954",3,0.273102765249191,0.331363214103414,0.395534020647396
"537.29948-10.967",1,0.577570114896707,0.175280127372507,0.247149757730786
"363.23063-15.693",3,0.255247278215522,0.257845281219802,0.486907440564676
"217.10827-6.873",3,0.182279396353383,0.127186803805231,0.690533799841386
"245.10322-7.262",1,0.596354978969044,0.217326424740586,0.18631859629037
"475.2344-12.797",1,0.516427654847061,0.188864627108876,0.294707718044064
"637.39656-12.481",1,0.468924779018183,0.195318704276967,0.33575651670485
"635.4172-12.983",1,0.517735289731418,0.188631928714373,0.293632781554209
"507.20404-9.679",1,0.511898281228703,0.279763297659681,0.208338421111615
"250.95159-1.435",3,0.272526165283644,0.325366246815948,0.402107587900408
"248.02361-1.107",1,0.578198521073093,0.229886587737144,0.191914891189764
"168.03371-1.047",1,0.421531200233688,0.361123431374703,0.21734536839161
"515.27848-15.204",3,0.271458934540392,0.168941995312828,0.55959907014678
"281.1582-14.418",3,0.279602799369158,0.171910825212605,0.548486375418237
"352.28576-16.797",1,0.440372700897943,0.197131390903214,0.362495908198843
"567.15159-10.083",1,0.567926526052926,0.237182040124061,0.194891433823013
"374.12799-8.335",2,0.254004144313145,0.567985637507828,0.178010218179027
"457.29653-11.909",2,0.268421594055799,0.414958068949837,0.316620336994365
"529.30239-14.689",2,0.140760179008574,0.743406571113868,0.115833249877558
"255.14256-11.026",1,0.422848745243745,0.359801634916834,0.217349619839422
"619.38561-12.683",1,0.463786335734822,0.195766679187102,0.340446985078076
"197.05698-1.447",1,0.439397968889857,0.197163372840031,0.363438658270112
"596.19781-8.941",2,0.214800705171396,0.627094587242795,0.158104707585809
"249.08826-6.119",3,0.313805594083843,0.182627892646475,0.503566513269682
"441.19021-6.383",1,0.734190620812906,0.132280769625536,0.133528609561558
"428.31731-17.553",1,0.661948366098485,0.149268882350155,0.18878275155136
"439.28529-16.004",3,0.231103550769456,0.212328760155011,0.556567689075533
"359.10179-6.909",2,0.250468179753689,0.573171864825561,0.17635995542075
"359.10181-6.904",2,0.245009140051034,0.58123776371262,0.173753096236346
"281.11453-1.525",3,0.358331114246466,0.192204160488035,0.449464725265499
"234.00794-1.102",1,0.60883864865404,0.166476022607928,0.224685328738032
"494.28959-12.063",3,0.398739236883656,0.196616069340233,0.404644693776111
"401.21036-7.487",2,0.244012976935294,0.582717258854966,0.17326976420974
"389.26998-14.897",3,0.320770874583385,0.184455347947956,0.494773777468659
"770.34343-11.364",2,0.246247374667211,0.579402010664359,0.174350614668429
"527.2141-9.692",1,0.721793318435134,0.139408715851473,0.138797965713393
"353.2335-9.245",3,0.179565947571498,0.125693852117485,0.694740200311017
"283.1189-8.724",1,0.655455828045517,0.178980131922823,0.16556404003166
"396.17798-6.627",3,0.34503448267026,0.189867504486288,0.465098012843452
"211.06135-7.961",3,0.264832260150558,0.285410291560953,0.449757448288489
"285.2073-11.028",2,0.286160333610712,0.522270994131939,0.191568672257349
"409.0967-8.339",1,0.686930230238502,0.140378214686382,0.172691555075117
"411.25222-9.743",3,0.145993861470368,0.113729829803287,0.740276308726345
"431.21125-8.214",3,0.354111301103441,0.191510708869873,0.454377990026687
"430.92861-0.961",2,0.22759446228321,0.607430082117506,0.164975455599284
"486.27619-13.348",1,0.523340452203189,0.187603494805498,0.289056052991314
"707.47199-11.921",2,0.222759224872886,0.563277575101292,0.213963200025823
"349.27485-14.744",3,0.301247780215604,0.17902705925887,0.519725160525525
"331.08046-1.442",1,0.535773865073651,0.185147845299715,0.279078289626634
"468.89731-0.974",1,0.533055373772935,0.263088159019215,0.20385646720785
"241.08318-1.105",1,0.478026122408901,0.308189425105513,0.213784452485586
"567.3181-10.218",1,0.512158948076578,0.189604925680618,0.298236126242804
"260.1042-6.472",2,0.232909454326822,0.537341110000211,0.229749435672967
"381.19219-7.331",1,0.764961846399156,0.110754954451632,0.124283199149211
"719.37841-17.267",3,0.253742360157351,0.161952166304073,0.584305473538576
"281.11206-5.857",2,0.217871857931601,0.575221704165643,0.206906437902755
"457.33284-15.018",3,0.308453921414131,0.18114132300513,0.510404755580739
"415.04946-8.247",3,0.14203587214036,0.109698875381478,0.748265252478162
"439.1614-8.614",2,0.258002930155763,0.562157447694525,0.179839622149712
"582.88034-0.96",2,0.18980092439165,0.666435313915348,0.143763761693002
"582.88103-0.968",2,0.161288528819723,0.699775149234034,0.138936321946243
"584.80088-13.523",1,0.572393343291856,0.233992041136331,0.193614615571812
"359.18657-9.736",2,0.21773789596678,0.575544898281608,0.206717205751612
"461.32763-15.375",3,0.3743881794079,0.194436790089296,0.431175030502804
"319.08237-6.672",3,0.163850740930207,0.116887130097718,0.719262128972075
"384.27576-15.38",1,0.39614266934507,0.387474357252043,0.216382973402887
"203.992-1.033",2,0.262466146823267,0.44360174105874,0.293932112117993
"462.00784-7.868",3,0.194403633027734,0.164208604768657,0.641387762203609
"300.18186-7.145",3,0.20429231072667,0.1758737138893,0.619833975384031
"543.11827-6.16",1,0.70837758178587,0.147192702526265,0.144429715687865
"322.1234-5.488",1,0.52448982074109,0.269745942987164,0.205764236271747
"287.05323-1.12",1,0.741520288611231,0.11971644538633,0.138763266002439
"455.31715-14.142",3,0.138625995732757,0.103202850642365,0.758171153624878
"300.19311-6.61",1,0.472101088527816,0.195016009461341,0.332882902010843
"413.2185-12.778",1,0.622334883488933,0.200030199174189,0.177634917336878
"447.33646-16.429",3,0.295578487424395,0.177273520518211,0.527147992057394
"473.29159-11.796",3,0.269962669602792,0.307614606699869,0.422422723697339
"380.14657-6.288",2,0.260040940201968,0.453385866147275,0.286573193650757
"591.13642-9.226",1,0.6963052938176,0.13693419978767,0.166760506394731
"598.30046-13.215",1,0.484572990534844,0.193641625255745,0.32178538420941
"210.04092-5.733",3,0.336887890554145,0.188215942525999,0.474896166919856
"361.12546-1.446",3,0.263728556930071,0.281611972246305,0.454659470823624
"687.30655-11.431",1,0.658585522661627,0.177042286480424,0.164372190857949
"503.23271-9.909",3,0.246450074680481,0.158870050852714,0.594679874466805
"535.15388-11.408",3,0.253452354363986,0.161831835025737,0.584715810610277
"351.01822-7.437",1,0.606704713852368,0.1671112142915,0.226184071856131
"223.10109-8.052",3,0.206060636296728,0.139802143256571,0.654137220446701
"326.07067-7.146",1,0.736027842021513,0.131228180058906,0.132743977919581
"615.22032-7.848",1,0.502612214256263,0.287334927231337,0.2100528585124
"229.07186-1.134",3,0.199177872611351,0.136244793249517,0.664577334139132
"132.86792-0.935",1,0.454541584476449,0.196440189660859,0.349018225862693
"351.12978-5.937",2,0.362607449830735,0.424956785502685,0.212435764666579
"180.06674-6.405",1,0.541636958899105,0.183909336459564,0.274453704641331
"413.26785-14.073",3,0.37240223486867,0.19419530988,0.433402455251329
"575.35958-13.15",1,0.426759382030079,0.197391549318012,0.375849068651909
"382.1695-11.272",2,0.157509429280316,0.707611198710426,0.134879372009257
"607.34976-12.687",1,0.549660181107764,0.182134136060754,0.268205682831481
"489.21362-11.6",1,0.773532050171335,0.108012183198892,0.118455766629772
"241.14468-8.623",2,0.172638244267248,0.676065946739548,0.151295808993204
"315.0876-7.268",1,0.589284840425386,0.172112021252452,0.238603138322162
"504.86479-0.961",2,0.244005690115612,0.506542441233091,0.249451868651297
"361.18696-9.028",1,0.684773000417832,0.161130319752808,0.15409667982936
"453.1455-6.516",2,0.162844456380248,0.696543054908873,0.140612488710879
"682.28013-8.305",2,0.191440725765018,0.663821602542791,0.14473767169219
"416.26573-9.351",1,0.393336111637012,0.390492432321356,0.216171456041631
"514.31584-12.299",2,0.260964808169347,0.449745580753454,0.289289611077199
"459.08922-1.02",2,0.190446669323699,0.63791393019509,0.171639400481211
"559.06323-7.779",2,0.269117723042617,0.546167835285373,0.18471444167201
"381.09365-6.463",2,0.387206698004199,0.397158281347489,0.215635020648312
"480.11447-1.448",2,0.356929012572741,0.431615355052355,0.211455632374904
"774.86734-9.723",2,0.378023030721631,0.407338927408297,0.214638041870072
"394.22721-8.917",2,0.268447826554962,0.414808517623736,0.316743655821302
"435.27559-11.597",1,0.520346449569965,0.188159048359748,0.291494502070287
"503.33846-9.646",1,0.670083878283455,0.14642249765279,0.183493624063755
"638.36805-14.855",1,0.760416876144214,0.117225633818133,0.122357490037654
"435.14152-7.359",1,0.63402760436584,0.158633541195998,0.207338854438162
"769.19949-7.694",2,0.27898788101981,0.532234739044755,0.188777379935436
"443.21133-14.984",3,0.137383724964924,0.104401347257067,0.758214927778009
"409.34389-13.999",1,0.731670167899905,0.123528388475469,0.144801443624626
"418.33297-17.113",3,0.18884854852686,0.157939532345855,0.653211919127285
"789.1977-8.912",1,0.457272837378928,0.196259164488694,0.346467998132378
"513.27587-13.664",3,0.234095166622283,0.217046695044181,0.548858138333536
"505.27325-12.754",2,0.147506680930609,0.728396093382518,0.124097225686872
"311.18662-12.723",3,0.216260922611725,0.191088259452744,0.59265081793553
"208.02855-1.106",2,0.229291392487973,0.604847938883518,0.16586066862851
"277.21739-16.075",1,0.586292262365719,0.172936745563513,0.240770992070768
"393.22861-11.445",3,0.264356842591301,0.166226229389134,0.569416928019565
"357.21785-15.248",3,0.192103877918957,0.161590887460402,0.64630523462064
"391.27043-9.458",1,0.493556464582798,0.192473628012895,0.313969907404307
"595.28964-12.633",2,0.30199282672059,0.500769570486414,0.197237602792996
"376.2626-16.498",1,0.405150505014506,0.196953686423988,0.397895808561506
"381.19275-8.578",3,0.200838558284019,0.137110541666957,0.662050900049024
"389.26993-12.264",3,0.261360299665744,0.165045508131641,0.573594192202614
"631.312-13.912",1,0.741036780126844,0.119903830898616,0.13905938897454
"497.14213-5.066",1,0.542151935473761,0.183798156820982,0.274049907705257
"330.13835-9.451",3,0.296234660581171,0.177480520747232,0.526284818671598
"243.16032-7.662",3,0.166411378266552,0.134152682727577,0.69943593900587
"181.01776-1.084",1,0.753166425688826,0.115211544470718,0.131622029840456
"334.17756-7.966",3,0.243063331838817,0.232427140894288,0.524509527266895
"581.32135-13.795",1,0.547589927504629,0.18260092941891,0.269809143076461
"458.28763-13.105",1,0.704328311298987,0.133945764686043,0.16172592401497
"639.31594-14.199",2,0.271309250992628,0.395943068843372,0.332747680163999
"387.16769-7.966",1,0.531202407719903,0.186078123365226,0.282719468914871
"260.10427-5.966",3,0.371235318767485,0.194048877938407,0.434715803294107
"341.12425-8.471",1,0.626833254629002,0.160936004669745,0.212230740701253
"575.30025-9.737",2,0.280995577604089,0.529431900648659,0.189572521747252
"645.0977-7.348",2,0.328127295465742,0.466802439083503,0.205070265450755
"271.05742-1.457",1,0.495633424654002,0.293132558349882,0.211234016996117
"583.19871-15.264",2,0.224516069037444,0.558905836073134,0.216578094889422
"476.3023-13.039",3,0.188505903584182,0.15755871666817,0.653935379747648
"582.27168-8.996",2,0.173916546173153,0.691950266953437,0.134133186873411
"425.16707-6.48",1,0.751911102478133,0.115695133962209,0.132393763559659
"379.16596-12.593",3,0.186513955153741,0.155357534018245,0.658128510828015
"379.16598-12.589",3,0.187512043370279,0.156457787969643,0.656030168660077
"577.78204-10.595",1,0.413346455841173,0.369434152682708,0.217219391476119
"593.1521-6.688",1,0.767479236919541,0.113044597932736,0.119476165147723
"378.16729-7.282",3,0.238061742848189,0.223596974233266,0.538341282918545
"385.07802-6.641",1,0.76454904836368,0.11480026155591,0.120650690080411
"562.31563-13.091",2,0.224033376987418,0.560111373272039,0.215855249740543
"529.27087-11.921",2,0.251802702618294,0.482514255011003,0.265683042370703
"388.21665-12.391",1,0.741052333070998,0.119897803435366,0.139049863493636
"521.3043-12.27",2,0.227537032220845,0.551280850797291,0.221182116981864
"171.07765-1.076",3,0.26836876596782,0.299613579401334,0.432017654630846
"271.05853-1.454",1,0.411816748615078,0.371006610240768,0.217176641144155
"497.28918-15.303",3,0.146295680732931,0.106995643271706,0.746708675995364
"239.09014-7.886",2,0.232869867043774,0.53744579615637,0.229684336799856
"267.55981-8.061",2,0.248463621110657,0.576125391155035,0.175410987734308
"287.22296-12.904",3,0.196764106819552,0.166930482875011,0.636305410305437
"505.25771-13.698",1,0.624209011122002,0.161763762268176,0.214027226609823
"313.11949-9.132",1,0.547869532502738,0.182538236512828,0.269592230984433
"283.15534-7.176",3,0.219464185631842,0.146485892878505,0.634049921489652
"350.10695-6.279",1,0.644137806648091,0.155318725869122,0.200543467482787
"234.00788-1.448",1,0.446863816483964,0.196866897206189,0.356269286309847
"330.20377-7.217",3,0.18017957537362,0.126032309473817,0.693788115152563
"495.2972-11.476",3,0.32470883204734,0.185434618084342,0.489856549868318
"495.29726-11.48",3,0.320385297479417,0.184357368676372,0.495257333844211
"629.33377-14.057",1,0.482523659653558,0.304283195299303,0.21319314504714
"423.27578-9.976",3,0.390731537201262,0.196057457540697,0.413211005258041
"393.18829-1.834",1,0.623724890927361,0.161915746851006,0.214359362221633
"511.2215-15.2",3,0.205289365399807,0.177090990527351,0.617619644072842
"432.24299-12.948",1,0.738255578525747,0.120981401302349,0.140763020171904
"463.22389-11.046",3,0.369167676029963,0.193781145518545,0.437051178451492
"295.13013-7.515",2,0.312353419185426,0.487073949711569,0.200572631103005
"473.10967-7.551",2,0.332057918051199,0.461860981026895,0.206081100921905
"492.25983-11.59",1,0.584795374785394,0.173345350676047,0.241859274538559
"375.01892-1.025",2,0.349287146230715,0.440720866872049,0.209991986897236
"463.30709-11.139",1,0.422340062597563,0.197388238371283,0.380271699031154
"521.23181-10.282",3,0.240183109275998,0.227257045373721,0.532559845350281
"405.18892-10.715",1,0.545930701023661,0.18297068945829,0.271098609518049
"425.28306-16.615",3,0.175378459722987,0.143409864344941,0.681211675932072
"94.93116-0.887",3,0.246364094783546,0.158833016632228,0.594802888584226
"363.18138-7.929",1,0.491680631251762,0.192729528142612,0.315589840605626
"444.24309-11.617",3,0.388802184679597,0.195899899392485,0.415297915927919
"418.26364-11.436",2,0.367250106933603,0.419580576025109,0.213169317041289
"356.2363-14.582",2,0.245058052633905,0.581165179279964,0.173776768086131
"411.2311-15.192",3,0.271328768480233,0.31594441476763,0.412726816752137
"577.30272-13.101",1,0.773889280495313,0.107971287526306,0.11813943197838
"533.31287-11.233",3,0.371111878724715,0.194033191052729,0.434854930222556
"293.1799-11.758",3,0.262415249348529,0.277369797352356,0.460214953299115
"485.30429-14.236",3,0.227804075353789,0.150471823579618,0.621724101066594
"245.09327-6.462",3,0.288488380253985,0.174969755400715,0.5365418643453
"214.02087-1.019",1,0.608744381747007,0.208984297792776,0.182271320460217
"197.11847-8.899",3,0.376174231173537,0.194645665431037,0.429180103395426
"398.16454-10.032",1,0.470562459250451,0.31476603329394,0.214671507455609
"511.25545-12.446",1,0.536583724545468,0.184979783738467,0.278436491716065
"383.23025-7.319",3,0.272826002141658,0.169451272059167,0.557722725799175
"273.17096-7.493",3,0.142280727959895,0.109953023234447,0.747766248805658
"267.09876-6.463",1,0.772329200539477,0.109960405468584,0.11771039399194
"405.26495-11.473",3,0.184570555230795,0.128439741417903,0.686989703351302
"537.26338-10.188",3,0.175273099364837,0.123313110273203,0.701413790361959
"517.22955-8.986",2,0.348600925317146,0.441546657941041,0.209852416741813
"301.16586-7.042",3,0.20312415979776,0.174457845286388,0.622417994915851
"334.15107-6.987",1,0.548618638578535,0.182369730523307,0.269011630898158
"456.32567-15.019",3,0.262901385086176,0.165655303753724,0.571443311160099
"391.22585-9.009",1,0.742689117561831,0.127416008487529,0.129894873950639
"391.22598-9.015",1,0.74236594653482,0.127600875382865,0.130033178082314
"417.08312-9.505",1,0.71386343549139,0.130349655094788,0.155786909413822
"689.35495-13.69",3,0.17805213738126,0.146227901294255,0.675719961324485
"240.9367-1.42",2,0.234790575766048,0.532329573775893,0.232879850458059
"467.13319-5.611",1,0.459939132284236,0.324335587086926,0.215725280628838
"628.28104-8.074",2,0.211714493211878,0.631888383629584,0.156397123158538
"638.33181-13.431",3,0.269139988231535,0.16806812461502,0.562791887153445
"339.08512-7.532",3,0.2736271752627,0.338848101732955,0.387524723004345
"501.26454-9.837",3,0.376330683073646,0.19466358842407,0.429005728502285
"521.26822-12.627",3,0.214587161759734,0.188874486090832,0.596538352149433
"589.33887-11.964",2,0.146185507792579,0.736667977932966,0.117146514274455
"392.18306-6.677",3,0.137488174451843,0.104551652406241,0.757960173141916
"195.13921-12.153",1,0.50282302519025,0.287161247752075,0.210015727057675
"334.91698-6.431",3,0.179039170727676,0.14727579826158,0.673685031010744
"320.04482-1.438",1,0.491845232459608,0.192707324707286,0.315447442833106
"403.10391-8.021",2,0.325198414567999,0.470513127226958,0.204288458205043
"510.23103-9.573",1,0.507412684735259,0.283400737947383,0.209186577317358
"653.33147-15.063",1,0.771052893015746,0.11081322500528,0.118133881978973
"465.27762-14.449",1,0.466467723361402,0.195539386746946,0.337992889891652
"469.30935-14.823",3,0.187365942080134,0.129958454154597,0.682675603765269
"469.29645-14.218",3,0.345342752597222,0.189926713807108,0.46473053359567
"535.18287-7.415",1,0.705466407638278,0.133518974180729,0.161014618180993
"118.89968-17.706",3,0.184823205138846,0.128577460856642,0.686599334004512
"538.18849-13.144",3,0.270626946300904,0.31144212786544,0.417930925833656
"407.16761-1.5",1,0.698889942532312,0.135975431505049,0.165134625962639
"653.0902-7.228",1,0.69468664636703,0.137532643334463,0.167780710298507
"527.15446-6.65",1,0.466183683537324,0.3186802976405,0.215136018822176
"350.1644-9.248",2,0.173837916571219,0.692077326666963,0.134084756761818
"499.32014-14.954",3,0.210986273496568,0.184212610504404,0.604801115999029
"499.32011-14.955",3,0.209805631907797,0.182712271036327,0.607482097055876
"567.1516-10.471",1,0.573494392578363,0.176343530427366,0.250162076994271
"293.92696-7.722",2,0.242720283424718,0.510282501513948,0.246997215061334
"450.30187-16.636",2,0.199948500631711,0.616864364356872,0.183187135011416
"283.15531-10.217",3,0.298643596417539,0.178231394009448,0.523125009573013
"317.04766-7.323",3,0.237206758598289,0.222154171866115,0.540639069535596
"437.24685-13.347",3,0.189910692453336,0.159124176846408,0.650965130700256
"441.21357-10.957",1,0.455458043702277,0.196381141689628,0.348160814608095
"243.05118-5.905",1,0.540321365335165,0.257535576645563,0.202143058019272
"690.33241-11.218",2,0.367985790965112,0.418734232806278,0.21327997622861
"488.31517-15.282",3,0.396294543207466,0.196461748343763,0.407243708448771
"441.17717-7.45",1,0.58478070520311,0.225285205178183,0.189934089618706
"280.90856-0.979",1,0.643259343809214,0.186612750134875,0.170127906055911
"579.13399-10.067",3,0.153348737627447,0.121053505392599,0.725597756979954
"269.92962-1.018",2,0.228314823757538,0.549294198768276,0.222390977474185
"269.92956-1.016",2,0.22763562984202,0.55102956274217,0.22133480741581
"490.35744-16.441",2,0.251659150957162,0.482981525724346,0.265359323318492
"553.22963-10.272",1,0.666627780376785,0.147637739463842,0.185734480159373
"424.84359-0.901",2,0.216168777407648,0.579314972605059,0.204516249987293
"421.15567-12.476",2,0.339447784517301,0.452689923437676,0.207862292045023
"635.34447-10.643",1,0.608377625204729,0.209228724593199,0.182393650202072
"286.06045-1.041",1,0.706993886135633,0.132945092219989,0.160061021644378
"417.08312-9.127",1,0.555854672130567,0.245943565807026,0.198201762062407
"515.08735-6.472",1,0.666309418837823,0.14774923731161,0.185941343850568
"629.45591-17.885",2,0.141615413963682,0.741193322423763,0.117191263612555
"389.12782-9.228",2,0.208213615442362,0.637348848347769,0.15443753620987
"233.10323-5.52",1,0.570943873940521,0.176998485071894,0.252057640987585
"665.29973-8.869",1,0.764673753704691,0.114726312653315,0.120599933641994
"290.85577-0.989",2,0.260783797151908,0.450466683624061,0.28874951922403
"406.27322-13.162",1,0.455050913578546,0.32882371669312,0.216125369728334
"551.32319-13.532",2,0.390063776854094,0.394038394484016,0.21589782866189
"240.06472-1.1",3,0.270958427353869,0.313500727420341,0.41554084522579
"363.26783-16.384",2,0.190559470456719,0.637667309566408,0.171773219976873
"154.05106-1.104",2,0.264436177172924,0.435021630604266,0.30054219222281
"441.27812-14.577",3,0.243793238540128,0.157718278597239,0.598488482862633
"552.30303-14.577",2,0.190394300971421,0.638028400138224,0.171577298890355
"453.2863-14.775",1,0.729107208127102,0.124516969977002,0.146375821895896
"506.20699-9.127",3,0.283643945087462,0.173325540339946,0.543030514572592
"500.85341-0.968",2,0.199321944895752,0.618270855772259,0.182407199331988
"498.84804-0.946",2,0.213596953185601,0.585434817975327,0.200968228839071
"560.38422-16.858",1,0.583536648608771,0.173686901210762,0.242776450180467
"559.72031-8.784",1,0.52918573885459,0.266080639534765,0.204733621610645
"313.1196-10.341",1,0.619759117576627,0.163152207500648,0.217088674922725
"315.13528-9.683",2,0.264135378404406,0.436375672044461,0.299488949551132
"229.1195-6.514",3,0.359368935315041,0.192367874263013,0.448263190421946
"392.21951-7.398",3,0.327936555709708,0.18620815805833,0.485855286231962
"336.22089-14.243",3,0.392690803777433,0.196208298672594,0.411100897549973
"400.90953-0.975",1,0.770814896474853,0.110967375500178,0.11821772802497
"529.2708-14.129",3,0.325642754853357,0.185661135560844,0.488696109585799
"378.1958-7.166",3,0.246384800908762,0.238719376462756,0.514895822628483
"515.30222-10.306",3,0.192972304416118,0.162575542138329,0.644452153445554
"345.02871-7.612",1,0.407036404471787,0.375960001346309,0.217003594181905
"272.90874-1.437",3,0.257028377998579,0.262250923162798,0.480720698838623
"361.1151-9.847",3,0.332946026443451,0.187356691566057,0.479697281990492
"510.28403-15.266",3,0.220579143804728,0.196950589705326,0.582470266489946
"369.07499-6.22",3,0.390519169186989,0.196040553706032,0.41344027710698
"143.04628-1.101",2,0.247109414012546,0.57812613443015,0.174764451557304
"724.20704-1.613",3,0.343875513670452,0.189642758608595,0.466481727720953
"461.00432-6.001",1,0.476622455311973,0.309417219305202,0.213960325382825
"394.26017-14.933",2,0.193830323720668,0.660020463089013,0.146149213190319
"387.19255-10.368",2,0.171418353714981,0.678631763112769,0.14994988317225
"295.12243-7.529",3,0.215897037441411,0.190604321495412,0.593498641063177
"387.09357-7.551",1,0.600393751441051,0.214587446795525,0.185018801763424
"310.07975-1.434",1,0.720052753362144,0.127992472627703,0.151954774010153
"509.38523-17.346",1,0.661503886052874,0.149422950018786,0.18907316392834
"395.3168-16.883",3,0.212471694064114,0.143040492657018,0.644487813278868
"443.30164-16.113",1,0.634700051207598,0.158415896500342,0.20688405229206
"485.20346-8.948",2,0.159558315135296,0.703364799573861,0.137076885290843
"554.18052-13.41",3,0.141759503308526,0.109410853904925,0.748829642786549
"285.1168-12.37",1,0.516486642607469,0.276080409273223,0.207432948119307
"562.31576-12.868",2,0.243251323970392,0.508743796487681,0.248004879541927
"562.31574-12.925",2,0.264185519430759,0.436151159684754,0.299663320884487
"691.33789-10.758",1,0.624965556460738,0.16152580193976,0.213508641599502
"578.21706-14.985",3,0.323410105073576,0.185115969384788,0.491473925541636
"453.19548-16.27",2,0.230411346190796,0.543887814349394,0.22570083945981
"477.19546-14.829",3,0.247615449934211,0.159370429209198,0.593014120856591
"411.21562-12.404",1,0.641947984836313,0.187441331492539,0.170610683671148
"287.11466-5.368",1,0.767294336035784,0.109916020465292,0.122789643498924
"631.34921-12.613",2,0.248769419028941,0.575674203431814,0.175556377539246
"653.34479-13.23",1,0.435111711476644,0.197279759133068,0.367608529390288
"383.09074-5.844",3,0.187968484289113,0.13028433174503,0.681747183965857
"585.34383-16.918",2,0.217831548024998,0.622405368281004,0.159763083693997
"464.31497-14.727",3,0.312910955152454,0.182384361457146,0.504704683390401
"686.37376-7.363",2,0.246817756443203,0.498163138981932,0.255019104574865
"428.22938-10.266",2,0.255287415693176,0.566110993786775,0.178601590520049
"375.1087-7.305",3,0.35545886302447,0.191737008661031,0.452804128314499
"531.28647-12.257",2,0.166270318184227,0.689409218228342,0.144320463587431
"449.32775-11.509",1,0.603073839658603,0.168180922953559,0.228745237387838
"495.27282-14.915",1,0.653151800435337,0.152289146922243,0.194559052642419
"328.15173-6.596",1,0.755599675694425,0.120014620953423,0.124385703352152
"688.33784-12.308",2,0.390217553325525,0.393871106039649,0.215911340634827
"287.22295-12.026",3,0.331928941259858,0.187128623058972,0.480942435681169
"220.06171-6.804",3,0.239776239182194,0.226545840837012,0.533677919980794
"315.20972-16.917",3,0.176234086169897,0.123847957936471,0.699917955893631
"418.89473-0.912",1,0.63264361800036,0.159080186751871,0.208276195247769
"358.16947-9.343",2,0.266508887318141,0.549892736713641,0.183598375968218
"500.26604-12.116",1,0.515447291817371,0.189037272929787,0.295515435252841
"535.30506-15.365",3,0.247543211856807,0.159339498223472,0.593117289919721
"511.31992-9.812",2,0.252589664150711,0.479932737926292,0.267477597922997
"495.27897-11.946",2,0.335327840643394,0.457783686520555,0.206888472836051
"619.42181-16.442",3,0.183138181498782,0.151674320133791,0.665187498367427
"322.11473-1.449",1,0.431668595430876,0.197344391107266,0.370987013461858
"539.27922-11.479",3,0.190019001317885,0.15924533659829,0.650735662083825
"502.21216-7.594",1,0.634790508022095,0.158386587860751,0.206822904117153
"461.01889-7.266",3,0.252253968965348,0.161332611420288,0.586413419614364
"221.0668-7.449",1,0.734681963581417,0.122364581298047,0.142953455120536
"176.82621-0.92",2,0.145604095008945,0.737571862251197,0.116824042739858
"463.34339-12.197",1,0.419533761146252,0.197363387438327,0.383102851415421
"531.28652-11.037",1,0.772484378637957,0.108241872435102,0.119273748926941
"534.35704-17.277",3,0.14836987691023,0.108136593197711,0.743493529892059
"500.22694-10.46",1,0.417289096905911,0.365409312176429,0.21730159091766
"611.12614-7.476",1,0.680906410186339,0.163447700533806,0.155645889279856
"178.0641-10.799",1,0.519862415641095,0.273394823029551,0.206742761329353
"178.06412-10.81",1,0.615534814044502,0.204485595990317,0.179979589965181
"487.32013-14.52",3,0.283073444636754,0.173128191299323,0.543798364063923
"394.16958-11.035",2,0.327864822107795,0.467133979329639,0.205001198562566
"521.26815-12.311",2,0.236238427241681,0.528420584998318,0.235340987760001
"233.10322-6.542",2,0.152573694222004,0.726507432878691,0.120918872899306
"215.09263-6.702",1,0.705818360113533,0.133386851897351,0.160794787989116
"584.28481-12.681",1,0.406375927656044,0.197007233607268,0.396616838736688
"471.18791-7.46",1,0.411730728069188,0.371095215879105,0.217174056051706
"238.10878-5.96",2,0.247591024999335,0.495807059171742,0.256601915828923
"292.08292-7.077",2,0.17336977339121,0.67452488534574,0.152105341263049
"383.09182-6.176",3,0.294225278512131,0.176843298563037,0.528931422924832
"492.76411-11.571",1,0.41220109254887,0.197214029227249,0.390584878223881
"301.07192-8.862",1,0.615955974370774,0.20420822727083,0.179835798358396
"525.25168-9.938",1,0.688532353380625,0.139793521288388,0.171674125330987
"264.1243-8.171",2,0.285309411623903,0.52344587983688,0.191244708539217
"489.32304-11.608",1,0.474118764059541,0.194813623971117,0.331067611969343
"259.15528-6.216",3,0.249136294053549,0.244246949192043,0.506616756754408
"350.06259-1.721",3,0.199377933181638,0.136349334276086,0.664272732542276
"757.86429-12.055",1,0.762861289525218,0.115796137788953,0.121342572685829
"278.11486-5.967",2,0.155922849479309,0.721103082456535,0.122974068064156
"390.24193-11.954",1,0.763707360849895,0.115297991196159,0.120994647953945
"385.19196-11.884",1,0.411677813674866,0.19719866241328,0.391123523911855
"464.1833-10.068",1,0.488860976261997,0.298849783702898,0.212289240035105
"646.29101-10.896",2,0.203746978480247,0.608275136847302,0.187977884672451
"537.19868-7.338",1,0.670784600027735,0.146175039823725,0.183040360148541
"507.2242-9.727",1,0.772846315348561,0.108151657495905,0.119002027155534
"415.18381-5.866",1,0.758301805630989,0.113245542950433,0.128452651418578
"633.36539-12.729",2,0.315581442371941,0.482868276139342,0.201550281488717
"292.92907-7.729",2,0.241362374036479,0.514177744589765,0.244459881373756
"241.14469-7.867",2,0.26887043740901,0.412355337721389,0.318774224869602
"420.97717-8.065",1,0.740261408006492,0.120204306873042,0.139534285120466
"441.10439-8.177",1,0.703554716074986,0.134235470736807,0.162209813188207
"299.08872-1.097",1,0.420750398672932,0.361908836232599,0.217340765094469
"620.34218-6.648",2,0.242756754656984,0.510177108283766,0.247066137059251
"609.21407-16.815",1,0.571721447217643,0.234470134629834,0.193808418152523
"525.2712-8.325",1,0.671191860675695,0.146031053159116,0.18277708616519
"424.91168-0.947",2,0.193941693331281,0.630237990420046,0.175820316248673
"498.28993-13.36",1,0.732684124279003,0.133144444600952,0.134171431120045
"359.11376-7.561",1,0.424153436238188,0.358497071868461,0.21734949189335
"341.18317-5.946",1,0.766491656186727,0.113641108007722,0.119867235805552
"164.07182-6.342",3,0.262200633463872,0.276701808564984,0.461097557971144
"593.37023-12.908",1,0.48512344836485,0.193574274238025,0.321302277397125
"293.21241-14.46",1,0.69548166771777,0.154764723770206,0.149753608512024
"413.24656-16.091",3,0.267588609839378,0.296140096097565,0.436271294063056
"513.3802-14.883",1,0.772659347690126,0.109729342854729,0.117611309455145
"354.13087-5.517",2,0.361598452632772,0.426133265480678,0.21226828188655
"533.22488-7.687",2,0.352231639321646,0.43719272861011,0.210575632068243
"439.19816-10.443",2,0.193257161741198,0.631747160853005,0.174995677405797
"222.88603-0.936",2,0.311656859476799,0.487985315632416,0.200357824890785
"419.30502-11.216",3,0.352546199372979,0.191242155697879,0.456211644929142
"407.14813-8.059",1,0.488866262400259,0.193101637022803,0.318032100576938
"465.23605-8.22",2,0.213478430143696,0.629146157189637,0.157375412666667
"461.31567-16.82",3,0.322643208615914,0.184925814472033,0.492430976912053
"461.31564-16.822",3,0.322957442477436,0.185003908897874,0.492038648624691
"654.30262-16.444",3,0.320999737267612,0.184513327710385,0.494486935022003
"653.30162-16.435",3,0.299239347991065,0.178414890637196,0.522345761371739
"450.29786-9.646",1,0.457483805213617,0.3265831647917,0.215933029994683
"351.2905-17.881",3,0.217860104772289,0.193233078115146,0.588906817112565
"238.01816-6.219",1,0.50538117909144,0.285060366692983,0.209558454215577
"275.1139-7.689",1,0.405764364788565,0.377288217945456,0.216947417265979
"569.4065-14.49",1,0.773023911827447,0.109466122499478,0.117509965673075
"509.28835-11.488",3,0.240780304222255,0.156393777117991,0.602825918659753
"184.00179-1.021",1,0.496836823995339,0.292126119156471,0.21103705684819
"489.32274-12.517",1,0.417263229420957,0.197330245102056,0.385406525476987
"194.0461-8.602",3,0.146557263416012,0.114294921458675,0.739147815125312
"623.41711-12.968",1,0.759073183692033,0.118006631882616,0.122920184425351
"208.95367-1.492",2,0.22127962729878,0.566926145066986,0.211794227634234
"484.31066-17.229",3,0.269796958980661,0.168316969942631,0.561886071076708
"487.12536-7.796",1,0.421574553393034,0.361079868117691,0.217345578489276
"439.28541-14.593",3,0.140254365710651,0.10781371774796,0.751931916541389
"517.2959-13.162",1,0.407743334140954,0.375223698087249,0.217032967771797
"323.16165-8.051",3,0.341779416809212,0.189227684792735,0.468992898398053
"537.18213-7.483",2,0.270804461994833,0.543768816769226,0.185426721235941
"320.1618-7.214",3,0.174394513446445,0.122823212538144,0.702782274015411
"599.11833-7.588",2,0.328550313377164,0.466268521398305,0.205181165224531
"365.9732-7.532",3,0.272773312686229,0.327760016278199,0.399466671035572
"257.13964-6.945",3,0.273893319792589,0.344769808832787,0.381336871374624
"203.03512-7.678",1,0.757943861682661,0.118660998057683,0.123395140259656
"532.22285-7.692",2,0.273595804102437,0.371033532678329,0.355370663219234
"262.09342-1.515",3,0.313422326374372,0.182523807745033,0.504053865880595
"221.98388-1.874",3,0.269509962600979,0.305193799062054,0.425296238336967
"348.89588-0.979",1,0.602044546320206,0.213473439525121,0.184482014154673
"535.1537-10.431",3,0.249051780418776,0.159983073230607,0.590965146350617
"504.31025-14.962",1,0.483621455152538,0.303336101909204,0.213042442938258
"650.30112-9.87",1,0.622510880596714,0.199915529339529,0.177573590063757
"336.01827-7.321",3,0.188914332241775,0.158012719004844,0.65307294875338
"331.13025-9.01",2,0.340229613780224,0.45172876455703,0.208041621662746
"313.11958-10.711",1,0.739766747375057,0.120395980395121,0.139837272229822
"572.29053-11.631",2,0.158441091171927,0.717026139135079,0.124532769692994
"415.26239-13.565",3,0.304020900014112,0.179855925470334,0.516123174515554
"376.22446-7.966",1,0.425524944949206,0.197395012462742,0.377080042588052
"319.09381-7.502",1,0.650903145452302,0.153051244912733,0.196045609634965
"185.09323-1.096",1,0.399614944474625,0.383769812892495,0.21661524263288
"407.00824-8.235",2,0.237933979115513,0.591795899980181,0.170270120904306
"378.04303-6.231",1,0.673142744436775,0.145339662148888,0.181517593414337
"364.28587-15.36",3,0.248402527949457,0.242741951742524,0.508855520308019
"533.28891-15.409",2,0.27341950975818,0.37400935904505,0.35257113119677
"467.24194-13.772",1,0.539308024146919,0.184407328575168,0.276284647277913
"495.32503-11.893",2,0.345356801136802,0.445468785006699,0.209174413856499
"156.03032-1.111",2,0.171708785015621,0.678021342797599,0.15026987218678
"577.37526-14.796",1,0.456255897860514,0.196328340690784,0.347415761448701
"475.97611-7.994",2,0.357131466532959,0.43137638373637,0.211492149730671
"365.13547-6.45",3,0.140894618582163,0.104186054492468,0.754919326925369
"371.19718-12.01",1,0.509472927837958,0.28172545973834,0.208801612423702
"597.14742-7.639",2,0.312854915370494,0.486418645255544,0.200726439373963
"498.25048-11.291",3,0.137274730167505,0.102876733083377,0.759848536749118
"413.24098-7.189",3,0.39741267963616,0.196534092201295,0.406053228162545
"226.02785-7.359",1,0.485757167091723,0.19349604726141,0.320746785646867
"494.32572-16.48",3,0.171454626978602,0.139324754031289,0.689220618990108
"373.17308-6.068",2,0.158609422567584,0.716753370485265,0.124637206947152
"530.26632-9.075",3,0.257044010990133,0.163308873428129,0.579647115581738
"695.17728-7.296",1,0.482135119407753,0.304618993559326,0.213245887032921
"399.18888-6.409",2,0.342075870600453,0.449465953764704,0.208458175634843
"497.10763-5.264",1,0.528994858470583,0.266228899282559,0.204776242246858
"432.22168-15.248",3,0.290646534523298,0.175683959109909,0.533669506366793
"455.2111-17.197",2,0.208881809615443,0.636304813362478,0.154813377022079
"521.22478-7.566",1,0.413027595237045,0.36976142185528,0.217210982907675
"618.28194-12.608",1,0.598522518498306,0.169501767868262,0.231975713633432
"382.29624-16.064",3,0.314229124057077,0.182742484271766,0.503028391671156
"389.26992-15.26",3,0.269187847839667,0.168086286645402,0.562725865514931
"508.22182-13.314",1,0.632311244854694,0.159187190471414,0.208501564673891
"549.27128-12.269",1,0.443225151416638,0.19702615243175,0.359748696151612
"351.23103-15.572",2,0.282370446622822,0.527518693948234,0.190110859428944
"320.11755-7.796",1,0.518245041413792,0.27467900524107,0.207075953345138
"393.13463-11.234",1,0.736557904274408,0.130924618706329,0.132517477019263
"383.2079-7.648",3,0.318317723924363,0.183825606078258,0.497856669997379
"742.41542-16.297",1,0.443757652357203,0.197004591664508,0.35923775597829
"367.06726-7.948",1,0.665415950174517,0.172841052451698,0.161742997373785
"485.22227-9.316",1,0.411224853540606,0.197184850869779,0.391590295589615
"367.98882-7.322",3,0.179967297533263,0.148265034426576,0.671767668040162
"367.98881-7.325",3,0.178096248042669,0.14627464268704,0.675629109270291
"415.17998-13.417",1,0.612101891059389,0.206753611757485,0.181144497183126
"397.16898-10.697",2,0.263916557374411,0.43735001316745,0.29873342945814
"368.31708-17.688",2,0.165842337986093,0.705023511714118,0.129134150299789
"375.16636-7.166",2,0.255738491568617,0.46923002495899,0.275031483472392
"420.18537-11.761",1,0.422846152694947,0.197390833045817,0.379763014259236
"513.33573-15.37",3,0.138250954033038,0.105540950969662,0.7562080949973
"303.15645-5.956",1,0.764353407085203,0.114916163933144,0.120730428981653
"403.22595-13.278",3,0.181559746804458,0.126791790075383,0.691648463120159
"529.27083-10.811",3,0.229838463647305,0.151423140056936,0.61873839629576
"222.07737-6.925",3,0.261137287011766,0.27348551476049,0.465377198227744
"378.06288-5.882",2,0.390865473166884,0.393166963826958,0.215967563006158
"306.11967-1.061",1,0.459400763055136,0.196107640207167,0.344491596737696
"758.68575-5.944",1,0.493920598972606,0.294569932523911,0.211509468503482
"378.20373-6.789",3,0.295030197714188,0.177099744571176,0.527870057714636
"268.11928-5.62",1,0.580450203782122,0.228306195284216,0.191243600933662
"336.2209-14.208",3,0.367742191428983,0.193590394930866,0.438667413640151
"583.3132-10.568",1,0.687321658980768,0.140235514054819,0.172442826964413
"313.23863-11.869",1,0.540594935640404,0.257328179051361,0.202076885308236
"345.14517-7.245",3,0.26477433740437,0.285204999766812,0.450020662828817
"315.21786-11.79",3,0.191085102868087,0.160441544156847,0.648473352975066
"473.10963-7.359",2,0.234790636971024,0.596523590575918,0.168685772453058
"356.92398-0.941",3,0.273925243006974,0.345757745146716,0.38031701184631
"407.11399-11.327",2,0.271931896071179,0.390758934749429,0.337309169179392
"296.95112-0.958",2,0.38933709314356,0.394829804018886,0.215833102837554
"404.21156-11.197",2,0.262189590935784,0.556097955197268,0.181712453866948
"741.33457-8.93",1,0.472492460333472,0.313053991805312,0.214453547861216
"549.2244-10.663",1,0.555306940303591,0.180830687066505,0.263862372629904
"529.31794-11.565",1,0.761387409099931,0.116659580537842,0.121953010362227
"549.30765-10.557",3,0.274009617404719,0.359663244711022,0.366327137884259
"232.03138-1.018",3,0.291984121684865,0.176120927300725,0.53189495101441
"420.89979-0.954",2,0.141663840981494,0.743372520480032,0.114963638538474
"420.89981-0.953",2,0.141679946755807,0.743351590124491,0.114968463119702
"275.91708-1.454",2,0.262685921570827,0.442675964378542,0.294638114050631
"353.89236-7.773",2,0.211310065560738,0.590818431790083,0.197871502649179
"463.30706-12.044",2,0.266477955385047,0.425311578940348,0.308210465674605
"355.13993-9.936",1,0.578889288020413,0.229401052188907,0.19170965979068
"213.08575-0.978",1,0.754236918600503,0.114799904302046,0.130963177097452
"447.11501-6.528",1,0.643034430080744,0.186754749587062,0.170210820332194
"295.13029-7.021",1,0.627655365562056,0.196577685489732,0.175766948948212
"439.26224-13.748",3,0.172197435379563,0.121594490693319,0.706208073927118
"244.16674-1.04",3,0.197021631065634,0.135113836780365,0.667864532154001
"429.02882-8.849",1,0.764270831731289,0.111008044473105,0.124721123795606
"509.12875-1.44",1,0.422786361182598,0.359864120872005,0.217349517945397
"517.22983-7.022",1,0.532998464493119,0.263131988219327,0.203869547287554
"222.86824-0.991",3,0.273197462125857,0.332515628628745,0.394286909245398
"309.88735-1.197",3,0.267527915541059,0.295879591398014,0.436592493060927
"609.365-14.385",2,0.334524233303224,0.45878288518692,0.206692881509856
"384.18518-12.631",3,0.359398620716893,0.192372517425844,0.448228861857262
"439.88854-0.953",3,0.270543872013453,0.310943009710494,0.418513118276053
"556.07627-8.355",2,0.321024058363731,0.475843853573597,0.203132088062672
"431.15638-6.204",1,0.551051990603844,0.181816950215813,0.267131059180343
"341.90374-1.023",2,0.232082917909595,0.5395204078472,0.228396674243204
"503.3232-12.399",1,0.446141180554392,0.196900743459547,0.356958075986061
"797.43365-14.174",1,0.404438924388283,0.378676748868293,0.216884326743424
"246.09849-6.691",1,0.765632694705566,0.110511013581746,0.123856291712688
"261.0414-5.721",2,0.250677595486506,0.486147856459234,0.26317454805426
"573.33178-17.764",2,0.385199482243479,0.399363519955996,0.215436997800525
"614.27982-6.339",1,0.455938828823733,0.196349479145467,0.3477116920308
"718.70234-5.944",1,0.610583725153298,0.207760717382243,0.181655557464459
"354.98966-7.965",1,0.465996065136216,0.318848950929761,0.215154983934023
"177.10514-8.981",1,0.568333359796085,0.177660345419201,0.254006294784715
"518.65257-8.246",1,0.612076334385187,0.206770544320811,0.181153121294002
"391.11899-10.721",2,0.251524350202896,0.483419317287146,0.265056332509957
"495.27331-15.329",1,0.501863018771148,0.287952844903819,0.210184136325033
"405.2892-14.38",1,0.726872704322326,0.125377295042154,0.14775000063552
"370.13321-10.576",1,0.649086943664269,0.153663737013412,0.197249319322319
"480.27957-11.757",3,0.248197025543976,0.242324632459449,0.509478341996574
"284.92658-1.51",2,0.194120138653339,0.629844100201174,0.176035761145487
"251.09722-1.012",1,0.67987490225863,0.164067693777031,0.156057403964339
"455.28077-11.894",2,0.15628124343891,0.720523368348557,0.123195388212533
"529.2709-12.884",3,0.350300794781011,0.19084612162728,0.458853083591709
"139.11291-9.204",2,0.273646122193068,0.370086258481552,0.35626761932538
"559.28148-12.489",3,0.265749612298971,0.288759874674494,0.445490513026536
"372.83079-0.888",3,0.223382829110012,0.200884320012234,0.575732850877754
"374.82788-0.889",3,0.229300334821195,0.209567057122714,0.561132608056091
"429.21348-7.348",1,0.454641472296451,0.329202118842074,0.216156408861474
"447.31202-12.032",3,0.191551125081136,0.132210763008041,0.676238111910823
"399.25031-13.695",2,0.279181559336753,0.531963889791453,0.188854550871794
"344.09901-1.093",1,0.774188175725516,0.108476443865137,0.117335380409347
"504.31045-12.666",1,0.490106263131872,0.192939444020961,0.316954292847167
"301.11965-7.153",3,0.326791900146376,0.185936839339775,0.487271260513849
"420.25257-11.643",1,0.485623880846898,0.193512561394461,0.320863557758641
"82.02983-1.1",1,0.455620182258191,0.328298241795903,0.216081575945906
"301.10802-1.075",3,0.369953705304126,0.193884173011762,0.436162121684113
"125.03577-1.429",1,0.488445665374316,0.29920336075701,0.212350973868674
"125.03574-1.089",1,0.494105269528484,0.192397576350993,0.313497154120523
"457.29656-10.281",1,0.418999638974441,0.197356642749551,0.383643718276008
"481.16563-8.492",1,0.725290791682277,0.125985387638489,0.148723820679234
"533.67598-8.887",2,0.297672763158177,0.506568356377639,0.195758880464184
"488.19682-8.995",2,0.288528845800487,0.519011004182604,0.192460150016909
"340.2858-16.435",3,0.273798447287964,0.342310493771262,0.383891058940774
"582.34781-14.552",2,0.206499938726653,0.601978788500798,0.191521272772549
"510.30762-10.672",1,0.460102520955653,0.196055668139051,0.343841810905296
"385.17908-8.13",3,0.252912773837624,0.252401798008244,0.494685428154133
"507.15161-9.028",1,0.644212508145852,0.186011482111834,0.169776009742314
"209.08202-7.678",3,0.246352446813568,0.238656184407371,0.514991368779061
"538.30772-14.152",3,0.311896317327119,0.182105743997638,0.505997938675243
"505.25936-8.88",2,0.219617461156464,0.619651036960957,0.160731501882579
"281.11205-6.071",2,0.165644059309205,0.690715323430625,0.14364061726017
"410.23171-11.862",2,0.273905776756875,0.363859520078605,0.36223470316452
"463.26264-13.564",1,0.498156425509839,0.191819739135063,0.310023835355098
"375.08953-7.868",3,0.239351219508892,0.225807675900361,0.534841104590748
"503.33875-11.639",1,0.407381392507842,0.197048552513453,0.395570054978705
"540.2823-10.558",3,0.209580341763039,0.18242748443949,0.607992173797471
"505.35415-11.606",3,0.401529487334592,0.196774901579858,0.40169561108555
"540.3372-12.141",2,0.26114404744129,0.449027592721217,0.289828359837493
"589.30402-9.994",3,0.18973665684877,0.131237521482285,0.679025821668945
"514.2851-7.661",2,0.20602318753,0.603073695796795,0.190903116673205
"199.06134-1.15",2,0.229618348966511,0.545941791650171,0.224439859383318
"293.97408-1.013",2,0.270954500741289,0.398654861030143,0.330390638228568
"293.97403-1.009",2,0.271204889762568,0.396756648846945,0.332038461390486
"312.07605-6.059",3,0.222640497207265,0.199832341064347,0.577527161728388
"312.07604-6.059",3,0.222484652474012,0.199612464466293,0.577902883059695
"685.29671-9.065",2,0.317135780375562,0.480853657716287,0.202010561908151
"164.03878-1.045",2,0.203224179583344,0.609463879720135,0.187311940696521
"517.28127-14.604",3,0.210396355142931,0.183461280280884,0.606142364576185
"509.09463-6.23",1,0.480424145438337,0.194131243933618,0.325444610628046
"391.10372-7.394",3,0.205975727414714,0.177933771471945,0.616090501113341
"391.16137-7.697",2,0.154641961704517,0.713551039975282,0.131806998320201
"576.20421-13.524",3,0.179004455733154,0.12538373309204,0.695611811174806
"253.05045-7.084",1,0.461812816516137,0.322629579371431,0.215557604112433
"392.02945-1.728",1,0.62136405207839,0.162653662141448,0.215982285780162
"531.31806-15.276",2,0.244791489605866,0.504229219817533,0.250979290576602
"139.07654-7.655",1,0.442487585904421,0.340612262119297,0.216900151976282
"471.32663-17.008",3,0.311479133711525,0.181990440166298,0.506530426122177
"443.31719-15.046",3,0.243073239663211,0.157403529891844,0.599523230444945
"337.133-8.105",3,0.182925977247732,0.127541117995384,0.689532904756884
"364.18807-6.659",3,0.358769884863488,0.19227370432261,0.448956410813903
"591.31949-11.45",3,0.263728606257465,0.165980389635188,0.570291004107347
"416.15015-6.249",1,0.400830718029197,0.382480366286198,0.216688915684605
"330.09466-1.446",1,0.438322439457885,0.344603089826446,0.21707447071567
"425.21861-6.795",1,0.493622594152423,0.29482060198846,0.211556803859117
"355.29669-12.527",2,0.370402568137998,0.415964650880142,0.213632780981861
"350.1281-6.893",1,0.694573108492166,0.137574562005418,0.167852329502416
"531.27343-14.729",1,0.759722102902203,0.117629817009528,0.122648080088269
"462.0652-6.135",2,0.356488564719101,0.43213565028777,0.21137578499313
"440.26591-10.329",1,0.471287411960737,0.314122008846689,0.214590579192574
"385.17323-5.523",1,0.463284188400023,0.32129538872748,0.215420422872497
"603.35454-16.519",1,0.656560397655765,0.178295264410552,0.165144337933683
"283.0873-1.635",1,0.417239613974444,0.365459578030844,0.217300807994712
"262.07227-8.2",2,0.361304759349695,0.42647625027022,0.212218990380085
"557.20953-6.191",1,0.765024324369062,0.114518120744646,0.120457554886292
"642.29658-8.87",1,0.731377691708572,0.133893889488947,0.13472841880248
"606.10126-6.982",2,0.147287115044471,0.734941154012707,0.117771730942822
"521.3337-15.823",1,0.617270919461896,0.203343450193245,0.17938563034486
"501.3451-12.756",1,0.70946469411665,0.132014256638749,0.158521049244601
"504.69112-8.765",1,0.507681342938712,0.283181834237047,0.209136822824241
"179.00208-1.094",1,0.452845001193183,0.196544963736557,0.350610035070259
"316.16689-7.916",3,0.316189298242973,0.183266986926055,0.500543714830972
"387.248-14.749",3,0.358731874202824,0.192267698806286,0.449000426990889
"255.23303-17.691",2,0.331072064419756,0.463096231131071,0.205831704449173
"369.22845-11.05",1,0.592665568123341,0.171167916093771,0.236166515782888
"279.09094-7.176",2,0.181015833481023,0.658295917680966,0.160688248838012
"449.14587-8.473",1,0.507435640484234,0.190389064567114,0.302175294948652
"533.29074-9.741",2,0.157562060932353,0.718450114883486,0.123987824184161
"291.12745-6.999",2,0.272655243907148,0.383738672549407,0.343606083543446
"313.09797-1.085",3,0.327762302654357,0.18616706778621,0.486070629559432
"455.22931-10.73",1,0.736113647524368,0.131179036585862,0.13270731588977
"568.19612-14.305",2,0.342797176211271,0.448584549885451,0.208618273903277
"529.27094-12.524",3,0.350898028563683,0.190952696266587,0.45814927516973
"508.29191-12.99",3,0.158295423701682,0.125977320072549,0.715727256225769
"506.24348-7.329",2,0.330988628552176,0.463200901317814,0.20581047013001
"323.11744-6.958",3,0.268758941812104,0.167923333013933,0.563317725173963
"259.19159-11.644",1,0.419570160122133,0.363098985377646,0.21733085450022
"318.14959-6.669",1,0.625191284414461,0.161454696322417,0.213354019263123
"290.11489-6.36",3,0.199369801339943,0.169978870692475,0.630651327967582
"593.27377-12.999",2,0.144540120272554,0.734684154900374,0.120775724827072
"389.12452-9.15",2,0.235306554190461,0.530941841168288,0.233751604641251
"350.89266-7.148",3,0.219024095289354,0.194813287794448,0.586162616916198
"344.21924-6.112",3,0.314261140285691,0.182751128438704,0.502987731275606
"511.22156-14.846",1,0.512218446106765,0.279505080032264,0.208276473860971
"479.16963-7.623",1,0.747949450179022,0.12440607084785,0.127644478973128
"380.31713-17.397",1,0.607382059137915,0.166910111894671,0.225707828967414
"245.13098-7.322",3,0.140077478055412,0.103805108674038,0.75611741327055
"225.14973-9.986",1,0.483981426454793,0.193713384492958,0.322305189052249
"631.34706-7.786",2,0.251420850199988,0.483754805798476,0.264824344001536
"531.20923-7.533",2,0.389526925698224,0.394622923804742,0.215850150497034
"362.20874-7.599",3,0.23800768578614,0.15515786673864,0.60683444747522
"705.36268-16.648",3,0.222432156164881,0.199538474432121,0.578029369402998
"441.19575-11.695",1,0.409209793082298,0.197117662364909,0.393672544552793
"447.29983-16.443",1,0.607354261292024,0.209911547673312,0.182734191034664
"447.29986-16.447",1,0.519032354244881,0.274053309462505,0.206914336292615
"304.93175-1.587",2,0.272514462173775,0.385218726098042,0.342266811728183
"377.13567-7.121",1,0.606606480196972,0.210411237381377,0.182982282421651
"406.206-12.338",2,0.369907804647587,0.416530304022665,0.213561891329748
"329.15278-11.483",2,0.271022562167325,0.398146032888763,0.330831404943912
"483.30992-12.142",3,0.332797755284019,0.187323606138358,0.479878638577623
"317.11456-8.552",1,0.416905201743032,0.365799446619035,0.217295351637933
"389.11251-5.605",3,0.24212011671195,0.230706874674296,0.527173008613754
"397.18704-9.947",2,0.143568236433485,0.740672849881612,0.115758913684903
"523.32825-17.235",2,0.216310148675377,0.578976460334375,0.204713390990248
"306.09852-8.186",3,0.371824513702729,0.194123234382073,0.434052251915199
"347.20757-11.901",2,0.209974390810407,0.634599531503033,0.15542607768656
"268.1457-11.136",1,0.541753723556182,0.256451003570314,0.201795272873504
"653.38313-13.269",2,0.291892370330396,0.51440756655265,0.193700063116954
"313.11428-1.067",2,0.270591984286358,0.544070615813351,0.185337399900291
"262.84448-0.887",3,0.26492266513552,0.285732112467834,0.449345222396646
"229.14467-7.01",1,0.662974838509582,0.148912501497472,0.188112659992946
"489.32302-11.924",1,0.530033416379148,0.186310944736766,0.283655638884087
"399.23909-12.927",1,0.449443937962181,0.19673713819935,0.353818923838469
"447.03951-7.805",1,0.607728086225214,0.209661982740062,0.182609931034724
"358.86094-0.945",2,0.269239451837867,0.410140177370925,0.320620370791208
"469.7353-9.96",1,0.527768991998135,0.186755999507756,0.28547500849411
"272.09301-9.308",3,0.24699128330424,0.159102797593831,0.59390591910193
"616.29255-15.773",3,0.246906049421745,0.239742978578345,0.51335097199991
"388.30709-13.314",3,0.362334940269954,0.192820911792147,0.444844147937899
"551.28025-10.765",3,0.271961098474051,0.320563854551298,0.407475046974651
"493.31503-7.502",1,0.471891496285682,0.195036584311698,0.33307191940262
"623.07953-7.281",1,0.669844845109369,0.146506829739136,0.183648325151494
"484.2745-10.828",1,0.757238300341133,0.119069020604744,0.123692679054123
"275.09613-8.894",1,0.520302478742201,0.273046212455917,0.206651308801882
"249.1134-9.478",1,0.483936717785529,0.30306457597117,0.212998706243301
"364.26265-13.325",2,0.234735779188012,0.532476610375228,0.23278761043676
"407.13512-7.135",1,0.721046921144838,0.139839627792861,0.139113451062301
"281.13967-9.145",3,0.176617989847452,0.144712675933275,0.678669334219272
"352.15888-9.97",1,0.419587430976299,0.363081543832915,0.217331025190786
"641.29308-8.018",1,0.674641031311915,0.167225372063872,0.158133596624213
"621.40142-16.278",2,0.176516040802043,0.667874839977608,0.155609119220349
"541.33049-10.205",3,0.27158764367708,0.168990130238466,0.559422226084454
"444.1378-1.451",1,0.610790325828967,0.207623515417204,0.181586158753829
"623.38075-12.016",1,0.493247054522027,0.192516269295193,0.31423667618278
"451.22014-7.684",2,0.148614397005841,0.73284200152309,0.11854360147107
"565.26621-12.186",1,0.507221698697714,0.190423700435166,0.30235460086712
"447.275-15.754",3,0.195759293487716,0.16576735619002,0.638473350322264
"375.1816-7.642",2,0.237092729000163,0.526091711051732,0.236815559948106
"670.35796-15.086",1,0.416735380618783,0.197320862058586,0.385943757322632
"437.24677-15.87",2,0.273838212932406,0.365800470374644,0.360361316692951
"572.85195-0.963",2,0.235006632858503,0.53174919110391,0.233244176037587
"327.08761-7.599",3,0.273444287305747,0.335873581127253,0.390682131567
"375.20247-10.838",3,0.136926720220871,0.102976826150142,0.760096453628987
"529.27096-10.696",3,0.272384920024025,0.324088718032847,0.403526361943128
"333.10947-8.712",1,0.563317349583754,0.240502739451534,0.196179910964711
"339.10212-8.309",2,0.198308340124706,0.620540302997059,0.181151356878234
"337.20228-11.04",3,0.183530848363491,0.152099821613336,0.664369330023172
"541.17029-6.157",1,0.738933871270258,0.129564489050052,0.13150163967969
"671.3419-15.408",1,0.605635987325889,0.211060692292916,0.183303320381195
"571.30527-8.787",1,0.62407196422227,0.198899812762675,0.177028223015055
"571.30499-8.792",1,0.7488878781974,0.116862701039772,0.134249420762828
"641.33154-14.921",3,0.217813567093637,0.145680936379584,0.636505496526779
"372.21425-7.274",3,0.170050647970622,0.120389218765671,0.709560133263707
"451.16629-6.636",2,0.39043332437345,0.393636484537916,0.215930191088634
"365.9732-8.242",1,0.592972561333006,0.171081540062052,0.235945898604941
"279.12399-9.348",3,0.138433437575796,0.105761244331096,0.755805318093108
"438.1961-11.057",2,0.167693301252113,0.702022781046645,0.130283917701242
"580.23573-15.727",3,0.223319133947618,0.200793751908991,0.575887114143391
"392.26328-14.033",3,0.371035874765579,0.194023513648403,0.434940611586018
"380.28076-15.292",1,0.422134481008621,0.19738702005056,0.38047849894082
"539.17245-14.099",1,0.758177385911708,0.11852582225193,0.123296791836361
"363.19447-11.651",3,0.265801855277083,0.288956538965123,0.445241605757794
"478.21223-10.371",1,0.763346313058531,0.115510815503591,0.121142871437879
"571.23746-11.636",1,0.467358079378648,0.195460783667623,0.337181136953729
"361.08637-1.007",2,0.241352889807204,0.514204758023973,0.244442352168823
"555.30036-12.673",1,0.638424711559829,0.189675400344094,0.171899888096077
"310.92718-0.969",1,0.718559125103634,0.14127759107386,0.140163283822506
"387.16641-7.131",2,0.388695587073165,0.395529648943202,0.215774763983633
"257.9269-6.102",2,0.278955802665951,0.532279608561136,0.188764588772913
"419.31731-16.444",1,0.442639369343631,0.197049176284433,0.360311454371936
"355.20223-14.207",1,0.443616495035193,0.197010365559651,0.359373139405156
"353.19717-7.741",3,0.245028365024223,0.236103292068119,0.518868342907657
"287.11457-6.136",1,0.478512051965671,0.194346101050724,0.327141846983605
"290.87358-0.94",2,0.26544814219565,0.430330776287725,0.304221081516625
"195.13919-12.325",2,0.176445144131906,0.687867597968239,0.135687257899855
"430.22726-11.434",1,0.495249464661591,0.192237301816715,0.312513233521694
"409.1077-8.345",1,0.55176174698726,0.181654165423298,0.266584087589442
"516.29273-10.689",1,0.749409871950525,0.116660870944412,0.133929257105063
"525.14097-10.023",2,0.163714708067958,0.708474238455985,0.127811053476057
"510.25288-8.211",2,0.369084840615632,0.417472705966462,0.213442453417907
"231.02367-1.071",2,0.300142956067163,0.503246327090586,0.196610716842251
"590.27181-6.911",3,0.252555451748034,0.251597998533991,0.495846549717975
"344.21927-7.147",3,0.375671758111984,0.194587695589036,0.42974054629898
"445.29626-16.651",3,0.227033190098418,0.20617493962391,0.566791870277672
"291.10238-7.339",1,0.611458544670654,0.20718007872219,0.181361376607156
"457.33293-12.849",1,0.559742700323817,0.243098855507467,0.197158444168716
"285.04408-6.79",1,0.542252498975019,0.256074096809313,0.201673404215668
"246.09849-6.534",1,0.748004429195445,0.124374592339823,0.127620978464732
"403.19776-9.478",2,0.223454742573566,0.613755395837109,0.162789861589325
"293.10322-8.268",1,0.628109263782697,0.160531154336667,0.211359581880636
"403.19094-10.846",3,0.204279206552378,0.138889266448182,0.65683152699944
"325.27495-17.703",1,0.610231281106182,0.166058924431789,0.223709794462029
"657.28342-8.573",2,0.220591297064074,0.618151910677863,0.161256792258063
"352.15888-10.148",1,0.448827584897153,0.334617049569442,0.216555365533405
"527.21647-14.226",3,0.256748395247059,0.261542277504768,0.481709327248173
"329.15271-11.48",3,0.270872984620047,0.312959323388044,0.416167691991909
"635.3337-13.066",1,0.458502951257054,0.196172686377161,0.345324362365785
"452.31746-17.043",3,0.166039562113923,0.133774497529199,0.700185940356879
"345.14755-12.097",2,0.305662987961979,0.495883753629805,0.198453258408216
"409.04398-8.474",3,0.145485343364752,0.106555855671445,0.747958800963803
"397.1427-7.573",2,0.273497925717203,0.372742455897284,0.353759618385513
"469.29641-12.404",3,0.258606920942944,0.163942568318888,0.577450510738168
"680.26318-7.866",2,0.140993256979079,0.74416498174972,0.114841761271201
"615.3159-14.611",2,0.257240793811243,0.463880352675069,0.278878853513689
"456.17032-10.282",1,0.601161161396478,0.21406918038593,0.184769658217593
"231.05123-1.111",2,0.273840947424923,0.365728203730228,0.36043084884485
"440.03708-6.004",1,0.510675995185547,0.28075080724301,0.208573197571442
"459.29713-14.804",1,0.522073731615957,0.187840270227258,0.290085998156785
"456.20647-11.063",3,0.208883853615038,0.141237355689987,0.649878790694975
"483.28848-13.406",3,0.188579248330103,0.1306141100658,0.680806641604097
"290.93422-0.931",2,0.270001636446437,0.405311181030657,0.324687182522906
"287.92238-0.952",2,0.349023321698617,0.441038191698711,0.209938486602672
"501.21633-10.942",3,0.177905973696111,0.124775892545466,0.697318133758423
"417.08318-9.363",1,0.614139680635524,0.164877667858446,0.22098265150603
"382.11466-6.233",1,0.506492990844566,0.190541095948512,0.302965913206922
"629.33376-12.132",2,0.141037015028317,0.742629951874874,0.116333033096809
"338.08842-7.32",1,0.596516584758468,0.170076709245769,0.233406705995763
"397.96435-6.766",2,0.366447073749084,0.420506139579327,0.213046786671589
"386.09198-7.569",1,0.646074431966177,0.184839337028522,0.169086231005302
"487.08882-8.95",2,0.386802294949385,0.397601690492506,0.215596014558109
"293.10668-7.867",1,0.40495169748683,0.378139015716429,0.216909286796741
"301.15593-10.598",1,0.532516125222581,0.185814004095833,0.281669870681586
"568.84108-0.966",2,0.258304748984582,0.459979725737177,0.281715525278241
"549.23717-15.29",3,0.250928398321531,0.248026527625126,0.501045074053343
"426.28658-10.667",1,0.769393669101686,0.111867828185916,0.118738502712398
"533.09446-7.809",2,0.24209796807563,0.585567958332488,0.172334073591882
"577.37507-15.842",1,0.635954289937573,0.158008854472737,0.206036855589691
"145.0983-1.011",1,0.520002333076953,0.273283945972473,0.206713720950574
"329.11062-1.447",1,0.582288840921095,0.227020601316097,0.190690557762808
"447.31208-13.401",3,0.36462976472237,0.193156367882477,0.442213867395153
"443.30138-15.964",1,0.525639306829396,0.268845265328138,0.205515427842466
"321.10947-7.305",2,0.162570975203116,0.697111466728997,0.140317558067887
"525.14704-1.441",2,0.214859175145302,0.582440226916753,0.202700597937944
"531.2456-7.562",2,0.354092095798969,0.43497622964966,0.210931674551371
"416.24706-14.828",3,0.24581120478938,0.237604890766154,0.516583904444466
"351.23081-14.21",3,0.376077053480794,0.194634502549293,0.429288443969913
"312.98324-5.726",3,0.27352362295427,0.337098257613278,0.389378119432452
"281.05485-1.43",1,0.425613720719445,0.197394876598266,0.376991402682289
"300.19302-6.445",3,0.205339300437,0.139433173147861,0.655227526415139
"502.18389-8.905",3,0.289795443380312,0.175403655671541,0.534800900948147
"303.06833-10.505",3,0.15621537222122,0.12390344781403,0.71988117996475
"429.10437-6.373",1,0.633548845649701,0.19278647701947,0.173664677330829
"222.99921-1.028",1,0.558904890579887,0.243709983071929,0.197385126348184
"253.13474-10.472",3,0.274038957340513,0.351241452296776,0.374719590362711
"451.13836-6.98",1,0.759347487001667,0.117847426518084,0.12280508648025
"303.12-1.083",1,0.768613867391228,0.109455946711919,0.121930185896853
"311.14038-7.743",3,0.136904399199719,0.10299926143781,0.760096339362471
"379.18951-7.656",3,0.136843636507139,0.103333425251756,0.759822938241105
"420.28906-16.919",3,0.155193426841201,0.122886612060204,0.721919961098595
"473.32771-13.426",1,0.488630743266497,0.193132129131459,0.318237127602044
"237.11339-8.59",3,0.302940691283438,0.179535320842807,0.517523987873755
"528.31033-14.525",1,0.597602138173307,0.169766119851819,0.232631741974873
"363.23897-7.806",3,0.203039929440041,0.174356174177701,0.622603896382258
"386.29142-12.811",1,0.745064294727201,0.118342994747349,0.136592710525451
"397.06978-7.431",3,0.331048793987345,0.186929154803361,0.482022051209293
"371.20761-12.189",1,0.49725388256506,0.191950968369006,0.310795149065935
"576.25705-8.605",2,0.179523955910613,0.682906144950658,0.137569899138729
"709.98964-11.133",3,0.203829341281463,0.17531125516268,0.620859403555856
"293.21244-14.613",2,0.341427020160096,0.450260089459514,0.20831289038039
"403.02706-8.471",3,0.136959525759715,0.102951537442226,0.760088936798059
"232.08284-1.454",1,0.541711298829087,0.183893310708936,0.274395390461977
"269.176-10.463",1,0.710590372805543,0.145902757916672,0.143506869277785
"364.17999-8.814",1,0.631360141627788,0.194190451135875,0.174449407236337
"366.26509-14.984",1,0.397776527767516,0.385727164392315,0.216496307840169
"360.25792-13.137",1,0.52935216053016,0.265951427204569,0.204696412265271
"314.13605-5.531",1,0.594812654765644,0.170561579388823,0.234625765845533
"663.3019-9.072",1,0.418479654647374,0.364201815214799,0.217318530137826
"476.23292-9.702",3,0.186962273709432,0.129739838102846,0.683297888187722
"512.27694-11.52",1,0.526191785903576,0.268413175451315,0.20539503864511
"242.11485-1.479",2,0.216775190289224,0.577861322382697,0.205363487328079
"587.23248-10.329",3,0.13687842456087,0.103470738006449,0.759650837432681
"380.08197-6.014",1,0.549262189725213,0.250818214800882,0.199919595473904
"491.16259-1.066",1,0.652025386675306,0.181113740568445,0.166860872756249
"381.31241-12.866",1,0.672129081130522,0.168748051425564,0.159122867443914
"525.33582-11.403",3,0.246096299145941,0.158717565917858,0.595186134936201
"365.23347-12.111",1,0.465748919443695,0.195601708695334,0.338649371860971
"579.39181-13.584",1,0.713868004533893,0.13034792126935,0.155784074196758
"444.2794-16.501",2,0.272911923920715,0.380846345695914,0.346241730383371
"596.27698-8.527",2,0.310435405518567,0.489586731230381,0.199977863251053
"336.15685-6.078",3,0.145484202100106,0.106555239188111,0.747960558711784
"635.33381-13.494",2,0.227693576340601,0.550881804794604,0.221424618864795
"420.24292-10.504",2,0.244072691499506,0.582628505372002,0.173298803128492
"323.06471-7.324",3,0.268181597104863,0.298757934855414,0.433060468039723
"449.32756-11.88",1,0.671532112760715,0.169110617343522,0.159357269895764
"106.95706-0.909",3,0.311061723024054,0.181874638693957,0.507063638281989
"350.24689-12.094",3,0.348422040585912,0.190505012282393,0.461072947131695
"343.22788-13.817",3,0.1377492356311,0.102936530082593,0.759314234286307
"529.22294-14.447",1,0.406235003171508,0.197001254084821,0.39676374274367
"710.49557-11.151",3,0.147565443179527,0.115303173786479,0.737131383033994
"709.4868-11.157",3,0.136908901490442,0.103557442442969,0.75953365606659
"504.31022-15.102",3,0.239275843151984,0.225677265023923,0.535046891824093
"238.83541-0.883",3,0.358556492603468,0.192239942464546,0.449203564931986
"316.15899-10.678",1,0.427250120026025,0.355417882784175,0.217331997189801
"337.17723-8.556",1,0.476301513166921,0.194585917250865,0.329112569582214
"299.25924-17.181",3,0.32568482412034,0.185671287511447,0.488643888368212
"494.29442-13.656",3,0.347699588304662,0.190371477924969,0.461928933770369
"730.42103-10.137",3,0.306362752202794,0.180541050733189,0.513096197064017
"609.25107-8.533",2,0.236013870835976,0.594681142996284,0.16930498616774
"571.25308-11.979",1,0.72420623131117,0.12640179933031,0.14939196935852
"458.86851-0.974",1,0.636638434025842,0.19081251155475,0.172549054419408
"502.1362-7.609",2,0.320019126931896,0.477134546536264,0.20284632653184
"611.38146-13.416",1,0.619767481292616,0.201706634934438,0.178525883772946
"453.03754-1.593",2,0.227954563917123,0.550215627216811,0.221829808866066
"537.32884-15.064",1,0.623384506291173,0.199346797195586,0.17726869651324
"571.23749-10.809",3,0.393252337867448,0.196249832926825,0.410497829205728
"253.05034-1.096",1,0.520188614864004,0.273136380944365,0.206675004191631
"243.11555-7.538",3,0.27378599106061,0.342024781289655,0.384189227649734
"309.20727-13.5",2,0.142569443016492,0.742130947661008,0.1152996093225
"301.10842-7.655",3,0.394560660170354,0.196343676899275,0.409095662930371
"147.06758-1",3,0.229592493977015,0.210010557712852,0.560396948310133
"439.35456-16.89",1,0.410421070312158,0.197159176107187,0.392419753580655
"569.28532-12.975",1,0.563902267554311,0.178763795782497,0.257333936663191
"407.11398-11.048",2,0.242139681010849,0.511954785647522,0.245905533341629
"284.16916-10.524",1,0.681110971056518,0.142487949062986,0.176401079880495
"371.21899-7.436",3,0.173350642551182,0.122240057156311,0.704409300292507
"261.17091-7.283",3,0.183043449806365,0.151571779122453,0.665384771071182
"270.09852-6.672",1,0.480405215671615,0.194133404579514,0.325461379748871
"332.85464-0.93",2,0.239410552084285,0.519683662694737,0.240905785220978
"617.37021-14.549",2,0.24983586235438,0.574102481228334,0.176061656417286
"413.27736-7.909",3,0.182742946712898,0.12744087802204,0.689816175265062
"128.07179-1.108",3,0.341095459931245,0.189089848376947,0.469814691691808
"587.28817-9.988",3,0.250859377314146,0.160747648633899,0.588392974051956
"421.29607-14.323",3,0.271996578491775,0.169142807319246,0.558860614188979
"371.13499-7.595",1,0.630526445714411,0.194726471043335,0.174747083242254
"301.14073-7.188",2,0.256187455358306,0.56479860026707,0.179013944374624
"651.29378-11.55",1,0.587459431841629,0.17261632334376,0.239924244814611
"251.10394-8.507",2,0.271326572745462,0.395806670291377,0.332866756963161
"412.30719-16.737",1,0.475323792630871,0.194689035835406,0.329987171533723
"489.28671-10.759",3,0.253247267284876,0.161746625938322,0.585006106776803
"366.19572-9.95",2,0.207923292541865,0.637802735462616,0.154273971995518
"461.15072-6.281",3,0.220778455659581,0.19722676271206,0.581994781628359
"274.09353-5.658",1,0.482820955351648,0.304026466229607,0.213152578418745
"323.01201-5.733",2,0.272858872965755,0.381467483670004,0.345673643364241
"345.10911-6.626",3,0.343490068754827,0.189567263260472,0.466942667984701
"350.24665-13.394",3,0.20868191630541,0.181296502909588,0.610021580785001
"322.13321-8.127",2,0.359477633993509,0.428615517431191,0.211906848575299
"295.22786-16.464",3,0.215546603028243,0.190139677302722,0.594313719669035
"489.32276-8.939",2,0.217929779561457,0.575081897691579,0.206988322746965
"487.19486-10.982",2,0.274268893262043,0.538864526782312,0.186866579955645
"183.04124-1.095",3,0.385692513355975,0.195627038629781,0.418680448014245
"508.3414-17.203",3,0.249238714319427,0.244458913655135,0.506302372025438
"389.30634-15.929",1,0.759778613884143,0.117596971528056,0.1226244145878
"754.35006-9.32",2,0.173271616786215,0.692992601836687,0.133735781377099
"581.13388-10.04",1,0.61206530245301,0.206777853743898,0.181156843803092
"609.35599-13.744",1,0.751414972760268,0.122420172088838,0.126164855150895
"132.88637-0.891",3,0.178916251209786,0.125334980656657,0.695748768133557
"407.28064-9.291",1,0.461166569744375,0.323217103388,0.215616326867626
"473.24053-13.894",3,0.307306313753838,0.180813247528199,0.511880438717963
"299.07738-5.701",1,0.729187443550733,0.135151424694324,0.135661131754943
"461.24449-15.305",3,0.249855485564649,0.245745474402536,0.504399040032815
"621.4014-12.325",1,0.724237505259582,0.12638979769069,0.149372697049728
"304.08294-8.16",3,0.361390582893305,0.192679051727591,0.445930365379104
"529.00873-7.071",1,0.464511832134956,0.320185889770495,0.215302278094549
"457.1723-7.954",1,0.617368939647706,0.20327906087042,0.179351999481874
"402.27832-13.876",1,0.611847507492264,0.206922185397404,0.181230307110332
"98.02477-1.096",3,0.25829540583383,0.163816701453231,0.577887892712939
"415.1404-8.778",1,0.563159824017004,0.24061675876809,0.196223417214906
"442.29277-13.499",1,0.492630470371073,0.295656399151955,0.211713130476972
"429.2418-10.638",2,0.141975485475458,0.740348646313014,0.117675868211527
"429.24187-10.64",2,0.268874244945726,0.546514735183363,0.184611019870912
"364.9385-0.96",2,0.258169243954411,0.561915902509268,0.17991485353632
"398.23385-17.302",1,0.412314171689538,0.370494617062257,0.217191211248204
"271.15537-6.965",3,0.167527998780565,0.135290881691364,0.69718111952807
"343.1295-6.958",2,0.24478294627664,0.504254483054737,0.250962570668623
"568.26866-13.713",1,0.446233804314862,0.337058282237576,0.216707913447562
"481.09133-7.174",1,0.715140942686302,0.129864503056897,0.154994554256801
"266.79607-0.88",1,0.557324245518184,0.24486574103006,0.197810013451756
"264.79902-0.878",1,0.574187991582088,0.2327180392756,0.193093969142311
"259.11889-8.56",3,0.256675292023754,0.261358281037489,0.481966426938756
"501.32288-9.797",3,0.338297802049298,0.188513755525925,0.473188442424778
"405.16972-7.857",2,0.246452759277615,0.579097867444646,0.17444937327774
"255.12396-9.622",3,0.263622480739843,0.281258801131566,0.455118718128591
"710.99734-11.161",3,0.261819322650162,0.165227706665631,0.572952970684207
"422.26807-13.768",2,0.197885443609647,0.621485047023203,0.18062950936715
"651.37596-15.055",2,0.248413161484899,0.576199863031043,0.175386975484058
"469.29646-12.949",3,0.138339009582268,0.103102975728779,0.758558014688953
"615.31807-14.126",1,0.465318034050701,0.319459091095328,0.21522287485397
"469.29651-12.523",3,0.246293495444272,0.238541146133407,0.515165358422321
"450.29781-10.057",2,0.367858678622826,0.418880356043255,0.21326096533392
"571.18975-10.072",3,0.224700666864585,0.202771250144228,0.572528082991187
"645.36498-14.584",2,0.142835404887473,0.738401915311916,0.118762679800611
"615.14932-7.926",2,0.385090793997035,0.399483247131309,0.215425958871656
"188.09306-6.085",1,0.614106461678153,0.205427706517069,0.180465831804778
"419.05235-7.085",3,0.176297522642731,0.14437525384227,0.679327223514998
"419.28071-14.252",3,0.30031398617394,0.178743677139704,0.520942336686356
"569.25072-10.754",1,0.644308086967855,0.185951235467107,0.169740677565039
"533.31322-10.458",3,0.192878281060611,0.162468712758223,0.644653006181167
"299.05635-9.195",2,0.140743374401821,0.744369149324455,0.114887476273724
"566.83546-0.971",2,0.181495917341703,0.657268817296238,0.161235265362059
"233.01268-1.112",3,0.203988356667493,0.175504246273001,0.620507397059506
"459.27323-12.043",1,0.535545611148466,0.185195036448818,0.279259352402716
"287.13633-1.608",3,0.287133738693788,0.174515692505375,0.538350568800837
"646.857-0.97",2,0.191664133628958,0.635248281762872,0.17308758460817
"644.85178-0.973",2,0.204330114732147,0.606946627264985,0.188723258002868
"651.37589-10.801",1,0.557161633271025,0.180393053806864,0.262445312922111
"467.28068-12.898",3,0.325507641733876,0.18562850057279,0.488863857693334
"622.29006-13.799",1,0.516074897420208,0.188926928492486,0.294998174087306
"441.22638-12.467",1,0.393748074696484,0.390048085257718,0.216203840045797
"309.08594-10.509",3,0.245363645899423,0.23674371327404,0.517892640826537
"633.29556-8.077",2,0.369433598305336,0.417073100133171,0.213493301561493
"406.25209-15.249",3,0.161132187059804,0.11534452790063,0.723523285039566
"393.06233-7.867",3,0.151079828281133,0.118800505006852,0.730119666712015
"427.26237-16.447",1,0.772136245105812,0.110092960932511,0.117770793961677
"427.26219-16.447",1,0.774361324889966,0.108197745469199,0.117440929640835
"440.21172-9.883",3,0.20924676353982,0.182006685891496,0.608746550568684
"677.26986-7.584",1,0.634888108509624,0.191929683318376,0.173182208172
"205.10821-7.335",3,0.152453915085678,0.120164936470177,0.727381148444145
"635.38079-12.07",1,0.53024690988396,0.265257526318413,0.204495563797628
"469.30939-14.641",3,0.200123104931656,0.170869120939868,0.629007774128476
"469.30938-14.641",1,0.606499942680747,0.167171915259824,0.226328142059429
"621.29255-11.708",1,0.536201343478873,0.185059256505361,0.278739400015766
"497.25808-11.121",2,0.366542445920118,0.420396119974417,0.213061434105466
"388.27077-9.177",3,0.242979325240536,0.232272802851163,0.524747871908301
"223.08249-1.085",2,0.333983227081567,0.459456605308146,0.206560167610287
"478.22745-13.363",1,0.625372559403331,0.198055490108783,0.176571950487886
"385.11417-7.065",1,0.460372208234076,0.323940566576667,0.215687225189257
"247.15524-6.589",3,0.21209981881632,0.185640137124225,0.602260044059455
"515.13539-11.085",1,0.571382227597458,0.176886500346052,0.25173127205649
"556.20658-7.023",1,0.506521071061352,0.284128189607708,0.209350739330939
"653.30953-11.63",1,0.518000292869805,0.188584434743437,0.293415272386758
"675.27211-8.583",2,0.195891460042761,0.656749341615149,0.14735919834209
"374.27025-16.215",1,0.614668689556365,0.205056610155876,0.180274700287759
"482.30482-13.695",3,0.38819047626505,0.195848071424043,0.415961452310907
"363.11992-6.817",1,0.551385983548854,0.18174043477984,0.266873581671306
"465.27797-13.733",2,0.292881018953841,0.513060313542226,0.194058667503933
"611.40896-17.055",3,0.266449656812762,0.291453473891399,0.442096869295839
"531.28662-14.063",3,0.286214811584053,0.174205151142633,0.539580037273314
"695.05661-7.229",1,0.556211970093903,0.180617717903334,0.263170312002763
"314.20888-6.217",1,0.756619590855463,0.113886828395485,0.129493580749052
"580.31827-14.265",3,0.235293553662156,0.21898817427521,0.545718272062633
"238.0254-1.088",2,0.228904558535198,0.547781133272874,0.223314308191928
"335.02042-7.329",3,0.148319700288622,0.108108782954202,0.743571516757175
"639.37585-12.597",1,0.472731958040532,0.194953569134012,0.332314472825456
"283.19165-11.091",2,0.144264935117596,0.739625955451358,0.116109109431046
"517.26354-12.423",2,0.390485297907956,0.393579989416976,0.215934712675068
"465.23957-9.643",1,0.770795305219016,0.110980013066009,0.118224681714976
"551.09694-9.237",2,0.190076881652592,0.665995165319817,0.143927953027591
"284.98502-7.724",2,0.247463329485848,0.496197784372559,0.256338886141593
"592.26261-9.615",1,0.762796668293239,0.115834104487447,0.121369227219314
"432.22189-14.969",1,0.597193276169152,0.169883253283185,0.232923470547663
"491.19039-10.167",1,0.443219962361353,0.339914841415237,0.216865196223409
"433.28429-10.56",3,0.154540276436003,0.122237276158467,0.72322244740553
"418.22723-11.952",2,0.20659082774615,0.601769832306868,0.191639339946982
"471.325-12.622",3,0.150548075717483,0.109351268542619,0.740100655739898
"619.23809-8.537",1,0.472840543404981,0.312746072248227,0.214413384346792
"413.21844-11.298",1,0.774332786575172,0.108270868278674,0.117396345146154
"179.99732-1.094",1,0.407184804027154,0.197040659080275,0.395774536892571
"372.05499-9.483",1,0.702319018811292,0.150738108415168,0.14694287277354
"353.13561-5.603",3,0.212502623433908,0.186159571328855,0.601337805237237
"316.18805-6.154",1,0.589897302075443,0.171941955336671,0.238160742587886
"380.23057-6.453",1,0.403699515754278,0.196885740353626,0.399414743892096
"501.347-17.071",1,0.418643203476811,0.197351782260633,0.384005014262555
"575.27639-11.312",2,0.266187600220555,0.426754569644527,0.307057830134918
"401.09937-8.387",3,0.189210794696242,0.130954526699059,0.679834678604699
"587.15454-7.077",1,0.45498800673545,0.328881829666304,0.216130163598245
"359.13806-8.037",3,0.13709807123476,0.103947287655626,0.758954641109615
"482.72496-11.576",1,0.650620640480624,0.181990371853974,0.167388987665402
"491.75617-12.257",2,0.228270539047295,0.549407581608817,0.222321879343888
"249.14972-15.17",2,0.206210926465117,0.640483075632852,0.15330599790203
"308.11771-7.489",1,0.753378165132274,0.121292999339798,0.125328835527928
"303.23308-16.894",3,0.253291483176563,0.253261803856172,0.493446712967265
"536.88492-0.973",1,0.409573311365039,0.373323793102401,0.217102895532561
"547.31828-15.06",2,0.179623704679894,0.682745590915609,0.137630704404497
"394.0599-7.868",3,0.215979960436433,0.190714471038795,0.593305568524771
"437.25514-10.372",3,0.32153838719905,0.184649268970582,0.493812343830368
"564.24055-16.098",3,0.239103690322617,0.155648358514132,0.605247951163251
"251.00066-7.062",2,0.165108887443605,0.70621293930705,0.128678173249345
"432.25269-14.856",1,0.42606293520498,0.197393919984263,0.376543144810758
"432.25264-14.854",1,0.443934909667445,0.196997281421436,0.359067808911119
"340.15884-10.453",1,0.540169765469274,0.184223984417985,0.27560625011274
"382.20598-12.611",2,0.141733608374338,0.740913270462373,0.117353121163289
"502.27131-12.743",2,0.259018764710788,0.457304382771009,0.283676852518203
"347.15003-10.161",3,0.279984762989406,0.172046212010684,0.54796902499991
"467.13322-5.764",1,0.721504258198954,0.12743733960955,0.151058402191496
"507.3253-13.85",3,0.138527793783387,0.105873571437541,0.755598634779072
"587.25731-10.777",1,0.74235773745018,0.127605571331394,0.130036691218427
"331.13022-8.827",1,0.490065251178004,0.192944852758309,0.316989896063687
"108.99655-1.069",2,0.24625313324917,0.579393481720863,0.174353385029967
"576.28819-13.092",1,0.588521133118019,0.222695061340235,0.188783805541746
"173.83136-0.922",3,0.376309946902115,0.194661216364568,0.429028836733317
"414.30133-15.998",1,0.492802791058361,0.192577197546424,0.314620011395215
"674.27971-6.442",2,0.141028192498127,0.744129690223291,0.114842117278581
"378.20379-7.868",3,0.213043214254156,0.186859285355342,0.600097500390502
"549.251-11.159",3,0.237412615787588,0.154890498304257,0.607696885908155
"571.06619-6.156",1,0.726746135684615,0.136554881289288,0.136698983026097
"248.09765-10.164",3,0.208332521720975,0.14095820105566,0.650709277223365
"451.12527-6.276",3,0.27757595901591,0.171186604077653,0.551237436906436
"485.20362-7.219",1,0.497367203691625,0.291683441756207,0.210949354552168
"507.26064-8.517",3,0.31811086440884,0.183771812966373,0.498117322624786
"589.21484-7.266",3,0.268610829470621,0.167866961607181,0.563522208922198
"572.26651-14.74",1,0.564530467200884,0.178608905210626,0.256860627588491
"669.32647-14.12",1,0.632195612964602,0.159224393043963,0.208579993991435
"352.28571-16.144",1,0.487573928703897,0.193267714485355,0.319158356810748
"388.80835-0.889",3,0.271633271379161,0.318088971120283,0.410277757500557
"404.25753-12.423",3,0.175688318106766,0.14373496402249,0.680576717870744
"234.93531-0.925",3,0.387887613449215,0.195822076495105,0.41629031005568
"385.27105-13.925",1,0.774147598960986,0.107976866342276,0.117875534696738
"356.28082-15.906",1,0.471214885078033,0.314186388247599,0.214598726674368
"437.24663-15.558",2,0.390563046265449,0.393495490878405,0.215941462856146
"728.29629-10.465",2,0.167030823062751,0.703096590101762,0.129872586835487
"398.32785-14.951",3,0.382582120529984,0.195330660480715,0.4220872189893
"572.06377-6.156",1,0.673807798540377,0.167729932292202,0.158462269167422
"321.10946-6.628",3,0.378611738098345,0.194918078580622,0.426470183321032
"433.20971-6.68",2,0.272341219744303,0.386955460515879,0.340703319739817
"93.04584-1.425",1,0.71338400321884,0.144277800451374,0.142338196329786
"324.25459-15.378",1,0.434201517253345,0.197299357175394,0.368499125571261
"126.05613-1.122",1,0.541271956240279,0.183987905381542,0.274740138378179
"269.1145-7.707",2,0.237648424049215,0.524567563962834,0.23778401198795
"357.10151-9.038",3,0.273481711631921,0.336440401043949,0.390077887324129
"389.00849-7.852",1,0.564002684468006,0.178739071267595,0.257258244264399
"248.82142-0.877",3,0.266661201072643,0.2922936718511,0.441045127076257
"487.04215-7.082",1,0.434222480199862,0.348572513180739,0.217205006619399
"321.20711-12.094",1,0.766660705898934,0.113539400185568,0.119799893915498
"375.13127-6.803",1,0.540687951118179,0.25725768980646,0.20205435907536
"425.23208-13.193",1,0.747079305921151,0.124904194126681,0.128016499952168
"605.37023-12.725",1,0.402090445396825,0.196804615256875,0.4011049393463
"437.29138-12.408",3,0.164043782390593,0.116996550381814,0.718959667227594
"289.10816-7.433",3,0.356988695237905,0.191988398004534,0.451022906757561
"585.23584-10.313",1,0.759397356826356,0.112829821337874,0.12777282183577
"677.30037-13.063",3,0.39906688512108,0.196635674418483,0.404297440460436
"701.85388-6.922",2,0.252153722439026,0.481366991677601,0.266479285883374
"485.23995-11.337",1,0.416768541579798,0.365938419472636,0.217293038947566
"555.28492-15.363",3,0.263525636709344,0.165900770664265,0.570573592626391
"595.3493-15.737",1,0.572422388595239,0.233971387518355,0.193606223886407
"381.10649-7.867",3,0.234148188540773,0.217131945238975,0.548719866220253
"223.09775-8.385",3,0.227076197077931,0.150129429989177,0.622794372932892
"702.32782-7.499",2,0.219553463914747,0.571146301750946,0.209300234334306
"401.13775-7.658",2,0.268641477516505,0.413694874691176,0.317663647792319
"457.30951-15.007",3,0.37478486109839,0.194483859508106,0.430731279393504
"457.30941-15.004",3,0.372863934222223,0.194252318127285,0.432883747650492
"320.88218-7.06",1,0.612678144229793,0.206372005339288,0.18094985043092
"307.11893-10.195",1,0.485707996304219,0.301542815021623,0.212749188674158
"575.19896-6.778",1,0.740081952098119,0.128907529501995,0.131010518399887
"713.35281-13.404",2,0.267951563622408,0.417588027021231,0.314460409356362
"393.10134-11.867",2,0.218001000703561,0.574909935314099,0.20708906398234
"361.09659-6.48",3,0.1867326266745,0.155598136268295,0.657669237057206
"495.32499-14.917",1,0.651248826868219,0.18159814003612,0.167153033095661
"495.32503-14.928",1,0.653553730430328,0.15215249268236,0.194293776887311
"126.9037-0.881",1,0.709063733795743,0.146792436074186,0.144143830130071
"383.12698-9.823",3,0.161001813174311,0.128686765861449,0.71031142096424
"394.27273-14.599",2,0.265163187498105,0.43167400532659,0.303162807175304
"521.2401-10.948",1,0.772326763496172,0.108283495823343,0.119389740680485
"774.84832-10.454",1,0.556756061362142,0.245282086310929,0.19796185232693
"513.27601-13.14",3,0.267880102145597,0.297409982739103,0.4347099151153
"258.10964-1.439",1,0.442388087670802,0.340707110279623,0.216904802049576
"423.27578-10.768",3,0.165262258948197,0.11768674672056,0.717050994331243
"383.17144-7.581",3,0.169047239774478,0.136845633337141,0.694107126888381
"414.81486-0.895",2,0.269545225614421,0.408247000506379,0.322207773879201
"250.81852-0.881",3,0.269317744833245,0.304205124100244,0.426477131066511
"400.22381-15.273",3,0.266893440106076,0.293231184427375,0.439875375466549
"609.36558-12.078",1,0.470461660384744,0.195174683385961,0.334363656229295
"343.28536-17.037",1,0.443644040189539,0.197009242165384,0.359346717645077
"312.86442-0.983",3,0.341572303560148,0.189186070245236,0.469241626194616
"325.27496-17.321",3,0.137675573622501,0.104809172655375,0.757515253722123
"359.11693-8.228",3,0.389136778809159,0.195927866428142,0.414935354762698
"359.11699-8.224",1,0.412353808163739,0.197218395034074,0.390427796802188
"349.21519-14.943",3,0.160453524577794,0.128136688552738,0.711409786869468
"390.88071-0.977",1,0.717546762676692,0.128948871120346,0.153504366202962
"457.29661-15.03",3,0.259378094945731,0.268466881251469,0.4721550238028
"621.36527-13.27",1,0.447168765234451,0.196852285714034,0.355978949051515
"449.2914-11.173",1,0.558970409281899,0.17996179022791,0.261067800490191
"449.33896-15.041",2,0.325385372816545,0.470275535512461,0.204339091670994
"213.11334-9.664",1,0.563368219127309,0.240465926861663,0.196165854011028
"299.15017-7.548",3,0.317963040310482,0.183733306032726,0.498303653656793
"369.20336-7.445",3,0.306568744605862,0.18060066382264,0.512830591571498
"348.19301-7.986",1,0.583382218345009,0.173728676065879,0.242889105589111
"777.37104-11.928",1,0.418731567916129,0.363946784261918,0.217321647821954
"543.33674-11.542",2,0.217144320047122,0.576974410475512,0.205881269477366
"591.35459-12.995",3,0.14515286663603,0.112883502274864,0.741963631089106
"601.31559-14.784",1,0.691553297111208,0.157091205318335,0.151355497570456
"410.23166-12.299",2,0.219463014031338,0.57136639119737,0.209170594771293
"397.17923-7.643",2,0.269758633967527,0.406891653811232,0.323349712221241
"287.10383-7.042",2,0.161214702580451,0.699928404443269,0.13885689297628
"291.11993-1.017",1,0.457130030209318,0.326908132568051,0.21596183722263
"164.07183-7.547",1,0.417297645819686,0.365400628639462,0.217301725540852
"315.03208-7.535",3,0.273811072416419,0.34260736269348,0.383581564890101
"558.2572-10.193",1,0.638413774500176,0.157206568888894,0.20437965661093
"549.28423-13.666",3,0.147089196840041,0.114827312759768,0.73808349040019
"368.8858-0.961",1,0.747538101379319,0.124641570304553,0.127820328316128
"475.08887-8.243",1,0.465225979293552,0.319542006667106,0.215232014039342
"461.15203-1.061",1,0.526766276090145,0.267964422502677,0.205269301407177
"473.32802-12.817",1,0.615543907733244,0.204479605035198,0.179976487231558
"449.24516-15.338",3,0.249605577832407,0.245222064259436,0.505172357908156
"421.16388-7.275",1,0.718919970763649,0.128425117870072,0.152654911366279
"507.27502-9.122",2,0.209021124378013,0.636087245567972,0.154891630054015
"395.13827-9.999",1,0.439820695887257,0.343162725525829,0.217016578586913
"180.86211-0.941",2,0.247201819682083,0.496995906442999,0.255802273874918
"444.31237-16.264",1,0.401815153002275,0.381439173882151,0.216745673115574
"387.14853-11.128",2,0.290460419159146,0.516363633215686,0.193175947625168
"336.15681-7.196",2,0.223988824485079,0.61293728326253,0.163073892252391
"314.23391-13.849",2,0.262190206533538,0.444754056495091,0.29305573697137
"517.19334-8.141",1,0.709651825177419,0.146449570708303,0.143898604114279
"517.19338-8.14",1,0.710531721580151,0.145936915706746,0.143531362713102
"517.29578-13.027",1,0.54907712205607,0.182266209633187,0.268656668310743
"246.09846-1.103",2,0.247079168871492,0.578170869369148,0.17474996175936
"603.3424-13.8",1,0.593088264523594,0.171048957974547,0.235862777501859
"355.2603-14.314",2,0.179691968553026,0.682635721572585,0.137672309874389
"383.12689-9.557",3,0.364804519533967,0.193181375822889,0.442014104643143
"383.12678-9.522",1,0.737611760113136,0.121230736661552,0.141157503225311
"622.29-13.563",3,0.279848736825562,0.171998037475879,0.548153225698559
"631.34697-15.278",2,0.336347948819236,0.4565179463122,0.207134104868564
"495.29684-15.979",2,0.194585405530643,0.65882129127874,0.146593303190617
"704.9053-10.428",3,0.250157898468987,0.246382777606429,0.503459323924584
"260.1254-1.425",3,0.156821823130493,0.124507456868297,0.718670720001209
"473.3239-8.449",3,0.226449364175676,0.149833717586271,0.623716918238052
"529.27194-11.325",3,0.354797114272575,0.191626448699989,0.453576437027436
"445.33276-17.288",3,0.269827579396003,0.306877850500777,0.42329457010322
"540.32073-16.304",1,0.604988262892702,0.211494745210646,0.183516991896653
"363.13458-11.945",2,0.273239230654212,0.376663709967319,0.350097059378469
"285.06181-6.724",1,0.425291916201097,0.357362218223445,0.217345865575458
"607.42218-17.495",2,0.344526304250574,0.446477678089958,0.208996017659468
"444.22191-12.682",1,0.637001599925164,0.190581081852695,0.172417318222141
"354.30138-16.904",3,0.193691375276827,0.133352206606871,0.672956418116302
"461.3277-15.295",1,0.457556935642369,0.196239464075736,0.346203600281894
"491.21128-12.032",1,0.40323208324846,0.196862800512621,0.399905116238918
"615.22753-11.115",3,0.254902621049687,0.257019366643451,0.488078012306862
"334.00264-7.534",3,0.273879879639495,0.344383607078251,0.381736513282254
"665.04592-7.279",1,0.574782647622448,0.17600962802593,0.249207724351621
"172.95801-1.02",3,0.216657235983453,0.191617034388768,0.591725729627778
"293.10064-6.196",1,0.724036581212234,0.126466897846049,0.149496520941718
"699.37361-15.115",1,0.463884415242218,0.195758615728886,0.340356969028896
"299.15018-7.537",3,0.330873182275133,0.186889121982026,0.482237695742841
"178.86513-0.94",2,0.255443844589546,0.470259346523479,0.274296808886975
"397.24595-7.06",3,0.269001319369782,0.302623353443445,0.428375327186773
"347.25912-17.65",1,0.669245591621328,0.146718065801931,0.18403634257674
"441.26269-14.049",1,0.535798495988013,0.18514274826476,0.279058755747228
"442.29665-15.373",3,0.255971541732084,0.259608132013136,0.48442032625478
"404.31729-16.805",3,0.271827688165206,0.319533643175831,0.408638668658963
"304.13051-6.528",2,0.267916471071869,0.547880818902736,0.184202710025396
"555.33111-16.478",2,0.175494800981881,0.689401234091154,0.135103964926965
"503.12032-8.231",1,0.466410204011806,0.318476777869101,0.215113018119093
"393.17694-8.206",2,0.270226549392186,0.544589944947691,0.185183505660123
"224.90653-0.913",3,0.304339359569328,0.179949892185096,0.515710748245576
"396.96677-6.772",1,0.583803480021964,0.225964822595644,0.190231697382392
"583.33744-14.441",2,0.25236066550467,0.480687467035619,0.266951867459711
"540.33709-11.605",2,0.143009124310381,0.738016457197005,0.118974418492613
"449.32784-15.392",3,0.238895717544081,0.225021867779849,0.53608241467607
"603.35444-14.4",1,0.725834752851332,0.12577638220795,0.148388864940718
"439.29921-16.403",1,0.707218615929821,0.132860557717874,0.159920826352306
"623.38089-16.886",2,0.36626699959458,0.420713939785493,0.213019060619927
"510.32644-13.286",1,0.657565428108709,0.150781403088278,0.191653168803014
"425.14311-6.534",1,0.754395980444138,0.120707735118335,0.124896284437526
"231.15178-10.5",2,0.391289540978016,0.392706717980685,0.216003741041298
"524.2046-8.232",2,0.21633062071222,0.6247252279225,0.15894415136528
"478.29448-15.344",3,0.227329681789086,0.206613709352444,0.56605660885847
"306.10204-7.019",1,0.535987813093339,0.260836911822267,0.203175275084394
"221.01253-1.44",1,0.402180080401951,0.381053864097854,0.216766055500195
"451.29864-16.181",3,0.177236410673157,0.12440466991362,0.698358919413223
"633.32875-11.716",1,0.557450157912368,0.18032455589427,0.262225286193362
"506.88989-16.912",3,0.371086604235044,0.194029974497287,0.434883421267669
"311.07748-7.4",1,0.694510688556858,0.155338855515161,0.150150455927981
"349.12537-1.058",1,0.740922368981979,0.119948170020336,0.139129460997685
"555.16427-8.119",1,0.496669257172015,0.292266091216865,0.21106465161112
"490.97856-6.005",2,0.295796872702105,0.509102358586281,0.195100768711613
"582.27199-9.756",2,0.145994928574933,0.736964909818308,0.11704016160676
"366.2109-14.398",1,0.567426818281615,0.177888155274957,0.254685026443428
"268.10395-1.045",3,0.394179755243101,0.196316777447361,0.409503467309539
"543.25019-10.713",2,0.271684562345224,0.392892618707272,0.335422818947504
"525.27114-7.901",1,0.623857126404261,0.161874255261904,0.214268618333835
"535.1538-10.747",3,0.2342120766085,0.217234745033669,0.548553178357831
"385.16939-11.003",1,0.753161076919582,0.115213603088645,0.131625319991773
"513.20079-13.266",2,0.249836616068273,0.488822616055705,0.261340767876022
"505.30224-15.324",1,0.498734841812413,0.191734890295553,0.309530267892034
"189.05587-7.533",3,0.183396994281267,0.12779886937793,0.688804136340803
"369.88798-6.428",3,0.172922194211867,0.140845942292491,0.686231863495642
"441.27819-16.827",3,0.246972224311578,0.239873683641185,0.513154092047237
"387.13007-7.435",2,0.205541016123314,0.641533176571271,0.152925807305416
"519.31153-14.548",2,0.239227398986331,0.589857094314625,0.170915506699044
"223.06479-6.252",2,0.304178647259308,0.497855239628014,0.197966113112677
"525.32027-16.549",1,0.711073683645963,0.13140645473228,0.157519861621756
"617.40647-14.235",2,0.322716095928912,0.473677134171453,0.203606769899635
"498.91633-0.962",2,0.19351063606331,0.660528453375559,0.145960910561131
"498.91632-0.965",2,0.193144445663509,0.661110543145229,0.145745011191261
"183.1391-10.805",2,0.387394841596973,0.396952143622037,0.21565301478099
"387.14114-6.153",1,0.744715630229733,0.118478089479985,0.136806280290282
"461.10964-7.642",2,0.157752654782368,0.707107279908325,0.135140065309308
"489.27826-14.113",2,0.269440393064475,0.408902309729025,0.321657297206499
"643.15598-9.763",2,0.174395867778179,0.672360107904914,0.153244024316908
"602.34853-16.154",2,0.250164290216267,0.487784480928335,0.262051228855398
"691.27972-12.187",1,0.750785028673509,0.116129602873034,0.133085368453457
"523.08976-0.995",2,0.140984394415183,0.742769852964552,0.116245752620265
"224.8122-0.877",1,0.408551895385073,0.197093689485557,0.39435441512937
"681.07719-7.011",2,0.332502030306571,0.461305424419483,0.206192545273946
"211.89401-1.385",2,0.140597299787608,0.744371259182841,0.115031441029551
"518.36217-17.629",3,0.398140565106182,0.196579590207218,0.405279844686599
"555.30021-12.052",2,0.203419317561908,0.644864488150746,0.151716194287346
"261.02138-8.444",1,0.740933282991887,0.119943940408835,0.139122776599278
"421.99734-8.47",3,0.312922643653708,0.182387556106164,0.504689800240127
"597.28189-13.47",1,0.442615724023201,0.340490147441241,0.216894128535558
"651.41211-11.114",1,0.498908060115072,0.290400469811011,0.210691470073917
"597.26864-12.568",1,0.452164302488004,0.196585338660646,0.35125035885135
"530.74683-8.545",1,0.490986018616926,0.297046035248628,0.211967946134446
"508.22766-14.939",1,0.550531429092176,0.181935898714916,0.267532672192908
"469.2964-14.474",3,0.282324436869928,0.172867907179628,0.544807655950443
"299.0563-11.176",3,0.243648887879179,0.233509200253174,0.522841911867647
"412.27399-12.029",3,0.214427127002893,0.188664427597172,0.596908445399935
"412.27395-12.027",3,0.215759954047826,0.190422397984424,0.59381764796775
"172.07287-1.016",1,0.698393130780474,0.153046689390017,0.148560179829509
"752.3652-11.027",2,0.357717613217573,0.430685168035823,0.211597218746603
"359.20773-12.418",1,0.539352632674456,0.184397864290973,0.276249503034571
"299.13635-1.439",1,0.668376963640227,0.171031409560037,0.160591626799735
"458.17551-12.313",1,0.752951183433086,0.121538328334748,0.125510488232167
"371.90115-0.959",2,0.157806153267626,0.718054777746976,0.124139068985398
"523.25548-8.946",2,0.234529480205485,0.596917384791093,0.168553135003422
"462.23246-14.381",1,0.447936811854,0.196814622648937,0.355248565497062
"533.31279-11.497",3,0.224263457689934,0.148796379717173,0.626940162592892
"647.31158-8.868",1,0.661489779075626,0.149427837347884,0.189082383576491
"409.22362-7.26",2,0.257040916701388,0.464602369439134,0.278356713859478
"544.16923-9.024",2,0.142929771705374,0.738192277784227,0.118877950510399
"365.23349-10.971",1,0.745161761707312,0.118305231935714,0.136533006356974
"401.21046-7.904",3,0.269641999524238,0.305885973711379,0.424472026764383
"625.32144-7.866",3,0.139496678438008,0.103549539275927,0.756953782286065
"420.99983-8.472",3,0.173205673298112,0.122158978803076,0.704635347898811
"413.2679-13.901",3,0.259986827033923,0.270164365935315,0.469848807030763
"479.26634-14.565",2,0.228223849310427,0.606471640043574,0.165304510645999
"492.12839-6.447",2,0.38844338076139,0.395805099419323,0.215751519819286
"253.08319-8.141",3,0.399928245894583,0.196686002354966,0.40338575175045
"361.1659-7.56",2,0.26735578386659,0.420798109874334,0.311846106259076
"299.09987-1.406",1,0.546230417226698,0.182904185815779,0.270865396957523
"457.29651-16.934",3,0.161455506801343,0.129142429345188,0.709402063853469
"429.19958-5.893",1,0.669685560456556,0.146563002996183,0.18375143654726
"615.31587-14.818",1,0.668557587482235,0.170921242129856,0.160521170387909
"570.22815-9.176",2,0.228085605410711,0.54988071559689,0.222033678992399
"554.18047-13.629",3,0.161711534584484,0.129399770588936,0.70888869482658
"394.16956-11.917",3,0.260481041642659,0.27157220201431,0.467946756343031
"487.31996-13.499",3,0.392642252013855,0.196204672027509,0.411153075958636
"531.20365-13.04",3,0.13960446194642,0.103595785148778,0.756799752904803
"423.26743-15.244",3,0.257795092996966,0.264224653082857,0.477980253920177
"443.05211-9.181",2,0.251272440330276,0.484234893556312,0.264492666113412
"492.76409-12.042",3,0.167868547206172,0.135638761668021,0.696492691125807
"491.17784-7.287",1,0.744381326910213,0.126447981372631,0.129170691717156
"412.21669-10.586",2,0.354815291832834,0.434117291392457,0.211067416774708
"395.13978-1.407",2,0.207942295884347,0.598654301239179,0.193403402876474
"391.13755-6.644",1,0.464296967564387,0.320379834998467,0.215323197437145
"544.35447-16.174",1,0.530039354008698,0.186309767429343,0.283650878561959
"327.13524-6.947",3,0.329522162147364,0.186578539559053,0.483899298293582
"181.99534-1.093",3,0.274042354479841,0.357291387512175,0.368666258007984
"598.28982-14.378",1,0.588817354825192,0.222490685506329,0.18869195966848
"379.17956-17.81",1,0.536719292223512,0.184951555796696,0.278329151979791
"335.25938-14.145",3,0.351638300690234,0.1910835509251,0.457278148384667
"473.29158-16.109",3,0.269285910420719,0.304043472669648,0.426670616909633
"430.22725-12.02",2,0.242117851178805,0.51201746075204,0.245864688069154
"621.32056-16.924",1,0.56072226193378,0.242385616677471,0.196892121388749
"656.88578-0.975",2,0.194267918730875,0.6295177484233,0.176214332845825
"656.88541-0.961",2,0.193245045658837,0.631773846985212,0.174981107355951
"310.23897-15.11",1,0.484069442244099,0.193702748618407,0.322227809137494
"457.29652-13.51",3,0.153447559095291,0.121151652388342,0.725400788516367
"323.25924-16.416",1,0.645041224096971,0.155018174889497,0.199940601013533
"509.23991-10.974",1,0.461229569475397,0.195970130658516,0.342800299866086
"329.11452-9.47",1,0.507104794272727,0.283651773091722,0.209243432635551
"449.28481-13.482",1,0.439201556697121,0.343757283534694,0.217041159768185
"301.21749-15.926",3,0.31275361879052,0.182341325747549,0.504905055461931
"316.16689-7.463",2,0.268686140918991,0.413435556563288,0.317878302517721
"391.20884-6.156",1,0.641728634346963,0.156116778304705,0.202154587348332
"352.04176-1.019",2,0.304941362667025,0.496841443052182,0.198217194280792
"352.04188-1.015",2,0.330248309468854,0.464130499352042,0.205621191179104
"555.34452-15.274",2,0.26057458787772,0.558430209520768,0.180995202601512
"390.13101-6.633",1,0.481278235366019,0.305360665024648,0.213361099609334
"393.11938-7.695",2,0.276106651100119,0.536275675908626,0.187617672991254
"588.12708-6.34",1,0.662808874320066,0.174440139579934,0.1627509861
"318.15015-6.845",3,0.250153769055516,0.246374046008651,0.503472184935833
"601.339-14.266",3,0.269595762580207,0.305642340614889,0.424761896804904
"521.20375-7.454",1,0.604649534705638,0.167718424524662,0.2276320407697
"488.16021-8.523",1,0.596712902059801,0.170020637388478,0.233266460551721
"307.11482-1.057",1,0.546375212236524,0.182872011802198,0.270752775961278
"398.16859-5.804",1,0.607774585995701,0.1667933507348,0.225432063269499
"438.13448-7.492",2,0.293635514506635,0.512033939021202,0.194330546472164
"309.05541-6.886",1,0.490161361061136,0.192932172829981,0.316906466108883
"541.32103-11.214",1,0.545999624339789,0.182955407437401,0.271044968222811
"395.20787-8.103",1,0.431201500521083,0.351523677000894,0.217274822478023
"646.78297-7.654",2,0.200177443338321,0.61634972894958,0.183472827712099
"561.25603-7.34",1,0.611270260941228,0.207304975904132,0.18142476315464
"437.12259-6.794",1,0.743565895524208,0.126914456549685,0.129519647926106
"523.31952-11.364",3,0.314587302076496,0.182839043752242,0.502573654171262
"533.31289-8.874",1,0.717702428915355,0.128889538963895,0.15340803212075
"538.3547-13.457",3,0.35955460832237,0.192396879594466,0.448048512083164
"375.25433-14.761",3,0.19045077089161,0.131621156094299,0.677928073014091
"204.08782-1.055",2,0.146583142021961,0.736046603235286,0.117370254742752
"131.9845-0.949",1,0.469114005153441,0.195301219786028,0.335584775060531
"467.26569-9.139",1,0.438426497410634,0.197193221126561,0.364380281462805
"546.27886-6.791",3,0.143316165310577,0.111018785900348,0.745665048789075
"492.89923-0.951",2,0.247113479285609,0.497264902527719,0.255621618186672
"519.33338-11.142",3,0.251627447336896,0.161070348028888,0.587302204634215
"471.30667-16.952",3,0.188118941742903,0.130365621533528,0.681515436723568
"249.0883-7.201",1,0.771995861006085,0.110188424612308,0.117815714381606
"537.23476-7.405",3,0.303078945894598,0.179576515863736,0.517344538241667
"531.20923-7.361",1,0.710420375071468,0.146001767491842,0.143577857436689
"325.16587-12.102",2,0.332769648353022,0.460970922498055,0.206259429148923
"583.32607-13.543",3,0.160355690253458,0.11490350808578,0.724740801660763
"673.32688-11.004",1,0.423666468721759,0.197393818256953,0.378939713021288
"655.4073-11.55",1,0.515183336903854,0.189083489954858,0.295733173141287
"686.32228-11.616",1,0.497298009048996,0.291741163550673,0.210960827400331
"257.21235-15.156",3,0.233169759075133,0.215568202842584,0.551262038082283
"459.1514-6.83",1,0.497055396293687,0.291943623233247,0.211000980473066
"490.29456-13.885",1,0.774221173285409,0.10843695579481,0.117341870919781
"278.0672-7.463",1,0.422442277190439,0.197388808769143,0.380168914040418
"259.07869-0.953",1,0.462932553503787,0.195836065111864,0.341231381384349
"550.24626-9.319",2,0.140583321753191,0.744347293687502,0.115069384559307
"242.94002-0.97",1,0.742097218154407,0.127754600293121,0.130148181552472
"241.93225-0.976",1,0.743110463444051,0.127174982588683,0.129714553967266
"495.37007-16.955",3,0.252618310733055,0.161484726058845,0.5858969632081
"599.25185-10.97",2,0.268824940565343,0.412623559677133,0.318551499757524
"568.26866-13.477",1,0.425342191395398,0.197395236858178,0.377262571746423
"518.13109-6.971",1,0.445865045671623,0.337406640208506,0.216728314119871
"540.08144-7.778",2,0.239825951569106,0.588961179122883,0.171212869308011
"437.22186-13.931",2,0.290213025506131,0.516702140848826,0.193084833645043
"457.29673-12.543",1,0.441901906559522,0.341170910320074,0.216927183120404
"333.11017-7.096",3,0.158723601036365,0.126405066639444,0.714871332324191
"524.17287-12.947",1,0.507138834572104,0.190437094960173,0.302424070467723
"236.09302-7.723",1,0.571865440282091,0.234367623463056,0.193766936254854
"343.9007-1.022",2,0.23762076060548,0.524643615355911,0.237735624038609
"358.85029-0.895",1,0.517915773475726,0.18859959460531,0.293484631918964
"628.78293-8.044",1,0.566545069931232,0.238174189933885,0.195280740134883
"489.07887-6.59",2,0.147320219145364,0.728787691019058,0.123892089835577
"416.25844-10.663",1,0.763922306865726,0.115171101876162,0.120906591258112
"273.08831-7.172",1,0.529569908012034,0.186402682700135,0.284027409287831
"317.14321-6.846",3,0.191959592724137,0.132429159420386,0.675611247855476
"625.36016-12.546",1,0.670983836139037,0.146104615071552,0.182911548789411
"257.93445-1.014",1,0.418825374180479,0.363851858630434,0.217322767189088
"449.16424-13.711",3,0.393989694274177,0.196303225704932,0.409707080020891
"206.86998-0.86",2,0.270600804336468,0.401221124380126,0.328178071283406
"558.29022-12.773",1,0.409719739101183,0.19713555365039,0.393144707248427
"453.30155-13.67",1,0.428055944797425,0.197384267617092,0.374559787585483
"457.29649-11.668",1,0.683068240712039,0.141780841279202,0.175150918008759
"591.25286-1.838",2,0.389426160480071,0.394732725841695,0.215841113678234
"521.18329-11.786",3,0.262679340137937,0.165567776704573,0.571752883157489
"473.32146-15.196",3,0.250996820234089,0.24817392051195,0.50082925925396
"287.98695-1.003",3,0.304390437940794,0.179964940304459,0.515644621754746
"457.29648-14.917",3,0.341403826800084,0.189152138988261,0.469444034211656
"387.11203-7.244",3,0.246893204153891,0.239717627185096,0.513389168661013
"368.2807-15.379",3,0.231928555256173,0.213612291940247,0.55445915280358
"368.28076-15.355",2,0.270850797549708,0.399420470560916,0.329728731889376
"371.23021-6.109",3,0.239325227277619,0.155747194511843,0.604927578210539
"637.43276-10.479",1,0.747037293680781,0.117578809948612,0.135383896370607
"359.04503-1.03",1,0.431337786294801,0.351390055575142,0.217272158130057
"359.04507-1.03",2,0.226660264564868,0.60885427883124,0.164485456603892
"542.33633-17.204",3,0.325623517594992,0.185656491834107,0.488719990570901
"342.16715-7.105",2,0.313938112065186,0.485005646604397,0.201056241330417
"321.17087-10.187",1,0.47439837121964,0.194784962259235,0.330816666521125
"605.334-12.772",1,0.542557152019915,0.255844074579161,0.201598773400924
"428.27694-13.294",1,0.494460350322905,0.192348085831941,0.313191563845154
"469.2966-13.888",1,0.596283295091782,0.170143285400644,0.233573419507574
"378.04297-6.007",1,0.495852496480846,0.292949131599988,0.211198371919167
"403.24935-11.259",1,0.691121837217596,0.138845072812432,0.170033089969972
"605.33404-12.343",1,0.673528608519057,0.167899110452003,0.15857228102894
"538.82414-0.901",3,0.260894717311518,0.272772250881551,0.46633303180693
"667.31971-12.431",1,0.415764603663472,0.197301947619321,0.386933448717207
"650.86833-0.969",2,0.197102919249603,0.623229970042359,0.179667110708037
"222.96791-7.208",2,0.273882916971826,0.539409373816024,0.186707709212149
"261.02288-1.019",1,0.428889779500749,0.197377617851361,0.373732602647891
"301.11942-10.978",1,0.735114382301405,0.122197327764289,0.142688289934306
"461.12055-7.488",1,0.471516565804621,0.313918672154571,0.214564762040809
"553.30265-14.112",1,0.491819580193994,0.296340966469435,0.21183945333657
"441.31271-16.875",1,0.440535147806334,0.197125863249152,0.362338988944514
"331.20475-14.526",1,0.444275707101412,0.196983039976526,0.358741252922062
"299.91918-1.02",2,0.140568259211179,0.744190718677136,0.115241022111685
"468.14528-6.842",1,0.452566247134026,0.196561613076992,0.350872139788982
"460.21692-13.704",1,0.435408276592353,0.197272984932975,0.367318738474672
"487.34345-12.947",1,0.556520812816125,0.245454606855632,0.198024580328244
"635.41713-14.63",2,0.171879369966422,0.69524406421063,0.132876565822948
"435.27567-11.4",1,0.450695553976577,0.19666919958891,0.352635246434513
"152.03539-1.089",1,0.519048187223922,0.188395526618698,0.29255628615738
"379.26872-17.809",1,0.703506281372502,0.150041718196121,0.146452000431377
"594.2119-14.615",1,0.682014797324433,0.142161738960674,0.175823463714893
"517.70953-9.175",1,0.464305801722982,0.320371858922149,0.215322339354869
"281.13976-6.754",2,0.151186919477055,0.728735235187511,0.120077845335435
"493.33024-16.122",3,0.244864895107421,0.158184690004067,0.596950414888512
"546.77478-11.764",1,0.652046337079983,0.152664320232822,0.195289342687195
"469.27304-14.595",3,0.184737559815483,0.153412189387236,0.661850250797281
"321.04903-7.534",2,0.273464438364348,0.373293336097193,0.353242225538459
"518.1345-7.194",1,0.490965655613996,0.297063276628545,0.211971067757459
"368.08039-8.458",3,0.156537552360549,0.11273485304222,0.73072759459723
"397.22341-12.328",1,0.566575326762328,0.238152431240472,0.1952722419972
"288.10909-1.068",1,0.430132460662852,0.352573414343197,0.217294124993951
"462.32296-14.116",1,0.52278945248521,0.187706798125352,0.289503749389438
"608.2673-11.625",2,0.281489882907412,0.528743468222705,0.189766648869883
"525.21681-10.947",1,0.535292419022309,0.185247292831467,0.279460288146224
"381.11288-7.669",3,0.274050946870256,0.356213636207817,0.369735416921927
"278.82177-0.889",1,0.600845334584565,0.168830474202558,0.230324191212878
"277.82078-0.891",1,0.565792301538466,0.178296233855635,0.255911464605898
"580.32857-12.402",3,0.266098717709937,0.166903109799411,0.566998172490652
"317.16071-10.323",1,0.774339321147747,0.10825729978307,0.117403379069183
"542.37058-13.252",1,0.494462621770772,0.192347768522883,0.313189609706345
"340.28573-16.795",1,0.459545826822378,0.196096978005556,0.344357195172066
"237.08826-7.574",3,0.209783875079718,0.141691882485487,0.648524242434795
"399.23915-8.736",1,0.509061608881197,0.282059295736213,0.208879095382591
"241.18104-13.738",1,0.516652716508089,0.188824773198889,0.294522510293022
"399.18458-15.249",3,0.138471068627694,0.103147773346223,0.758381158026082
"579.31824-12.12",3,0.296037273528227,0.17741836289761,0.526544363574163
"541.32666-14.879",3,0.344763270363956,0.189815214766823,0.465421514869221
"392.29206-13.169",1,0.535323968083348,0.185240786619836,0.279435245296816
"559.40089-17.914",2,0.272660920818652,0.383677555106697,0.343661524074652
"600.31049-14.502",1,0.415076940209155,0.197287247398501,0.387635812392344
"600.31052-14.494",3,0.391027515348871,0.196080835593682,0.412891649057447
"403.96569-7.319",3,0.194594395507848,0.133831643918508,0.671573960573644
"705.35708-14.849",1,0.544635972765436,0.254278394709945,0.201085632524618
"265.10613-7.476",3,0.20567056975206,0.139602734423381,0.654726695824559
"256.63877-8.795",1,0.720012191522522,0.128007973530598,0.15197983494688
"273.07709-9.028",1,0.592945535669931,0.219653764671123,0.187400699658946
"271.16656-8.844",1,0.527780794008491,0.267173318603487,0.205045887388022
"492.34642-16.311",1,0.493065872853638,0.295289362501933,0.211644764644428
"168.06676-1.076",2,0.228316830519916,0.549289060043908,0.222394109436176
"297.24355-11.714",2,0.287546784533861,0.520360864994931,0.192092350471208
"295.92394-7.733",2,0.227267777730661,0.551966272261371,0.220765950007968
"357.12257-7.6",3,0.138686789224884,0.106060732583663,0.755252478191453
"651.29395-9.053",2,0.266011342875678,0.427619482511752,0.30636917461257
"518.29523-12.552",1,0.719897683336482,0.12805172978383,0.152050586879687
"389.0778-8.114",3,0.204104941974755,0.138799667822072,0.657095390203174
"386.85378-0.897",3,0.26686135866922,0.293100707528757,0.440037933802023
"441.28639-15.162",1,0.489115578892438,0.193069249254405,0.317815171853158
"221.04573-7.108",1,0.464918083878438,0.319819470306619,0.215262445814942
"429.30151-13.742",2,0.142393733816549,0.742379828336914,0.115226437846536
"637.38832-13.944",2,0.214354811807372,0.627786021183269,0.157859167009359
"499.06974-5.726",2,0.252594698267971,0.570049241122724,0.177356060609304
"378.20402-7.647",3,0.239950880644799,0.226850560514293,0.533198558840907
"457.28345-11.265",1,0.498982438196836,0.191698391933692,0.309319169869472
"605.33399-13.247",1,0.691155537659426,0.157327318058766,0.151517144281809
"294.18326-11.977",2,0.35959990283831,0.428472065025849,0.211928032135841
"555.24254-13.139",3,0.136913329568996,0.102989640609726,0.760097029821278
"345.10171-8.853",3,0.349749876032465,0.190747016312491,0.459503107655043
"345.10169-8.869",3,0.200764539140788,0.137072053080948,0.662163407778263
"403.30993-17.082",1,0.518532974492209,0.188488626080514,0.292978399427277
"395.19393-7.006",1,0.401938720038353,0.196796651549999,0.401264628411649
"431.31698-16.82",3,0.264319473326302,0.283616497003775,0.452064029669923
"279.92045-0.913",1,0.440817935012434,0.197116106227721,0.362065958759845
"387.21394-6.365",2,0.364263278765304,0.423032347469459,0.212704373765237
"507.20325-12.043",3,0.295054031915302,0.177107313935514,0.527838654149184
"386.18213-9.313",1,0.76968859755149,0.111683326276217,0.118628076172293
"187.1341-11.73",3,0.3141240673712,0.182714101654272,0.503161830974528
"395.20776-11.963",3,0.269434048594791,0.304800706296336,0.425765245108873
"450.29797-9.824",2,0.26221782750476,0.556057236563151,0.181724935932089
"293.21236-14.758",3,0.234235186936017,0.153450336723975,0.612314476340008
"407.12838-9.098",1,0.514606735332484,0.18918405541007,0.296209209257446
"483.2006-9.348",1,0.562555763435131,0.241054313999732,0.196389922565137
"630.20222-9.768",2,0.200444909643751,0.615748014565427,0.183807075790823
"288.08793-7.316",3,0.137143553833882,0.104025824721441,0.758830621444677
"361.23856-12.866",3,0.300588664238408,0.17882725817332,0.520584077588271
"500.26902-10.748",1,0.686572339181334,0.160055430537728,0.153372230280937
"359.1382-6.664",3,0.273890269187099,0.344680770842107,0.381428959970794
"279.05193-5.744",3,0.179464663261447,0.147728833563329,0.672806503175223
"417.16878-8.589",3,0.272104506587926,0.321710602479403,0.40618489093267
"366.1058-5.415",2,0.215607696943525,0.62584422237752,0.158548080678955
"526.85593-0.973",2,0.300404646050585,0.502895380624071,0.196699973325344
"524.85159-0.943",1,0.603497418009549,0.16805685542774,0.22844572656271
"526.85581-0.979",2,0.283150784072446,0.526435051527503,0.190414164400051
"593.37028-15.92",1,0.582084947824451,0.174078480086987,0.243836572088562
"302.83558-0.99",3,0.240212594862273,0.227308761611885,0.532478643525841
"642.15806-9.768",2,0.205970056611731,0.603195596726427,0.190834346661842
"250.07226-7.544",1,0.441005208517032,0.197109550745374,0.361885240737594
"549.36507-17.202",1,0.475034544699907,0.194719193818983,0.33024626148111
"537.27128-11.354",1,0.493843512834059,0.294634757452198,0.211521729713743
"391.28549-11.209",3,0.394785214624194,0.196359372530464,0.408855412845342
"309.94798-1.012_1",2,0.271966374854684,0.542120525445207,0.185913099700109
"309.94798-1.012_2",2,0.258183140031943,0.561895723704293,0.179921136263764
"447.22889-12.263",1,0.742271632689968,0.127654827026713,0.130073540283319
"398.90517-0.937",1,0.560490078382448,0.179596077391817,0.259913844225735
"433.32014-15.717",3,0.380377786231418,0.195106353469623,0.424515860298958
"399.09371-6.25",1,0.718471487418059,0.141328295336282,0.140200217245659
"415.27045-13.142",2,0.270207111567989,0.403941324128886,0.325851564303125
"663.26802-8.36",1,0.48893536474338,0.298786489347594,0.212278145909026
"369.21058-14.465",1,0.604110930781098,0.167876814465947,0.228012254752955
"348.26747-16.787",2,0.268337312859652,0.415436504241439,0.316226182898909
"463.17459-8.045",1,0.39339526911659,0.390428596211728,0.216176134671681
"519.28899-14.628",3,0.153164883240939,0.110824324002613,0.736010792756448
"443.31678-16.273",1,0.693173416317645,0.138090699323831,0.168735884358524
"327.1352-6.506",1,0.40563905808554,0.196975455186189,0.397385486728271
"396.89096-0.972",3,0.351788311981477,0.19110989990528,0.457101788113243
"513.14086-9.99",2,0.382996944780605,0.40179611412447,0.215206941094925
"430.22726-12.318",3,0.177282459145934,0.124430217613389,0.698287323240677
"554.34702-15.063",3,0.310426028868433,0.181697443903935,0.507876527227632
"605.37007-12.264",3,0.13683242964256,0.103215782913106,0.759951787444335
"459.11569-11.14",3,0.198996548614275,0.136149985184849,0.664853466200876
"541.31531-16.015",1,0.412244701877715,0.370566082971851,0.217189215150433
"637.39616-15.423",2,0.26809384307883,0.416801562282583,0.315104594638587
"500.29167-13.39",3,0.269436690576467,0.304814328459773,0.42574898096376
"285.02899-7.648",3,0.309372573772566,0.181401582541986,0.509225843685448
"421.17673-10.348",2,0.226602859559662,0.553653910082281,0.219743230358057
"677.30051-13.499",1,0.774252975448626,0.108001766166652,0.117745258384722
"473.11726-6.7",2,0.333655278099227,0.459865409628806,0.206479312271967
"211.15267-11.024",1,0.771560068588885,0.108500648781577,0.119939282629538
"642.13485-6.432",3,0.256356246097306,0.260560155878655,0.483083598024039
"285.24367-14.581",1,0.506893478192401,0.190476687721044,0.302629834086555
"559.7567-12.058",1,0.643651531314107,0.186365252950683,0.16998321573521
"243.19666-13.358",1,0.546031386255311,0.253231213411844,0.200737400332845
"565.21479-6.939",1,0.47605603864247,0.309913844971286,0.214030116386244
"337.15067-6.751",1,0.753649251487446,0.115025788978159,0.131324959534395
"369.82913-0.892",2,0.304442836318103,0.497503898020725,0.198053265661172
"346.89516-0.929",3,0.273030039965108,0.330518016313351,0.39645194372154
"519.31145-13.503",1,0.594821549191966,0.21837143415164,0.186807016656394
"334.17756-7.643",3,0.319800726769493,0.184208110549737,0.49599116268077
"380.16774-1.056",1,0.67583621030494,0.144380647100321,0.179783142594739
"411.23904-13.161",1,0.773559075374872,0.108007995174729,0.1184329294504
"538.26881-15.333",2,0.23797411289784,0.591735682777119,0.170290204325041
"540.30022-12.829",1,0.532310190107777,0.26366249260292,0.204027317289303
"524.30022-8.894",3,0.267501718797963,0.295767557004315,0.436730724197722
"649.27804-9.018",3,0.248454736171454,0.242848259539241,0.508697004289305
"264.12428-7.621",3,0.400076651625617,0.196694496247414,0.403228852126969
"407.2572-14.892",3,0.17240541784464,0.140309398448077,0.687285183707283
"622.33687-13.869",1,0.500131494481536,0.19152761533442,0.308340890184045
"429.27809-13.821",1,0.45511129199986,0.196403684797246,0.348485023202894
"369.13393-1.075",2,0.201625446090669,0.613085878639858,0.185288675269473
"505.05264-8.27",1,0.503456702116693,0.286639691092916,0.209903606790391
"469.29644-11.891",2,0.222938781679284,0.614546324340936,0.16251489397978
"752.87202-11.019",1,0.603182090095789,0.212707629029974,0.184110280874237
"487.02309-6.428",3,0.265455731912227,0.287665885024805,0.446878383062968
"322.91395-0.968",1,0.684475921429968,0.161308001524139,0.154216077045893
"670.29101-10.411",1,0.57079066766752,0.177037567009328,0.252171765323152
"399.18534-10.305",3,0.279288843486831,0.171799283461426,0.548911873051744
"565.35186-17.53",1,0.411711827658142,0.197199680457899,0.39108849188396
"263.12904-8.647",1,0.503207060691528,0.286845071249723,0.20994786805875
"309.17089-9.957",2,0.264072692283703,0.436655695666097,0.2992716120502
"459.28895-13.384",3,0.301311478205149,0.179046311505638,0.519642210289213
"506.86892-0.904",3,0.266694943618482,0.167133192337172,0.566171864044345
"669.27251-7.604",1,0.490234012095488,0.297683309241514,0.212082678662998
"279.09104-7.358",2,0.316264771808186,0.481981755289459,0.201753472902355
"688.91052-13.034",3,0.190649097924159,0.159951532177394,0.649399369898448
"487.15108-6.565",1,0.525484504710515,0.187196994030714,0.287318501258771
"482.16983-6.157",1,0.633777510643311,0.192640065784181,0.173582423572508
"513.13879-6.582",1,0.486357568732591,0.300986351987441,0.212656079279968
"389.07772-7.127",3,0.154694781779719,0.122390845755443,0.722914372464838
"475.30671-16.801",3,0.26689524826586,0.293238547710021,0.439866204024118
"633.31814-13.549",2,0.277655571896599,0.534100590192965,0.188243837910436
"552.20117-14.713",2,0.339301364894147,0.452870121583006,0.207828513522847
"376.10402-8.943",3,0.137223908632993,0.10415756901393,0.758618522353076
"336.16991-7.331",1,0.619689978045865,0.201757349311907,0.178552672642229
"356.8531-0.892",1,0.508340293865043,0.190241757627456,0.301417948507502
"294.80384-1.007",3,0.272496557940392,0.32509349603689,0.402409946022718
"501.14111-12.451",1,0.629023477041194,0.160240151941135,0.210736371017671
"569.23154-9.131",2,0.210811281005011,0.633294887985254,0.155893831009736
"635.33394-14.539",2,0.212061996037935,0.631347668923987,0.156590335038078
"526.21131-14.288",3,0.173303956021961,0.141242937379367,0.685453106598672
"129.97581-0.975",1,0.50366847714107,0.286465555989935,0.209865966868996
"330.91094-6.431",3,0.232617880671018,0.214694781832938,0.552687337496045
"528.30001-10.596",3,0.23334049588135,0.153041038494153,0.613618465624497
"353.16373-17.687",3,0.213116610694306,0.18695451790428,0.599928871401414
"208.98494-1.458",3,0.2915540386982,0.175980901290927,0.532465060010873
"553.29595-10.985",1,0.40550885201022,0.196969708047464,0.397521439942316
"603.34256-13.568",3,0.230675176930134,0.211667340561438,0.557657482508429
"445.19067-11.25",2,0.25756206801832,0.562798064055612,0.179639867926068
"350.17249-6.548",3,0.338467212377383,0.188549202174183,0.472983585448434
"304.83275-0.938",2,0.336703148116793,0.456077915455439,0.207218936427767
"573.34402-13.476",2,0.37924529238003,0.40597050692853,0.21478420069144
"435.3345-12.884",1,0.552102460950874,0.248710047626244,0.199187491422882
"531.04551-6.584",2,0.143262133044258,0.737458437326326,0.119279429629415
"412.20929-8.363",2,0.345180150787898,0.445683216212562,0.20913663299954
"273.12469-7.109",3,0.252230640662815,0.250873602533172,0.496895756804012
"271.05913-1.081",2,0.248741440939861,0.492256434197491,0.259002124862648
"246.09983-5.47",3,0.306295275840138,0.180521500515684,0.513183223644178
"244.89768-0.988",3,0.166483403698396,0.118377551065789,0.715139045235815
"301.14479-8.165",3,0.144626130384315,0.106094368507102,0.749279501108583
"305.96852-7.228",3,0.274032942832377,0.350737043184028,0.375230013983595
"413.10109-8.245",3,0.187514509143384,0.130038854274711,0.682446636581905
"329.118-9.174",2,0.249166920148078,0.490928811124247,0.259904268727675
"599.23688-8.157",2,0.265610074187317,0.551180094348754,0.183209831463928
"673.29196-10.045",1,0.41643764325452,0.197315289510175,0.386247067235306
"235.1011-8.392",3,0.309128587476091,0.181332664826772,0.509538747697137
"423.13491-6.587",2,0.177681026815574,0.685874663958115,0.13644430922631
"132.06668-1.045",1,0.536236740722498,0.260646455815178,0.203116803462324
"509.34086-12.775",1,0.465880106683551,0.195590410303608,0.338529483012841
"527.25521-12.739",2,0.215970080281736,0.579790370881082,0.204239548837182
"527.25532-12.738",2,0.215013596779433,0.582072693102678,0.202913710117889
"647.38095-13.274",1,0.433593381249632,0.197311446945319,0.369095171805049
"429.02878-9.313",2,0.229972967188692,0.545024667594623,0.225002365216685
"737.48638-16.197",1,0.638287176768252,0.157247996874063,0.204464826357685
"505.30231-15.003",2,0.26154022322554,0.447426263955235,0.291033512819224
"482.34112-14.836",3,0.333044305431733,0.187378591104303,0.479577103463964
"464.2483-11.003",1,0.408533581814186,0.197093007794565,0.394373410391249
"430.22731-13.333",1,0.468998861928282,0.316158959719153,0.214842178352565
"378.27798-15.763",2,0.20115342727982,0.614151535043646,0.184695037676533
"528.31036-11.577",2,0.170635942608567,0.680274853893257,0.149089203498176
"457.33288-13.557",3,0.392863190499217,0.196221129719171,0.410915679781613
"505.27331-12.403",3,0.314573135089898,0.182835230641645,0.502591634268457
"410.32795-11.515",1,0.514722869492953,0.189163843919495,0.296113286587552
"755.2161-5.999",2,0.214724597837414,0.627212576518815,0.158062825643771
"549.28441-13.89",1,0.445819188621971,0.196915471515094,0.357265339862934
"519.11861-7.218",1,0.774248214616815,0.108000036305027,0.117751749078158
"368.28078-15.856",3,0.315613769405911,0.183113985043334,0.501272245550755
"222.90331-0.916",1,0.639860597352843,0.156732101195144,0.203407301452013
"466.89283-0.941",3,0.308462332948482,0.181143715575498,0.51039395147602
"527.315-11.582",2,0.150461328315434,0.722225516686905,0.12731315499766
"631.2768-7.849",1,0.657932714496827,0.150655233105718,0.191412052397455
"564.20404-14.06",1,0.772091059411669,0.108347896385494,0.119561044202837
"339.14836-10.236",1,0.412408924007111,0.197219957490379,0.390371118502509
"397.16897-14.205",3,0.323649760699712,0.185175089426703,0.491175149873585
"430.86038-0.938",1,0.618517176497762,0.163536256492769,0.21794656700947
"430.86043-0.936",1,0.406007100901024,0.377034431716077,0.216958467382899
"275.03707-9.207",3,0.260126134205351,0.270558433912274,0.469315431882375
"653.22788-13.099",1,0.622135442621794,0.200160182387362,0.177704374990844
"385.04636-8.091",3,0.27333812773851,0.334356669114832,0.392305203146658
"566.9038-0.963",2,0.145437254924846,0.737830076027384,0.116732669047769
"633.36527-13.223",1,0.579793321191039,0.174691486938435,0.245515191870526
"546.66558-8.379",2,0.181597441076588,0.679571279774999,0.138831279148413
"303.09106-7.652",1,0.723699019316639,0.138309533870061,0.137991446813299
"254.9171-0.919",2,0.154432218626299,0.713985588217298,0.131582193156403
"254.91708-0.974",2,0.147563324800485,0.728277200086476,0.124159475113039
"301.01783-9.806",3,0.217673488742433,0.14561238447081,0.636714126786757
"432.28904-13.475",1,0.480857251629621,0.194081626356224,0.325061122014156
"138.86927-0.939",1,0.609247769674232,0.208649056806634,0.182103173519134
"489.19529-13.068",3,0.277644850824774,0.171211380393,0.551143768782226
"385.16357-7.243",3,0.2711674083002,0.314859317343397,0.413973274356403
"518.24248-14.094",1,0.469090522301217,0.195303393390146,0.335606084308637
"430.27326-12.831",1,0.421036294418074,0.197378901387025,0.381584804194901
"653.24808-13.893",2,0.342427061823753,0.44903662795223,0.208536310224016
"482.25277-12.331",1,0.693415134789478,0.138001649764968,0.168583215445554
"480.27866-15.16",3,0.266021899248673,0.289792375486173,0.444185725265154
"353.09923-5.657",2,0.193634305349568,0.630916038307305,0.175449656343127
"593.29774-10.576",1,0.66344667270032,0.174048433243952,0.162504894055728
"589.37522-13.45",2,0.367977507727037,0.418743753497997,0.213278738774966
"399.32304-12.829",1,0.53523851153817,0.185258406481892,0.279503081979939
"519.11547-7.923",2,0.200848448119299,0.614839189133589,0.184312362747111
"465.28711-14.657",2,0.222479226318532,0.563970310645556,0.213550463035912
"441.27812-13.818",1,0.609933140654674,0.166148387926306,0.22391847141902
"441.27822-13.815",1,0.612636538607451,0.165333821409641,0.222029639982908
"530.25488-8.31",3,0.382241884774763,0.195296812544213,0.422461302681024
"670.21984-13.826",1,0.437771362471077,0.197212204825107,0.365016432703816
"569.14394-8.269",1,0.464903104040732,0.319832974912826,0.215263921046442
"440.26585-14.825",3,0.353380822605377,0.191386132782784,0.455233044611839
"415.0494-8.846",2,0.330960654340917,0.463235999369234,0.20580334628985
"431.31704-14.841",1,0.467697719480288,0.19543038993007,0.336871890589642
"485.27058-14.708",1,0.636400494270685,0.157863704387479,0.205735801341836
"453.1772-11.752",1,0.636030583245429,0.157984048979857,0.205985367774715
"498.35538-14.616",3,0.27084093893439,0.312758262220255,0.416400798845355
"401.21037-8.031",3,0.249573185502407,0.160204353227337,0.590222461270256
"218.1035-1.094",3,0.383824382870309,0.195451851865436,0.420723765264255
"502.30759-14.01",3,0.246966617840642,0.159092204060518,0.59394117809884
"710.49561-11.038",2,0.232285626856413,0.538987172657648,0.228727200485939
"465.27802-14.948",3,0.152633494913155,0.110524316769026,0.736842188317818
"465.27794-14.95",3,0.293256772239561,0.176532633745568,0.53021059401487
"375.2905-14.751",3,0.214026938182457,0.143814754482482,0.642158307335061
"453.29921-15.134",1,0.55292013821968,0.248105389365233,0.198974472415087
"617.40667-16.686",1,0.608745504498494,0.166503847602991,0.224750647898515
"420.34858-17.943",3,0.260213061591252,0.270805421189104,0.468981517219644
"410.87091-0.944",2,0.199223963652333,0.618490550402907,0.182285485944761
"305.0412-7.726",3,0.215576848178094,0.190179725620692,0.594243426201214
"153.91268-0.829",3,0.139334251098205,0.106801395867617,0.753864353034179
"623.80339-7.724",2,0.195329834515427,0.627168603124162,0.177501562360411
"309.20729-13.372",1,0.768725994214552,0.112281950597512,0.118992055187936
"498.26324-13.068",3,0.230218799530648,0.151600062550203,0.618181137919149
"355.24911-13.263",1,0.770847854703649,0.10871804265136,0.120434102644991
"283.1342-10.56",2,0.205428886680198,0.641709024097456,0.152862089222346
"493.29464-15.329",3,0.361459868180832,0.192689535341561,0.445850596477606
"545.31234-15.608",3,0.381681713129066,0.195240469792282,0.423077817078652
"370.29639-16.924",3,0.141120664086282,0.104294845922645,0.754584489991073
"400.14648-1.058",2,0.273432593911898,0.373803420941574,0.352763985146528
"580.23246-16.11",3,0.138932029578884,0.106344910228046,0.75472306019307
"263.03458-1.442",1,0.60110858307881,0.214104666975664,0.184786749945527
"595.34955-14.754",2,0.187951744490035,0.643350520098045,0.168697735411919
"623.34444-8.944",2,0.208043957650041,0.598419290046189,0.19353675230377
"519.24544-6.932",3,0.268392849919504,0.299724774277813,0.431882375802683
"641.33167-15.12",3,0.357164461216157,0.192016905058755,0.450818633725088
"509.23737-7.319",3,0.205144334988015,0.139333289228455,0.65552237578353
"333.00483-7.535",3,0.272593021004007,0.325992485975159,0.401414493020834
"681.13192-7.452",1,0.557168682226419,0.244979685256151,0.19785163251743
"673.35791-14.773",1,0.409696963220109,0.19713476741921,0.393168269360682
"429.85915-0.939",1,0.401992959027843,0.196799504651004,0.401207536321153
"538.28385-12.807",1,0.486601258361095,0.300777814078578,0.212620927560327
"471.11522-7.385",1,0.557376220928807,0.180342119769683,0.26228165930151
"456.22529-13.364",1,0.702021510823013,0.134808686699826,0.163169802477161
"591.39086-13.142",1,0.523724526056206,0.18753120527423,0.288744268669564
"235.10111-7.779",3,0.348915518267036,0.190595468915085,0.460489012817879
"439.26228-16.094",3,0.265711401709444,0.288616458510543,0.445672139780013
"709.50334-14.95",3,0.231176033621704,0.152044040853277,0.616779925525019
"520.26616-14.316",2,0.369754635652985,0.416705558463171,0.213539805883844
"225.18603-12.523",1,0.616432504124563,0.164177465151702,0.219390030723736
"335.12693-7.916",3,0.140978746427919,0.108589293470249,0.750431960101832
"724.49306-11.149",3,0.23066405884308,0.211650219088723,0.557685722068197
"333.09019-9.913",1,0.49272371024245,0.192588006185749,0.314688283571801
"421.33259-17.344",3,0.241571798313467,0.229719272058316,0.528708929628217
"157.06198-1.079",1,0.674519893343182,0.167298694473744,0.158181412183074
"431.14834-6.041",3,0.328305437490962,0.1862948908405,0.485399671668537
"466.1991-7.721",1,0.452349974070559,0.196574420383924,0.351075605545516
"543.25032-11.394",3,0.233041360388228,0.152903823293538,0.614054816318234
"566.2352-5.607",1,0.47769883943202,0.308475329868185,0.213825830699795
"515.20729-13.894",1,0.421105285185296,0.197379491376415,0.381515223438289
"447.22897-12.68",1,0.586372178168628,0.172914857063957,0.240712964767415
"509.26823-10.979",1,0.547184077198474,0.252368458012761,0.200447464788766
"621.40159-12.55",1,0.773920899555419,0.108746842864323,0.117332257580258
"333.14588-7.482",3,0.253959195427502,0.162042014863673,0.583998789708825
"356.28075-13.947",1,0.722628159273715,0.138927013076219,0.138444827650065
"433.11449-8.266",1,0.766851724881755,0.11342428543396,0.119723989684286
"441.17721-7.623",1,0.403711211352658,0.379441082587024,0.216847706060319
"253.0098-1.03",1,0.774364541633914,0.108106864090458,0.117528594275629
"455.28079-12.741",1,0.48443064827993,0.19365895083517,0.321910400884899
"475.12543-7.777",1,0.751237391080815,0.122522038179675,0.12624057073951
"558.23758-13.546",3,0.275087143415237,0.170283987756894,0.554628868827869
"443.70899-11.871",2,0.149083302523548,0.725096672777111,0.125820024699341
"269.09336-9.099",3,0.249006883288268,0.159963991391583,0.591029125320149
"398.29139-14.853",1,0.520908853763209,0.188055773347828,0.291035372888963
"519.2969-15.295",2,0.32957023016252,0.46498331441123,0.20544645542625
"473.29199-15.956",1,0.613298825270643,0.205961383712321,0.180739791017035
"401.26596-13.173",3,0.275935442668212,0.170593285119865,0.553471272211923
"349.09661-7.646",1,0.755614124429333,0.114271543559925,0.130114332010742
"469.30363-13.054",1,0.686702069255817,0.159978017294253,0.15331991344993
"379.14488-6.39",1,0.773840958931756,0.108818667573877,0.117340373494367
"366.24193-10.68",3,0.397563321390447,0.196543611611599,0.405893066997954
"676.83246-8.102",2,0.255051698933497,0.471619761295927,0.273328539770576
"423.3119-12.995",3,0.230245043033979,0.151612259515999,0.618142697450023
"418.20626-11.904",3,0.137028908886389,0.103820107765242,0.75915098334837
"462.21748-10.569",2,0.374155906024477,0.411695896706081,0.214148197269442
"449.26795-15.257",3,0.136886060845148,0.103022576673849,0.760091362481003
"360.10911-10.126",3,0.330772239335489,0.186866075606277,0.482361685058234
"427.28581-15.338",3,0.273935346021232,0.362875254960212,0.363189399018556
"639.33127-9.896",1,0.460498867988115,0.323825116468768,0.215676015543117
"540.29984-12.542",2,0.249148201644397,0.490987387710691,0.259864410644911
"537.3075-13.647",1,0.676691733421289,0.165985769472586,0.157322497106125
"401.29121-16.995",3,0.169782096665557,0.120238143600295,0.709979759734148
"371.99025-1.005",2,0.254899657631903,0.472144362228127,0.27295598013997
"447.22883-12.523",3,0.368862347215129,0.193740712177353,0.437396940607519
"623.38088-10.417",1,0.773704540942839,0.107988102719909,0.118307356337252
"386.92197-1.229",3,0.314355231734924,0.182776517652156,0.50286825061292
"571.23743-12.881",3,0.273888456456301,0.344628256066535,0.381483287477164
"407.28049-9.071",3,0.27609058344309,0.170649666941374,0.553259749615536
"486.29946-14.547",3,0.136910618387218,0.103561911208944,0.759527470403838
"93.04584-1.087",1,0.567441135895373,0.237530340376326,0.195028523728302
"319.09387-7.799",2,0.165840938648412,0.690304822615682,0.143854238735905
"263.09023-8.236",2,0.178863687752846,0.662887847875509,0.158248464371645
"672.23553-14.459",3,0.187140732163394,0.129836515719271,0.683022752117335
"631.34273-12.433",1,0.450299371888911,0.196691056169767,0.353009571941323
"354.13814-8.993",3,0.145159861085702,0.112890557008741,0.741949581905557
"445.18486-8.193",1,0.585788771805893,0.224585410742459,0.189625817451648
"395.19376-6.113",1,0.764677787692141,0.114723919606129,0.12059829270173
"640.83916-0.963",2,0.152367607362939,0.726838968863843,0.120793423773218
"604.87237-0.975",1,0.540040802630692,0.257748399108045,0.202210798261262
"397.11763-7.052",3,0.379514070043016,0.195015227948808,0.425470702008176
"675.28434-13.538",1,0.460753962010458,0.196006537399415,0.343239500590127
"485.32771-10.827",2,0.320813506654274,0.476114040777078,0.203072452568649
"378.22877-9.565",2,0.324188254344357,0.471798584294824,0.20401316136082
"680.28654-8.202",1,0.527713024036541,0.267226110123533,0.205060865839926
"395.29185-15.009",1,0.770134908318383,0.108946025375741,0.120919066305876
"491.25755-12.745",1,0.514116506784295,0.189269130270342,0.296614362945363
"397.1177-7.187",3,0.273886695030904,0.344577502994677,0.381535801974419
"517.33216-10.602",2,0.140972846548316,0.742800902754895,0.116226250696789
"126.88107-0.93",3,0.379760472087147,0.195041410357257,0.425198117555596
"412.99879-9.136",1,0.510040275833808,0.281265497696467,0.208694226469725
"412.99886-9.136",1,0.46778588199444,0.317243205224063,0.214970912781497
"538.26877-15.427",2,0.146409204942072,0.730706491330423,0.122884303727505
"465.19003-7.717",3,0.209657556997005,0.141628178097723,0.648714264905272
"374.13213-17.681",2,0.222090281998536,0.564930802692686,0.212978915308777
"704.90573-10.745",3,0.234343990606186,0.217447275728045,0.548208733665769
"658.2911-10.582",2,0.287371191396663,0.520602495221074,0.192026313382263
"387.06191-8.854",3,0.292760203855267,0.176372462455423,0.53086733368931
"314.11498-7.664",1,0.523881987671476,0.270223126134585,0.205894886193939
"543.34658-9.731",3,0.365473214522876,0.193276366174258,0.441250419302867
"173.11841-10.849",2,0.29163821239795,0.514754343166269,0.193607444435781
"496.83991-0.901",3,0.355745698882729,0.191784589805297,0.452469711311974
"498.83752-0.914",3,0.34302560314134,0.189475792829802,0.467498604028858
"612.26173-14.092",2,0.143929794158065,0.736001294604529,0.120068911237406
"339.25411-14.354",1,0.457650318129268,0.196232952890423,0.346116728980309
"415.2704-13.265",1,0.411212168092981,0.371629768849259,0.217158063057761
"127.05139-1.402",2,0.186681626317238,0.64610527628134,0.167213097401421
"157.08719-7.055",1,0.49750995081902,0.191913880869008,0.310576168311972
"384.18525-12.789",1,0.604446393944469,0.211858229649335,0.183695376406196
"497.2033-9.325",3,0.269719201859227,0.306295835835124,0.423984962305649
"594.84349-0.971",2,0.315924421815065,0.482423145449987,0.201652432734947
"594.8436-0.973",2,0.309857919437116,0.490345314220779,0.199796766342105
"270.87971-0.982",1,0.630439744070693,0.194782254683592,0.174778001245714
"576.28694-12.919",3,0.261110116918874,0.273405261423102,0.465484621658024
"493.27281-11.463",1,0.771890565754612,0.110259538974568,0.117849895270819
"636.82866-0.968",2,0.2421537045213,0.51191451549521,0.24593177998349
"634.82258-0.963",2,0.242030572729815,0.512267900354012,0.245701526916173
"659.28152-7.584",1,0.604710975238026,0.211680707246208,0.183608317515766
"281.17601-10.767",2,0.230328866567756,0.544101974192348,0.225569159239896
"278.10706-7.511",1,0.763647093983725,0.111237888874454,0.125115017141821
"519.15895-13.029",3,0.257933705844053,0.264586857154541,0.477479437001406
"393.1745-11.247",1,0.68968803092791,0.158199330241269,0.152112638830822
"426.26874-14.596",1,0.442745227782178,0.340366771196278,0.216888001021544
"307.99775-0.987",2,0.29075391341794,0.515962261749686,0.193283824832374
"554.34696-15.073",3,0.29351501501179,0.176615693606716,0.529869291381493
"361.14068-7.059",2,0.378332742015652,0.406991787739764,0.214675470244584
"338.86703-0.983",1,0.72617220257336,0.125646673835913,0.148181123590727
"303.09927-7.972",1,0.739827829254285,0.129052933189474,0.131119237556241
"557.31602-12.184",1,0.774294294826929,0.108337420036391,0.117368285136681
"279.12389-9.05",1,0.749550289322199,0.123489194177705,0.126960516500096
"292.16879-7.199",3,0.224228753606169,0.202092645727196,0.573678600666635
"292.16876-7.201",3,0.176854469583631,0.144961936358386,0.678183594057983
"369.19213-7.64",3,0.301307875255983,0.179045222808249,0.519646901935769
"315.10082-7.472",3,0.268687946267067,0.167896318540523,0.56341573519241
"369.87983-0.9",1,0.421768927425673,0.197384618995151,0.380846453579176
"637.15545-7.694",2,0.316013669135463,0.48230737155164,0.201678959312897
"497.34057-14.1",3,0.374528695431784,0.194453507754406,0.43101779681381
"445.02395-7.65",3,0.350952051373492,0.190962292244498,0.45808565638201
"273.10952-1.114",1,0.67370337197622,0.145140472517272,0.181156155506508
"235.03967-1.452",2,0.148795586524496,0.725697434706973,0.125506978768531
"605.33406-14.128",1,0.645045226280169,0.185486869695195,0.169467904024635
"270.20764-11.37",1,0.67602244932113,0.166389995867911,0.157587554810959
"615.28297-10.755",1,0.440146839261457,0.197138982650746,0.362714178087797
"638.28749-13.158",3,0.189902446760387,0.131326655587944,0.678770897651669
"271.97957-1.017",1,0.617181422484527,0.203402249567469,0.179416327948003
"305.1509-8.019",3,0.287234849296592,0.174549737133658,0.53821541356975
"449.10955-7.668",2,0.310035840505341,0.490111498343642,0.199852661151017
"535.24524-7.796",2,0.241091356560631,0.514948644745224,0.243959998694145
"596.2666-14.734",1,0.406706544993683,0.197021080105808,0.39627237490051
"451.28572-13.385",1,0.600260856980797,0.168999943147416,0.230739199871787
"379.14344-11.638",1,0.752346128389796,0.115527451637006,0.132126419973197
"517.31778-12.939",3,0.193711154921219,0.133362722008143,0.672926123070638
"368.12005-1.107",1,0.428213019955498,0.354465328441087,0.217321651603415
"404.2941-16.247",3,0.18771559822465,0.156682834004489,0.655601567770861
"494.36061-15.097",1,0.7164215641035,0.142515299793534,0.141063136102966
"415.10387-7.474",2,0.38072043087403,0.404324495904327,0.214955073221643
"393.11911-7.98",2,0.270672830041341,0.400708578917447,0.328618591041212
"370.16955-12.334",1,0.736351243652536,0.131042965066078,0.132605791281386
"361.22342-6.876",3,0.18855390638355,0.157612027823925,0.653834065792525
"464.24815-14.434",1,0.47204779429939,0.19502124917116,0.33293095652945
"578.25481-8.219",2,0.146151489207244,0.736721024405566,0.117127486387191
"421.13279-12.592",3,0.174074501865737,0.142045889141973,0.68387960899229
"393.09614-5.437",1,0.520557892842253,0.272844033327512,0.206598073830235
"629.33708-11.736",1,0.761401929976007,0.116651097412922,0.121946972611071
"625.38826-17.663",1,0.477304142693506,0.308820425296202,0.213875432010292
"653.38327-13.602",3,0.342619642563847,0.189395398686189,0.467984958749964
"510.33048-8.223",2,0.236311330671782,0.528222508695513,0.235466160632706
"528.79528-0.896",3,0.268984564053125,0.302541098348914,0.428474337597961
"627.33126-14.079",1,0.683824408054633,0.141506977853291,0.174668614092076
"535.30498-15.148",1,0.752793038992607,0.121629165962882,0.125577795044511
"534.88038-0.955",1,0.553726871220605,0.247509805216518,0.198763323562877
"255.84866-0.886",1,0.631992129754899,0.159289830415117,0.208718039829983
"244.87692-0.988",3,0.374212496942412,0.194415820127978,0.43137168292961
"554.34668-13.705",1,0.406070700559213,0.1969942240977,0.396935075343088
"445.2964-11.783",3,0.398767304218122,0.196617758730253,0.404614937051624
"388.11407-5.515",1,0.63963656110121,0.156805692077628,0.203557746821161
"281.10786-1.003",3,0.190230943878388,0.131503143571689,0.678265912549923
"467.16794-7.277",1,0.686842193499426,0.140410296158393,0.17274751034218
"499.27339-10.998",3,0.273937377225578,0.346165002754189,0.379897620020233
"126.88103-0.91",1,0.601743134923925,0.168569434613783,0.229687430462292
"459.31214-13.523",3,0.183959190869527,0.152564842203087,0.663475966927387
"383.236-14.316",1,0.557295412359416,0.180361307587082,0.262343280053503
"684.30655-11.36",1,0.560244021614074,0.179655500106894,0.260100478279032
"327.06621-0.954",3,0.157331525101277,0.125015494243604,0.717652980655119
"371.2667-5.161",1,0.425069104828312,0.197395433391453,0.377535461780236
"572.21768-10.217",1,0.538594640742156,0.18455828623761,0.276847073020234
"695.35496-14.116",1,0.631943226707754,0.193815965917448,0.174240807374798
"370.09686-7.863",1,0.525422641764411,0.187208823430276,0.287368534805313
"448.28403-10.822",2,0.151051631502253,0.720998116453429,0.127950252044318
"207.06975-6.11",3,0.15497052841948,0.111846078688798,0.733183392891722
"336.25467-15.38",2,0.228854809094199,0.547909002511296,0.223236188394505
"630.3324-9.126",1,0.451878460753141,0.331765758001833,0.216355781245026
"735.86719-7.311",2,0.201280275450799,0.613865319393765,0.184854405155436
"583.18287-9.03",2,0.211235037276705,0.632634805864256,0.156130156859039
"383.07506-7.265",3,0.28688572771506,0.174432080878605,0.538682191406336
"524.28951-16.154",2,0.267512531923715,0.419965963666083,0.312521504410202
"559.28159-10.932",1,0.469245070861105,0.315939272791961,0.214815656346934
"569.22173-12.737",2,0.177649813183924,0.685924976333116,0.136425210482959
"323.04749-1.028",2,0.200584425529981,0.649328413776844,0.150087160693175
"571.23747-12.524",1,0.476206213948274,0.194596048165556,0.32919773788617
"355.09726-7.76",3,0.314225658365452,0.18274154840442,0.503032793230127
"489.26285-12.019",3,0.2809184260979,0.172375683553466,0.546705890348634
"144.90407-0.948",3,0.212912450388756,0.186689755920583,0.600397793690661
"361.96143-1.009",2,0.255787918190414,0.469056744747056,0.27515533706253
"361.96142-1.007",2,0.255952086822539,0.468479918989498,0.275567994187964
"544.26845-13.521",3,0.248603534929185,0.243151891295037,0.508244573775778
"377.15017-5.814",3,0.19780260679952,0.135524348935321,0.666673044265159
"252.0992-8.238",2,0.289982385784873,0.517017873687307,0.19299974052782
"339.14242-5.3",2,0.20876439600838,0.636488207029595,0.154747396962025
"416.88354-0.978",1,0.707027364994446,0.147981084699361,0.144991550306193
"543.28716-11.656",1,0.555282525531516,0.180836416883293,0.263881057585191
"279.95831-0.997",2,0.246735314556672,0.498412941365057,0.254851744078271
"279.95834-0.999",2,0.248962952899771,0.491566250550231,0.259470796549998
"423.2868-10.638",1,0.60688858387909,0.167056671436108,0.226054744684801
"421.25985-10.547",1,0.511124620299467,0.189779806904826,0.299095572795707
"424.25224-14.762",3,0.287911282049699,0.174776860624684,0.537311857325617
"624.22525-16.389",2,0.264381244595602,0.435270208109632,0.300348547294766
"278.10747-7.481",1,0.717442433420912,0.128988630368323,0.153568936210764
"529.27097-13.574",1,0.66423989973664,0.148472177322271,0.187287922941088
"212.0566-7.038",3,0.239915795804947,0.156010162376336,0.604074041818717
"282.00838-1.012",1,0.497390551800162,0.191931188234261,0.310678259965577
"651.37576-14.052",1,0.6622851681557,0.174762021370626,0.162952810473674
"625.1964-12.063",1,0.633392682919437,0.158838662758945,0.207768654321618
"739.18898-7.798",1,0.520604122444719,0.272807451384568,0.206588426170713
"299.19784-7.921",3,0.311213739046245,0.181916862570022,0.506869398383732
"511.33126-15.095",2,0.153434745669169,0.725120744576982,0.121444509753849
"348.82138-0.888",1,0.479380678997894,0.194249345384868,0.326369975617239
"559.30499-11.799",3,0.224927245812694,0.203098237605962,0.571974516581344
"362.87279-0.926",2,0.188411522282195,0.642351199348285,0.16923727836952
"390.27816-16.919",3,0.13756663589971,0.104661122694016,0.757772241406274
"582.34769-11.177",1,0.574888858001007,0.232221678822362,0.192889463176631
"599.34447-11.516",1,0.400667770363085,0.382652958557904,0.216679271079011
"584.26943-5.778",3,0.320316567470292,0.184339864415168,0.495343568114541
"526.36728-12.379",1,0.436471237228022,0.197247138618114,0.366281624153863
"485.01887-9.187",2,0.155322227272374,0.712141827268844,0.132535945458782
"244.96407-0.937",1,0.664916083462627,0.148236322773815,0.186847593763558
"243.95622-0.936",1,0.739619880998495,0.129171921337239,0.131208197664266
"427.28348-14.833",3,0.184735015501004,0.153409414657117,0.661855569841879
"356.1537-11.394",3,0.273933204972318,0.34602269156098,0.380044103466702
"440.34983-13.342",1,0.664750711861205,0.173248569422871,0.162000718715923
"639.24853-13.471",2,0.336001571163393,0.456947395383839,0.207051033452768
"446.01295-6.964",2,0.196012457570194,0.625654704305588,0.178332838124218
"446.01284-6.96",2,0.194720975792181,0.628516380598028,0.176762643609791
"335.17141-7.682",3,0.153867585893802,0.121568865703054,0.724563548403144
"486.81138-0.894",3,0.254209826550129,0.162145736715378,0.583644436734492
"488.80837-0.908",3,0.241693894338437,0.15679744470444,0.601508660957123
"315.25421-14.01",1,0.451663917791134,0.196614409488219,0.351721672720646
"355.2967-12.135",1,0.397432927950978,0.386094001022103,0.21647307102692
"561.1176-9.859",2,0.165529674734275,0.705530532546628,0.128939792719098
"403.226-12.587",3,0.331044330631309,0.186928138290605,0.482027531078086
"355.85534-0.892",3,0.34487994189004,0.189837731753239,0.465282326356721
"403.05851-7.223",2,0.26611872283814,0.42709352796474,0.30678774919712
"389.08163-8.252",3,0.354783374461077,0.191624141515116,0.453592484023807
"497.28923-15.387",1,0.693324828595041,0.138034922877385,0.168640248527575
"375.27536-16.819",3,0.253360116477625,0.253418571944599,0.493221311577776
"615.077-8.36",2,0.313333508635668,0.485793927295615,0.200872564068717
"489.26283-11.576",3,0.237894136850947,0.155106905952981,0.606998957196072
"315.1007-7.894",3,0.203805298483173,0.138645481662679,0.657549219854148
"401.92873-9.896",3,0.319276894677458,0.184073631583253,0.49664947373929
"447.34825-16.155",3,0.243249470179308,0.157480672213595,0.599269857607097
"498.84806-0.937",1,0.623612821586319,0.161950897715761,0.214436280697919
"544.31821-14.808",1,0.720702226395062,0.140038705974853,0.139259067630085
"372.25457-15.023",1,0.586707043605142,0.17282305806405,0.240469898330808
"335.16163-8.169",1,0.585638848985439,0.173115431290603,0.241245719723958
"616.30547-12.285",3,0.324516948026484,0.185387805765443,0.490095246208072
"237.14972-13.627",1,0.620122580509985,0.201474355777218,0.178403063712796
"414.88282-0.937",2,0.218709880282481,0.57319504315309,0.208095076564429
"329.10314-7.267",3,0.238189517380696,0.223814143768595,0.537996338850709
"556.87495-0.957",2,0.149427543064195,0.72437853478916,0.126193922146645
"342.22864-14.174",1,0.420092000236734,0.36257232448294,0.217335675280326
"611.16494-7.024",1,0.597105779095788,0.216815791761583,0.18607842914263
"440.30544-13.18",2,0.248795848365003,0.492087112078545,0.259117039556451
"440.30554-13.179",2,0.248505765733245,0.492988394779965,0.258505839486789
"493.29463-11.557",1,0.479572805477916,0.194227753302163,0.326199441219921
"410.32788-14.306",1,0.428549575606749,0.197380516589134,0.374069907804117
"352.13033-7.267",2,0.272920539166981,0.380744197429221,0.346335263403798
"581.16724-9.262",2,0.226641278290936,0.55355659052065,0.219802131188415
"435.18099-6.903",1,0.554966582268595,0.180910491367739,0.264122926363666
"501.28663-12.53",3,0.191048000531978,0.160399802715504,0.648552196752517
"577.30243-11.824",1,0.583060227673516,0.226482538697038,0.190457233629447
"390.30149-16.042",3,0.270714837651707,0.31197724807635,0.417307914271942
"386.29142-12.678",3,0.13772412080708,0.104873887118539,0.757401992074381
"574.0608-6.164",1,0.603014895918192,0.212820092885143,0.184165011196665
"381.27786-10.704",3,0.179298637164261,0.125546262708672,0.695155100127067
"460.29208-9.135",1,0.694528114648475,0.155328546418043,0.150143338933482
"376.82488-0.889",3,0.220985449165429,0.197514127975549,0.581500422859022
"326.27018-15.897",2,0.1830568737986,0.653922023111056,0.163021103090344
"557.27402-13.664",2,0.380414403848979,0.40466547527026,0.214920120880761
"560.88653-0.954",2,0.236942827806889,0.526501589263158,0.236555582929954
"498.26334-12.878",3,0.14824161546538,0.108065522566747,0.743692861967873
"524.35178-12.208",3,0.257738253488136,0.163591039429815,0.578670707082048
"361.87206-0.958",2,0.25315383380224,0.478060580533502,0.268785585664258
"334.85178-0.931",2,0.220087972433558,0.569843599453633,0.210068428112809
"275.09275-6.894",1,0.447467531865877,0.196837781586353,0.355694686547771
"513.23761-14.311",1,0.547969063741489,0.251782090776887,0.200248845481624
"209.08215-7.032",3,0.272788261604787,0.32791224012136,0.399299498273853
"402.2686-14.202",3,0.274016946293609,0.349650352136332,0.376332701570059
"567.20902-8.525",1,0.437576383494844,0.345322345584439,0.217101270920717
"426.84851-0.949",2,0.26258670860015,0.443094782495764,0.294318508904087
"573.26128-11.107",3,0.269255217532619,0.303888164746035,0.426856617721346
"314.23398-14.014",2,0.27287986445819,0.381223299243196,0.345896836298614
"308.05204-1.017",1,0.700285528166989,0.151932748267336,0.147781723565674
"581.33392-15.216",1,0.442784085880717,0.340329759498441,0.216886154620842
"558.22233-6.93",1,0.567637714203379,0.237389242705735,0.194973043090886
"498.1921-13.367",1,0.735609107001273,0.131468022828493,0.132922870170234
"283.098-8.106",1,0.549720907699821,0.250476907006986,0.199802185293192
"386.20817-14.759",3,0.363272130408501,0.192959495434363,0.443768374157137
"471.31258-14.957",3,0.256203825755298,0.162965941615685,0.580830232629017
"514.27655-11.038",1,0.615304850670043,0.204637126264065,0.180058023065892
"718.3305-6.826",2,0.267961258998588,0.417534690004836,0.314504050996575
"612.31617-14.988",1,0.618502009069771,0.163540937335297,0.217957053594932
"393.26488-13.205",1,0.644853133750491,0.185607832177955,0.169539034071555
"320.16183-6.978",2,0.226078019205428,0.554981078003409,0.218940902791163
"663.39717-7.869",3,0.17746720629025,0.124532689819637,0.698000103890113
"348.12053-5.813",2,0.247866742193256,0.494961143444144,0.2571721143626
"441.30149-12.249",1,0.61480512436666,0.204966608420349,0.18022826721299
"475.26264-14.597",3,0.192052014805646,0.161532227769298,0.646415757425056
"482.20622-12.702",3,0.181022581966341,0.126496494644842,0.692480923388817
"472.30991-15.305",3,0.263593390545067,0.281162289656553,0.45524431979838
"341.17928-11.62",1,0.701247829267153,0.151367112662295,0.147385058070551
"743.3505-8.837",3,0.359398858315412,0.192372554580291,0.448228587104297
"280.97324-7.728",2,0.254110997944158,0.474840855628013,0.271048146427829
"348.16032-6.606",1,0.424551170549585,0.197395349004576,0.378053480445839
"168.9203-0.915",2,0.226043748664043,0.609795197575303,0.164161053760654
"368.24431-14.528",1,0.597504654243138,0.216544782472158,0.185950563284704
"265.18102-15.054",3,0.310014307695692,0.181582141970393,0.508403550333915
"479.12037-7.694",2,0.27587794883162,0.536597367076033,0.187524684092348
"412.111-7.174",1,0.774312696192529,0.108033025079003,0.117654278728468
"529.26348-5.938",2,0.258161317466347,0.460511396617208,0.281327285916445
"557.29473-14.971",3,0.270588391739192,0.311209696764745,0.418201911496063
"431.19748-14.21",3,0.169210441306537,0.119916343568666,0.710873215124797
"513.27586-13.901",3,0.223346468915439,0.148358400115896,0.628295130968666
"514.24554-9.309",3,0.137731202304158,0.104883268151229,0.757385529544613
"561.26882-12.56",1,0.491717383162107,0.19272457479623,0.315558042041663
"527.21639-14.575",1,0.563704842406618,0.240222416429452,0.19607274116393
"453.33411-16.04",3,0.398609788204885,0.196608253585246,0.404781958209868
"445.11452-7.634",1,0.580044298423637,0.228590599376919,0.191365102199444
"637.29992-13.828",1,0.740124951439846,0.128882926771598,0.130992121788555
"613.21967-9.858",1,0.591207177286756,0.220845824712372,0.187946998000872
"526.28409-11.571",3,0.271275891630412,0.168873473791547,0.559850634578041
"393.28916-10.788",1,0.441218964863329,0.197101976785019,0.361679058351652
"411.08528-8.938",3,0.273623091019813,0.338775213947774,0.387601695032413
"314.10713-7.188",1,0.592178477765479,0.171304745270429,0.236516776964093
"659.34451-10.826",1,0.497323924437917,0.29171954398575,0.210956531576334
"472.32851-15.192",3,0.196051332095604,0.134602418456939,0.669346249447457
"495.10701-7.257",1,0.426866716831826,0.197391088092617,0.375742195075557
"494.83592-0.953",2,0.269501381297827,0.408521887411977,0.321976731290197
"665.28367-8.105",2,0.380464429431664,0.404609718349658,0.214925852218679
"457.29655-14.622",3,0.302446074992773,0.179387555268062,0.518166369739165
"681.25892-14.194",2,0.244133159102357,0.582538641190439,0.173328199707204
"301.12137-10.28",1,0.462200060399715,0.195894438704624,0.341905500895661
"441.30151-12.869",2,0.172865279869601,0.693649525430837,0.133485194699562
"455.2809-11.749",2,0.38987378883075,0.394245165476674,0.215881045692576
"505.22685-15.893",2,0.250161092746212,0.573623701384744,0.176215205869044
"426.3018-16.148",1,0.502387311030911,0.191185712164771,0.306426976804318
"570.29006-5.809",3,0.241722507479412,0.229989830543503,0.528287661977084
"624.30589-14.676",1,0.635724037420702,0.15808368545208,0.206192277127217
"571.14985-1.022",2,0.343965857827128,0.447159624435505,0.208874517737367
"446.23767-13.267",1,0.46292116051474,0.195836981214728,0.341241858270532
"504.17841-6.828",2,0.177174304443101,0.666478758909548,0.156346936647352
"385.08334-5.472",1,0.774181016614403,0.107982321580816,0.117836661804781
"409.27293-16.878",1,0.5322316394514,0.185871420516455,0.281896940032145
"458.30489-13.761",1,0.548951754314011,0.182294545633997,0.268753700051992
"287.10341-7.35",3,0.274034459858989,0.350857467889758,0.375108072251252
"352.28561-15.98",1,0.493561169804883,0.294872291397206,0.211566538797911
"512.81769-0.898",3,0.233325547001727,0.153034185732081,0.613640267266192
"580.32875-12.088",3,0.350413701538239,0.190866338272454,0.458719960189306
"455.25731-11.5",3,0.30743938954288,0.180851458875905,0.511709151581215
"790.20478-17.331",3,0.172989328240309,0.122037940564397,0.704972731195294
"537.26344-12.526",3,0.23737314270651,0.222433553291891,0.540193304001599
"450.93025-1.446",1,0.520250086274526,0.273087699083967,0.206662214641507
"469.29146-14.839",1,0.472895126159671,0.19493729501233,0.332167578827999
"135.04523-6.855",1,0.765961175897076,0.113959312683508,0.120079511419416
"533.27937-9.346",3,0.322438695502997,0.184874854765927,0.492686449731076
"433.14871-5.345",1,0.536673035626784,0.260312886784177,0.203014077589039
"266.86426-0.945",2,0.205961654123452,0.603214872790747,0.190823473085801
"585.14768-9.673",1,0.516342305948539,0.276195686504439,0.207462007547022
"567.20906-7.923",1,0.74101277692096,0.12837497660446,0.13061224647458
"162.07725-1.05",1,0.756360747677227,0.113985776003452,0.129653476319321
"478.77969-0.893",3,0.1979845026886,0.135619816515735,0.666395680795665
"511.32011-16.615",3,0.147401531255165,0.107601578504189,0.744996890240646
"482.34113-15.055",3,0.272959562041101,0.329728165771097,0.397312272187802
"571.23735-14.129",1,0.750178582636287,0.123129136263496,0.126692281100217
"400.25163-14.817",1,0.468124356187061,0.195391891290484,0.336483752522455
"432.24291-14.109",1,0.482030596072817,0.193945449251968,0.324023954675215
"714.84438-0.971",2,0.255820124645977,0.468943739348221,0.275236136005802
"537.21996-7.24",1,0.413433656884115,0.369344698117992,0.217221644997893
"741.44367-12.236",3,0.233101812599884,0.215460338336276,0.55143784906384
"427.23729-9.949",3,0.213370216399977,0.187284003756916,0.599345779843107
"385.85747-0.896",3,0.241538959526524,0.229660407460323,0.528800633013154
"591.19092-10.661",1,0.579344399848774,0.174810831644605,0.245844768506621
"257.21244-14.926",3,0.323512018643096,0.18514112784954,0.491346853507364
"457.95516-10.106",1,0.468038155444282,0.195399698510639,0.336562146045079
"410.22212-7.707",2,0.186356918264744,0.646808184892447,0.166834896842808
"559.28155-10.345",2,0.2680445014223,0.417075220270021,0.31488027830768
"413.25799-10.477",3,0.232923169992651,0.215177188692349,0.551899641315
"710.83701-7.819",3,0.265071812471574,0.286266847147329,0.448661340381098
"455.21951-8.242",1,0.615345186944041,0.164510180233107,0.220144632822852
"385.25983-12.927",3,0.138216614688909,0.103063478324513,0.758719906986578
"418.23691-10.965",3,0.385493875764348,0.195608813556037,0.418897310679614
"167.03851-1.081",2,0.299280709575859,0.504404004366506,0.196315286057635
"431.22099-12.151",3,0.166909367941241,0.134659836040288,0.698430796018471
"394.8889-0.969",1,0.740336818810069,0.128761705934074,0.130901475255857
"556.2943-11.31",2,0.244989987244043,0.503641532713166,0.251368480042791
"262.0384-7.973",1,0.481939930423842,0.304787804609443,0.213272264966714
"522.11794-8.155",2,0.36392094398898,0.423429580337473,0.212649475673546
"249.14972-14.095",3,0.194803509367835,0.164667152236139,0.640529338396027
"355.20223-14.489",1,0.517561465035595,0.188663020303441,0.293775514660964
"531.11513-7.798",1,0.473056334315876,0.312555310913285,0.214388354770839
"527.2552-13.595",3,0.364065409941266,0.19307508767233,0.442859502386405
"321.17093-10.007",1,0.419572061066554,0.197363846260275,0.383064092673171
"252.03376-7.495",3,0.170460972377984,0.138299113503764,0.691239914118252
"632.30036-11.344",3,0.252630090890142,0.161489639426995,0.585880269682863
"632.30023-11.344",3,0.292470180233136,0.176278635114619,0.531251184652245
"331.24927-11.295",1,0.750462189741568,0.122966564134205,0.126571246124227
"652.38359-15.992",1,0.547004659462516,0.182731801209911,0.270263539327573
"509.30436-10.178",3,0.145404952909295,0.106512452109231,0.748082594981475
"365.23111-14.203",1,0.45949024954549,0.196101067944964,0.344408682509546
"558.23744-13.741",3,0.260605522587965,0.164744873900474,0.574649603511561
"416.2923-12.799",3,0.255638214543561,0.258792131571364,0.485569653885074
"335.15013-11.727",3,0.136848167490977,0.103356841499514,0.759794991009509
"603.35237-14.315",1,0.414469763579826,0.368283326611671,0.217246909808502
"598.3035-7.746",2,0.260853454386662,0.450189654849233,0.288956890764105
"293.21245-13.151",1,0.493154761768548,0.192528955639936,0.314316282591516
"112.0405-1.362",1,0.578710054059273,0.174979054774734,0.246310891165993
"368.1541-7.921",1,0.699310727756886,0.135818978617414,0.1648702936257
"346.09969-0.996",2,0.331087494284394,0.463076876559339,0.205835629156267
"577.42462-16.591",2,0.14191127175737,0.74304521051533,0.115043517727299
"577.42462-16.593",2,0.150210422730008,0.722747621897694,0.127041955372298
"392.97904-7.327",3,0.226051519485837,0.20473219851739,0.569216281996773
"498.31303-15.047",3,0.24278419523683,0.231915165280151,0.525300639483019
"477.14527-7.408",1,0.428506742698289,0.197380863421979,0.374112393879732
"719.19402-7.997",1,0.623759149293197,0.199103144556176,0.177137706150628
"743.38651-12.832",2,0.152571199214167,0.726511447525704,0.120917353260129
"297.24364-17.003",3,0.172890553022251,0.140813062692094,0.686296384285656
"525.14084-9.863",2,0.219983404978669,0.57009873453105,0.20991786049028
"507.32502-13.564",3,0.200173683698467,0.170929042821429,0.628897273480104
"519.31154-13.348",1,0.611623222899771,0.165640026769704,0.222736750330525
"355.90809-7.633",2,0.162054195999756,0.711167755062934,0.12677804893731
"269.21239-15.364",2,0.144120119664016,0.739845064810277,0.116034815525706
"330.14218-1.448",3,0.274048594053356,0.35656300371259,0.369388402234054
"271.15528-12.012",2,0.28789818805003,0.519877555390899,0.192224256559071
"505.25786-13.413",3,0.351055046483138,0.190980566755959,0.457964386760904
"635.50292-17.278",3,0.298035900453091,0.178043318394958,0.523920781151951
"360.17792-6.54",3,0.382394312654742,0.195312011524566,0.422293675820692
"441.26349-14.136",1,0.631251571430555,0.159527661628896,0.209220766940549
"623.34455-13.948",1,0.499057864320287,0.290275982101706,0.210666153578006
"359.24406-12.282",3,0.148370907699198,0.108137164602884,0.743491927697917
"281.05408-9.208",3,0.299443694193545,0.178477629697436,0.522078676109018
"579.39099-12.472",1,0.490427652798408,0.192896953695976,0.316675393505616
"376.18797-6.487",1,0.466359720789435,0.195548815684324,0.338091463526241
"603.3526-14.163",1,0.721654163015984,0.127379960645397,0.150965876338619
"467.29353-12.419",1,0.437647473770234,0.197215690825872,0.365136835403894
"265.10831-9.847",2,0.37424692318841,0.411592870777861,0.214160206033729
"441.29746-15.095",1,0.744413116234814,0.126429795391772,0.129157088373414
"443.29364-14.017",1,0.720866881758224,0.139943603189238,0.139189515052537
"289.10843-7.883",3,0.305972412814899,0.180427799499316,0.513599787685785
"555.24247-13.665",3,0.266102864002074,0.290103038535691,0.443794097462235
"255.23295-14.326",1,0.492593507339874,0.192605777825097,0.314800714835029
"505.20616-7.534",2,0.273397255534217,0.374355009381686,0.352247735084097
"513.32296-12.098",1,0.693807346811754,0.155755104713518,0.150437548474728
"317.92431-7.141",3,0.228473743052873,0.208320298195859,0.563205958751267
"300.0346-1.019",2,0.154409314122938,0.714033043952572,0.13155764192449
"522.84647-0.903",3,0.377081512661727,0.194748765991363,0.42816972134691
"571.23742-11.921",2,0.228445385860938,0.548959726811343,0.222594887327719
"482.87024-0.944",2,0.254630149706899,0.473070435227022,0.272299415066079
"319.19165-12.452",1,0.510206387172413,0.189933576527982,0.299860036299605
"491.21123-11.58",1,0.741269983438096,0.119813453130882,0.138916563431022
"169.87402-0.928",2,0.257992845076111,0.461133513141057,0.280873641782832
"653.24805-13.51",2,0.240464510897769,0.516723665791078,0.242811823311153
"418.6994-12.864",1,0.771295914282202,0.108579840054352,0.120124245663446
"627.14919-7.978",1,0.663954601710596,0.148571586064205,0.187473812225199
"167.00209-1.085",3,0.389310566801095,0.1959422859684,0.414747147230505
"614.82974-12.238",2,0.14755812423753,0.728288114591719,0.12415376117075
"686.35265-14.617",1,0.631764694587682,0.159362925299636,0.208872380112683
"443.12022-7.158",1,0.714422907395715,0.143674493879274,0.141902598725011
"266.07851-1.107",3,0.18770922610435,0.156675785722897,0.655614988172753
"409.25179-14.816",1,0.531093674972779,0.186099866666016,0.282806458361205
"602.8679-0.959",1,0.433541029683674,0.349236251623457,0.217222718692869
"496.11099-11.324",3,0.397202928899788,0.196520747759862,0.40627632334035
"233.08212-8.081",2,0.218458744549287,0.573803272791215,0.207737982659498
"421.32063-11.902",1,0.655616818102036,0.178880248855614,0.165502933042351
"559.28159-11.506",2,0.250859787978633,0.485563838139515,0.263576373881852
"355.11017-7.056",1,0.705358455488712,0.148956917722832,0.145684626788456
"645.12359-7.268",1,0.411194589047785,0.371647902360611,0.217157508591603
"645.12381-7.289",1,0.418066370411619,0.364620566983865,0.217313062604517
"515.29128-12.51",1,0.590176158426447,0.171864380718242,0.237959460855311
"365.14548-7.799",1,0.486373978170276,0.300972305787578,0.212653716042146
"523.14033-14.587",1,0.705930927899505,0.13334458042956,0.160724491670935
"635.16546-7.026",1,0.536020061100866,0.260812232999609,0.203167705899525
"429.31272-12.71",1,0.747925152568375,0.117235140427316,0.13483970700431
"615.316-15.116",2,0.210574859411528,0.592538167510691,0.196886973077781
"550.2689-15.343",3,0.270339431449525,0.309740884055961,0.419919684494514
"188.89395-0.952",2,0.273400934465621,0.374298260268525,0.352300805265854
"490.26384-15.002",1,0.464392618241245,0.195716529333373,0.339890852425383
"278.99417-8.446",1,0.496597696453834,0.292325884027925,0.211076419518241
"277.08668-6.584",1,0.559497967814698,0.243277266724055,0.197224765461247
"280.84471-0.937",2,0.172991329260863,0.675322358567493,0.151686312171643
"314.1433-9.945",1,0.50645005595865,0.190547984891431,0.303001959149919
"305.99646-7.891",1,0.456544065862984,0.327447009540316,0.2160089245967
"441.30148-12.628",3,0.328797938418494,0.186410154670459,0.484791906911047
"694.32739-11.643",2,0.17002817199593,0.698240255955715,0.131731572048355
"337.14105-6.902",1,0.713746336759348,0.144067328452985,0.142186334787667
"579.39076-15.347",3,0.170453758695595,0.138291680026791,0.691254561277615
"535.23731-10.138",3,0.273471356482147,0.336281706663368,0.390246936854485
"485.32776-15.262",3,0.222579807268175,0.199746675590556,0.577673517141269
"562.1201-5.322",2,0.184712881840177,0.67457128895315,0.140715829206674
"592.19622-13.735",1,0.660666781944545,0.149712696367687,0.189620521687768
"475.34329-16.621",3,0.149732064722836,0.117461316956501,0.732806618320663
"731.48268-11.142",3,0.28648471541672,0.174296573712316,0.539218710870964
"711.33723-12.72",2,0.308919450095675,0.491580075441226,0.199500474463099
"231.05121-1.466",3,0.367495611097913,0.19355688740029,0.438947501501797
"569.13396-10.165",1,0.537859277234221,0.259407504827243,0.202733217938536
"571.06176-6.912",2,0.171617586022956,0.695667596843441,0.132714817133602
"529.29203-17.072",1,0.486602877056225,0.300776429280149,0.212620693663626
"484.8714-0.978",1,0.720544267755795,0.140129951541421,0.139325780702784
"543.25037-12.133",2,0.273690771413272,0.369197291779624,0.357111936807104
"563.31675-15.283",1,0.628662167623855,0.160355253695101,0.210982578681045
"319.06818-8.155",1,0.653458105302449,0.180221414600619,0.166320480096933
"523.32034-12.831",2,0.21933542347527,0.571676680925074,0.208987895599656
"353.11367-6.213",3,0.21172240443804,0.185154926544228,0.603122669017732
"615.35446-12.089",1,0.43213669679322,0.197337124795067,0.370526178411713
"660.38662-9.289",2,0.164146628800504,0.693834539189957,0.142018832009539
"698.27518-8.21",1,0.4747591706715,0.311053482092059,0.214187347236441
"381.24149-13.656",1,0.573515186216831,0.233195147469326,0.193289666313843
"595.21722-7.906",1,0.454532738129486,0.329302674673671,0.216164587196843
"306.13845-7.349",1,0.732034300956564,0.123387794131222,0.144577904912214
"307.06737-1.106",3,0.400783831505717,0.196734256442568,0.402481912051716
"711.33714-12.962",2,0.140677288361428,0.743675141148246,0.115647570490326
"617.24284-11.312",2,0.268210592515349,0.416150085646583,0.315639321838068
"617.24296-11.311",2,0.268452753732033,0.414780393652006,0.316766852615961
"665.3444-15.352",1,0.548146985579453,0.182475917372344,0.269377097048203
"413.89255-8.924",1,0.427095288075662,0.197390020670456,0.375514691253882
"263.03855-1.014",1,0.413130223156059,0.369656058715019,0.217213718128922
"641.34683-10.565",3,0.251708905120864,0.249722165379255,0.49856892949988
"356.18666-15.893",1,0.402126889693222,0.381110003562901,0.216763106743876
"213.14983-12.193",1,0.419900961177928,0.362765047591566,0.217333991230506
"601.33894-16.757",3,0.273330175203654,0.334247855518163,0.392421969278183
"607.19878-14.781",1,0.659421473427486,0.176526066207163,0.164052460365351
"219.06983-8.212",1,0.403852909237711,0.379292143747945,0.216854947014345
"491.123-7.185",1,0.521458311127189,0.272132195238049,0.206409493634762
"318.08086-1.019",1,0.658223217466245,0.177266199055787,0.164510583477968
"449.32765-14.233",1,0.474326633329032,0.19479233014811,0.330881036522858
"503.33842-9.251",1,0.693330070887758,0.156037742359665,0.150632186752576
"448.83958-0.977",3,0.15431471902175,0.122013118431022,0.723672162547228
"516.82727-0.974",2,0.240170526133553,0.517552349819499,0.242277124046948
"375.2906-15.307",3,0.270560365878087,0.311041601957068,0.418398032164845
"585.21645-11.398",3,0.1924330914811,0.132682002218685,0.674884906300214
"603.35461-16.751",3,0.283347527850223,0.173223100401173,0.543429371748604
"509.34078-14.997",3,0.264582050304326,0.16631413643985,0.569103813255824
"617.25856-11.179",3,0.215235563045418,0.189728410029912,0.59503602692467
"325.92197-1.01",1,0.693974385156681,0.155656220451739,0.15036939439158
"349.23846-11.639",1,0.558346810865493,0.180110969423248,0.261542219711259
"599.08213-7.775",2,0.179108527828187,0.683574943131125,0.137316529040688
"566.78296-13.467",1,0.748666756921959,0.123995318114798,0.127337924963242
"345.06266-7.354",2,0.146028496807183,0.736912652790134,0.117058850402683
"169.1235-9.447",1,0.526843110469562,0.267904447233631,0.205252442296807
"492.31035-11.937",2,0.25316068000071,0.478037748052216,0.268801571947074
"345.10928-7.615",1,0.67012916111884,0.146406516950282,0.183464321930878
"545.18834-7.813",1,0.428852002539278,0.3538344900626,0.217313507398122
"562.82333-0.954",2,0.260226878271576,0.452661084689778,0.287112037038645
"541.35219-17.37",3,0.187713307389497,0.156680300057886,0.655606392552617
"572.84924-0.959",1,0.719716695383384,0.140608175954404,0.139675128662212
"358.26002-14.086",3,0.310357153550498,0.181678184914013,0.507964661535489
"267.79185-0.878",3,0.262570217887886,0.277856315843612,0.459573466268502
"352.20105-8.063",3,0.273354477281788,0.334582351832265,0.392063170885947
"525.32033-16.79",3,0.181506191241338,0.149913784750647,0.668580024008015
"444.2971-11.154",1,0.454198517601771,0.329611927140096,0.216189555258132
"395.23601-14.081",3,0.329946926267726,0.186676683574535,0.483376390157739
"476.8535-0.924",1,0.493321546666982,0.295074008628648,0.21160444470437
"198.92272-0.956",2,0.261980528604465,0.445622407302243,0.292397064093292
"384.3121-17.235",3,0.344362952110702,0.189737694638501,0.465899353250797
"499.30704-10.524",2,0.248388800415106,0.57623581899765,0.175375380587244
"535.32847-12.862",1,0.491800086692775,0.296357439279552,0.211842474027673
"530.28706-14.986",3,0.399648409545305,0.196669844462855,0.40368174599184
"554.86977-0.954",2,0.233892350871684,0.534731726799296,0.23137592232902
"373.23853-13.839",3,0.166875664149346,0.118599240386081,0.714525095464572
"227.94487-1.005",2,0.333976252908738,0.459465295760965,0.206558451330297
"482.8675-0.964",1,0.399694661194978,0.383685144215272,0.216620194589751
"154.93286-0.961",2,0.267331095546836,0.420928405652281,0.311740498800884
"351.13437-11.484",3,0.23584929590092,0.219899193022846,0.544251511076234
"351.13453-11.484",3,0.238168192252727,0.223777870544151,0.538053937203122
"287.92628-1.208",3,0.260632183589158,0.164755515281943,0.574612301128899
"343.28542-12.403",1,0.473029964861382,0.194923807834142,0.332046227304477
"267.03842-8.442",2,0.268289020607663,0.415709252485491,0.316001726906845
"558.81229-0.966",2,0.245978313228713,0.500694547170778,0.253327139600509
"165.07692-1.078",1,0.77404518927763,0.107968643568783,0.117986167153587
"444.31232-14.294",3,0.303467684402285,0.179692092731794,0.516840222865921
"145.94178-0.952",2,0.346971511155912,0.443512857553888,0.209515631290199
"368.19034-11.493",1,0.527767873024953,0.186756217487217,0.285475909487829
"222.81506-0.875",3,0.242965735939343,0.157356439008307,0.59967782505235
"340.28571-17.405",3,0.199869720202721,0.136606031042654,0.663524248754626
"481.35392-17.685",1,0.47951501686425,0.306891609150236,0.213593373985514
"351.19278-8.066",3,0.219811500183202,0.1958916974738,0.584296802342998
"545.28706-13.155",1,0.584588663508356,0.173401569483784,0.242009767007861
"449.32764-13.127",3,0.295568250292669,0.177270282690464,0.527161467016867
"349.23857-10.993",1,0.737611542480545,0.12123082093634,0.141157636583115
"282.8418-0.927",2,0.172096128059104,0.677206802770344,0.150697069170552
"154.91582-0.875",1,0.705374656096773,0.148947437645934,0.145677906257292
"649.19614-11.984",1,0.485844846175929,0.19348516610645,0.320669987717621
"189.10452-8.449",3,0.272617994263598,0.326230242877307,0.401151762859095
"633.36509-11.307",2,0.250733680548788,0.485968251801017,0.263298067650196
"374.29142-13.191",3,0.260380952170043,0.271284855029594,0.468334192800363
"615.35406-13.897",1,0.489994212237672,0.297886760884995,0.212119026877333
"319.10501-8.321",3,0.239289629653107,0.225701106262803,0.53500926408409
"436.2642-14.752",1,0.553106431124224,0.181343851011773,0.265549717864003
"681.42287-12.235",2,0.270359609428927,0.402903266096897,0.326737124474175
"681.42269-12.239",2,0.270124714077842,0.404494502859115,0.325380783063044
"359.12501-7.432",1,0.579296378360495,0.229115204187489,0.191588417452015
"347.14991-9.812",3,0.207434708194929,0.140502445187587,0.652062846617484
"380.85187-0.98",3,0.328444049838435,0.186327393200202,0.485228556961363
"503.08762-7.481",1,0.403637927950704,0.379518131808619,0.216843940240676
"455.28081-17.04",3,0.155129653403185,0.111936260443786,0.732934086153029
"330.91777-0.931",1,0.672762830971776,0.145474517107676,0.181762651920548
"513.18205-8.278",2,0.142220585460464,0.742621989477007,0.115157425062529
"358.14102-8.385",1,0.414430565117032,0.197272443626149,0.388296991256819
"546.28425-14.032",1,0.651536907754282,0.181418380915913,0.167044711329805
"254.8384-0.91",3,0.198678422917136,0.169165397951164,0.6321561791317
"238.09337-1.042",2,0.214484320715873,0.583331333194812,0.202184346089315
"480.20682-10.989",3,0.302415407437215,0.179378373475244,0.51820621908754
"543.2369-8.11",1,0.550385849534317,0.249982727033568,0.199631423432115
"770.34342-11.165",1,0.426473130681684,0.197392654218069,0.376134215100246
"186.91819-0.994",1,0.421256952132948,0.197380750676191,0.381362297190861
"447.26072-12.116",3,0.399422282925501,0.196656652488541,0.403921064585958
"590.24706-9.432",1,0.671588604343995,0.169076295860801,0.159335099795204
"340.68362-0.919",1,0.568342924082921,0.177657936350567,0.253999139566511
"777.37114-12.301",1,0.450935717649746,0.196655791963937,0.352408490386317
"403.2856-13.748",3,0.191200170368244,0.13202291142792,0.676776918203836
"563.1779-9.089",2,0.326776331444385,0.468510985671275,0.20471268288434
"347.14981-9.394",3,0.199813644453057,0.17050290316711,0.629683452379834
"348.83205-0.935",2,0.250552513808216,0.486547852922939,0.262899633268845
"430.29984-14.822",1,0.680445425396982,0.163724684382714,0.155829890220305
"348.16966-7.985",3,0.282974463165387,0.173093871853612,0.543931664981001
"514.89081-0.962",3,0.204238374353481,0.138868277205446,0.656893348441074
"563.2869-12.805",1,0.550282045715762,0.181992749529661,0.267725204754577
"400.1801-11.257",3,0.333562813750049,0.187493727007212,0.478943459242739
"718.85617-0.969",2,0.178953873005278,0.662695821651116,0.158350305343606
"718.85621-0.968",2,0.162032315372998,0.698230629522153,0.139737055104849
"585.32603-6.594",1,0.757215929030536,0.119081948621138,0.123702122348327
"714.38413-14.992",1,0.704137119412964,0.134017394643044,0.161845485943993
"579.39109-15.727",1,0.743315692632677,0.127057583369101,0.129626723998222
"395.20773-11.658",1,0.479649932314517,0.194219065960947,0.326131001724536
"495.32484-13.508",3,0.398451633720729,0.196598650746845,0.404949715532427
"418.2964-15.99",1,0.64206170933532,0.18736941210524,0.17056887855944
"500.2791-10.758",1,0.696228077941722,0.154323776353764,0.149448145704513
"538.26391-5.723",1,0.406218858880628,0.197000566113073,0.396780575006299
"245.81983-0.872",1,0.478531370888398,0.194343964550218,0.327124664561384
"446.90288-0.964",1,0.754261924714784,0.120784859724129,0.124953215561086
"468.75087-0.889",3,0.272632098545218,0.326365476921931,0.401002424532851
"311.96271-8.444",1,0.536969049345862,0.260086745425899,0.202944205228239
"415.27053-12.645",3,0.336022514953306,0.188030666420423,0.475946818626271
"435.34854-15.195",1,0.700708094548733,0.151684298987437,0.147607606463829
"472.31053-17.687",2,0.184597612763838,0.674756046570102,0.14064634066606
"690.33243-12.037",2,0.140567212534198,0.744209683508,0.115223103957802
"513.27574-15.38",2,0.165141168491499,0.706160586039563,0.128698245468938
"493.31805-13.472",3,0.345250982346117,0.189909112555366,0.464839905098517
"378.77962-0.882",2,0.266944112845925,0.422944511303858,0.310111375850217
"380.77662-0.885",2,0.259957808337122,0.453708677527618,0.28633351413526
"451.34341-14.18",1,0.549683968771838,0.250504379450774,0.199811651777388
"573.25307-12.253",2,0.277016818329834,0.534996801152948,0.187986380517218
"534.81206-0.924",1,0.399375440912335,0.384024296791853,0.216600262295812
"404.78592-0.888",2,0.27379389295356,0.366915374786152,0.359290732260288
"376.92948-7.042",1,0.711863756715772,0.131107539327152,0.157028703957076
"677.30041-14.541",1,0.460365106464652,0.323947040892994,0.215687852642354
"621.1215-6.523",1,0.594789878532732,0.218393047010426,0.186817074456843
"347.04174-7.867",1,0.548955004736096,0.182293811241459,0.268751184022446
"559.24509-11.133",3,0.220040704007601,0.196207074056659,0.58375222193574
"433.29632-14.598",1,0.667910015796045,0.171316331467193,0.160773652736762
"704.81542-0.967",2,0.223429325192675,0.5616152740995,0.214955400707825
"708.8268-0.964",2,0.16916982014903,0.683348612062966,0.147481567788004
"703.28504-14.944",1,0.601707479454752,0.16857981826283,0.229712702282418
"593.47921-17.598",2,0.387681605626071,0.396638140140686,0.215680254233243
"289.9056-1.183",1,0.513276587293402,0.189413977981904,0.297309434724693
"382.25195-15.359",2,0.271631059853764,0.393340409594706,0.33502853055153
"461.13081-5.265",1,0.433539020746511,0.197312488399972,0.369148490853518
"640.29279-15.778",3,0.185600988845493,0.15435570831848,0.660043302836026
"509.14382-7.21",1,0.454053636139327,0.329746064950251,0.216200298910422
"509.14388-7.216",2,0.373798467251893,0.41210071992372,0.214100812824388
"373.08223-8.856",2,0.142440049425911,0.73928767859335,0.118272271980739
"393.97672-7.321",3,0.261429535832415,0.274354624213913,0.464215839953672
"460.87597-0.922",2,0.268628126202291,0.413772210460915,0.317599663336794
"489.34384-17.268",1,0.625145459715092,0.161469135309976,0.213385404974932
"417.33774-16.858",1,0.586945034672787,0.223784320842569,0.189270644484644
"707.34218-16.174",1,0.656419626980258,0.178382489344435,0.165197883675306
"554.30813-12.177",1,0.473504380022938,0.194876077381159,0.331619542595903
"343.249-16.879",1,0.481231311220943,0.194038491688133,0.324730197090924
"512.37126-13.109",2,0.181942214799112,0.679017305219476,0.139040479981411
"391.98341-7.328",3,0.253798568882188,0.254426794781116,0.491774636336695
"477.21854-11.887",2,0.282464978324392,0.527387332781018,0.19014768889459
"384.05262-1.015",1,0.485712746023785,0.301538743006107,0.212748510970108
"552.85888-0.976",1,0.615952645610222,0.204210418786864,0.179836935602914
"479.11782-1.437",3,0.268324027169982,0.299407692615317,0.4322682802147
"571.42208-14.909",1,0.526362839781828,0.187028397657722,0.28660876256045
"593.33475-15.048",1,0.495966262183248,0.292853913649107,0.211179824167645
"410.20104-11.234",1,0.541030995881105,0.184039667632561,0.274929336486334
"409.09669-1.016",2,0.238942607442607,0.590283660542115,0.170773732015277
"689.3443-12.845",2,0.267797482710164,0.548050697695572,0.184151819594264
"337.23866-14.538",2,0.142955674440666,0.741574732959914,0.11546959259942
"664.25668-13.803",1,0.473542235331688,0.194872250205025,0.331585514463287
"587.34463-7.857",2,0.242089631678449,0.512098459782653,0.245811908538898
"367.17628-9.713",1,0.441363750275484,0.341684953293436,0.21695129643108
"715.3684-14.544",1,0.774212550365609,0.108447508550937,0.117339941083454
"504.27139-14.703",1,0.536858293953554,0.184922584567797,0.278219121478649
"321.04115-10.499",1,0.49604518557998,0.192124477622354,0.311830336797666
"391.12029-13.358",1,0.697018308843175,0.15385731593049,0.149124375226335
"523.24507-14.867",1,0.491687899543672,0.296452256713661,0.211859843742666
"544.27458-5.364",1,0.699346004920878,0.152485522392792,0.148168472686331
"412.28203-14.074",1,0.489591411431857,0.298228765427365,0.212179823140778
"557.44298-13.873",2,0.156537703922093,0.720108414016017,0.12335388206189
"310.12002-9.211",3,0.260156253788093,0.164565311417161,0.575278434794746
"487.34348-11.521",2,0.202682380763212,0.610693557749238,0.18662406148755
"413.16415-12.013",3,0.254141419060444,0.255223474122648,0.490635106816908
"343.90802-7.655",2,0.155877904128687,0.721175768411676,0.122946327459638
"401.83547-0.895",3,0.148114659947019,0.115851158445835,0.736034181607146
"407.29186-14.495",1,0.741066749870468,0.128344098917382,0.13058915121215
"300.89827-0.964",1,0.72846172167729,0.135568422446965,0.135969855875745
"403.09341-6.06",2,0.148066465619274,0.733710640903919,0.118222893476807
"593.47944-17.883",2,0.243868959740902,0.506942823595788,0.249188216663311
"405.15582-9.474",1,0.659911217363625,0.176223905643939,0.163864876992436
"128.07182-1.44",1,0.666103758189927,0.172420078817105,0.161476162992968
"495.21246-9.736",1,0.71691748657932,0.129188613057382,0.153893900363298
"705.53199-12.023",1,0.430703579887492,0.197357854721033,0.371938565391475
"615.35441-14.745",1,0.6437398771559,0.155450887846792,0.200809234997308
"345.89816-1.022",2,0.227156038021099,0.552250375224266,0.220593586754635
"445.2731-12.891",1,0.446424081441515,0.196887623699094,0.356688294859392
"445.27308-12.885",1,0.468249306705059,0.195380548727722,0.336370144567218
"495.32556-16.205",3,0.249825310055685,0.245682119701524,0.504492570242791
"409.04404-9.317",2,0.255019124855169,0.471732287069184,0.273248588075648
"423.13917-12.006",2,0.144609297357123,0.739102235143043,0.116288467499833
"269.1008-7.387",2,0.262059808518608,0.445294804819301,0.292645386662092
"439.26254-12.874",3,0.246095890853175,0.238156493699956,0.515747615446869
"533.34082-17.097",3,0.195149405544707,0.165064628276179,0.639785966179114
"533.34094-17.095",3,0.235262833419885,0.218938015587739,0.545799150992376
"417.27964-12.656",1,0.482759398816354,0.304079608273829,0.213160992909816
"491.21418-7.694",2,0.282887112060309,0.526801026965636,0.190311860974055
"474.84254-0.979",1,0.568651869047335,0.177580055940415,0.25376807501225
"455.3171-16.653",3,0.259735623049746,0.164396779672063,0.575867597278191
"453.33726-16.926",3,0.170800797805909,0.138649494441166,0.690549707752924
"364.79906-0.881",3,0.264807677602739,0.285323079953007,0.449869242444254
"363.79473-0.887",3,0.265252221485494,0.286920146520241,0.447827631994266
"361.79741-0.886",3,0.218806224672434,0.194516257137247,0.586677518190319
"537.28401-10.858",1,0.66535542013706,0.172878117874471,0.161766461988469
"449.31557-15.359",3,0.250845919765683,0.247849167937923,0.501304912296393
"431.0446-7.126",3,0.223324353191622,0.200801170985925,0.575874475822453
"521.26825-13.961",1,0.746745510150254,0.125095242366943,0.128159247482803
"486.28247-13.183",1,0.715282752299604,0.143175563552245,0.141541684148151
"370.29645-14.259",1,0.612187786742939,0.165469555790314,0.222342657466746
"220.88026-0.9",1,0.416642946730286,0.366066182195679,0.217290871074036
"378.24193-9.332",3,0.158097690530113,0.125779890725404,0.716122418744483
"190.89266-0.865",1,0.729695087670907,0.134859832133022,0.13544508019607
"251.10394-8.349",2,0.232780857681948,0.599558047652311,0.167661094665741
"623.2975-14.003",1,0.576624300435145,0.230995446539996,0.192380253024859
"208.83726-0.917",3,0.158648783670325,0.12633030166511,0.715020914664565
"375.26733-17.828",3,0.262256916773263,0.165400952142931,0.572342131083805
"734.38519-6.62",2,0.255394221759717,0.470432090273828,0.274173687966456
"401.27008-13.349",3,0.144938225994858,0.106261358050581,0.74880041595456
"599.23243-11.462",1,0.686715396243003,0.140456493618803,0.172828110138193
"660.82669-0.966",2,0.239877687636078,0.518375446715195,0.241746865648727
"662.831-0.967",2,0.195876621750164,0.625956197710039,0.178167180539797
"465.15401-7.527",1,0.695195799648896,0.154933694019603,0.149870506331501
"362.80215-0.882",3,0.212298872149761,0.142954178446374,0.644746949403865
"603.31873-13.769",2,0.235767753566839,0.595051575637824,0.169180670795338
"751.86434-11.937",2,0.144695381917693,0.738970769373504,0.116333848708803
"724.87298-0.975",2,0.253720462351791,0.476161337954476,0.270118199693733
"601.24813-12.49",2,0.151677772569366,0.727947580160585,0.120374647270049
"615.39056-16.637",3,0.186233550540622,0.129344582837499,0.684421866621879
"503.33867-13.61",2,0.203021996168692,0.609923027634579,0.187054976196729
"449.31253-14.43",1,0.644120594303518,0.155324445319501,0.200554960376981
"397.30749-16.517",1,0.547239324261046,0.252327158695836,0.200433517043119
"585.2585-15.313",1,0.733150330863406,0.132877109227048,0.133972559909545
"354.00949-10.491",3,0.193135716697602,0.162761340674126,0.644102942628272
"477.26841-15.392",1,0.729053658707628,0.13522828452579,0.135718056766583
"244.88819-0.968",2,0.159565742370013,0.703349398839337,0.13708485879065
"493.29444-16.425",2,0.343841480167355,0.447311087640324,0.208847432192321
"466.82469-0.914",2,0.1811561098352,0.657995914495907,0.160847975668892
"466.82474-0.913",2,0.204358661910578,0.606881520348663,0.188759817740759
"469.2733-12.257",2,0.142112224274514,0.740033575544931,0.117854200180556
"135.91298-0.925",1,0.676910285889798,0.16585384177044,0.157235872339762
"602.38333-17.183",1,0.724543751650669,0.126272254587985,0.149183993761346
"513.20068-13.621",1,0.596946712644497,0.216923919683213,0.18612936767229
"463.28267-14.03",1,0.692421866878403,0.156575970972423,0.151002162149175
"449.01069-9.282",1,0.772133170989681,0.110095059793516,0.117771769216803
"493.30949-11.976",1,0.450025307726373,0.196705985329412,0.353268706944216
"249.14978-11.455",1,0.75316132990514,0.115213505719949,0.131625164374911
"343.28535-16.925",1,0.63194024430138,0.159306509959861,0.208753245738758
"291.18467-9.688",1,0.499058982329024,0.290275053195917,0.210665964475059
"377.97329-7.453",1,0.493697711461062,0.192454105551629,0.313848182987309
"441.31426-17.025",3,0.368136753848394,0.193643697639098,0.438219548512508
"689.35232-14.615",1,0.500725462213965,0.191438441363622,0.307836096422413
"517.05277-7.156",1,0.488645094361883,0.299033532521141,0.212321373116976
"471.34864-13.891",1,0.527046308715093,0.186896378440785,0.286057312844123
"405.04261-7.725",2,0.2461632295703,0.50013920414316,0.25369756628654
"375.98513-0.984",2,0.162734810237245,0.696770963916954,0.140494225845801
"499.35663-16.845",1,0.447348284669158,0.196843593043986,0.355808122286856
"535.24755-12.314",1,0.583889235138563,0.173591417202414,0.242519347659024
"345.02925-1.028",2,0.140605502922287,0.744380029529928,0.115014467547785
"447.03938-8.472",1,0.63026291493827,0.194896049158701,0.17484103590303
"428.17491-14.752",3,0.283587327193251,0.173305989850499,0.54310668295625
"427.08028-9.322",2,0.229425774361222,0.546438904196992,0.224135321441786
"494.27172-17.095",3,0.263972833521923,0.166076067587411,0.569951098890667
"718.46305-11.92",2,0.20221870216534,0.611744124251159,0.186037173583502
"461.12036-7.368",1,0.403636344887089,0.379519796378783,0.216843858734128
"671.21991-8.128",1,0.513102788674203,0.278792812095214,0.208104399230582
"433.01532-10.115",1,0.569636015171046,0.177331156500731,0.253032828328222
"213.04065-1.122",2,0.225633239833016,0.556102450304573,0.218264309862411
"655.39888-11.183",3,0.271964911792208,0.320593802551525,0.407441285656266
"295.88687-8.598",3,0.296841036390312,0.177670872632465,0.525488090977222
"449.32762-14.947",1,0.748276983064129,0.117099003871662,0.134624013064209
"505.19336-7.767",1,0.589045786562938,0.222333155390915,0.188621058046147
"470.9048-0.932",1,0.717421498053727,0.128996608145495,0.153581893800778
"349.23862-10.645",1,0.662626791926537,0.149033430296852,0.188339777776611
"491.29373-16.657",3,0.177280677252373,0.12442922906573,0.698290093681897
"591.17248-7.844",1,0.675055062184117,0.166974849648075,0.157970088167808
"627.35239-13.72",1,0.726739489968209,0.136558704510445,0.136701805521346
"585.31402-16.663",3,0.293517632946064,0.176616534791357,0.529865832262579
"728.85934-8.066",2,0.23376007012181,0.535084057018839,0.231155872859351
"499.27069-12.308",3,0.259469168571233,0.268718370266152,0.471812461162615
"531.28614-16.229",2,0.14498882530116,0.738521149527765,0.116490025171075
"197.1185-7.49",2,0.248651854992316,0.575847636090868,0.175500508916816
"539.22717-7.703",2,0.318831692768401,0.478663322710333,0.202504984521266
"424.07866-7.261",2,0.362306191359366,0.425307747950099,0.212386060690535
"569.33383-12.127",1,0.770489905814858,0.111176079038849,0.118334015146293
"377.24652-12.1",1,0.456779886754182,0.327230044889181,0.215990068356637
"543.28639-12.753",1,0.637012961204172,0.190573843830686,0.172413194965142
"637.28879-7.743",3,0.243397023301694,0.157545210172355,0.599057766525951
"496.31099-11.961",3,0.27341414261081,0.335429895244199,0.391155962144991
"454.14415-11.331",1,0.657729500940432,0.177571502754877,0.164698996304691
"567.3183-12.646",3,0.138239275639055,0.103070632155232,0.758690092205713
"219.935-0.94",1,0.441636276808382,0.34142455113354,0.216939172058078
"497.30459-16.864",1,0.53242665754637,0.185832074100496,0.281741268353133
"443.31675-10.457",1,0.773104874068964,0.108093047550875,0.118802078380162
"309.86086-0.916",2,0.201868564821344,0.64730456513261,0.150826870046046
"397.33244-17.671",3,0.39164979201933,0.196129300051625,0.412220907929045
"421.23509-11.275",1,0.462671236300913,0.195857012492983,0.341471751206104
"505.18782-12.268",1,0.452740043532485,0.330964454639499,0.216295501828016
"771.41816-13.895",1,0.395393617745742,0.388277776005069,0.216328606249189
"129.89303-0.885",3,0.200331398191615,0.171116011643997,0.628552590164388
"353.06685-8.357",2,0.290109011291603,0.51684451261367,0.193046476094727
"634.89133-0.964",2,0.152731961677778,0.717509884751117,0.129758153571106
"423.32309-14.656",2,0.383256216472271,0.401509066274425,0.215234717253303
"473.32775-17.886",1,0.542537636368323,0.183714635912878,0.273747727718799
"381.24148-13.526",2,0.271052118643575,0.397923448669952,0.331024432686473
"432.03372-7.866",3,0.343275110801023,0.189524997719496,0.467199891479481
"417.27794-17.183",3,0.229735259336356,0.210227823616867,0.560036917046777
"493.34604-14.974",1,0.656193929519883,0.15125159353423,0.192554476945887
"544.26728-13.762",3,0.137098655533754,0.103948318801308,0.758953025664938
"433.33266-14.82",1,0.636919637437283,0.157694602386547,0.20538576017617
"533.34882-16.609",1,0.632744982824828,0.193301582880233,0.173953434294938
"443.31724-11.351",3,0.24119837826471,0.156578722671929,0.60222289906336
"420.16945-10.803",2,0.308966285503244,0.491518394796361,0.199515319700395
"542.82991-0.976",1,0.633693598588475,0.192693787701476,0.173612613710048
"312.88521-0.987",3,0.162186148688881,0.115942900904729,0.72187095040639
"523.10221-8.293",1,0.41869365879623,0.36398515214294,0.217321189060831
"357.87773-1.024",2,0.183757776050727,0.652415541785372,0.1638266821639
"234.84811-0.994",1,0.471222566449098,0.195101683886391,0.333675749664511
"476.78252-0.891",3,0.172949612326403,0.122015715476459,0.705034672197138
"555.31084-11.798",3,0.16114631747586,0.12883184861092,0.71002183391322
"289.94922-0.927",1,0.477744224185593,0.194430446843284,0.327825328971123
"731.98471-11.142",3,0.200524025866544,0.17134461838901,0.628131355744445
"551.29332-16.706",3,0.219280130614844,0.146396393835625,0.634323475549531
"444.25262-11.772",1,0.461019314750925,0.195986281057583,0.342994404191492
"689.35286-13.98",1,0.592858899175559,0.219713087328622,0.187428013495819
"351.93263-1.014",3,0.140280943060974,0.107842453964969,0.751876602974057
"351.93263-1.012",3,0.143848145692381,0.111561727628794,0.744590126678824
"473.29198-16.801",3,0.163203351369644,0.130902283292171,0.705894365338184
"559.32591-14.238",1,0.50637594925764,0.190559868066856,0.303064182675503
"309.90234-9.597",1,0.478617739572949,0.307673177097152,0.2137090833299
"394.18349-1.056",1,0.430856856965657,0.351861788142579,0.217281354891764
"430.24499-11.23",3,0.138603641564942,0.103194748972288,0.75820160946277
"445.02394-8.118",1,0.774063341055688,0.107969364283995,0.117967294660317
"260.87153-0.984",3,0.330377310814464,0.186775662139576,0.48284702704596
"714.38103-14.985",2,0.261172100280447,0.448914859414353,0.2899130403052
"351.1848-12.605",3,0.222899657062857,0.200198727212923,0.57690161572422
"628.31994-15.962",2,0.141743733880794,0.743268144813547,0.114988121305659
"392.80247-0.89",2,0.26490590691964,0.432871335341432,0.302222757738928
"391.80654-0.892",2,0.265542450288755,0.429882114594531,0.304575435116714
"174.87478-0.877",1,0.646761746749355,0.154443862519749,0.198794390730895
"173.86923-0.882",1,0.427525386239569,0.197387697841346,0.375086915919086
"425.33895-16.602",1,0.763844024847745,0.111165187404689,0.124990787747566
"319.92648-9.237",2,0.195136734836421,0.62759630739312,0.177266957770458
"624.86256-0.957",2,0.141061769006887,0.742564952090592,0.11637327890252
"628.87378-0.955",1,0.392720554405336,0.39115723647875,0.216122209115914
"227.96954-0.957",2,0.200973748961142,0.6145567496357,0.184469501403158
"411.33447-13.317",2,0.161233019873055,0.712499690996885,0.12626728913006
"624.79421-0.958",2,0.257776134213695,0.461930049473108,0.280293816313197
"589.30012-13.636",2,0.346573235313689,0.443994605189753,0.209432159496558
"455.15639-10.703",1,0.470339813043127,0.19518626901847,0.334473917938403
"441.28699-13.709",2,0.147276643584133,0.73495764249705,0.117765713918817
"740.40012-15.224",3,0.140693321446312,0.104090307474739,0.755216371078949
"384.25465-15.298",3,0.157150125542422,0.124834644444071,0.718015230013507
"550.18833-13.318",3,0.387721805442807,0.195807751206982,0.416470443350211
"481.24535-13.737",1,0.540009571861156,0.257772097152155,0.202218330986689
"581.37003-15.238",2,0.330125095393973,0.464285367376691,0.205589537229337
"323.22302-14.199",3,0.202388774244787,0.137914481793945,0.659696743961268
"200.92135-0.882",1,0.649912721386097,0.182432801368931,0.167654477244972
"179.90284-0.933",2,0.245969385133556,0.500721327959964,0.25330928690648
"639.33143-11.25",2,0.253536516123066,0.476780023409482,0.269683460467452
"358.85687-0.953",1,0.694651539260385,0.137545605850544,0.167802854889071
"672.85979-0.976",2,0.24850717977738,0.576061109102263,0.175431711120357
"336.00723-7.367",1,0.772515060779478,0.109831055554268,0.117653883666254
"470.74817-0.888",3,0.209617387530739,0.182474280760738,0.607908331708523
"387.10228-8.166",1,0.513372702032851,0.189397461104065,0.297229836863084
"529.22992-7.65",1,0.595280320103165,0.170428823462501,0.234290856434335
"580.19633-14.06",1,0.623812150301354,0.161888369324778,0.214299480373868
"584.81471-0.97",2,0.201316849697752,0.613782772254658,0.18490037804759
"464.23209-13.163",1,0.657069416774144,0.150951623052936,0.191978960172921
"508.31034-12.803",3,0.206097989728596,0.17808431583516,0.615817694436244
"503.29389-15.405",2,0.266526022133515,0.425070441021126,0.30840353684536
"628.28048-7.892",1,0.441897650624813,0.19707728366825,0.361025065706937
"457.28429-12.853",1,0.40753968059087,0.197054842725454,0.395405476683676
"670.21993-13.568",3,0.341379272838163,0.189147187837134,0.469473539324703
"602.27691-15.071",3,0.299788435478918,0.178583240111215,0.521628324409867
"154.01221-1.022",2,0.373012776032367,0.41299182401228,0.213995399955353
"550.85772-0.947",1,0.405619213164452,0.377440051818798,0.216940735016749
"402.88516-0.97",2,0.202800204242727,0.61042633781858,0.186773457938693
"346.8242-0.887",1,0.550409053574124,0.181963806922656,0.267627139503221
"356.17157-11.87",2,0.191088946603367,0.664381953292162,0.144529100104471
"471.34832-12.683",1,0.400945947712776,0.382358359214498,0.216695693072726
"384.21435-6.244",1,0.515692061178775,0.18899431405286,0.295313624768365
"506.79835-0.977",1,0.469948705552034,0.315312161352005,0.214739133095961
"607.37767-15.234",3,0.210365579133498,0.141984871738109,0.647649549128393
"406.85474-0.981",1,0.696305765377971,0.154277901707747,0.149416332914282
"379.28565-13.562",1,0.625819268580415,0.161256621691558,0.212924109728027
"609.40153-12.485",1,0.481169306260823,0.194045659817075,0.324785033922102
"787.2674-8.303",1,0.558497996261081,0.244007153591156,0.197494850147763
"670.85544-0.96",2,0.331341800692668,0.462757983050206,0.205900216257127
"624.86268-0.957",2,0.16360232453425,0.694967114501812,0.141430560963938
"689.43573-10.713",1,0.672168519362799,0.145685268149416,0.182146212487785
"484.24575-10.672",1,0.759426534162768,0.112818773300281,0.127754692536951
"296.92175-7.731",2,0.24764954168663,0.495627787174902,0.256722671138468
"435.29989-11.059",3,0.137675234756132,0.102921108892464,0.759403656351404
"110.94305-0.955",2,0.263095532344987,0.440930794596016,0.295973673058997
"186.93909-0.987",1,0.459328839859974,0.196112910864362,0.344558249275663
"583.20415-8.149",2,0.385607767200821,0.398914058005446,0.215478174793733
"438.25953-16.464",3,0.200749727225709,0.171612825999461,0.627637446774831
"377.93545-1.009",2,0.140636603405765,0.743823586798027,0.115539809796208
"377.93543-1.007",2,0.150447819259559,0.722253620920823,0.127298559819618
"541.27078-12.404",1,0.734128131783879,0.122578741348684,0.143293126867436
"425.30654-14.527",1,0.667011857866301,0.171864847497243,0.161123294636456
"177.09224-11.43",2,0.224654193515574,0.558560239043828,0.216785567440598
"184.02524-1.11",3,0.305202886640021,0.180203424718759,0.51459368864122
"625.36032-13.734",2,0.371450799197205,0.414768500058272,0.213780700744523
"589.33882-14.997",1,0.463929477158188,0.320711783552096,0.215358739289715
"271.82631-0.883",2,0.264488207576018,0.552789812430118,0.182721979993865
"540.16492-12.951",1,0.473757696788718,0.194850414750244,0.331391888461039
"459.34832-17.794",1,0.526512992334378,0.186999456089165,0.286487551576457
"377.77501-0.888",2,0.263093691389125,0.440938697207088,0.295967611403786
"701.38913-16.178",3,0.217871058289321,0.145709060737863,0.636419880972816
"423.26737-16.014",3,0.383708375909232,0.195440693535546,0.420850930555222
"372.27577-12.711",1,0.683224139404537,0.141724409856052,0.175051450739411
"283.7937-0.871",1,0.75713106469144,0.119130985404969,0.123737949903591
"665.26411-14.001",1,0.593721860518038,0.170870268760274,0.235407870721688
"361.16348-11.865",2,0.221037359037292,0.617465899979553,0.161496740983154
"125.88416-0.916",2,0.273399401614853,0.374321923721163,0.352278674663984
"438.81074-0.982",2,0.163345697669277,0.695500883225619,0.141153419105105
"306.20764-13.575",1,0.721982624719702,0.139299461467806,0.138717913812492
"704.09987-7.983",1,0.475014493375598,0.310828831813348,0.214156674811054
"424.90835-0.949",1,0.453627759291742,0.196497357397268,0.34987488331099
"504.7859-0.893",3,0.204976569462497,0.139247286846203,0.6557761436913
"231.93173-0.958",2,0.239778956546169,0.589031491544591,0.17118955190924
"582.87806-0.961",1,0.531679504037448,0.185982506453306,0.282337989509246
"601.24812-10.932",1,0.56471308627028,0.239494021608977,0.195792892120743
"417.26515-11.584",1,0.4507084878919,0.196668480569148,0.352623031538952
"681.19609-8.469",3,0.259024977517497,0.267499748513997,0.473475273968506
"322.82588-0.938",2,0.192352920891455,0.63373634248395,0.173910736624594
"324.82297-0.922",2,0.161081308035598,0.700205295192748,0.138713396771654
"483.25469-15.02",1,0.75681800502467,0.119311813083626,0.123870181891705
"582.23765-13.669",1,0.488396907994213,0.193162303859171,0.318440788146616
"258.86742-0.884",1,0.554111966077068,0.181110178868646,0.264777855054286
"626.79975-0.964",2,0.248325325446466,0.493547188703879,0.258127485849655
"552.79476-0.95",3,0.257414025970033,0.263237489137521,0.479348484892445
"367.13191-10.787",3,0.278178740103024,0.171403006977274,0.550418252919702
"182.91082-0.882",1,0.458557585901804,0.196168774566639,0.345273639531557
"374.23718-13.763",1,0.737864861042519,0.121132723068988,0.141002415888494
"499.35666-12.827",1,0.577152607057074,0.230622949610698,0.192224443332228
"519.24282-15.409",3,0.151017437632288,0.109614580788325,0.739367981579387
"543.3696-14.734",3,0.397264428807754,0.196524671245557,0.406210899946689
"475.19531-8.114",1,0.771984818915454,0.110195901218924,0.117819279865622
"697.37061-12.923",1,0.474435061184312,0.194781190191956,0.330783748623732
"633.19647-7.624",1,0.590288871884555,0.221477038704341,0.188234089411104
"388.28588-16.849",3,0.348633532089578,0.190543854660597,0.460822613249824
"434.30475-14.16",2,0.375800879701261,0.409837457200078,0.214361663098661
"503.08696-7.358",2,0.3831430689906,0.40163431258048,0.21522261842892
"534.25391-12.475",1,0.462242929906004,0.195891051809154,0.341866018284841
"171.07766-1.438",3,0.321467323131397,0.184631376011102,0.493901300857502
"507.20348-11.584",1,0.443350319735084,0.197021138408223,0.359628541856692
"371.29172-11.763",1,0.459066254383146,0.196132065146941,0.344801680469913
"592.83941-0.952",3,0.264585415385387,0.284540210535335,0.450874374079278
"425.30247-14.839",1,0.744046880908402,0.118737232771581,0.137215886320017
"347.94575-0.995",2,0.1508476092993,0.72142219261013,0.12773019809057
"345.9453-1.021",2,0.20147226163472,0.6134318997467,0.18509583861858
"131.8901-0.886",1,0.716990708645859,0.129160725702155,0.153848565651986
"559.23755-15.162",2,0.273752740645937,0.367870732988693,0.35837652636537
"637.34916-16.344",1,0.51730614877514,0.188708599883996,0.293985251340864
"380.31709-14.863",1,0.734756122061161,0.131956704093601,0.133287173845237
"417.26508-12.47",1,0.460995162376671,0.195988130620204,0.343016707003124
"595.3775-14.296",3,0.144393303995937,0.105970311229625,0.749636384774439
"504.3581-15.24",3,0.137702099191258,0.102926517155967,0.759371383652775
"453.33571-14.87",1,0.681097737853362,0.142492721139066,0.176409541007572
"507.20607-11.825",2,0.272335489360373,0.387011466909904,0.340653043729724
"208.02864-1.438",2,0.178998857609346,0.662600025789208,0.158401116601446
"555.24269-13.899",1,0.714960723859411,0.129932988880686,0.155106287259903
"479.21863-11.062",3,0.185970792499027,0.154760982900718,0.659268224600255
"553.22707-14.112",2,0.180882700617232,0.658580562385363,0.160536736997405
"398.29131-16.809",1,0.42399256028045,0.197394586208163,0.378612853511387
"337.2154-15.384",3,0.383320414593329,0.195403139012742,0.421276446393929
"618.84458-0.954",2,0.360872243671728,0.426981801270474,0.212145955057798
"620.84637-0.973",2,0.30682716557283,0.494341799071008,0.198831035356161
"402.83921-0.935",2,0.233680363429938,0.53529618115631,0.231023455413752
"723.81447-7.542",2,0.254017342204585,0.475158397706527,0.270824260088888
"610.81715-0.975",1,0.463827403840715,0.320804038019538,0.215368558139747
"515.2918-12.846",2,0.185084570282207,0.649557319408492,0.165358110309301
"668.36584-10.597",1,0.686851031315441,0.159889141838889,0.15325982684567
"297.87815-0.917",1,0.584321182817919,0.173474240766886,0.242204576415194
"432.17484-1.058",2,0.383987059800555,0.400700925474214,0.215312014725231
"379.22413-9.896",2,0.218352114386791,0.574061291458173,0.207586594155036
"172.01027-1.016",2,0.201861276406716,0.647316043581839,0.150822680011445
"565.16179-13.01",2,0.264831903884141,0.433213108952357,0.301954987163502
"427.20099-16.802",2,0.270438888894162,0.402355980869102,0.327205130236736
"664.33945-12.564",2,0.187251731321667,0.644869825165121,0.167878443513212
"399.28679-15.094",1,0.687044087252392,0.159773980830821,0.153181931916787
"198.88841-0.886",1,0.492246642621481,0.192652974460522,0.315100382917997
"518.76637-0.891",2,0.272671712924368,0.383561043595329,0.343767243480303
"520.76336-0.893",2,0.273083029591266,0.37874349485424,0.348173475554494
"415.1768-15.247",3,0.136873402550151,0.103454604806836,0.759671992643013
"453.96864-8.467",2,0.257525503190711,0.4628461605121,0.279628336297189
"417.28606-15.159",1,0.533211618640424,0.185673122239442,0.281115259120134
"579.28507-14.431",1,0.579198897044622,0.174849460882336,0.245951642073041
"176.90071-0.973",2,0.148442257031866,0.733115178770254,0.11844256419788
"525.33582-17.841",3,0.388211626870941,0.195849878519402,0.415938494609657
"277.10823-9.9",1,0.567412831993653,0.177891661717472,0.254695506288875
"574.7859-0.973",2,0.297577017102806,0.50669745848793,0.195725524409263
"364.15651-11.017",1,0.495694767954742,0.192174300318615,0.312130931726644
"628.97782-7.779",2,0.151211699962911,0.720665498060237,0.128122801976852
"423.07339-7.871",3,0.211377064911152,0.142492861389994,0.646130073698854
"651.36539-16.868",1,0.554413803646066,0.181039766078676,0.264546430275258
"508.25807-15.355",1,0.469903446933297,0.315352465545464,0.214744087521239
"181.0872-8.242",2,0.258215840899823,0.460309510313753,0.281474648786424
"496.7696-0.989",2,0.158147561690033,0.706289022343848,0.135563415966119
"554.8016-0.902",3,0.273994047129087,0.348431827493266,0.377574125377647
"388.87638-0.927",1,0.563584485254164,0.178841952949051,0.257573561796785
"609.40168-12.276",2,0.270282339371654,0.403431608087725,0.326286052540621
"248.02103-1.022",1,0.42108008949814,0.361577012219406,0.217342898282454
"393.90931-1.004",1,0.741480284099557,0.128107523223042,0.130412192677401
"100.91423-0.947",3,0.272548671128505,0.325575430609834,0.401875898261661
"629.33365-14.597",1,0.450273255146519,0.333263249847586,0.216463495005895
"411.11204-11.867",2,0.267364954328905,0.420749658811041,0.311885386860055
"471.32308-14.298",1,0.770494149331308,0.108830049355476,0.120675801313215
"310.79779-0.884",1,0.62861853850383,0.160369144275899,0.21101231722027
"413.24675-12.253",2,0.147263306575011,0.728907285768161,0.123829407656828
"585.28435-8.015",1,0.693960862804908,0.155664224831344,0.150374912363748
"175.96876-0.93",3,0.263376168624107,0.165842078384197,0.570781752991695
"630.81058-0.958",2,0.14805075399049,0.727255308106096,0.124693937903414
"311.88189-6.9",1,0.568668950982657,0.177575746285481,0.253755302731862
"461.36421-14.099",1,0.746281361264662,0.125360869571701,0.128357769163637
"386.86175-0.967",3,0.273522497244241,0.33708024661104,0.389397256144719
"346.17751-8.204",1,0.539417191498594,0.18438416213503,0.276198646366376
"284.92665-1.175",3,0.26538599897824,0.166626996704508,0.567987004317252
"388.29889-17.568",3,0.287009819368983,0.174473934322054,0.538516246308963
"223.96581-7.061",1,0.454665035240971,0.32918033173961,0.21615463301942
"308.80062-0.881",1,0.704492296386759,0.133884312155937,0.161623391457304
"623.41709-17.039",2,0.141731846146474,0.74091742378815,0.117350730065376
"583.23742-13.706",1,0.480639150741136,0.305914813119039,0.213446036139826
"443.1032-8.341",2,0.1812101450096,0.657880328288957,0.160909526701443
"466.75364-0.887",3,0.272874140176053,0.328805467203825,0.398320392620123
"420.83165-0.929",2,0.298258262294409,0.505779429602213,0.195962308103378
"487.27095-11.049",2,0.235264506505894,0.531055147169496,0.23368034632461
"229.06193-8.578",2,0.171066298545958,0.679371334445746,0.149562367008296
"313.23862-17.392",2,0.172158580210968,0.694792402806449,0.133049016982582
"261.84781-0.888",2,0.271775082788802,0.392124242013154,0.336100675198044
"458.72216-0.886",3,0.269537263267162,0.305336024606867,0.425126712125971
"349.02421-0.994",2,0.19976247513695,0.6172822481207,0.18295527674235
"611.37252-12.161",1,0.513416793707639,0.278540246782792,0.208042959509569
"184.09815-7.401",3,0.309994753387913,0.181576655299117,0.50842859131297
"349.92695-7.967",1,0.47567249397844,0.310250517137513,0.214076988884047
"290.00598-1.021",2,0.231075684547263,0.602139661231943,0.166784654220795
"373.23867-13.687",1,0.670054160634319,0.146432984454796,0.183512854910885
"165.94002-0.907",3,0.382906793410207,0.195362697201166,0.421730509388627
"627.40402-17.54",2,0.322621911620731,0.473797527478779,0.20358056090049
"585.21684-12.133",1,0.658998029305926,0.176787481062307,0.164214489631767
"492.83105-0.921",2,0.141115709308729,0.744036970803908,0.114847319887363
"446.32798-17.138",3,0.309375701715045,0.181402465114889,0.509221833170067
"562.2695-12.664",1,0.457540600733387,0.196240601228591,0.346218798038021
"453.21655-16.992",3,0.220053495093889,0.14677201282742,0.633174492078691
"261.08058-6.541",3,0.364093901964965,0.193079210199731,0.442826887835304
"425.18219-11.004",1,0.444661476378626,0.1969666231473,0.358371900474073
"424.19172-8.395",1,0.4149293710807,0.197283951897786,0.387786677021514
"336.8666-0.919",3,0.240692672142518,0.228154183634665,0.531153144222817
"780.8258-0.975",2,0.273770672092431,0.367462746406078,0.358766581501491
"782.83182-0.972",2,0.273212915744679,0.377026605414968,0.349760478840353
"781.82872-0.972",2,0.273263494545044,0.376324111061643,0.350412394393313
"307.91226-1.008",2,0.150114613255571,0.722947060235114,0.126938326509315
"307.06738-1.442",1,0.73224397894407,0.133396886648931,0.134359134406999
"502.78871-0.892",3,0.150505773360384,0.118230280776028,0.731263945863588
"631.37518-13.82",1,0.56306579979024,0.178969237717553,0.257964962492207
"460.71932-0.877",3,0.145768959185077,0.113503857451256,0.740727183363667
"459.72332-0.879",3,0.181992374691848,0.15043694439625,0.667570680911902
"228.80646-0.873",3,0.208091641830408,0.180557471083394,0.611350887086198
"472.84145-0.937",2,0.267267759390312,0.421261729745931,0.311470510863756
"358.1516-7.459",2,0.14080535532488,0.743270730499965,0.115923914175155
"315.1967-15.126",1,0.625059684194616,0.198258445368471,0.176681870436914
"476.27919-11.768",1,0.572403944103438,0.233984502948131,0.193611552948431
"615.31783-13.048",1,0.511268369434371,0.189755607915853,0.298976022649776
"280.16871-10.993",1,0.756941905248221,0.113763712723651,0.129294382028128
"164.93505-0.91",3,0.356865211532347,0.191968324195185,0.451166464272468
"389.29418-16.716",1,0.6088284890479,0.166479058031284,0.224692452920816
"86.02472-1.043",2,0.148898446007048,0.725482600432576,0.125618953560376
"436.87394-0.96",1,0.77144310956669,0.108535481034604,0.120021409398706
"613.23213-14.554",1,0.443528801249498,0.339621126921914,0.216850071828588
"365.95634-0.99",2,0.202864938522762,0.610279476593253,0.186855584883985
"392.85641-0.963",2,0.163583104216002,0.695007096307166,0.141409799476832
"528.86314-0.926",1,0.656954059806688,0.178051430277826,0.164994509915486
"295.89798-0.904",2,0.269748767906097,0.406954965851516,0.323296266242387
"341.04483-6.906",2,0.378294518002511,0.407034616663236,0.214670865334253
"370.82294-0.984",2,0.266452239670569,0.425440319669911,0.30810744065952
"439.97795-1.003",2,0.157698784431017,0.707218892527854,0.135082323041129
"652.80208-0.969",2,0.152603334312361,0.726459738221287,0.120936927466352
"266.93198-0.924",1,0.480714263747087,0.194098046070599,0.325187690182314
"216.01839-0.984",2,0.191373389605891,0.663928847433553,0.144697762960555
"218.01574-0.986",2,0.226527933481552,0.553843640429215,0.219628426089234
"514.21987-9.928",1,0.645415459925306,0.185253824253491,0.169330715821203
"527.07676-1.019",2,0.17322150178095,0.674837388965633,0.151941109253417
"331.15516-9.987",3,0.198538166295836,0.135910068518394,0.66555176518577
"488.81924-0.936",1,0.611707678493121,0.165614546076721,0.222677775430158
"730.81808-0.967",2,0.157876002678046,0.717941636596214,0.12418236072574
"730.8183-0.97",2,0.145020551860665,0.738472407466687,0.116507040672647
"369.22039-13.701",1,0.697941063476082,0.153313112096178,0.14874582442774
"369.22038-13.681",3,0.351790769989226,0.191110331175131,0.457098898835643
"561.36503-17.015",1,0.600999648217152,0.21417820043189,0.184822151350958
"245.08548-8.433",1,0.541061014404624,0.25697511214234,0.201963873453036
"489.35926-11.716",2,0.26202137236742,0.44545374078667,0.29252488684591
"505.3543-9.791",1,0.533529399849983,0.185608509013049,0.280862091136969
"284.87373-0.884",3,0.248756008323985,0.243464017195979,0.507779974480036
"561.30749-13.926",2,0.260648307693762,0.558323606942852,0.181028085363386
"324.86888-0.962",2,0.192950487364226,0.632422347876285,0.174627164759489
"313.14305-14.786",1,0.701534995683836,0.13499030957762,0.163474694738543
"217.94073-0.944",2,0.248438196710513,0.493197808253904,0.258363995035582
"630.8075-0.956",2,0.182457798963912,0.655207808674778,0.16233439236131
"413.16112-14.209",3,0.234001781199719,0.153343719018084,0.612654499782197
"320.88901-0.923",1,0.703358211263752,0.134309009035692,0.162332779700556
"561.33385-15.341",3,0.273702914297162,0.340270515264947,0.386026570437891
"345.18392-13.373",2,0.332720605734539,0.461032206709277,0.206247187556184
"279.16032-10.905",3,0.167683495367864,0.135449681647819,0.696866822984317
"715.36833-14.264",3,0.341258893594486,0.189122892119278,0.469618214286235
"411.35957-14.848",2,0.148728887380662,0.725836780624898,0.12543433199444
"366.79597-0.884",3,0.272364847143506,0.323911828199777,0.403723324656717
"633.45108-16.517",2,0.271780759778325,0.392075587721662,0.336143652500013
"395.05361-0.955",2,0.160286024065466,0.701855535407885,0.137858440526649
"675.11389-1.014",2,0.282729535814514,0.52701983059962,0.190250633585867
"540.75133-0.975",2,0.253791439184547,0.475922058041979,0.270286502773475
"268.79135-0.88",1,0.529340614816071,0.186447943268321,0.284211441915608
"266.79438-0.881",1,0.61303611499434,0.16521278791007,0.22175109709559
"643.34924-14.003",1,0.725251823758669,0.13741493974952,0.137333236491812
"293.00987-9.205",1,0.709544607415366,0.131984099258283,0.158471293326351
"455.28077-17.457",3,0.240642111206767,0.228064841995064,0.531293046798169
"448.29913-14.939",3,0.39311147098446,0.196239484572441,0.410649044443099
"443.27252-17.888",2,0.237410604488921,0.592581514353312,0.170007881157767
"443.27241-17.891",2,0.160137636142059,0.702163346375757,0.137699017482184
"371.31681-17.913",3,0.137544088538905,0.104629930374032,0.757825981087064
"723.38182-13.668",1,0.513966075122431,0.278098868831036,0.207935056046533
"280.7938-0.863",1,0.550485522602014,0.181946370306776,0.26756810709121
"404.05853-0.987",2,0.177870348279536,0.685569526271891,0.136560125448573
"328.85876-0.947",3,0.149433474473177,0.117164381099633,0.73340214442719
"249.04991-0.92",1,0.500121948392167,0.289392967860026,0.210485083747808
"382.77358-0.881",3,0.273772468386985,0.341722117162209,0.384505414450806
"463.04143-0.955",3,0.253395920996874,0.253500466627376,0.49310361237575
"504.86174-0.959",3,0.34179861621055,0.189231536982131,0.468969846807319
"328.83837-0.984",1,0.763870661798343,0.115201602679756,0.120927735521901
"401.29427-12.567",1,0.763803871299429,0.111180001282302,0.12501612741827
"468.82981-0.942",2,0.219701727032581,0.570785315624086,0.209512957343332
"470.82696-0.938",2,0.239063295468345,0.520652409104638,0.240284295427017
"372.31205-14.037",1,0.504992014552907,0.190780079903469,0.304227905543624
"573.33358-12.864",1,0.687073425281555,0.140326022369518,0.172600552348928
"404.85404-0.929",2,0.273521214108132,0.372349903449436,0.354128882442431
"538.81458-0.94",2,0.218369778983679,0.574018556962383,0.207611664053938
"451.35449-17.176",1,0.481813995475142,0.193970780435649,0.324215224089208
"455.29382-17.429",2,0.268163875630461,0.416411447190627,0.315424677178912
"719.84251-6.92",2,0.258661550050606,0.458648889957865,0.282689559991529
"625.36058-13.262",1,0.489134420235638,0.193066797078744,0.317798782685618
"679.2627-7.314",1,0.520125799451442,0.188199429270421,0.291674771278136
"616.29256-15.355",3,0.273135640242808,0.331756259209871,0.395108100547321
"360.99574-0.993",2,0.248809798552629,0.492043676620811,0.25914652482656
"359.99012-0.987",2,0.196142714119145,0.625365480997148,0.178491804883707
"256.83546-0.916",2,0.218445267581505,0.621458117325216,0.160096615093279
"312.795-0.888",1,0.681247295159102,0.142438781857839,0.176313922983059
"602.21779-10.753",2,0.366729116258291,0.420180854679227,0.213090029062483
"612.38086-17.264",3,0.397334008917946,0.196529099384135,0.406136891697919
"494.83278-0.954",1,0.696880829755784,0.136721041833834,0.166398128410383
"667.45865-11.916",1,0.762736790719934,0.115869274494189,0.121393934785878
"285.90353-1.015",2,0.212664821399506,0.587635563982225,0.199699614618269
"484.80732-0.945",2,0.270286467692709,0.403403504269946,0.326310028037345
"257.95011-7.731",2,0.15302011746114,0.716912316661675,0.130067565877185
"465.17711-13.265",2,0.233272717455018,0.536379013762844,0.230348268782138
"247.0057-7.611",3,0.259442405418077,0.268644378375591,0.471913216206332
"216.89884-0.876",2,0.266080260396451,0.427282264932387,0.306637474671163
"450.84711-0.915",3,0.251386394672255,0.249017685500101,0.499595919827645
"155.9113-0.888",1,0.428822344567873,0.197378212755978,0.373799442676149
"154.90632-0.887",1,0.489846490602275,0.192973652152161,0.317179857245564
"666.45118-11.911",1,0.502976719438259,0.287034677728018,0.209988602833723
"327.0765-7.328",3,0.210846021549641,0.184033677713348,0.60512030073701
"287.06753-7.037",2,0.209048583826247,0.596091891313015,0.194859524860738
"337.91719-0.999",2,0.240908358358316,0.515467984509581,0.243623657132103
"557.2667-12.807",1,0.733924130342345,0.12265761024547,0.143418259412185
"126.87377-0.829",2,0.141002226270934,0.744156026672237,0.114841747056829
"579.39092-17.212",1,0.708266875408806,0.132465901590701,0.159267223000494
"559.16717-7.043",1,0.602746305385402,0.213000828875428,0.18425286573917
"455.95213-1.004",1,0.541453415555949,0.256678125339325,0.201868459104726
"365.26989-13.485",2,0.338907280659117,0.453355423749784,0.2077372955911
"204.01977-7.138",3,0.185491048519906,0.128941069606444,0.68556788187365
"391.97786-12.309",2,0.154173027179523,0.714522630291775,0.131304342528701
"148.89977-0.948",3,0.261756353749143,0.275339626586171,0.462904019664686
"383.09207-7.63",1,0.543336194103638,0.255256538960101,0.20140726693626
"347.25926-16.101",3,0.145840606256123,0.113575871716188,0.740583522027689
"256.95228-7.724",2,0.150736891610414,0.729456412042677,0.119806696346909
"322.90432-0.967",2,0.140942426335651,0.744214203936323,0.114843369728026
"641.41735-15.092",2,0.378737898268364,0.406538071397032,0.214724030334604
"419.04519-1.028",3,0.162441467179828,0.13013427395309,0.707424258867083
"482.80223-0.913",2,0.243516638413504,0.507971679305581,0.248511682280915
"544.84116-0.931",1,0.642504912700569,0.187089243922815,0.170405843376616
"416.81974-0.94",2,0.207261759479951,0.60022513537657,0.192513105143479
"269.89171-0.897",1,0.755859481351967,0.114177577673844,0.129962940974189
"359.80036-0.891",1,0.75222740474174,0.115573204413643,0.132199390844617
"571.33948-14.433",2,0.386441590687185,0.397997564831886,0.21556084448093
"343.24902-16.646",3,0.165646874076806,0.133375513891727,0.700977612031467
"592.19621-13.51",1,0.742568702287935,0.11931011095777,0.138121186754295
"353.00152-0.905",1,0.566431246882835,0.23825605533451,0.195312697782656
"511.25964-14.786",3,0.273000963923606,0.330188843391169,0.396810192685226
"402.31464-15.242",3,0.21694760314469,0.192005595875698,0.591046800979612
"206.84318-0.92",3,0.339076249900027,0.188676036255757,0.472247713844215
"554.24323-11.519",1,0.414746561662282,0.197279800312139,0.387973638025579
"327.29064-17.645",1,0.392427900035325,0.391473665409134,0.216098434555541
"312.85739-0.926",1,0.636475975416214,0.157839132712596,0.20568489187119
"714.33188-13.444",1,0.726914015923457,0.125361403585278,0.147724580491265
"574.24547-13.677",3,0.346602316997426,0.190166149980092,0.463231533022482
"698.79854-0.96",3,0.152648060497053,0.120357709082958,0.726994230419989
"540.82893-0.942",1,0.555284228043478,0.180836017353045,0.263879754603477
"618.76811-0.968",2,0.248295657675642,0.49363893182759,0.258065410496769
"616.77099-0.963",2,0.245726195687107,0.501449670538174,0.252824133774719
"284.00597-0.99",2,0.245823320653616,0.501159046002493,0.253017633343892
"517.04808-1.021",2,0.181408377410662,0.657456178937499,0.161135443651839
"325.97839-9.207",2,0.386983182477697,0.39740330023763,0.215613517284673
"409.28441-11.029",3,0.371190668682598,0.194043208110273,0.43476612320713
"400.30705-15.261",3,0.200693139515713,0.171545545599307,0.627761314884979
"352.84398-0.919",2,0.268296455947116,0.547338560407922,0.184364983644962
"489.24194-13.588",1,0.718597276458311,0.128548267766426,0.152854455775263
"538.89217-0.935",1,0.649332883679357,0.182795511425118,0.167871604895525
"337.98741-1.008",2,0.156517870349827,0.709665239473912,0.133816890176261
"338.99546-1",2,0.247473016360823,0.496168167441316,0.256358816197861
"337.99586-1.001",2,0.256760793815684,0.465608797980101,0.277630408204215
"456.864-0.932",1,0.680724324137499,0.163557089377512,0.155718586484989
"492.89617-0.952",1,0.768008535828623,0.109665358482648,0.122326105688728
"490.81618-0.978",1,0.695695144075816,0.1371599651961,0.167144890728084
"529.17688-6.423",1,0.517027612537744,0.188758204920689,0.294214182541567
"423.15611-9.459",1,0.417411247855678,0.365285255520748,0.217303496623574
"544.77291-0.896",3,0.270570581883733,0.311102792558303,0.418326625557964
"454.77025-0.886",3,0.246750843931814,0.239437096346249,0.513812059721936
"334.89775-0.97",1,0.521770976061199,0.271885344374608,0.206343679564194
"645.41459-17.02",1,0.724239297652269,0.137998167881758,0.137762534465973
"772.8026-0.967",2,0.270202123069512,0.403974965132109,0.325822911798379
"776.81434-0.965",2,0.272458660207173,0.385787686657739,0.341753653135088
"162.85034-0.9",1,0.464653860723144,0.195694695813038,0.339651443463817
"429.94915-1.005",3,0.178204763501065,0.146389665225006,0.675405571273929
"429.94909-1.006",3,0.17586114003539,0.123640516292497,0.700498343672112
"212.87446-0.871",2,0.265915078941042,0.550743009490196,0.183341911568763
"390.87358-0.959",2,0.222711764728306,0.563395070876198,0.213893164395496
"317.0375-0.926",2,0.14179160308593,0.740776930111031,0.117431466803039
"416.3022-14.18",1,0.749280154647915,0.11671101867249,0.134008826679595
"533.30434-16.56",2,0.216467511177207,0.624513457841398,0.159019030981395
"608.81634-0.949",2,0.181212792368379,0.657874665009558,0.160912542622063
"417.00375-1.029",2,0.141653123928721,0.741103632329841,0.117243243741439
"339.25409-11.098",3,0.162101184539153,0.115894676224389,0.722004139236458
"560.88347-0.952",2,0.380615859998408,0.404440980957538,0.214943159044054
"494.75722-0.89",3,0.263441373277704,0.280660306811956,0.45589831991034
"310.86022-0.909",3,0.187811949847204,0.156789436559596,0.6553986135932
"436.99494-7.652",3,0.264660838470103,0.166344862911115,0.568994298618782
"257.91914-0.965",2,0.254646435869787,0.473014610941737,0.272338953188477
"507.96567-1.001",2,0.148636492472933,0.732806919283131,0.118556588243936
"375.77802-0.883",3,0.254862446222219,0.256923622340246,0.488213931437534
"642.77318-0.969",2,0.204454227668118,0.606663517588518,0.188882254743365
"450.77627-0.884",3,0.237369106950493,0.222426768815809,0.540204124233698
"461.25498-13.929",2,0.174397372419905,0.672356930744241,0.153245696835854
"492.76011-0.887",3,0.268091300711065,0.298350395325782,0.433558303963154
"600.36921-17.536",3,0.140456948059467,0.108032171918149,0.751510880022384
"694.78708-0.964",2,0.265759646188296,0.428840773619039,0.305399580192665
"265.82755-0.869",1,0.490639875474099,0.192868794292561,0.31649133023334
"263.83044-0.872",1,0.425226602480241,0.197395340345257,0.377378057174503
"344.82018-0.942",2,0.194173210444425,0.62972691422203,0.176099875333545
"291.88394-0.926",2,0.152943600382413,0.71707098157013,0.129985418047457
"270.00834-0.998",2,0.264412558051704,0.435128582580883,0.300458859367413
"164.84737-0.902",2,0.164180046499827,0.707719439015701,0.128100514484471
"226.829-0.86",2,0.269347441709291,0.40947783511487,0.321174723175839
"640.83645-0.959",2,0.347796276364319,0.442516674348259,0.209687049287422
"515.35146-15.314",3,0.274021659659908,0.358936423918803,0.367041916421289
"445.92318-1.005",2,0.244691839319697,0.581708763095252,0.173599397585051
"111.92695-0.887",3,0.26712260152868,0.29417253170013,0.43870486677119
"702.81053-0.967",2,0.186915766219035,0.645598086125102,0.167486147655863
"172.88199-0.875",3,0.248942596227968,0.159936660903017,0.591120742869015
"380.87272-0.99",2,0.187651118903319,0.669868233416522,0.142480647680159
"426.84521-0.955",1,0.753021594196257,0.115267292830844,0.131711112972899
"337.07539-1.005",2,0.369694232165173,0.416774689659787,0.21353107817504
"323.9717-0.993",2,0.221041468513037,0.567510689954762,0.2114478415322
"452.77337-0.888",3,0.334557419637012,0.18771268267431,0.477729897688678
"247.81696-0.873",1,0.693240557934994,0.138065967764604,0.168693474300403
"480.78767-0.964",1,0.732699251904426,0.133135769153103,0.134164978942471
"283.85465-0.918",1,0.446333708971232,0.336963959879829,0.216702331148939
"393.8941-0.968",2,0.222232826316401,0.564579030961017,0.213188142722582
"394.75697-0.881",3,0.274029255125821,0.350459686849119,0.37551105802506
"432.97781-1.024",2,0.299260049731579,0.504431768047242,0.19630818222118
"443.97284-0.983",2,0.197520960500188,0.654168314530434,0.148310724969378
"396.75392-0.883",3,0.27401212319122,0.349368846859402,0.376619029949378
"210.85146-0.881",2,0.370959361613316,0.415328902223336,0.213711736163348
"274.84507-0.877",3,0.211013092530924,0.184246847933161,0.604740059535914
"307.98524-0.979",2,0.220860866828767,0.567953469289672,0.21118566388156
"438.2325-13.529",1,0.632840890571162,0.193240093302926,0.173919016125912
"405.13586-13.52",1,0.751505789586983,0.122368071532115,0.126126138880903
"458.79328-0.905",2,0.235095129454163,0.596064645053262,0.168840225492575
"400.84205-0.935",2,0.184280587192265,0.651290309140625,0.16442910366711
"737.16168-7.062",1,0.583625999331351,0.17366271806941,0.242711282599239
"199.07012-1.018",2,0.242955890943492,0.584289785788773,0.172754323267735
"355.92736-0.999",2,0.242023948534272,0.512286898682828,0.2456891527829
"367.90657-1.012",2,0.179178940089842,0.662216450273204,0.158604609636955
"299.83206-0.903",2,0.271691069492294,0.392837840307983,0.335471090199723
"646.21977-14.092",2,0.304047743890563,0.498029398213423,0.197922857896014
"361.26301-16.019",2,0.354919631622158,0.433993490063253,0.21108687831459
"456.79597-0.907",2,0.207698960250158,0.638153563533568,0.154147476216273
"442.81562-0.932",1,0.750831634108006,0.122754742445051,0.126413623446943
"440.81829-0.906",3,0.143259195194657,0.105373362265418,0.751367442539925
"320.82661-0.888",1,0.501250026811273,0.191359180542522,0.307390792646205
"315.89303-1.016",2,0.260197700606445,0.558975420057337,0.180826879336218
"319.88963-0.926",3,0.266162452626782,0.290332777454568,0.44350476991865
"433.24926-14.754",1,0.404437802273934,0.196920928690793,0.398641269035273
"747.47323-11.592",1,0.742606025615435,0.119295645420833,0.138098328963732
"591.25662-7.866",3,0.145913985725189,0.106787992690804,0.747298021584007
"562.82034-0.955",3,0.305622612501143,0.180325988613366,0.514051398885491
"510.73468-0.887",3,0.273574576065277,0.337935036962171,0.388490386972553
"678.80462-0.971",1,0.544013471341806,0.254746526314123,0.201240002344071
"676.80338-0.958",1,0.528805235190407,0.266376243292634,0.204818521516959
"380.23624-14.614",2,0.266632530957755,0.424533760346586,0.308833708695659
"451.34326-17.933",1,0.580426667683591,0.228322680372874,0.191250651943535
"461.88139-0.976",1,0.498036992892447,0.191837186254742,0.310125820852811
"438.25099-13.329",3,0.203506216977935,0.138491429124685,0.65800235389738
"268.8963-0.898",3,0.162706142597992,0.116237987077157,0.72105587032485
"786.84314-0.972",2,0.155161469218749,0.712474829266352,0.132363701514899
"367.12944-11.645",1,0.621509541097964,0.200568374046069,0.177922084855967
"515.81592-0.896",3,0.166428708702662,0.11834663116225,0.715224660135087
"484.80387-0.948",2,0.214868133203896,0.582418913207714,0.20271295358839
"314.79403-0.912",2,0.236376371148926,0.528045692525798,0.235577936325277
"536.8174-0.944",2,0.266394183101539,0.550056911326548,0.183548905571914
"439.28578-12.52",1,0.768046373398196,0.112699186669272,0.119254439932531
"209.08539-7.482",1,0.520988014065184,0.188041196714664,0.290970789220152
"256.76562-0.87",3,0.273105163704236,0.331391649164819,0.395503187130945
"258.76263-0.865",3,0.257578364820357,0.263661685833996,0.478759949345647
"257.76302-0.873",2,0.270236454044797,0.403743048447855,0.326020497507348
"444.89834-0.919",1,0.409150655845221,0.197115548555026,0.393733795599753
"497.93673-1.004",2,0.238944822588797,0.52098219377019,0.240072983641014
"497.93683-1.005",2,0.228279833961007,0.549383786421262,0.222336379617732
"600.78864-0.972",1,0.56529045615744,0.239077553225145,0.195631990617415
"696.86102-0.956",3,0.142091037049092,0.109756214979921,0.748152747970987
"464.81358-0.98",1,0.77135188787303,0.108562905725993,0.120085206400977
"242.86226-0.902",2,0.25374123926489,0.568370195258239,0.177888565476871
"308.82317-0.911",3,0.269236632872563,0.168104794378105,0.562658572749332
"173.96272-1.388",1,0.535984656325163,0.260839327731319,0.203176015943518
"325.90656-0.968",2,0.257499269250706,0.462941739859559,0.279558990889735
"378.84756-0.914",3,0.255360672021478,0.162620206549075,0.582019121429447
"318.85197-0.933",1,0.658058069344087,0.177368300481536,0.164573630174378
"302.82862-0.897",1,0.624007929988403,0.161826917006626,0.214165153004972
"702.87839-0.967",2,0.151948354464256,0.71913571914094,0.128915926394805
"391.95926-0.988",2,0.146111172297987,0.736783867737029,0.117104959964984
"391.96764-0.99",2,0.154551572232461,0.723319044883888,0.122129382883651
"513.91069-1.006",2,0.246968867271599,0.578334032544268,0.174697100184133
"532.80105-0.978",1,0.509484721806391,0.281715892074238,0.208799386119371
"485.18583-10.755",1,0.487666159707382,0.193255962355908,0.31907787793671
"338.79248-0.881",1,0.445591104975708,0.196925772265792,0.3574831227585
"290.82259-0.879",3,0.273980468004448,0.361106846737324,0.364912685258228
"604.15177-13.739",3,0.266302380944119,0.166981795389626,0.566715823666255
"290.86953-0.959",1,0.753641614704628,0.11502872589251,0.131329659402862
"273.7649-0.867",1,0.570267309286447,0.17717084869018,0.252561842023373
"185.11844-7.778",1,0.724599690003807,0.137790533208898,0.137609776787295
"692.84998-0.96",2,0.201948780424091,0.612354932136418,0.18569628743949
"304.87144-0.955",3,0.342647589204936,0.189400946401633,0.467951464393431
"460.79801-0.931",2,0.255636165667782,0.469588197141524,0.274775637190694
"202.91844-0.967",2,0.264953094588551,0.432652800889365,0.302394104522085
"143.07145-6.682",1,0.761298597153389,0.112112906921689,0.126588495924923
"529.31783-17.059",2,0.182956071107032,0.677389180797988,0.139654748094979
"709.28993-15.274",2,0.178877376597263,0.662858703207459,0.158263920195278
"690.84458-0.964",2,0.204909578648176,0.605623758112036,0.189466663239788
"247.89036-0.942",2,0.151492556074895,0.720082077063042,0.128425366862063
"229.98143-1.008",2,0.223235817637218,0.562095950075046,0.214668232287736
"455.1461-7.157",3,0.26786871977761,0.297359796145817,0.434771484076573
"250.83573-0.876",3,0.391167713044892,0.19609183572162,0.412740451233488
"571.25842-17.082",1,0.442976394823274,0.340146641497973,0.216876963678753
"95.93197-0.89",1,0.682590963524006,0.141953503616467,0.175455532859527
"620.78188-0.956",2,0.252391430481922,0.480586243379189,0.267022326138889
"297.9471-7.61",3,0.273152662533482,0.33196263754808,0.394884699918438
"462.71625-0.884",3,0.184700075248084,0.128510353939806,0.68678957081211
"796.32917-7.865",1,0.757279189634256,0.113634996878373,0.129085813487371
"720.78933-0.966",2,0.220645562753443,0.568480773451066,0.210873663795491
"351.76861-0.886",1,0.774306029867826,0.10831882201255,0.117375148119624
"349.77149-0.883",1,0.618396709677598,0.202604534804751,0.178998755517651
"269.78937-0.881",1,0.641260322914304,0.156271324664918,0.202468352420778
"271.76779-0.866",1,0.563869785869109,0.178771790561772,0.25735842356912
"433.94405-0.985",2,0.166684674664629,0.688544507843569,0.144770817491801
"520.83649-0.963",2,0.303436099653375,0.498843782876715,0.19772011746991
"368.02197-1.015",2,0.193721302905731,0.6601936805593,0.146085016534968
"300.83139-0.892",1,0.705951660367716,0.133336794246278,0.160711545386006
"459.2755-15.31",2,0.230098066954886,0.603622665373384,0.16627926767173
"570.2353-11.519",1,0.662017546194237,0.149244889147413,0.18873756465835
"301.95582-1.026",2,0.225783694541983,0.555723465919652,0.218492839538365
"420.99966-9.316",2,0.141865006332038,0.743107277433583,0.115027716234379
"588.82404-0.964",1,0.723458065200348,0.126688808793727,0.149853126005925
"267.0835-1.032",1,0.750177586229454,0.123129707383049,0.126692706387497
"254.77022-0.867",3,0.249900546186891,0.245840160608399,0.504259293204709
"266.91032-0.97",1,0.398110470752334,0.385370942144067,0.2165185871036
"419.92027-1.01_1",2,0.163126164577714,0.695957393419149,0.140916442003137
"419.92027-1.01_2",2,0.204314702611091,0.606981774605712,0.188703522783197
"432.78678-0.903",3,0.256439761228164,0.260768314795059,0.482791923976777
"766.78611-0.96",2,0.248532649858745,0.492905019474743,0.258562330666512
"762.77398-0.964",2,0.241312846665728,0.514318782033027,0.244368371301245
"208.84028-0.92",2,0.148662042509356,0.725976460739827,0.125361496750817
"453.01267-0.948",2,0.266394845919134,0.425726982280656,0.30787817180021
"612.8282-0.939",1,0.55513265809705,0.180871570985927,0.263995770917023
"454.01791-11.87",2,0.270760089068171,0.543831833537524,0.185408077394305
"339.96691-1.011",2,0.321199251703803,0.475619135166561,0.203181613129636
"239.99781-0.99",2,0.240589990627377,0.516369233770041,0.243040775602582
"375.97275-0.975",2,0.227853299149817,0.550474241542199,0.221672459307985
"595.38576-16.739",1,0.753443213126644,0.121255615431685,0.125301171441671
"382.82757-0.957",2,0.202727628049625,0.610590951078193,0.186681420872182
"393.22058-13.704",1,0.653135431034288,0.152294709655585,0.194569859310127
"285.10268-1.021",2,0.169148193020213,0.699665420204502,0.131186386775285
"300.76889-0.877",3,0.316301976633351,0.183296844840909,0.500401178525741
"430.78943-0.898",3,0.264160085017141,0.283069445582565,0.452770469400294
"484.72841-0.881",3,0.264163555747313,0.283081306563726,0.452755137688961
"472.77347-0.907",2,0.268060834885042,0.416984740629196,0.314954424485762
"580.23527-15.355",3,0.274036886649411,0.351059159409299,0.37490395394129
"390.81333-0.925",2,0.173301983828426,0.674667771092022,0.152030245079552
"302.884-0.889",1,0.496806475764675,0.292151465615109,0.211042058620216
"255.99272-1.001",2,0.263354936611,0.439811753404658,0.296833309984342
"303.21798-8.223",2,0.297948411477727,0.506196818405298,0.195854770116975
"248.83863-0.876",1,0.531030402530868,0.186112511004912,0.28285708646422
"405.98332-0.99",2,0.190182949646878,0.665826019660689,0.143991030692433
"437.12481-12.592",3,0.160915990594196,0.11522174877786,0.723862260627943
"392.8104-0.934",2,0.169603479179093,0.698927996960687,0.131468523860219
"423.2675-17.279",1,0.422806033915157,0.359844414941813,0.21734955114303
"715.46964-10.795",2,0.368667646642982,0.417951175292773,0.213381178064245
"580.2355-15.315",3,0.228203893857184,0.207915802729585,0.563880303413232
"239.02123-0.908",3,0.164238690519346,0.117107009378366,0.718654300102289
"396.82599-0.982",1,0.745153355729031,0.126006301840641,0.128840342430329
"302.87446-0.934",1,0.658866899867405,0.176868464432793,0.164264635699802
"668.776-0.974",2,0.242675526614475,0.584707296288642,0.172617177096882
"710.76071-0.97",2,0.140982508229625,0.744175612133901,0.114841879636474
"410.80287-0.922",2,0.141124043250765,0.742403418186053,0.116472538563182
"259.76026-0.871",1,0.41478426387516,0.197280662786927,0.387935073337913
"293.60298-8.511",1,0.681461246477209,0.14236159215688,0.176177161365911
"448.86057-0.99",2,0.149126467534612,0.72500658649289,0.125866945972498
"398.74955-0.874",1,0.615792994247533,0.164373296729853,0.219833709022614
"377.82623-0.892",3,0.282416748894151,0.172900058739197,0.544683192366652
"313.79576-0.888",2,0.238648917649596,0.521804300717893,0.239546781632511
"623.33618-17.297",2,0.194017645419838,0.630070362249157,0.175911992331005
"596.22719-15.343",3,0.263093722178311,0.279526826282401,0.457379451539288
"232.02632-1.026",2,0.272478493051473,0.541395145059061,0.186126361889466
"326.83778-0.911",2,0.218709948537186,0.573194877741894,0.20809517372092
"405.97482-1.004",2,0.156082579141877,0.710566873634253,0.133350547223869
"316.80042-0.885",1,0.750936301765043,0.122694721320859,0.126368976914099
"596.78298-0.914",2,0.369614309797156,0.416866175782547,0.213519514420297
"596.85095-0.936",1,0.546647435546867,0.182811442323102,0.270541122130031
"448.83252-0.948",1,0.57746345992706,0.230403946978571,0.192132593094369
"452.85104-0.966",1,0.771061580128482,0.110807575482498,0.11813084438902
"442.74442-0.882",3,0.231218092290131,0.212506193371286,0.556275714338583
"573.25345-11.033",1,0.693168314770582,0.156133565365643,0.150698119863775
"302.85635-0.992",2,0.217388531831117,0.576386772822806,0.206224695346077
"170.89343-0.863",2,0.232435012831039,0.538593693468853,0.228971293700108
"279.8081-0.867",3,0.258400791593666,0.26582004415098,0.475779164255353
"522.77228-0.982",2,0.166684096764905,0.688545714155442,0.144770189079654
"604.80487-0.951",2,0.160567936477147,0.701270662586104,0.138161400936749
"363.03044-0.92",2,0.329135947195724,0.465530196537817,0.205333856266459
"511.96018-0.981",2,0.164626268279151,0.706995681675344,0.128378050045505
"314.80315-0.882",1,0.620116502780039,0.163041410545378,0.216842086674583
"423.91508-0.997",2,0.205691819463392,0.603833581317226,0.190474599219382
"275.82291-0.899",3,0.163573631626231,0.131276058887399,0.70515030948637
"528.78572-0.934",2,0.255804952372618,0.468996984964806,0.275198062662576
"385.80676-0.891",3,0.235233736808603,0.218890527095377,0.545875736096019
"686.8323-0.957",3,0.318376720613323,0.183840928286129,0.497782351100548
"312.0192-0.98",2,0.227321443483568,0.607846107523643,0.164832448992789
"348.82806-0.939",1,0.517878510490494,0.188606274651742,0.293515214857764
"544.76315-0.942",2,0.203069787871993,0.609814524101296,0.187115688026711
"409.89147-1.021",2,0.23861783471715,0.521890527508262,0.239491637774588
"478.79039-0.929",1,0.563382333642014,0.178891602572197,0.257726063785789
"458.80109-0.933",2,0.256793695760812,0.465490913381267,0.277715390857921
"688.76981-0.956",2,0.203222321372209,0.609468101080663,0.187309577547128
"368.75072-0.876",3,0.274019531698741,0.359073013701212,0.366907454600047
"370.7477-0.877",3,0.235813344473624,0.219840048896966,0.54434660662941
"345.1299-7.877",3,0.250251554298,0.246581031507695,0.503167414194305
"381.93039-0.994",1,0.486926656781254,0.300499541703637,0.212573801515109
"481.33271-17.384",1,0.419572205315031,0.363096919931954,0.217330874753015
"256.88143-0.957",2,0.172846609808927,0.693679712926652,0.13347367726442
"137.87327-0.931",3,0.401443844089964,0.196770299870597,0.401785856039439
"465.80046-0.89",3,0.273240017664775,0.33305494529252,0.393705037042704
"314.84009-0.952",3,0.231861101979973,0.152360636960642,0.615778261059385
"492.34473-14.093",1,0.648645783649615,0.153812098823218,0.197542117527168
"394.82518-0.921",2,0.247282226079376,0.496750799516407,0.255966974404216
"313.94297-0.999",1,0.619028139010698,0.202190682054764,0.178781178934538
"315.8777-0.958",2,0.143141386218989,0.737724283053499,0.119134330727511
"651.43777-17.589",1,0.559430137475631,0.243326730729628,0.197243131794741
"318.82948-0.893",1,0.568201491335048,0.177693548750934,0.254104959914018
"379.26211-17.423",2,0.2515945700678,0.483191384262582,0.265214045669619
"577.37489-17.275",2,0.144916921637789,0.733876399751129,0.121206678611082
"590.75957-0.981",2,0.220979637097583,0.617554648726853,0.161465714175565
"395.95561-0.997",2,0.241740713649218,0.513097995579688,0.245161290771094
"200.88107-0.878",2,0.273747560530647,0.367986393611872,0.358266045857481
"276.82311-0.892",1,0.695613039692843,0.154687089762567,0.149699870544589
"707.47191-10.81",2,0.376315668123238,0.409257417409052,0.214426914467711
"284.8644-0.886",2,0.225407628021059,0.556670103167606,0.217922268811335
"770.79739-0.958",2,0.160517654102303,0.713659857406821,0.125822488490876
"501.93166-0.981",2,0.151847351770898,0.719345380806557,0.128807267422545
"462.81268-0.929",2,0.222606939017601,0.563654474724262,0.213738586258138
"301.84683-0.89",3,0.273447217985692,0.335917311967975,0.390635470046333
"363.03988-1.023",2,0.169851063107951,0.681921187630373,0.148227749261676
"446.76709-0.893",2,0.226145818682407,0.554809874696133,0.219044306621461
"130.92903-0.931",1,0.443258529071607,0.197024818627672,0.35971665230072
"779.82102-0.963",2,0.170428383286755,0.680710408928069,0.148861207785176
"550.78951-0.925",1,0.437677218310925,0.345225054063908,0.217097727625167
"656.81231-0.964",1,0.760831735798258,0.112288344947291,0.12687991925445
"261.86008-0.884",1,0.730260120701776,0.13453536758754,0.135204511710684
"446.83537-0.923",1,0.582534058634916,0.226849472550616,0.190616468814468
"535.23694-15.16",1,0.425267698031079,0.197395306965473,0.377336995003447
"259.86286-0.888",1,0.729977996686079,0.13469736246599,0.135324640847931
"285.86932-0.89",2,0.230399689791031,0.543918087882267,0.225682222326702
"342.81515-0.912",3,0.202524866489288,0.1737356759088,0.623739457601912
"435.89447-1.01",2,0.160469896648684,0.701474074635799,0.138056028715516
"524.78363-0.919",2,0.215863581097023,0.625448025421199,0.158688393481778
"680.81581-0.948",1,0.470147311515099,0.195204514030509,0.334648174454392
"183.89786-0.939",1,0.586791853627396,0.2238903520123,0.189317794360304
"431.71794-0.87",2,0.241455475019419,0.513912431023543,0.244632093957038
"354.77033-0.873",3,0.250217905092185,0.24650975319263,0.503272341715185
"406.79084-0.932",1,0.732556535473908,0.123186098692696,0.144257365833396
"487.90798-1.008",2,0.171092142297799,0.679317057425727,0.149590800276474
"310.78153-0.878",3,0.272031351007825,0.321120275396934,0.40684837359524
"405.71165-0.877",1,0.712942204510863,0.144534519403517,0.14252327608562
"459.94682-0.983",2,0.328423130955233,0.466428992844286,0.205147876200481
"267.82471-0.871",3,0.361786168417211,0.192738746966563,0.445475084616226
"449.91779-0.991",2,0.2787699009702,0.53253969164043,0.188690407389369
"500.70587-0.879",3,0.154036413533183,0.111317096443222,0.734646490023595
"318.73514-0.871",1,0.532539839691292,0.263485397489344,0.203974762819364
"331.73512-0.84",2,0.26293504418766,0.441617688870073,0.295447266942267
"341.73993-0.875",1,0.722672302330435,0.12699001918765,0.150337678481915
"280.86204-0.913",1,0.515308263615433,0.18906163010236,0.295630106282207
"502.85719-0.917",2,0.262937304939725,0.441608041067855,0.29545465399242
"339.74283-0.878",1,0.638684441236008,0.157117947893074,0.204197610870919
"760.83767-0.963",2,0.241550002974893,0.513642792166105,0.244807204859002
"650.15461-13.732",1,0.500013395693223,0.19154527310405,0.308441331202726
"530.80046-0.933",2,0.144504564240199,0.739261896551721,0.11623353920808
"503.8822-1.006",2,0.169277783080703,0.69945550992038,0.131266706998917
"454.78474-0.986",2,0.247273811512544,0.496776462155346,0.25594972633211
"694.77835-0.974",1,0.445635056513308,0.337624068594993,0.216740874891699
"289.82809-0.876",1,0.567495781619979,0.237491112016884,0.195013106363137
"527.93443-0.982",2,0.168000744318316,0.70152452659213,0.130474729089555
"401.7842-0.889",3,0.273041611641552,0.330650367744335,0.396308020614113
"387.74551-0.877",3,0.187888311363303,0.130241001951632,0.681870686685065
"196.87978-0.917",2,0.25598610580148,0.468360141040528,0.275653753157992
"602.79961-0.931",1,0.586295243878993,0.172935929077583,0.240768827043424
"514.82269-0.923",2,0.3605560391203,0.42735173600483,0.21209222487487
"518.83476-0.927",1,0.561630321093383,0.179319661815599,0.259050017091017
"442.98379-0.936",2,0.144899257266812,0.738658621194361,0.116442121538827
"326.91299-0.946",2,0.265790766100961,0.550921126509204,0.183288107389835
"391.87454-0.94",1,0.642936471674385,0.155717302496024,0.201346225829592
"376.83299-0.962",2,0.175152306032195,0.670761785603286,0.154085908364519
"736.7638-0.971",2,0.164843567055613,0.706643245499566,0.128513187444821
"279.7933-0.872",3,0.163750864245837,0.131455087552615,0.704794048201547
"260.97465-0.959",1,0.64101235199422,0.188033479364655,0.170954168641125
"578.79556-0.961",2,0.286504434197506,0.521796439978442,0.191699125824052
"388.82549-0.884",2,0.269565334006837,0.408120530905209,0.322314135087954
"614.76535-0.941",1,0.674163276183413,0.144976902876069,0.180859820940517
"281.02429-0.993",2,0.188702589018329,0.668188311899484,0.143109099082187
"291.73107-0.859",3,0.172393426024535,0.140296959466156,0.687309614509309
"555.02091-1.006",1,0.692105200659426,0.138483807417346,0.169410991923228
"318.8747-0.972",2,0.253489132900406,0.476939057994463,0.269571809105131
"454.84771-0.969",1,0.548264025424081,0.182449596432273,0.269286378143647
"520.83183-0.955",3,0.334940311415398,0.187796308201407,0.477263380383196
"127.00133-1",1,0.464281479430007,0.195725776893602,0.339992743676391
