Label,C01_1w,C02_1w,C03_1w,C04_1w,C05_1w,C06_1w,C07_1w,C08_1w,C09_1w,C10_1w,C11_1w,V01_1w,V02_1w,V03_1w,V04_1w,V05_1w,V06_1w,V07_1w,V08_1w,V09_1w,V10_1w
Group,Control,Control,Control,Control,Control,Control,Control,Control,Control,Control,Control,VNAM,VNAM,VNAM,VNAM,VNAM,VNAM,VNAM,VNAM,VNAM,VNAM
(+)-Catechin-7-O-glucoside,-1.43286990353559,0.402617317919932,0.0553974220987306,0.723583935318609,0.241306551648991,0.564257024725854,0.39046692929237,0.162104155311195,0.65117341852724,0.570313596050941,0.720921545099472,-0.399086812777536,-1.13559049996514,-0.61619174720906,-1.25342114856177,0.703819311188748,0.531254698628477,-0.389493413095384,0.129873444709347,-0.485682148103498,-0.134753677271926
(+)-[6]-Gingerol,1.80411265397999,1.53262673487787,-2.22675980193673,-2.22675980193673,-2.22675980193673,-2.22675980193673,-2.22675980193673,-2.22675980193673,-2.22675980193673,-2.22675980193673,-2.22675980193673,1.86382288910344,1.44757332986354,1.54904864046875,1.98612785575601,1.75217101365064,1.92323236012378,1.5784982034711,1.47232730326341,1.18042154674331,1.95087568612868
(+)-abscisic acid β-D-glucopyranosyl ester,-2.04509900844804,-0.909366786500375,-0.344144055127159,-0.628446550194548,-0.665962962977299,-0.497094366751527,-0.863361752430728,-0.657232427891145,-0.768487072064424,-0.407972901655221,-0.732012844679069,1.51680592910456,1.32687245134926,1.11073926069084,1.21762267253177,-0.275008634943257,-0.459572928768461,1.516783817976,1.22617830514846,0.937105701105715,0.401654154524653
(+)-sesamin dicatechol,0.348874221294436,0.340088741233805,0.942578053605152,0.603070952556041,0.717409826885769,1.06180309868251,1.04621931360996,0.370313264501781,0.913452899240237,1.30739924134557,1.22815785358381,-1.96714580846511,-1.89104995265179,-1.51065310512779,-1.84177021225823,0.886913131814323,0.833596320719359,-0.722945330412269,-0.882427542632403,-0.886113546931061,-0.897771420594083
(+)-sesamin monocatechol,0.919001259062212,0.79624876912538,0.838068801262307,0.770520497335359,0.495529567327515,0.280216538499976,0.637206873196727,0.189263579355668,0.485012142888243,0.117658394081885,0.033911058673803,0.209019749877685,-0.82084059933868,-0.269853971039402,-0.423066128886126,0.102958275324743,0.498882488283311,-1.49050968809113,-0.691091751302927,-2.10210423695049,-0.576031618686062
(+/-)12(13)-DiHOME,0.288860745326909,0.407298985146317,-0.147943796989444,0.411352947785752,0.63730669186086,0.109246923378577,0.478147740118902,0.529548041731482,-0.148395221505056,0.26266194086305,0.748199617413341,0.286609490916362,-0.347099106139837,-0.255546702969734,0.064176594961955,-0.118652253762018,0.542933342090697,-0.738972161707654,-1.22352995606536,-1.07402285591828,-0.712181006536786
(+/-)13-HODE,0.195431793227151,0.252574888805497,0.0482076893028211,0.449607579464375,0.0435466528745767,0.601520524586494,0.159292359333782,0.670465512893167,0.404356272254823,0.304207908828276,0.256096566428104,0.390768935408835,0.202406300545449,-0.656585495745812,-0.00148963739934667,0.423361707656094,0.627161299329276,-1.06220733442465,-1.40965594550008,-1.09917184352884,-0.799895734339976
"(+/-)9,10-dihydroxy-12Z-octadecenoic acid",1.02172807188786,0.528709805768307,0.241666435841532,0.52116350500022,0.793015083363759,0.407916547803904,0.0272214273190957,0.676468134951433,0.283287635306131,0.46548224866561,0.280233055023118,-0.56211699017667,-1.25625069638883,-0.605725801070299,-0.736934626475811,0.000713712564214269,0.447783957533892,-0.794469748491952,-0.709061068398227,-0.769358888190567,-0.261471801836701
(-)-Spiculisporic acid,-0.568552246270727,-0.0989986962093813,-0.883709516023685,0.208795619360404,-0.173983660778405,-0.339564436355852,-0.587845368907787,-0.0798477037743967,0.00480308665702009,-0.0590854490522958,0.181172265647807,0.0122209768989289,-0.183248432124342,0.705150543126658,0.316984016993419,-0.191704232992456,-0.439568834846854,-0.196022236550619,0.267576818261653,1.08799302785047,1.0174344590904
"(10E)-9-Hydroperoxy-12,13-dihydroxy-10-octadecenoic acid",0.259010037665858,0.493690961618841,0.247217425079121,0.715948194280893,0.357951797724188,-0.0827542900447125,0.290510645436494,0.653819488613488,0.467541162842635,0.8908919649558,0.781540487721557,-0.382376981152663,-1.00633446972507,-0.230460070369958,-1.37639629111479,0.549183072938488,0.347314365741132,-1.7696431094735,-0.921306101446878,-0.490247948926205,0.204899657635283
"(10E,15Z)-9,12,13-Trihydroxy-10,15-octadecadienoic acid",0.505808451691477,0.819879348394345,0.443886806589585,0.785500901043974,0.763163194258575,0.630625817339629,0.778365316519997,0.734267545809801,0.721389413778838,0.866090899459519,1.10375628861728,-1.11687920390399,-4.25905122657985,0.291368600123315,-1.90591575146219,0.470166579901963,0.774321394424433,-0.591467469133091,-0.735895370661652,-0.917115470763884,-0.162266065448075
"(11S,12E,14Z)-11-Hydroxy-12,14-icosadienoic acid",0.426631319238279,0.151038558265934,-0.0336222188325738,0.285388998710767,0.50407280769956,0.144389967673677,0.756240383405692,-0.090002520043374,0.211548169196979,0.494712811234177,1.03325778287058,0.626154930081895,-0.389513165902662,-0.759372014542687,-0.584052023683383,0.504552834318727,0.288935002519398,-1.00013022442037,-1.02783462625193,-1.08666732068025,-0.455729450858413
"(11α)-3,26-Dioxo-22,26-epoxycholest-4-en-11-yl acetate",0.796848101941101,0.871384239152449,0.486287098240868,0.904730584691554,0.983469316556792,0.773331972573898,0.792972894999161,1.05336002393838,0.915019007756351,1.02873082928802,0.961751786554652,-1.00537948309638,-4.01297100921307,-1.02420560033702,-1.09253537928774,0.918910753444495,0.894897055586234,-1.08697409592076,-0.923207391577839,-1.38272784509677,-0.853692860194357
"(12E)-14-Pentyloxacyclotetradec-12-ene-2,11-dione",1.07403010454842,0.603418203330424,0.354870808832185,0.613242937053786,0.674093478749464,0.493493274392926,0.189282947357805,0.607621779582027,0.38741344954328,0.455408476764614,0.409003516477416,-0.169043859774475,-0.713190266989945,-1.60036834881882,-0.356346105798151,0.239672952447707,0.600355192294659,-0.826220420176019,-0.651052042352843,-2.37409302376595,-0.0115930536985053
"(12E)-9,10-Dihydroxy-12-octadecenoic acid",0.721818028659944,0.806896493181011,0.647616053587844,0.840083112202538,0.80237160032484,0.758199356363479,0.670008061206911,0.809572124029062,0.638795398792136,0.765624874830135,0.493850775918321,0.362341604783986,-3.88981784259391,-0.358150084286038,-0.409020078885987,0.64857699574744,0.793232544044393,-0.388280517629699,-0.155521257555559,-3.88981784259391,-0.66837940012693
"(15Z)-9,12,13-Trihydroxy-15-octadecenoic acid",0.425050574869068,0.610403372123216,-0.0130032697046424,0.740860561799899,0.492717794505694,0.207410744829358,0.0417015352956016,0.920994218279566,0.19855259996138,0.393599316175338,0.0961358773302038,-0.535096857179941,-0.864826994767032,-0.268045949332255,-0.489904473818868,-0.203864389844058,0.386130849988668,-1.12094871187973,-0.457557365262682,-0.641150271151861,0.0808408377831113
"(1R,2R,3S,5R,7R)-2-Acetamido-7-(1,2-dihydroxyethyl)-3-hydroxy-6,8-dioxabicyclo[3.2.1]octane-5-carboxylic acid",-0.845902773873905,-0.489296771444039,-0.433207229767546,-0.350055095515939,-0.662519992081006,-0.426103134697986,-0.858031732269474,-0.758361394054538,-0.421983601215909,-0.0596844066077328,-0.483320132936478,0.895902362453149,0.631244400080454,0.971989799881829,0.723174338641787,-0.625910672557437,-0.443009201431509,1.00188556079128,0.907750438024135,0.890279801372233,0.835159437208644
"(1R,3S,4S,5R,7R)-4-(3-hydroxybutyl)-5-methyl-10-methylidene-8-oxatricyclo[5.3.0.0Âl,âµ]decan-9-one",0.646169845662827,0.739483641614801,0.764666759734206,1.00951568368663,0.425545429266071,0.454478666439214,0.165701144242811,0.704141905417658,1.15135034125437,0.830550002738842,0.552199003039154,-1.22657330683801,-1.20711364085566,-0.716198855191345,-1.12801842444435,0.671023094451916,0.82344686686891,-1.1454258860556,-1.43930970397342,-1.23789974427564,-0.837732822783353
"(1R,3S,5Z)-5-[(2E)-2-{(1R,3aS,7aR)-1-[(2R,3S)-3,7-Dihydroxy-7-methyl-4-octyn-2-yl]-7a-methyloctahydro-4H-inden-4-ylidene}ethylidene]-4-methylene-1,3-cyclohexanediol",1.05201233407933,1.10470310255675,0.543676694898246,1.17144032036127,0.786934749224477,0.873132981395831,1.05594622309534,0.961503168372671,0.843487828961012,1.17170959320919,1.14075140291585,-2.91429399573464,-2.91429399573464,-2.91429399573464,-2.91429399573464,0.842948632685827,0.936075869804102,-0.0407569455561092,-0.10538932036865,-0.176454696948578,-0.504545955747986
"(1R,4R,5R,7R,9R,10S,13S,15S)-15-Hydroxy-9-methyl-14-methylene-7-{[2-O-(3-methylpentanoyl)-β-D-glucopyranosyl]oxy}tetracyclo[11.2.1.0~1,10~.0~4,9~]hexadecane-5-carboxylic acid",-0.930701510849318,-0.898709896381886,-1.14252366231948,-1.0065173313485,-0.180391310286223,-1.1785476167749,-1.56041904416553,0.291361161815068,-0.123237600225213,-0.368473743749655,-0.623241289701909,1.09813351394178,1.20085645300529,1.55942837344233,1.29142448533863,-1.1728500569881,-1.23985889069016,0.66529307524217,1.42933129985865,1.32115339172042,1.56849019911653
"(1S)-1-{[(2S,3R,4S)-2-(β-L-Glucopyranosyloxy)-5-(methoxycarbonyl)-3-vinyl-3,4-dihydro-2H-pyran-4-yl]methyl}-2,3,4,9-tetrahydro-1H-β-carboline-3-carboxylic acid",-0.105753019044021,-0.658346541160586,-0.605540023165428,-0.138510616956517,0.693721580079237,0.74036414849146,-0.365187526876186,-0.350902962640941,-0.666158352782292,-0.811242372396917,0.343485135018974,0.787537223801142,0.557899715673983,0.656683677588922,0.274469866766107,-1.04920667638469,-4.33814228730152,1.29116723360333,1.2625189509216,1.10245813846293,1.3786847083014
"(1S,2R,5R,6R,10R,13S,15S)-5-[(2R,3E,5R)-5,6-Dimethyl-3-hepten-2-yl]-6,10-dimethyl-16,17-dioxapentacyclo[13.2.2.0~1,9~.0~2,6~.0~10,15~]nonadeca-8,18-dien-13-ol",0.035623939296171,0.953415879288291,0.456452331717139,0.81348909569784,0.785375877929251,1.07302133666235,0.420393645247554,-0.0231620933615363,1.21540095068356,1.22171960889575,0.815319920861546,-1.23841183588951,-2.06948994178664,-1.05225941431845,-1.48438001238632,0.965162465635392,0.645475145405688,-0.902435962512771,-0.673993243149543,-1.23743668762462,-0.719281006291134
"(1S,2R,5R,6R,7S,8R,10S,12R,13S)-8,12-Dihydroxy-6,12-bis(hydroxymethyl)-2,6-dimethyltetracyclo[11.2.1.0~1,10~.0~2,7~]hexadec-5-yl 3-methylbutanoate",-3.99731037923495,0.876534860594141,0.0039193989209466,0.801841517869134,0.884708670124155,1.16555688627233,0.334988301607203,0.839026014628898,0.797646145701195,1.03786619254262,1.13705264199629,0.441052543519874,-1.01658649630935,-1.61248064077432,-1.07123862295254,0.725453474855796,0.988347352067888,-0.373499813662539,-0.492477076129936,-0.725274600437994,-0.745126371198846
"(1S,2R,5S)-2-Isopropyl-5-methylcyclohexyl 3-oxobutanoate",-0.152832995989927,0.366191279593612,0.13500752341745,0.631298362086899,0.341010408055107,0.518771601644184,0.165445945451739,1.04459682700641,-0.0201805889186032,0.115205256593519,0.64832077731591,0.618547297466916,1.58653957432873,-1.88236986830107,-0.625260682102792,-0.274352137188913,0.810034793762103,-1.29597093877847,-1.38723152828607,-0.840298040437159,-0.50247286671958
"(1S,2R,7R,8R,11R,12R)-12-Methyl-6-methylene-17-oxa-14-azahexacyclo[10.6.3.1~5,8~.0~1,11~.0~2,8~.0~14,18~]docos-7-yl acetate",-2.63869698352799,0.803443557977388,0.552766474262827,1.13963368814786,0.864251134605922,1.10370872629428,0.883421109056425,1.12644576626422,1.08598505009076,1.17068673183666,0.747799853231918,-2.63869698352799,-2.63869698352799,0.610773203318339,-2.63869698352799,0.959575930508434,1.0772980131907,-2.63869698352799,0.750128222652154,0.382018685087444,-0.0644512288853941
"(1S,3R,4R,5R)-1,3,4-trihydroxy-5-{[(2E)-3-(4-hydroxy-3-methoxyphenyl)prop-2-enoyl]oxy}cyclohexane-1-carboxylic acid",-0.907338966314355,-0.888630873761712,-1.02762904269545,-0.817164956527323,-0.927314467955265,-0.902807881998536,-0.857074188573281,-0.839789429573604,-0.860575100567006,-0.804735267198136,-0.483296010594824,1.48905449802964,1.20565626007928,1.4642718193295,1.29690355070637,-0.839021799740426,-0.93909340858995,1.33788277949664,1.50083646712148,1.3512146023043,1.44865141702264
"(1S,3R,5Z,7E,9ξ,20S)-20-[(2R)-2,3-Dihydroxy-3-methylbutoxy]-9,10-secopregna-5,7,10-triene-1,3-diol",-0.107444845598528,0.908620700682662,-0.0769507554844591,1.03526983718855,0.949185392432803,0.740087438468358,0.832829931916165,0.60280075952868,0.625458330821851,0.677246869033225,0.94761616298983,-1.2251683536911,-1.3650194212148,-1.33984974115047,-1.13061222150148,0.715320634776931,1.18023119845844,-1.00092122205111,-0.95825643215583,-1.08044060581272,-0.930003657636993
"(1S,4R,4′S,5′S,6′R,9S,10E,12E,14S,15S,16E,19R,21R)-6′-[(2S)-2-Butanyl]-4′,9,15-trihydroxy-5′,6,10,14,16-pentamethyl-3′,4′,5′,6′-tetrahydro-3H,7H-spiro[2,20-dioxatricyclo[17.3.1.0~4,9~]tricosa-5,10,12,
16-tetraene-21,2′-pyran]-3,7-dione",0.162914076894691,0.45646779500384,-0.232579146786866,0.518751473224607,0.488284954697495,-0.220242380559716,-0.187337193765752,0.866242024734593,0.613115310743272,0.527789998174298,0.715746001243507,-0.0774957466490958,-0.993616239907987,0.26784790968768,-1.95060799812708,0.388636236913277,0.228431234548876,-0.336366146036047,0.0840371457203703,-1.35179752185314,0.0317782120991792
"(1aR,4E,6R,7aS,8S,10aS,10bS)-1a,5,8-Trimethyl-9-oxo-1a,2,3,6,7,7a,8,9,10a,10b-decahydrooxireno[9,10]cyclodeca[1,2-b]furan-6-yl β-D-glucopyranoside",-0.770300867668031,-0.710409459553598,-0.878386317680864,-0.779145884492466,-0.752853319150058,-0.719865818271377,-0.685047346216873,-0.795871365455301,-0.595775634250903,-0.524564457805641,-0.553965328892636,0.805811874158826,1.10394189885021,1.29825376815632,1.27856058392348,-0.658658713369611,-0.844802245640155,1.23065590299327,1.53142609612246,0.745347113698437,1.27564952054449
"(1′R,2R,4S,4′S,5S,6R,8′R,10′E,12′S,13′S,14′E,16′E,20′R,21′R,24′S)-6-[(2S)-2-Butanyl]-4,12′,24′-trihydroxy-21′-methoxy-5,11′,13′,22′-tetramethyl-3,4,5,6-tetrahydro-2′H-spiro[pyran-2,6′-[3,7,19]trioxate
tracyclo[15.6.1.1~4,8~.0~20,24~]pentacosa[10,14,16,22]tetraen]-2′-one",-0.528534430715996,-0.637737626300482,-1.02849502024955,-0.570790365718818,-0.684629502278078,-0.624070067468671,-0.815611932735223,-0.478406010239378,-0.703443188316285,-0.582079808835659,-0.56278547041137,0.759287331930897,0.79971306501358,1.548374137665,1.4046475855679,-0.58845602382857,-0.705202632656366,0.455643493535543,1.39014556584953,0.812784119870848,1.33964678032112
"(2'R,3R,4'R,4a'R,5S,8a'S)-5-(3-Furyl)-4'-hydroxy-4a',5'-bis(hydroxymethyl)-2'-methyl-3',4,4',4a',5,7',8',8a'-octahydro-2'H-spiro[furan-3,1'-naphthalen]-2-one",-1.04010599720113,-1.03064785857145,-1.18330989549205,-0.817169147496941,-1.19257869125868,-0.217322611772524,-0.0991951856291688,-1.01361586899197,-0.882409242647596,-0.819362373936632,-0.607247506571783,1.65187793432373,1.33274586684608,0.956684486799945,1.40654872210518,-0.198231692067258,-1.00214166003799,1.53356759199327,1.26115027848714,1.30727232311509,0.65349052800473
"(22E)-15-Hydroxyergosta-4,6,8(14),22-tetraen-3-one",0.576009150528005,0.677004240504704,0.504279157544927,0.836886119517344,0.761536518871256,0.865884012437153,0.331265822757822,0.711170077226492,0.110697693596315,0.533145447126877,0.472692467922044,-0.925018731511796,-1.06934315996986,-0.960718216481799,-1.34912783768908,0.85620103768884,0.867348991580118,-1.02150118053773,-0.656632321731321,-1.3310485580688,-0.790730731311507
"(22E)-9,14-Dihydroxyergosta-4,7,22-triene-3,6-dione",1.162419965667,1.08385010576145,-0.388235924004931,0.94600030216079,-0.481212347538449,0.207577673514779,-0.37909522565763,0.992398553099871,-0.380341439422156,1.26914438108048,1.15886431586142,-0.932281039572685,-3.7993636191977,-0.404697273159315,-0.36510994080143,0.859599105438837,0.465471984345068,-0.0278956957222481,-0.127721679981755,-0.483703365630653,-0.375668836240768
"(25S)-3-Oxocholesta-1,4-dien-27-yl hydrogen sulfate",-1.11973321493367,2.37483641658984,-1.11973321493367,2.44510470367542,1.70937034240704,-1.11973321493367,-1.11973321493367,2.58333068258884,2.30997776535093,2.02931248638739,-1.11973321493367,-1.11973321493367,-1.11973321493367,-1.11973321493367,-1.11973321493367,-1.11973321493367,2.22433261207197,-1.11973321493367,-1.11973321493367,-1.11973321493367,-1.11973321493367
(25S)-5β-spirostan-3β-yl β-D-glucoside,-2.4128899349078,-0.630137322937222,-0.130864716534722,-0.640478411230465,-2.4128899349078,-0.241720099786392,-2.4128899349078,-2.4128899349078,-0.0532108920260939,-0.35907484624295,-0.351563263843173,1.69763573860119,1.72506673673915,1.87560501205854,1.96417401563766,0.0519935542679215,-2.4128899349078,1.79538894584331,1.79793341489265,1.93080014295209,1.63290166614751
"(2E)-2-[(2E)-2-{(1R,3aS,7aR)-1-[(2R)-6-Hydroxy-6-methyl-2-heptanyl]-7a-methyloctahydro-4H-inden-4-ylidene}ethylidene]-3-methylene-1,4-butanediol",0.530524404240893,0.936924282584098,0.730069477432727,0.821800560246386,0.71871717421406,0.70698062733431,0.807633107738878,0.582866832616358,0.775865440683396,0.959187256983918,0.690695975411498,-0.515896662356903,-1.10849727431802,-0.966546070863111,-1.00956565556752,0.943829156542252,0.746965031293561,-0.320240482164005,-0.366681671149555,-4.65625123494899,-1.00838027595423
"(2E)-3-(4-Hydroxy-3-methoxyphenyl)-2-methyl-1-(2,4,6-trihydroxyphenyl)-2-propen-1-one",-0.5027018167209,-0.144348861379999,-0.399031331040704,0.825502402877332,0.525485191666246,1.2521861649674,0.151513177459331,-0.336331839504477,1.48633205844828,-0.283849654325783,-0.0117627165869493,-0.630042501878673,-0.724442490055361,-0.704450844106917,-0.737507167563093,1.86329476198055,1.36951167593076,-0.725490990197989,-0.570901908524919,-0.813690917685543,-0.889272393758588
"(2E)-3-Phenyl-1-{2,4,6-trihydroxy-3,5-bis[(1R,6R)-6-isopropyl-3-methyl-2-cyclohexen-1-yl]phenyl}-2-propen-1-one",-0.883648618034424,-1.1337870935274,0.103336828582988,-1.21936717105494,0.126904092250845,-0.538911746311061,-1.33375481416192,-0.655265126450532,-0.315309478210666,0.0242634134680168,-0.677240126584704,1.18741856313859,1.05719715978349,1.06317003607314,0.968926310812221,-1.07680506827871,-0.825546403719309,1.01626028199937,1.20358531772402,1.01047257574701,0.898101066753965
(2E)-3-[4-Methoxy-3-(sulfooxy)phenyl]acrylic acid,0.927799434583207,-0.553924010010684,-0.392557700474619,-1.07565079555581,-0.124994401090997,-1.18323179868327,-0.739569563999761,0.120969251531349,-1.04826087754342,-1.34816131779698,-1.35715010183861,-0.311066370164297,1.42901955446557,1.81530188435315,1.61597763115888,-0.988682881259389,-0.91142374040804,1.49814492676044,1.76897927794839,-0.868203327686195,1.72668492571109
(2E)-Nonenal,0.766100797457189,0.80691873368063,0.532114428795998,0.756301779611872,0.694797769128498,0.602027495800616,0.746898718501383,0.646643907028171,0.685100893599756,0.739384602117995,1.02206804319987,-1.74599685364388,-1.57735277957166,-1.22790719656917,-1.44011296112324,0.371307117330261,0.713368128438484,-0.626098358371521,-0.782151684312924,-0.787314779685353,-0.896097801412969
"(2E,4E)-7-Hydroxy-2,4,7-trimethyl-2,4-octadienoic acid",0.617670146648208,0.612617897237839,0.178289801683322,0.560889899847041,0.540644964679814,0.371298934612729,0.39088951768847,0.431086371389831,0.494664623682772,0.614904390886665,0.811544514124338,-0.712373191221461,-1.84960546465237,-0.236019445176205,-0.459935927884902,0.479958834049245,0.567123210424577,-0.603674016941842,-0.90796598289434,-0.998445421512782,-0.903563656670942
"(2E,6E)-farnesyl monophosphate",-1.43295124514098,0.801219767318381,-0.754739470929829,0.775358013589593,0.8542958335377,1.15341416922708,0.981140225859307,0.619137965527604,0.198454105511466,1.29607713176111,1.19035073143186,-0.867891002511956,-1.09981263347745,-0.934993893319738,-1.3127936667764,0.665537060874305,0.814731478088671,-0.535137674550732,-0.667539328761219,-0.857048671967966,-0.886808895290841
(2R)-1-(Decanoyloxy)-3-(phosphonooxy)-2-propanyl tridecanoate,-1.06743546869786,-1.06743546869786,-1.06743546869786,-1.06743546869786,-1.06743546869786,-1.06743546869786,-1.06743546869786,-1.06743546869786,-1.06743546869786,2.21876763145568,-1.06743546869786,2.90329414685456,-1.06743546869786,2.90036259204249,2.77409955209287,-1.06743546869786,2.8174499783972,-1.06743546869786,-1.06743546869786,-1.06743546869786,2.39755812962511
(2R)-1-(Octanoyloxy)-3-(phosphonooxy)-2-propanyl tridecanoate,-0.432533164843537,-0.371402831743616,1.79386870200818,-0.403361384579119,0.0175777148937818,0.576572182223948,1.70125657767738,-0.361088001687673,-0.411333385443765,-0.409241817063218,-0.435848009948234,-0.543836105199767,-0.937403546979057,-0.593333230469479,-0.684512742264667,2.26698740447055,0.647700622828245,-0.647398241396354,-0.547413934146739,0.259953273410079,-0.485210081746958
"(2R)-1-{[(2-Aminoethoxy)(hydroxy)phosphoryl]oxy}-3-hydroxy-2-propanyl (9Z,12Z,15Z)-9,12,15-octadecatrienoate",0.364161353977069,0.389917289103839,0.250421205398489,0.437909931606706,0.390421672520423,0.416127306846227,0.518649171718017,0.608965512970359,0.691215487164901,0.394203977700778,0.888007444119916,-0.49277506898732,-1.73950533204935,-0.350869431714913,-1.05332333188871,0.632179014550617,0.229896652113225,-1.43245022475513,-0.265856011534526,-0.947814537789415,0.0705179189288179
"(2R)-2,3-Dihydroxypropanoic acid",1.21730290570964,1.09513237434248,1.23933944366553,1.20369209297281,1.19536266830056,1.05455943119974,1.33355767054471,1.17920613544223,1.01653632980063,1.06447967556786,0.99421344007476,0.748727818253422,0.418863881243934,-3.22113933400288,-3.22113933400288,0.931266171043496,0.995882734134483,-3.22113933400288,-3.22113933400288,0.417573897718061,-3.22113933400288
(2R)-2-(Acryloyloxy)-3-(hexadecyloxy)propyl 2-(trimethylammonio)ethyl phosphate,-1.51546126805195,-0.610956061574033,-0.100877720184444,-0.551777499325675,-0.450299579711831,0.556923230083326,0.0244775441815242,-0.407523975273649,-0.202208480712279,-0.38840489251311,-1.79137829683461,0.602470437711715,0.562952537679265,0.414741667649312,0.419252165322692,0.205124418982806,0.0563117488681361,1.42383771419593,0.816949853182937,0.879929974687,0.0559164816369428
(2R)-2-Hydroxy-3-(phosphonooxy)propyl (11Z)-11-icosenoate,-0.397309631951356,1.19143433670506,0.309974923391895,1.91066770811358,-0.515997699810852,1.05262651741254,0.512320548282966,1.02259157077343,0.869735259111153,-0.717089048470867,-0.653026674353503,-0.745997842575852,-0.929539220261913,-0.12136733255007,-0.419588646533479,0.591309709622703,-0.189353082615085,-0.66506854841067,-0.768177790026555,-1.03432785750452,-0.30381719834863
(2R)-2-Hydroxy-3-(phosphonooxy)propyl (9Z)-9-nonadecenoate,-0.538501853769508,0.0461054271235611,0.63194765684835,0.703697280949253,0.270544783960407,0.415087388680361,0.779732516889051,1.26686138010286,1.19623114923462,0.469125327440093,0.665641496401592,-0.710862871641007,-1.13021889920037,-0.713644832657639,-1.05257616511336,0.938676668530427,0.471557244816088,-0.953206686406385,-0.788725647003336,-1.24151935169834,-0.725952013486691
"(2R)-2-Hydroxy-3-[(hydroxy{[(1S,2R,3R,4S,5S,6R)-2,3,4,5,6-pentahydroxycyclohexyl]oxy}phosphoryl)oxy]propyl palmitate",0.975237457617587,0.87927057955659,-0.060094729735651,0.198669247267754,0.315792174473902,-0.477147508218251,-0.328784673496889,0.563436678619028,0.780111086405836,0.171208499768723,0.07613908945887,-0.51817982083245,-1.18134337569776,0.33106211513548,-0.577871428655794,-0.37074351126374,-0.287560051208442,-0.878674043637924,-0.0552886263749091,-0.503582148435019,0.948342989253056
(2R)-2-[(5-Oxopentanoyl)oxy]-3-(phosphonooxy)propyl palmitate,0.229775451841664,0.442835092062086,0.222810879743041,0.452058608978769,0.0390662201612223,0.400164908482516,0.297717519592729,0.611458344861168,0.802125172691836,0.839714919634868,0.728133887601295,-0.845059652162919,-0.993507262400325,-0.671654945662562,-1.07197976688588,0.244608225419493,0.114583657026982,-0.496150579954789,-0.355949711748275,-0.454031402229081,-0.536719567053858
(2R)-3-(Hexadecyloxy)-2-hydroxypropyl methyl hydrogen phosphate,0.0179400206493636,0.756136044280558,-0.60818472548773,0.104646781911382,0.710474246879792,0.847303085174136,0.961596806882658,0.48786210933549,0.299501737494535,0.273147677400352,0.91238026128671,-0.72577426099765,-1.15705568424656,-0.728808878775025,-1.09625187064448,0.760878592977512,0.565409825671976,0.217930911062042,-0.686618211383109,-1.18591367595932,-0.726600793512634
"(2R)-3-({[(2S)-2,3-Dihydroxypropoxy](hydroxy)phosphoryl}oxy)-2-hydroxypropyl (11Z)-11-icosenoate",-0.953138456270224,-0.953138456270224,-0.953138456270224,-0.953138456270224,-0.953138456270224,-0.953138456270224,-0.953138456270224,-0.953138456270224,-0.953138456270224,-0.953138456270224,-0.953138456270224,3.30385105045488,-0.953138456270224,3.26217463615999,3.15824192648831,-0.953138456270224,3.06100531011168,-0.953138456270224,2.4649423771087,-0.953138456270224,-0.953138456270224
"(2R)-3-({[(2S)-2,3-Dihydroxypropoxy](hydroxy)phosphoryl}oxy)-2-hydroxypropyl (13Z,16Z)-13,16-docosadienoate",-1.06996114749153,-1.06996114749153,-1.06996114749153,-1.06996114749153,-1.06996114749153,-1.06996114749153,-1.06996114749153,-1.06996114749153,-1.06996114749153,-1.06996114749153,-1.06996114749153,2.73210169563231,-1.06996114749153,3.01996211070869,2.88758833007015,-1.06996114749153,2.68529403892757,-1.06996114749153,2.18782546593161,-1.06996114749153,2.53664557110265
"(2R)-3-({[(2S)-2,3-Dihydroxypropoxy](hydroxy)phosphoryl}oxy)-2-hydroxypropyl (5Z,8Z,11Z,14Z)-5,8,11,14-icosatetraenoate",0.199207436701883,0.783955549216927,-0.0619866657984616,0.835792064503338,0.629842555853568,0.178571584679014,0.6368890881436,0.829014566179226,0.716288762966547,0.961743907602172,0.769999363835104,-0.814106499148407,-1.13485534457616,-1.65021985998205,-0.629243520896115,0.351438984343916,0.171006149710858,-1.44840234341444,-1.23479938724384,0.397854876683131,-0.487991269359794
"(2R)-3-({[(2S)-2,3-Dihydroxypropoxy](hydroxy)phosphoryl}oxy)-2-hydroxypropyl (6Z,9Z,12Z)-6,9,12-octadecatrienoate",0.465469550503317,0.755191375047236,0.885772360092803,0.942761268366159,0.99165823733035,0.948199018455091,0.929099413839585,0.960253389603866,0.563612415799723,0.648543550562428,0.996933231843641,-1.25856784375067,-1.40708154496746,-1.61329243091316,-1.31395450906753,0.802710148566617,0.900531922642283,-1.00255104684268,-1.19278193604877,-1.45430418972822,-1.54820238133458
"(2R)-3-({[(2S)-2,3-Dihydroxypropoxy](hydroxy)phosphoryl}oxy)-2-hydroxypropyl (9Z)-9-pentadecenoate",-2.30554502575039,1.00152833434318,-2.30554502575039,1.03762486038123,1.55807377941249,0.264180327189553,1.61644417571222,1.3024269449904,1.13735110176485,1.19804736217652,1.82738960855562,0.773616685383143,-2.30554502575039,-2.30554502575039,-2.30554502575039,1.03340537661792,1.27345298637021,-2.30554502575039,0.94541838138604,-2.30554502575039,1.16985525596935
"(2R)-3-({[(2S)-2,3-Dihydroxypropoxy](hydroxy)phosphoryl}oxy)-2-hydroxypropyl (9Z,12Z,15Z)-9,12,15-octadecatrienoate",0.40036957931638,0.702993968514278,0.553031268917358,0.625364243422357,0.251476403086974,0.651009978581015,0.496338428126261,0.75634542168733,1.01546192587148,0.875714943482501,0.9219393601529,-1.19957652150395,-2.58027198603343,-0.106541897124611,-1.58564489846527,0.597586582982637,0.422887820534085,-0.695766455921506,-0.218399499487757,-1.74471584005505,-0.139602826083974
"(2R)-3-({[(2S)-2,3-Dihydroxypropoxy](hydroxy)phosphoryl}oxy)-2-hydroxypropyl palmitate",0.960564418215181,0.93269271268912,0.826266776851029,1.01936853558617,0.954195610304263,0.919843023939791,1.32090297671268,1.22183806057642,1.07418742510295,1.05255874286916,1.10734061746847,-3.135726283273,-3.135726283273,-3.135726283273,0.763100608577196,1.07841085096907,1.11463177843568,-3.135726283273,0.646577960516323,0.686151317551497,-3.135726283273
(2R)-3-[(1Z)-1-Heptadecen-1-yloxy]-2-hydroxypropyl 2-(trimethylammonio)ethyl phosphate,-1.66018603630135,-0.418911845258975,0.337645151110992,0.0384049901889201,-0.0971645980979191,-0.136946444108879,0.0673757619295829,0.0965767680918883,-0.6076731227359,-0.69560791532136,-1.0498897319475,0.75521421327631,0.313998964627029,0.544803580143266,-0.149631008538808,0.263453421698254,0.270521497176062,1.00556703888411,0.743737842044552,0.535135864144337,-0.156424391004612
(2R)-3-{[(2-Aminoethoxy)(hydroxy)phosphoryl]oxy}-2-hydroxypropyl (9Z)-9-hexadecenoate,-0.0392033453766811,-0.297536175370846,-0.437574243977866,-0.508350817561241,-0.631458537262637,-0.544650566301621,-0.479681688169043,-0.414032503777258,-0.404702447466223,-0.123977923010097,-0.198994758654206,0.60796772292021,0.875817677351692,0.524917456020126,1.01002927151752,-0.594696976555105,-0.718715661160586,0.32861387244341,0.726004186468985,0.389598482769156,0.930626975152279
"(2R,5R)-2-Benzyl-5-(hydroxymethyl)-2,5-dihydro-2,3,5,6-pyrazinetetrol",-0.0120030030075058,0.171531566715128,-0.0388472016238259,0.236254511261436,-0.0673822840513517,1.22319525060527,1.31152265389425,0.144975415577026,1.21939364584111,0.844481717972725,1.1813448449353,0.530304665215671,-2.68005519593551,0.790226093308598,-1.73795613518322,1.61838783414328,-0.251548217751709,-0.691095502892431,0.621848319333545,-0.99647607201772,-3.41810290634006
"(2R,5R)-5-Hydroxy-2-hexanyl 3,6-dideoxy-α-L-arabino-hexopyranoside",0.522230675538536,0.685163793932143,0.500657318575121,0.638438193277791,0.639704163732462,0.640603495293523,0.431886041841255,0.533252885800201,0.766865598519821,0.860808080132948,0.777735083577187,-0.55263207118858,-1.9439831494707,-0.327008796433497,-1.56516189736857,0.534289926592375,0.735136992726967,-1.58961460263546,-1.61538846445125,-0.784778622337294,0.111795354345042
"(2S)-2,3-Dihydroxypropyl (2R)-3-(hexadecyloxy)-2-hydroxypropyl hydrogen phosphate",0.629650595725291,1.14154756106819,0.441792089040071,0.685102605839116,-0.46441577392058,0.628668167412741,1.01760312487896,0.944480817468371,0.741741941619874,0.581094600654467,0.897288414643737,-0.783684216651315,-1.44127879828091,-1.05556982930967,-1.51634039882245,0.726504440312599,0.405370166076104,-0.791313969142217,-0.74342578787105,-1.22401776704077,-0.820797983700558
"(2S)-2-(3,4-Dihydroxyphenyl)-7-hydroxy-3,4-dihydro-2H-chromen-5-yl (2ξ)-2-O-[(2E)-3-(3,4-dihydroxyphenyl)-2-propenoyl]-β-D-threo-pentopyranoside",-0.991577097553411,-0.531556589252238,-0.255554528500281,-0.296401196297794,-0.398151707796204,-0.377386169637712,-0.24135076118206,-0.441135233875372,-0.652422263409825,-0.546425219178109,-0.250036082005262,0.55294248232754,1.03166994080076,1.30561734370658,1.46376531166014,-0.339577325382584,-0.357379827321441,-0.480553981641137,0.531339897652493,-0.144091391570639,1.41826439845653
(2S)-2-Hydroxy-3-(stearoyloxy)propyl 6-deoxy-6-sulfo-α-D-glucopyranoside,-1.2019967052821,-0.83230539010839,-0.609917899934436,-0.694270614086544,-0.711207376211423,-0.59796537799227,-0.682804896728626,-0.597272265786763,-0.80857215203564,-0.768714507270734,-0.528354044972193,0.950665942330572,1.25323496338198,1.26380987419402,1.45348757512243,-0.769509028726423,-0.51827370698023,1.14475644917443,1.12638520568894,1.0558890001067,1.07293495611665
(2S)-2-Isopropyl-3-oxosuccinic acid,0.0696598423464604,0.354798992398292,-0.253270668846323,0.345443240013875,0.0811898251943885,0.170264071001829,0.206121295428609,0.0784173456072128,0.340878152523357,0.467798479283606,0.679008458980253,0.375541702471452,-0.0363243696933556,-0.0653271120006862,-0.577836684975509,0.327408317360535,0.257304854955445,-0.863224686510133,-0.779491086558056,-0.896345056034777,-0.282014912946444
(2S)-2-{[6-O-(β-D-Galactopyranosyl)-β-D-galactopyranosyl]oxy}undecanoic acid,0.122404845841708,-1.33489510539942,-0.836731433605985,-0.967276644235237,-0.198384392732327,0.400869419360554,-0.0311435351679247,-0.801957868039322,-0.659429149718857,-1.05002378853741,-0.957084461225849,1.43801494688792,0.723327047034444,1.13088216445926,0.119555953417503,0.0191670324981139,-0.681392135294635,0.966062415775428,0.969677059766378,0.66551112412805,0.962846504787603
"(2S)-3-(β-D-Galactopyranosyloxy)-2-hydroxypropyl (3Z,6Z,9Z,12Z,15Z)-3,6,9,12,15-octadecapentaenoate",-0.414907064812038,-0.708634133933118,-0.527803147904271,-0.351133445061539,-1.18597875591302,-0.189176392402754,-1.24073890622902,-0.262435796023299,-0.557203130709417,-0.445987291746546,-0.282684953400435,0.9675984955154,-0.0249560452442068,0.780942044550411,-0.377115758538816,-0.321815170251709,-0.565992520649711,1.80436621950623,1.32673353376544,1.17291911283396,1.40400310664845
"(2S)-3-Hydroxy-1,2-propanediyl dibutanoate",0.675192109016797,0.723089147044662,0.590208587412852,0.820896786079901,0.741432556815571,0.723394156693492,0.807272310753124,0.808527969949498,0.870519416549978,0.983944341319321,1.06071426861479,-0.648390647425178,-1.78763014528882,-0.85281379958868,-1.72131177640362,0.666243033590589,0.790729710148167,-1.40811121532832,-1.32567928829577,-1.08053820249281,-1.43768931916552
"(2S)-3-Hydroxy-2-({[(3S,4S,5R)-2,3,4-trihydroxy-5-(hydroxymethyl)tetrahydro-2-furanyl]methyl}amino)butanoic acid (non-preferred name)",0.091177995456351,-0.463514804284617,-0.849739737725379,-0.541845458092047,-0.643305196302733,-0.0400169563642497,-0.352747206930541,-0.841360247474948,-0.282215395888745,-0.123540786917335,-0.520668466852859,1.2529127165326,1.00508146157054,1.09457371803502,-0.91119479517182,-0.00609518513966494,-0.293442598745342,1.19119441803886,1.18193278322906,1.17385370009553,-1.12103995706772
"(2S)-3-Methyl-2-({[(3S,4S,5R)-2,3,4-trihydroxy-5-(hydroxymethyl)tetrahydro-2-furanyl]methyl}amino)butanoic acid (non-preferred name)",-0.532732540701989,-0.432611400825871,-0.914878654252028,-0.509680395352144,-0.675366263282028,-0.825138763725088,-1.11252079811852,-0.497817958851083,-0.680447635018973,-0.469932652576458,-0.0345096452470159,1.22617686342295,0.958114715269497,1.20832109084485,1.01195148274404,-0.917369482809032,-1.17364589702732,1.06440021283953,1.20057634816161,1.0323185156806,1.07479285882446
"(2S)-3-Phenyl-2-({[(3S,4S,5R)-2,3,4-trihydroxy-5-(hydroxymethyl)tetrahydro-2-furanyl]methyl}amino)propanoic acid (non-preferred name)",-0.895121674660215,-0.676627675280295,-0.714704886661213,-0.492168366091653,-0.564694843297866,-1.09397179419186,-0.768077509123277,-0.752986587087075,-0.727423675231364,-0.996183088976213,-0.938086409713424,1.3293747391209,1.00033703186906,1.57805830848361,1.14116925573694,-1.05570295099545,-1.05142325994584,1.32912957869503,1.57394564961766,1.25739144510385,1.51776671262867
"(2S)-3-{[(4Z)-2-Methoxy-4-hexadecen-1-yl]oxy}-1,2-propanediol",0.404095227378211,0.452732554561018,0.305080422586385,0.684230676006015,0.519088116188337,0.62156855055215,0.339288890004504,0.564527159232326,0.67177927533589,0.861393428431167,0.60709519101092,-0.434807724869373,-2.55282332348979,-0.161568173747401,-0.940935525984731,0.506597061635559,0.641147139049125,-1.19219879202419,-0.466121868904193,-1.35141202684461,-0.0787562561073415
"(2S)-4-Methyl-2-({[(3S,4S,5R)-2,3,4-trihydroxy-5-(hydroxymethyl)tetrahydro-2-furanyl]methyl}amino)pentanoic acid (non-preferred name)",-1.18942833416754,-0.467968818396839,-1.07565082392648,-0.287534845110071,-0.703879422904889,-1.13916759479649,-0.496524665221436,-0.785825051663692,-1.03988339185918,-1.05206120076518,-0.358284725581141,1.35105178103632,1.1076051879731,1.41786527896717,1.20688434113307,-1.22435124175308,-0.627482162998397,1.30152492934438,1.47171062213179,1.24560350702325,1.34579663153531
"(2S,3R)-N-(1-Hydroxy-2-propanyl)-2-methyl-3-pentadecyl-2-oxiranecarboxamide",0.0601795716423294,0.650575591940606,0.309918826773098,0.472896332793848,0.40886952864152,0.875438764585634,0.337223689155419,0.639878973398042,0.727851476156674,0.895037017030588,0.511253089128909,-1.01988645014926,-1.28292495625864,-0.367220002074328,-1.19440559413498,0.903205515420712,0.0151483470778474,-1.12475887333764,-0.592177349915207,-1.10681126680871,-0.119292231066402
"(2S,3R,4R,5S,6E,14R)-2-Amino-3,4,5,14-tetrahydroxy-6-icosenoic acid",0.412477614747901,0.551416050775612,0.429057627304055,0.809541758568413,0.634542780804045,0.573779759709302,0.425007478687836,0.581523257360988,0.655396461259924,0.61441694532366,0.781175085766654,-0.813717399334789,-1.85246629701839,-0.560444420931547,-1.46505841710552,0.780935320939589,0.699418195848133,-0.793719759062676,-0.951326766685095,-0.908368106032699,-0.603587170925401
"(2S,3S)-2,3-dihydro-3-hydroxyanthranilic acid zwitterion",0.144325372937366,0.25172115828364,-0.051302875668915,0.367575062840523,0.12155312475018,0.417860301711117,0.282182447872218,0.0386489864814729,0.385690061996761,0.396123808497883,0.479539367398573,-0.196731484097025,-0.946872405578684,-0.17901387628745,-0.596850663736964,0.495632972812157,0.180994272350821,-0.789295341622324,-0.370408354508422,-0.213002264213669,-0.218369672219256
"(2S,3S,4R,5R)-5-(6-aminopurin-9-yl)-3,4-dihydroxyoxolane-2-carboxamide",0.500089695103098,0.2514861653891,0.0785626955139043,0.136986213812688,-0.441656445102563,-1.38045402380267,-0.169605427298758,-0.10278224770719,-0.179821888425368,-0.133839874388879,0.00243953072418354,1.36384583335867,1.31727524930512,1.2784538578592,1.17043625759853,-1.30377207306287,-0.574138068271214,1.46183500805396,0.666085153440381,-4.24648072825732,0.305055116157974
"(2S,3S,4S,5R,6S)-6-(Hydroxymethyl)-5-{[(2R,3S,4S,5R,6S)-3,4,5-trihydroxy-6-(hydroxymethyl)-5-{[(2R,3S,4R,5R,6S)-3,4,5-trihydroxy-6-(hydroxymethyl)tetrahydro-2H-pyran-2-yl]oxy}tetrahydro-2H-pyran-2-yl]
oxy}tetrahydro-2H-pyran-2,3,4,5-tetrol",0.212598070390876,0.608802471830124,0.448271385345867,0.860017593273871,0.99724385952583,0.914433627856572,0.821386423881469,0.623896080979427,0.304506304526617,0.865692878967631,0.777952274564526,-1.02004205941271,-1.21184914334702,-1.39999711555493,-1.45510578197705,0.795478047071256,1.0545932945473,-0.708300171975373,-0.942648545029471,-1.22040008027482,-1.32652941518996
"(2S,3S,4bS,6aS,12bS,12cR,14aS)-2-(2-Hydroxy-2-propanyl)-12b,12c-dimethyl-2,3,5,6,6a,7,12,12b,12c,13,14,14a-dodecahydro-4bH-chromeno[5′,6′:6,7]indeno[1,2-b]indole-3,4b-diol",0.615779106738182,0.772388102949011,0.445186426578941,0.873889791076903,1.16960538056,0.901986645193877,0.950774411310741,0.203323185986819,1.01261417981531,0.777820158904803,1.03237109403954,0.312164265503784,-1.55884281799488,-1.47116742516463,-2.27348383578636,0.297121633454915,0.734740413515461,-1.11732828150758,-1.03424787976259,-1.32632063484048,-1.31837392057176
"(2Z,4E)-2,4-Octadien-1-ol",0.591879070621354,0.646871770774723,0.501786069253465,0.570005183182738,0.603693427846007,0.54473087312334,0.723922967716152,0.603496484599299,0.698389585528631,0.754245913599674,1.01562016784489,-0.492546593653842,-0.653865404812321,-0.469876913056952,-0.277658516223661,0.349837807470231,0.648209135178687,-0.790203276618915,-0.851591322762673,-4.88123478823829,0.164288358627462
"(2α,3β,5ξ,6β,9ξ)-2,3,6,23-Tetrahydroxyurs-12-en-28-oic acid",0.70292855635335,1.05194197388079,0.143041551750239,0.889197722956201,1.1047000422103,0.594010802465402,0.653156735495983,0.342020248876047,0.255530289081177,0.810925938713951,1.06208645600302,-1.24352498493849,-1.63567787408959,-1.4188516914651,-1.64723202836358,0.422407988312854,0.814226639192536,-0.458520882359545,-0.646171761920501,-0.865510960226668,-0.930684761928382
"(2β,3β,4β,5α,16β)-3,4,16-Trihydroxypregn-20-en-2-yl hydrogen sulfate",0.59298299064367,0.941032718868787,0.424470055256078,0.671092152978061,0.787831053661692,0.707037914581772,0.240014574005322,1.10956763755003,0.568579272204398,0.691646761652991,0.572105306400476,-1.03570722875988,-1.4598146879126,-0.512283513770421,-2.03101759397339,0.637685615521307,0.705493132847271,-1.60343216050792,-0.234320384225662,-1.54424227102069,-0.228721346001279
"(2β,3β,5β,11α,22R)-2,3,11,14,20,22-Hexahydroxy-6-oxocholest-7-en-25-yl acetate",-0.0417269201694762,-0.070686049604572,-1.14658125122747,-0.078238579893104,-0.194084826362371,-0.773650675015952,-1.20422343051728,0.374720297781113,0.182792250252087,-0.525148988266321,-0.675775801617673,0.773829813178029,0.195623015702524,1.37958724914655,0.760550657578276,-0.651088692164373,-0.948860263370096,-0.517722858119291,1.09082063040625,0.745866921610357,1.32399750067279
"(2β,3β,5β,22R)-2,14,22-Trihydroxy-6-oxocholest-7-en-3-yl β-D-glucopyranoside",-1.49472120095241,-0.411628784734577,-0.648403927793777,0.0581873612927663,-0.476524688426593,-0.542820921755814,-0.338462694093582,-0.0258417224222967,-0.295539276504593,-0.197405963648553,-0.36342424450321,0.618508802466899,0.552022406981055,1.42734044632509,0.48962874891638,-0.715923422024699,-0.502421814917469,0.359791515022112,1.13412308928207,0.586250324014328,0.787265967476898
"(2β,3β,5β,22R)-2,20,22-Trihydroxy-6-oxocholesta-7,14-dien-3-yl β-D-glucopyranoside",-0.943629950654017,-0.961897469190127,-0.505363436168395,-0.624999553929405,-0.469939035319476,-0.621428954857073,-0.807787958731996,-0.473495739501,-0.922847333696375,-0.700831859109707,-0.615659088546504,1.1509203089366,1.06959391150272,1.30234178802452,1.15552684263324,-0.731138414198819,-0.363005120976098,0.128029958095926,1.47678107046635,1.22966321824466,1.22916681697496
"(2β,3β,5β,22R)-2,3,14,20,25-Pentahydroxy-6-oxocholest-7-en-22-yl (3R)-3-hydroxybutanoate",-0.421524172425134,-0.0327349958803714,-0.860770184210077,-0.0661684696618763,-0.332874384453929,-1.42738132437499,-0.703980868044155,0.181624067282083,-0.115332868273704,-0.116865025041454,-0.231563958050673,0.71410421165374,0.733099297841322,1.03873991052107,0.502848806940506,-0.608273973376269,-0.617257858034676,-0.0529985471416425,0.937067234972507,0.532181413569169,0.948061686188551
"(3,4-Dihydroxyphenyl)(hydroxy)acetonitrile",0.359984776462574,0.393924524197669,0.684607797867302,-0.177523610051161,0.119515595587192,0.449488614306226,0.750415370444974,0.747607967996801,0.369801981679446,0.29643554314747,0.355838323991369,0.06114792451462,-0.194389811693171,0.492212730409418,-1.19726937558658,0.734300132138302,0.403244634804462,0.18974654936931,0.166385516841775,0.0700751176493031,-5.07555030407729
(3E)-4-(pyridin-3-yl)but-3-enoic acid,0.123859266579652,0.660047108109369,0.294783579900724,0.656356144289244,0.443813957848364,0.507239592261789,0.209899284286086,0.572846633197135,0.614312411481451,0.496902040664497,0.484385323383847,0.201436148016356,-1.37325906984769,-0.479278937171379,-1.06739054032832,0.754978032732684,0.518861073419196,-1.49627499987455,-0.879570875431331,-0.443024239206232,-0.800921934310894
"(3R,4R)-4-(3,4-Dihydroxybenzyl)-3-(3-hydroxybenzyl)dihydro-2(3H)-furanone",-0.334866904508669,0.405584063321581,0.636126250485453,0.76614693770317,0.68688365343065,1.13420737295992,0.947366927825683,0.651493771708126,1.21864070336927,1.27723009360955,1.12928095471171,-0.82874568359081,-1.66085181660389,-1.65327788413115,-1.73468460466937,1.03243427272434,1.06179186661447,-0.969553546672959,-1.13589740496565,-1.27208427383413,-1.35722474948729
(3S)-3-{(Z)-[(3S)-3-{(Z)-[(3R)-3-Amino-1-hydroxy-4-methylpentylidene]amino}-1-hydroxybutylidene]amino}-5-methylhexanoic acid,-0.452876621386446,0.533482992956309,0.494465173637457,-0.182673104782222,0.245615606118978,1.15161261201677,1.10703185332748,-0.351091754173204,1.34583527430481,0.988524224715428,1.50927035685029,-0.836586058606454,-1.22161925599517,-1.44090751283199,-1.19395448180302,1.06559222756091,0.853209933920599,-1.09252097136059,-0.220432186997485,-1.15943994721375,-1.14253836025869
(3S)-3-{[(3S)-3-Aminobutanoyl]amino}-5-methylhexanoic acid,-1.19657948654448,1.3313964770781,0.297810141657928,0.733058844159712,0.950623088775105,0.377754228051123,1.26447631876539,0.47810699628384,0.771927774110596,0.593141088007065,1.57001105249521,-0.556807919559905,-1.38975044419739,-1.64619231030833,-0.895102541650828,0.984482785388908,0.769729138208385,-0.982810783757021,-1.01254593262746,-1.05864621290741,-1.38408230142852
"(3S,5S,6S,8R,9S,10R,13R,14S,15R,17R)-17-[(2R,3E)-7-Hydroxy-5-methyl-3-hepten-2-yl]-10,13-dimethylhexadecahydro-1H-cyclopenta[a]phenanthrene-3,4,6,15-tetrol",0.437198583967919,0.577275844059124,0.040422075778863,1.00746155820895,0.733122405855297,0.797982492598371,0.591012203587161,0.60622885926184,0.775715900055867,1.14611672871434,1.05988216633015,-0.222170868988233,-4.0170292165307,-0.783452966187363,-0.859949998461634,0.801032579833742,0.772628883683091,-0.764866610169436,-0.792489020655969,-1.31233558831156,-0.593786012629838
"(3S,7R,11R)-3,7,11,15-Tetramethyl-2-oxohexadecanoic acid",1.52946833899728,1.62903364806397,0.0363520225702237,1.49510194920088,1.35878504816125,-2.02941020995023,1.40632409893803,1.21065962901893,1.51486249549871,1.50027938470277,1.51636766989439,-2.02941020995023,-2.02941020995023,-2.02941020995023,-2.02941020995023,1.2959074741467,1.30583039396637,-2.02941020995023,-2.02941020995023,0.436309526442357,-2.02941020995023
(3Z)-3-Dodecenedioic acid,0.877242498937504,0.996419917308902,0.82687271280104,1.10484198902815,0.942132642882739,0.76287665580108,0.895933159040533,0.999060218965195,0.909746767438168,0.857854278893441,0.990265140993284,0.138678660487288,-0.469788122809551,0.106199758741649,0.158386635596448,0.612869246118612,0.857804216599573,-3.68170734395366,-0.522274344963076,-3.68170734395366,-3.68170734395366
"(3aR,4R,5R,6aS)-5-Hydroxy-4-[(1E,3S)-3-hydroxyoct-1-en-1-yl]hexahydro-2H-cyclopenta[b]furan-2-one",1.20511973720545,1.3182589044256,1.01896826033851,1.11770709505915,1.18350957195066,0.816539800004328,1.0695926339985,1.14014946640165,1.15682111210956,1.00411774767881,1.26706785532453,-2.7529422472627,-2.7529422472627,-2.7529422472627,-2.7529422472627,0.71503914550451,1.17743202072943,0.0608989355593635,-0.0748874523006737,-0.4116235976759,-2.7529422472627
"(3α,4α,5β,11β,12β)-4,11,12-Trihydroxycholestane-3,21-diyl bis(hydrogen sulfate)",-0.0367470191698192,0.270863287142858,-0.176591609060236,0.590626036065843,0.258433446162605,0.348395443260698,0.184006944025553,0.228437792777041,0.350345259721099,0.588795653477136,0.602010924588545,0.232533699565826,-1.30917507497988,0.263271232527326,-0.840542269206174,0.197885737013054,0.420368667567119,-0.492102579128888,-0.655336642692534,-1.13092704846276,0.10544811880566
"(3α,4β,8α)-4,15-Diacetoxy-3-hydroxy-12,13-epoxytrichothec-9-en-8-yl butyrate",-0.0015564084832213,-0.504557219987743,-0.284767348711185,0.041583521262353,-0.988706030053842,0.260934747355049,-1.07231246941437,0.190538071150158,-0.355259651101374,-0.166228299701398,0.11591538232933,0.58207584611693,0.311563614557087,0.202010248623142,0.0404417382924402,-0.010010138599726,-0.222738405302848,0.0323965391140912,0.440455137123013,1.67859572755418,-0.290374602122028
"(3α,5α,7α)-3,7,8-Trihydroxycholestan-27-yl hydrogen sulfate",0.24856879009729,0.370294446081351,0.366670083799011,0.378894230107377,0.38388463455751,0.400313710635189,0.323489358847913,0.493284687072892,0.462485293092626,0.497455988211371,0.510625550416375,0.115784493173343,-5.19090593681495,0.00674349589851994,-0.225504095005039,0.441274584895781,0.47843359826772,0.261385293708963,-0.396360642504968,0.128061418625519,-0.0548789831637969
"(3α,5α,7β,12α)-3,7,12-Trihydroxy-6-oxocholan-24-oic acid",0.792931377471828,0.413336510816908,0.515181028674293,0.559144132883453,0.484260229091151,0.430825939768178,0.796297089285429,0.543134579316432,0.0761612545629286,0.473999133279276,0.81845661619679,0.163696373603968,-0.25721567590777,-0.362020600473948,-0.905898588005948,0.410927818501564,0.615690717936126,-1.18408939839794,-1.43611539718703,-1.4922685716616,-1.45643456975406
"(3α,5β,11β)-3,11,17,21-Tetrahydroxy-20-oxopregnan-18-al",-1.17031552721465,-0.997963842512924,-0.164813850956395,-0.381715100086085,-0.651501525960993,-1.10819807888407,-1.11599021673324,0.262327495047351,-0.55100033561991,-0.00905188537848283,-0.813577834362446,1.86760478732311,1.43249642390228,0.499125955423602,0.805388331409225,-0.850499307087755,-0.0583763754763812,1.5655560094067,1.14756817338816,0.701179062152016,-0.408242357779117
"(3α,5β,7α)-3,7-Dihydroxy-11-oxocholan-24-oic acid",0.540018598209898,0.545667858322559,0.723657692967143,0.783879815825947,0.733856368687735,0.745766815608344,0.717167430637657,0.737024219664881,0.493730901514828,0.689256757065607,0.994241271763782,-0.160827300444841,-1.32035469861064,-1.57560210534682,-1.62550235095495,0.518934344887394,0.834583036735401,-0.769207491625932,-0.991886567910028,-1.22360758536606,-1.39079701163189
"(3α,5β,7α,12α,24E)-3,7,12-Trihydroxycholest-24-en-26-oic acid",0.173781952472271,1.39931487371948,1.18569149207041,1.25267258120655,1.27170687740928,1.07955560567375,1.01961597806877,1.44207476164584,1.03512721507198,1.16024727092712,1.00709887542105,-2.80327569357312,-2.80327569357312,-2.80327569357312,-2.80327569357312,0.466479645472109,0.785424904758183,-0.0105968607523888,-0.204883551537397,-0.330699784662644,-1.51950906267189
"(3β,22E)-20,25-Dihydroxy-24-oxocholesta-5,22-dien-3-yl acetate",0.395027510754064,0.564123672141193,0.4404483846129,0.60643638343692,0.760307201172065,0.605759019399697,0.259433263328874,0.675210108861442,0.960713351321778,0.77970901916016,0.563919546025632,-0.179544615845851,-1.33319171839094,-0.237999706170677,-1.78976981398863,0.878946440012998,0.717819269173208,-1.54680630713796,-0.679761058215821,-2.00847491245693,-0.432305037194109
"(3β,22R,25R)-3,22-Dihydroxyfurost-5-en-26-yl β-D-erythro-hexopyranoside",-1.25398308773153,-0.906975172363489,-0.812140635527784,-0.819890802781784,-1.0513940163532,-0.849152561285071,-0.807546117064259,-1.05557492241086,-0.880200131372319,-0.813220164364228,-0.572005880152243,1.48403156788452,1.44560502228364,1.22315881853662,1.52341400605472,-0.776537046024904,-0.820261109363755,1.49444136924384,1.46270428874576,1.48786306125893,1.29766351278741
"(3β,5α,22E)-3,5,9-Trihydroxyergosta-7,22-dien-6-one",0.637241878338827,0.898027837361114,0.160806676269516,1.01215403088718,-0.121608619437658,0.730195703848188,0.690979446553677,0.538506466074394,0.868038475220142,0.708459897017949,0.165629628241983,-0.791883998311766,-1.03098457591276,-1.2690278582196,-0.665742761617296,0.925410040748025,1.03550655360686,-0.540102549003467,-0.879443486120937,-1.0574488561611,-2.01471392938325
"(3β,5α,6α,23S,25R)-3-(β-D-Glucopyranosyloxy)-23-hydroxyspirostan-6-yl β-D-glucopyranoside",-0.259102289271024,-0.334156267988814,-0.296678355047141,-0.511523527673089,-0.331947615703088,-1.24680562900971,-3.65932966119362,-0.492050280325703,-0.147658203950628,-0.359792505923605,-0.298772698712179,0.520672360967276,1.00452184220379,1.44790253637271,1.292055888825,-0.283025379457919,-0.594053703984856,0.719432632446782,1.3007457638282,1.12853697751567,1.40102811608193
"(3β,5α,6α,7α,14β,22E)-3,7,14-Trihydroxy-5,6-epoxyergosta-8,22-dien-15-one",0.238661499729326,0.716364540636429,0.274581895379537,0.825958533897507,0.495381210498185,0.71235769966154,0.492626874396758,0.992008371957864,0.937761191597118,0.976703627385903,0.794009872061915,-0.507701739357072,-1.8755933700331,-1.41028999491144,-1.4392617078421,0.806504804692089,0.831907018392254,-1.0570740758429,-0.424797637326127,-1.16672637823637,-1.21338223673728
"(3β,5α,9β,12β,15α,16β,24R)-15,16,24-Trihydroxy-4,4,14-trimethyl-23-oxo-3-(β-D-xylopyranosyloxy)-9,19:16,24-dicyclochol-7-en-12-yl acetate",-1.21706250215016,-0.325244439730249,-0.207160583565284,-0.397719460965097,-0.824236522986972,-0.267836675612477,-3.20384014223952,-3.20384014223952,0.795277940179175,-0.122931098199992,-0.120787012640627,0.796625941828295,0.953390673446064,1.4814468318268,1.34772560629598,0.687512765677221,-0.438263117647937,0.0363251052833659,1.34494871206627,1.44127996090327,1.44438816047139
"(3β,5ξ,9ξ)-3-{[2-O-(β-D-Glucopyranosyl)-β-D-glucopyranosyl]oxy}-23-hydroxyolean-12-en-28-oic acid",-0.465753640607536,-0.242964522758597,-0.642040469187945,0.0843958778924497,-0.0196474393488883,-1.11738629006898,-0.373542074417956,0.0729730869098188,0.101194123590745,-0.200419893577301,-1.20497326069199,1.05821416901511,0.739288340699286,0.883083423314666,0.953990608285623,-2.02888453939353,-0.908298145195588,0.845806772210048,0.880665940351349,0.681528701256255,0.902769231722961
"(4Z)-10,12-Dihydroxy-13-isobutyl-1,1,4,7a-tetramethyl-1,1a,2,3,6,7,7a,13,13a,13b-decahydrocyclopropa[3,4]cyclodeca[1,2-b]chromene-9,11-dicarbaldehyde",-0.118017314166845,0.518921771865548,0.23749000992504,0.785777512405921,0.648139933433523,0.700164026043622,0.583065259479638,0.394875601384455,0.857695927922046,0.881441455411994,0.711674393018357,-0.968809898970776,-1.92521575211993,-0.629834739705634,-1.147665829277,0.907070529384279,0.758039678287612,-1.02920916929701,-0.382655234047506,-1.27044344469309,-0.512504716284244
"(4Z)-4-Methyl-6-(3-methyl-1,4-dioxo-1,4-dihydro-2-naphthalenyl)-4-hexenoic acid",0.700563435910076,1.14587668731662,0.645560368570622,0.709123474119218,0.829706845955408,0.837712501952144,0.970098488068621,1.01806679649401,1.03703317129422,1.11654005371753,1.05456111034378,-1.00492818193955,-1.0957168743965,-1.14929252907577,-1.25600462510398,0.777332645404694,0.916002821682585,-1.55581218852103,-1.78571428486719,-1.9300987923429,-1.98061092458259
"(5E)-2,10-Diamino-5-{[(5-amino-5-carboxypentyl)amino]methyl}-5-undecenedioic acid (non-preferred name)",-0.269910370623288,0.751081641023655,-0.760809651445806,0.593428569307626,-0.486038613951535,0.953567070106456,1.52426407705673,0.415643205116041,1.46544711056026,1.25331355784143,1.62312251654324,-0.959993148225203,-1.19907169641373,-1.16023337787968,-1.10642350130211,0.520122050186969,-0.213782072439484,-1.02380316233667,0.0521753302137722,-0.913607575710016,-1.05849195762864
"(5R)-5-[(1S)-1,2-Dihydroxyethyl]-α-D-lyxopyranose",-0.831484976777677,-0.434060116055387,-0.592715027461072,-0.512384327600549,-0.561802028522973,-0.232208304315879,0.0276070709750734,-0.678839039504317,0.0191100223600111,-0.312340487831216,-0.10292700237749,0.754537979191392,0.359934843991927,0.70886209477744,0.528730261245907,-0.32366572006834,-0.404777672451907,0.546657703099015,0.795315516039478,0.583517586320507,0.662931624966059
"(5R)-5-[(3R,5S,7S,8R,9S,10S,13R,14S,17R)-3,7-Dihydroxy-10,13-dimethylhexadecahydro-1H-cyclopenta[a]phenanthren-17-yl]hexanoic acid",0.101438132921369,0.574005923815944,0.143191569164507,0.683763151480575,0.481855852674526,0.433867842158081,0.553069532010108,0.665223170382505,0.490842919146141,0.788424092021921,0.731562147553058,-0.315287281002233,-0.737905945603226,-0.555625766165639,-1.22274812234215,0.71403733110281,0.519877870812887,-0.430056094627763,-0.644455504913761,-1.15880819288786,-1.81627262770176
"(5R,6Z,8E,10E,14Z)-5-Hydroxy-12-oxo-6,8,10,14-icosatetraenedioic acid",0.177361326673891,0.426012218371335,0.0988389549575133,0.543162159007024,0.391768552484356,0.419664522629924,0.304204949281881,0.284249955952244,0.498663091384441,0.530521739074374,0.70958403074087,0.153020639689736,-0.73062763555152,-0.845404226730293,-0.443322280284818,0.555388432093106,0.396919914678743,-0.451684945320015,-0.602032880769262,-0.63396233362382,-1.78232618473969
"(5R,8R,9R,10R,12R,13R,14R,17S)-12-Hydroxy-17-[(2S,4E)-2-hydroxy-6-oxo-4-hepten-2-yl]-4,4,8,10,14-pentamethylhexadecahydro-3H-cyclopenta[a]phenanthren-3-one (non-preferred name)",0.796907312121052,0.893500466985374,0.361605070678363,0.998539134443552,1.03003637892058,0.793446257047188,0.822076333129183,1.10255498806149,0.674900787464028,1.25341866505498,1.20844933679297,-2.24156086660728,-1.73224974520502,-1.03931119787786,-2.43829941543155,0.962931136417836,0.773258055592207,-0.892755035588905,-0.990378856050536,-1.1272028421034,-1.20986596384424
(5Z)-13-carboxytridec-5-enoylcarnitine,-2.43965013292213,-0.468858995853307,-1.55199860103106,-0.231902780935503,-0.372002236258905,-0.644552517835835,-0.405041130151068,-0.267503263557599,-0.226569258750415,-1.2508563607934,-0.0283742154259583,0.848406429147769,1.01979982308362,1.17938484412846,1.05631167985908,-0.302729141599978,-0.255861889066344,1.07583614207908,1.2214433618484,0.90269621568372,1.14202202835135
"(5Z,8Z)-tetradecadienoylcarnitine",0.436982623865645,0.448211640745979,0.100727805365637,0.224392783999211,0.346800560509426,0.421725778420233,0.0193059766957068,0.819672118858652,0.460736640014575,0.665616937965296,0.332200589528226,-1.33920771646522,-1.5364064589742,-0.0310092377347949,-0.228120795580338,0.388249812379843,0.243561681897398,-1.77019790543659,-0.0149016764308787,-0.222630878866111,0.234289719242343
"(5Z,8Z,11Z,14Z)-N,N-Bis(2-hydroxyethyl)-5,8,11,14-icosatetraenamide",0.0426579597828848,0.96926989809883,0.956762547496766,1.01619290313776,-0.158218515297801,1.24602089418706,0.740535481303129,1.12082273508047,1.19505504023074,1.11528313165006,0.922062245670504,-0.50550179239798,-2.83544621136309,-0.0169708118711417,0.231664949926273,1.2502617061857,1.11189275155878,-2.83544621136309,-2.83544621136309,-2.83544621136309,0.103993720710275
"(5Z,9α,11α,13E,15S)-9,11,15-Trihydroxy-N,N-dimethylprosta-5,13-dien-1-amide",-0.373404466100746,0.481373446971919,-0.321130281319063,0.424743787838985,0.188544694521653,0.76274007624332,-0.0965800819983753,0.94676248396964,0.688337020740626,0.748119538149151,0.223864710358309,-0.860103366269562,-0.900931315452852,-0.285743400678622,-0.934569221345429,0.265111651799372,0.617374271699239,-0.195882871531209,-0.0637440932326835,-0.691274802893144,-0.623607781470529
"(5ξ,9ξ)-17-Hydroxykaur-15-en-19-oic acid",-0.498235734019564,-0.614106177679711,-0.438618868980044,0.0136893150686034,0.162599681661388,-1.92163523734152,-0.886079617792815,-0.788157019332673,-0.21280532085915,0.448895512111955,-0.0348251935526887,1.21907741291522,0.739803257880479,0.624875262886796,0.840293316508081,-0.00942651235858494,-0.869686156708798,-0.530850839787304,0.644290508995436,1.38593104660495,0.724971363779974
"(6R,8Z)-6-Hydroxy-3-oxo-8-tetradecenoic acid",0.737660315437051,0.82562793147196,0.58916453257015,0.77268651148806,0.790700056483048,0.549160578659316,0.811401558141428,0.839710033937693,0.649464868015829,0.59040545708864,0.897898631934634,-1.5356631250645,-0.113923851681554,-1.05574519083151,-4.81973365653399,0.369664430676125,0.625734188497499,-0.334437018038459,-0.461740552476506,-0.33169911871886,-0.396336581056014
"(6Z,10E,14E)-3,7,11,15,19-Pentamethyl-6,10,14-icosatrien-1-yl dihydrogen phosphate",0.289599607575446,0.566643389719412,0.219649661228252,0.242662221149876,0.356908258795417,0.60120011236444,0.691409440269061,0.167870837167552,0.698745255278523,0.458846535288043,0.777632557849896,-0.994312814214508,-1.73596478645808,0.19504411379944,-1.50088526252512,0.557844938353557,0.461474137688845,-1.21736056727949,0.0155251729515577,-1.28000468232149,0.42747187331939
"(7Z)-14-hydroxy-10,13-dioxoheptadec-7-enoic acid",0.191054444753249,0.149392090077014,-4.93187300277676,0.251614780306062,0.113539196723202,0.108128414491412,0.156130013814728,0.0150231874145121,0.192591385101775,0.453088034629174,0.187813908739323,0.779834098438549,0.341017850859904,0.38245886018994,0.581508409351391,0.097041757702343,-0.0786294986164608,0.156485486485404,0.22911023070182,0.227383726851387,0.397286624762025
"(8Z,11Z,14Z)-N-[2-(3,4-dihydroxyphenyl)ethyl]icosa-8,11,14-trienamide",-0.419935721910785,0.521848445268755,0.217162850169817,0.631921861049441,0.365091486896312,0.532434145121773,0.195251475980816,0.582850447848282,0.622845167727545,0.679194601396349,0.296948978122997,-0.688205784112683,-1.32572161907958,0.105080005911831,-1.34597229048,0.598761284142709,0.400650956461582,-0.903793035423039,0.141944431536096,-1.13327057388175,-0.0750871127464607
"(8aS,11aS)-5-Methoxy-10,10-dimethyl-2-phenyl-8a,11a-dihydro-4H,8H-furo[2,3-c]pyrano[2,3-f]chromene-4,11(10H)-dione",0.911722467506224,1.00632437385821,0.772570852793196,0.651768743661011,0.878282136139053,-0.533894062550558,0.211848826946196,0.19615959484057,1.47656683792362,0.619958648981664,-0.210483491378768,0.0678696849497916,-0.888610302307228,-2.56058650949658,-0.0407711727057172,0.711206206330245,1.22122758662088,-0.84105941536278,-1.14041855955709,-1.15281217024324,-1.35687027694867
"(9S,10S,11R,12Z)-9,10,11-Trihydroxy-12-octadecenoic acid",0.924133759037701,0.879535987548789,0.742059645906498,0.991624047288695,0.846833892078095,0.771208280955828,0.785311723256832,0.773937142828493,0.87448295099948,0.737600567986733,0.972844176616179,-0.650979930191516,-3.74930259206068,-3.74930259206068,-0.0561682767270245,0.776329756495994,0.692644879789753,-0.73569021704672,-1.01732170258923,-0.636260314299005,-0.173521185814207
"(9Z,12Z)-N-[2-(3,4-Dihydroxyphenyl)ethyl]-9,12-octadecadienamide",-0.242509348975944,0.836674251308928,0.61965572615034,0.932737987398855,0.595080959756722,0.977989396227179,0.651753580429487,0.969183449180897,1.00173648860476,1.00679224210901,0.89617236801694,-0.417860628640366,-3.3164214486115,0.428987721089324,-0.225596688192098,1.0877660715302,0.952948175964897,-3.3164214486115,0.170922732518984,-3.3164214486115,-0.293170138643608
(E)-Isoferulic acid,1.1012074713298,1.17180034011685,1.12280419949845,1.13601695944473,1.05952203554737,0.980010063840245,1.05255695449574,0.95091968450185,1.05606145579952,0.636150177852297,1.06904911103938,0.772701432744975,-2.95275694052496,0.459831602423839,0.395258851962976,0.898961666997197,0.900932695029537,-2.95275694052496,-2.95275694052496,-2.95275694052496,-2.95275694052496
(E)-p-coumaric acid,0.0121776146161099,0.526586369456348,0.29646301012337,0.545058723745145,0.275410243577339,-0.08598387734887,1.24088135774965,-0.0203313914240954,0.0749525676616697,0.240507105145986,0.861397812402122,-0.285459912512833,-0.392374029108088,-0.454863495924174,-0.0939979136925557,-0.365555753542535,0.99233058845393,-2.13927175717272,-0.456953765513168,-0.76197011572949,-0.00900338096312995
(R)-3-Hydroxy myristic acid,0.590435863099179,0.612219361475031,-0.175098496297504,0.457997049632912,0.434390548106664,-0.00584984342879607,0.0760954743422415,0.0717399458678247,0.387891878945808,0.246570306244186,-0.000479602283575067,-1.05956440347957,-0.724634844283149,0.0792491702472524,0.501769371588589,0.0570453677974154,0.0526093669213193,-1.16132617121639,-0.412302903525686,-0.210838288757185,0.182080849003499
(S)-2-hydrazino-3-(4-hydroxy-3-methoxyphenyl)-2-methylpropionic acid,0.179123428619958,0.971496082362268,0.688547961181517,0.597514159842902,0.774205781390845,0.770126018591744,1.0705477732038,0.52823605391572,0.968859784483303,0.65392464923118,0.847428995114049,-0.670478587700714,-2.65188887691091,-0.814613182739413,-1.22675922940212,0.641946076700121,0.716518904651488,-1.74354443762299,-0.630700828651807,-0.98147535714034,-0.689015169120585
(S)-2-methylbutanal,0.940768783519109,0.763628982762005,0.389583097588996,1.03942380697465,-0.0641350661782859,0.859408636971443,1.32997142268334,0.425373168935776,0.368600360775365,0.809249673425569,-0.00245164938670875,-0.679704489612915,-0.191535076472117,-0.739689115420021,-0.518193941606273,0.0873203491902302,0.49034947660639,-1.45666166347764,-1.82552867753243,-1.01582053277382,-1.00995754697265
(S)-malyl α-D-glucosaminide,-1.87881741197242,-0.745911399722761,-0.741563961418789,-0.371030318221868,-0.541496744624233,-0.320251208607997,-0.386862128145935,-0.403987587678002,-0.193209992701718,-0.332686284123499,-0.0422485381380741,0.861588266315452,0.955075915435474,1.07416532249611,0.865385937598503,-0.213372209678559,-0.546257744754189,0.992179065913766,1.04311131330454,-0.00561295840296047,0.931802667127161
(±)-Camphoric acid,0.584075701013869,0.527857636237863,0.562413723603015,0.674250867779133,0.683686830902622,0.618954507258329,0.68489501671966,0.666125554815616,0.75116691119578,0.741387498522947,0.876254306352761,-0.435716202043605,-1.22533576117203,-0.29975223991233,-1.05034540145061,0.522944659161872,0.722908742726981,-1.19976980434896,-2.16934996820655,-1.61768975704244,-0.618962822113879
(±)13-HODE,1.00065015816585,0.715950855399807,0.388172737961356,0.543817456748103,0.907505583382456,0.354894228608584,0.64148166131219,0.946967291079344,0.539690264015096,0.663158858180838,0.835389380315643,-0.470259264816454,-3.13302246359237,-0.568867044678394,-0.663258410778169,0.228575569910419,0.544114977083909,-1.822718256482,-0.812659891665219,-0.757497034829187,-0.0820866553218248
(±)9(10)-DiHOME,0.972932893226385,1.14856369832853,0.364244852438534,1.10360308154959,0.81180963469072,-0.161490930288589,0.305639790701554,0.367294761646327,0.434763477758425,0.433722284983285,0.252335825504128,-0.783250831261917,-1.05187153661404,-0.221966400970116,-0.889612628083292,-0.295443888713367,0.191659837035547,-1.1336727388589,-0.734493876401682,-1.13082047575286,0.0160531690817246
(±)9-HpODE,1.09988731060458,0.222353386430523,0.257401171314031,0.732790882784912,0.547016770916193,0.581659340440498,0.0577313966986121,0.291552990156214,0.203875241508369,0.792837320795536,0.629050308801697,-0.132896141090817,-1.68674395157695,0.133412255381555,-0.907997864347699,0.489861174972343,0.151333639233396,-1.81452686157099,-1.19160872802956,-0.287756525980834,-0.169233117441607
(−)-Chorismic acid,-0.0463637683847302,0.650416634044122,0.289783710283509,0.719794104657801,0.742150659927832,0.713100607073997,0.719859760349618,0.299516735184171,0.83199769767021,0.910308222252842,0.992571956111358,-0.666250852678619,-1.2620858191291,-0.494333110311436,-0.723407380240828,0.599747732888988,0.658472154457045,-1.81807404287444,-1.66738327544228,-0.495963504389322,-0.953858221450723
(−)-Epothilone A,-0.227950310117181,-0.645693975810727,-3.17327627461117,-0.132322518603368,-1.20523878378002,0.353884961226164,-3.17327627461117,-0.201396559918047,-0.259915608877384,-0.32036986395933,-0.18472926023331,0.801979071864875,0.477349180212875,1.52004476890428,-0.588153460081108,-0.1231856516816,-0.389765978878605,2.14168738003299,1.83157488556527,1.67974612900814,1.81900814434841
(−)-Epothilone B,-1.97010976550673,-1.56941997665182,-0.720087790657648,0.0987255328343056,0.330607170724958,0.341769780695895,-1.57641113015787,0.873730287950385,0.621144879993515,-0.63527540113865,-0.916420348422111,-1.89882367108535,0.385634718085112,0.926024581377816,0.482102646298712,-0.172549640613885,0.311904037020059,1.89814959857676,1.21089494301864,1.23446417935431,0.743945368303618
(−)-Prostaglandin E1,0.608937393096806,0.335354491704448,0.268800175688099,0.786019188066639,0.86738473296396,0.612095674846966,0.504836845398608,0.568934579167552,0.633843421005123,0.816939462508337,0.803670643509609,-1.07094283709287,-1.33128216005037,-1.14715123198856,-1.2421642154898,0.556618888005535,1.13806153803433,-0.700812258142877,-0.845942027429117,-1.07538866438014,-1.08781363942224
(−)-pinocembrin,1.38686108779696,0.299072920025922,0.400816530864202,0.393810765850283,0.332775590725942,0.477722354312604,0.293912534187054,1.55557749460404,1.37496457347264,0.73744225861384,-0.676135376007485,0.0671370962186997,-1.03862587361613,-1.10588972278032,-1.04925262686586,-0.245068482786648,0.283157602264169,-0.826948221639323,-1.03635792687108,-0.920299112208234,-0.704673466161278
(−)-trans-Methyl dihydrojasmonate,0.901219323896141,0.952426661056256,0.156380891595845,0.758744866367714,0.532011233886079,-0.0418985515746846,0.118638115352983,-0.212800978316044,0.204555804579913,0.928156599555418,1.04454503811034,0.326176852825529,0.0361569792321449,-0.185732308153122,-0.576956658025024,-0.193557257847605,0.601176021596395,-1.01077988143402,-1.27240846284013,-1.50447205655816,-1.56158223330595
"1,1′-(2,5-Pyrazinediyl)di(1,2,3,4-butanetetrol)",-0.752436600157927,-0.590223057053961,-1.48857894910954,-0.449297491630466,-0.654697826316027,-0.314688809162671,-0.195951575250454,-0.122354173340362,-0.277506436511469,-0.160261867307003,0.237208193853121,0.694289805466344,0.708925401418453,0.809052412908552,0.753637814120517,-0.273005609971207,-0.351725038585597,0.605781465365342,0.266634432732207,0.834092406372977,0.721105502159207
"1,2,3,4-tetrahydro-β-carboline-3-carboxylic acid",-0.262170477650825,-1.27449749647065,0.193931240511661,-0.24098049925376,0.456424519910424,0.544586796608519,0.653798488143946,-0.393278739990687,0.597848012957006,0.670087546211566,0.805344894483532,0.077719389273457,-0.227307747182455,-0.135632353127214,-0.564620836763237,0.396212758658895,-0.374328643005432,-0.507970638538574,-0.0595306871964448,-0.323891542879108,-0.0317439847006141
"1,2,3,4-tetrahydroisoquinoline-4,6,7-triol",-3.52224136734204,-3.52224136734204,0.218604010736318,0.465544463116116,0.574580669248382,0.422037838371294,0.426580445469043,-3.52224136734204,0.461256303338012,0.512555058997053,0.548010904855214,0.83892608925791,0.743418959297727,0.882824522260997,0.862431928407908,0.459326548868575,0.384645677470084,0.868859083349134,0.686486028777351,0.625496050869806,0.585139519335216
"1,2,3,6-Tetrahydrophthalimide",-0.0850999062489865,-0.317721654754093,-1.21226977836541,-0.827603000652796,-0.512193307735828,-0.495501952846114,-0.871104994693686,-0.259299698913619,-0.0887497579780141,-0.026900370622788,-0.0894241160445006,0.702896292884827,0.123899591723658,0.312890633213906,0.251999959904502,-0.420006726691902,-0.239479192376471,1.12617986706647,0.992723074608392,1.07883339252645,0.855931645995987
"1,2-Dihydro-2,4-quinolinediol",0.749769502594565,0.944423743433738,0.848689909252511,0.91155310840002,0.756843168435227,0.867081345115687,0.795808173303468,0.602419803876829,0.859891106109034,0.889167117149702,0.9170404507374,-1.05110006754975,-0.848775825919574,-0.541720914987873,-0.903714821972991,0.961448667057334,0.834088218381369,-4.40175477740699,-1.22468219917829,-0.275310295068079,-1.69116541176332
"1,2-dihexanoyl-sn-glycero-3-phosphate",-0.727048242903208,-1.04683783746334,-0.908937309624732,-0.435782403287069,-0.381765353300573,-0.808208188015804,-0.958809854820686,-0.373545712763118,-0.403009398942776,-1.11368290912363,-0.207887908278654,1.25299234877116,1.14660186290811,1.27763209915951,1.25566291918617,-1.06977335712135,-1.33245908459497,1.26007906910325,1.28647112400304,1.2001741692214,1.08813396788725
"1,4,5,6-tetrahydro-6-oxonicotinic acid",-0.15094145849292,0.501049964272901,-2.14189838894174,0.259420545431542,0.383730896054036,-0.0471206061111363,0.0454011910080677,-0.604674752479713,-0.148278679905415,0.529218671374285,0.0795432445250926,0.626970538460408,0.448984081275741,0.704519473447566,0.428155979602971,0.400978223541345,-0.0698421792901313,0.554658454730879,0.252945953399733,0.44024039657995,-2.49306154848346
"1,4-Anhydro-1-(4-carbamoyl-1,3-thiazol-2-yl)pentitol",-0.325704631610609,-0.214548657236116,-2.83789377205184,-0.209812266387059,-2.83789377205184,-0.22785202290388,-0.177817720884511,-0.300293085145655,-0.145261100077978,-0.0541620779457689,0.0528765903522684,1.23576316408159,-0.22496063648441,1.50091287328009,1.1444171800616,-0.135824988709923,-2.83789377205184,1.50205747443705,2.0032378412631,1.22151169039357,1.86914168967212
"1,4-Bis(2-ethylhexyl) sulfosuccinate",0.899285220539925,0.856631024782623,0.527970997042565,0.793550475846972,0.938920644370924,0.667900557172541,0.689366299978258,0.636826462203939,0.556175437676763,0.791085008194449,0.858745635516112,0.630660042891109,-4.11404946794097,0.512358035682809,0.631806686000576,0.592499771286091,0.761473224358532,-4.11404946794097,0.264125078215308,-4.11404946794097,0.732767802063405
"1,5-Anhydro-D-glucitol",-0.402389734320318,0.0195896805786422,-0.107180988457498,-0.123598524069952,-0.275380596471684,-0.394608744003587,-0.0828131971485015,-0.24668635784925,-0.115056849739258,-0.249353670992344,-0.361468564329404,1.40599770327997,0.452167220862529,0.424869267017289,0.541960873136993,-0.528324646473921,0.203967111286782,-0.234988932251029,0.0770551938122659,-0.129542937187172,0.125786693319403
"1,5-Dimethyl-5-(7-oxabicyclo[4.1.0]hept-1-yl)-2,4,6(1H,3H,5H)-pyrimidinetrione",-0.156833890551415,0.841216443506965,-0.57969054246667,0.85820181008084,0.861536543442736,1.14180491893647,1.19645280329114,1.02252934475027,1.35664837461312,1.17616573569143,1.34219928861393,-0.451680426258286,-0.586317616730136,-0.330656029660548,-3.167320382882,1.15229515554833,0.791555541755661,-3.167320382882,0.630324136311764,-3.167320382882,-0.763790442229615
"1,5-anhydroglucitol",-0.39813325883245,-0.0235644523508441,-0.548995345133605,-0.033665405310397,-0.037608307568555,-0.589517471802014,-0.366532598842783,-0.100136040876416,-0.115431626206046,-0.0404197432907313,-0.512926125318513,1.26833484921844,0.638796610365928,0.854204263755048,0.78446949035817,-0.765767178759692,-0.302770896393223,-0.121735383945465,0.213738653909959,-0.121935703928343,0.319595670951515
"1,6-Dimethyl 2-O-(3,4,5-trihydroxybenzoyl)hexarate",-1.15319561344212,-1.03222137347856,-1.13017980482122,-0.521200330343238,-1.14604461442783,-1.02748782499265,-0.889777148336358,-1.00862816063193,-0.878470723518554,-1.03451397272799,-0.906922945805842,1.42059286711753,1.47799694921503,1.73276637194804,1.60431895928492,-0.932748679701019,-1.10995702616806,1.55628710448699,1.64094842253218,1.7039571780455,1.63448036576521
"1,9-Dihydroxy-2-(3-methyl-2-buten-1-yl)-6H-[1]benzofuro[3,2-c]chromen-3-yl hexopyranosiduronic acid",-0.250488788060184,-0.74476972687537,-0.21187947225524,-0.0983257864000312,-1.75319825700876,0.276902266220558,-1.87401531088636,0.248148653638533,-0.472474729003286,-0.265049032060397,-0.0390511598947293,0.739399455262464,0.495874497142914,0.299607218953214,0.607144944155636,0.0540911083876509,-0.380817341099658,0.408112280162675,1.0468955559147,0.882792693731565,1.03110092997411
"1-(2,5-Dihydroxy-3,4,6-trimethoxyphenyl)-3-phenyl-1-propanone",0.733866331073336,0.466496407995476,0.934056182357535,0.933544225407814,0.78149696210991,1.06251192994681,0.940227763336972,0.292488232925358,1.08578427149223,1.17212462772378,1.11658365745472,-1.47924142844381,-1.4612527672515,-1.34280765912429,-1.34667700181171,0.278223233157078,0.958532008355042,-1.2602023722722,-1.18399001890169,-1.3881989071549,-1.29356567837595
"1-(2,6-Dihydroxy-4-methoxyphenyl)-3-(4-methoxyphenyl)-1-propanone",-0.694084371029629,-0.626897717399552,-0.575499230348464,0.83901596291578,0.765005948121417,1.44344686525075,0.726115663106622,-0.384890161126209,1.30730853379629,1.1490861610236,0.910993513969302,-0.606293497106821,-0.965483869052597,-1.28038620816567,-1.05145339658473,1.48141078732289,1.37920104106245,-0.846669600038775,-0.754377081948534,-1.01860812667036,-1.19694121709775
"1-(2-Ethoxyethyl)-2-(4-methyl-1,4-diazepan-1-yl)-1H-benzimidazol-5-ol",0.137443345838822,0.402966413860922,0.050585335594413,0.457421964255076,0.273411386111183,0.257154486373744,0.418325718373502,0.272527012453855,0.353502954265738,0.5607546464029181,0.830848734093491,-0.137441826986939,-0.6957956564234,-0.20294930954777,-0.761810640592391,0.505139848240732,0.39779474333355,-2.01883714387346,-0.634302103701004,-0.278250693338801,-0.188489214734183
"1-(3,5-Dihydroxyphenyl)-2-heptadecanone",0.320504298439252,0.673934469077793,0.269225015389773,0.734417789551793,0.564525996246252,0.440973115625984,0.562701830221124,0.272930182558253,0.463950269527137,0.688445428490301,0.779670442051834,-0.881735058513422,-0.419996222677076,-1.02171583463562,-1.20912063691837,0.608001289304609,0.548565497425747,-0.953887867449816,-0.510227074367592,-0.876569390194821,-1.05459353915313
1-(4-Cyanobutyl)-N-(2-phenyl-2-propanyl)-1H-indazole-3-carboxamide,-0.233543164330084,-0.742483477047615,-0.296597788954654,-0.146245751006022,-1.54200177529927,0.156801650019402,-1.58796125359553,0.122399001971586,-0.577921081576805,-0.357968726880724,-0.043849234707999,0.604971748821611,0.35704678309669,0.19890836108244,0.723653592539628,-0.0403904802045361,-0.463395571320571,0.482711186799134,0.760931208984726,1.54175928089205,1.08317549071655
"1-(4-Hydroxy-3-methoxyphenyl)-3,5-decanediyl diacetate",-0.732052965270096,-0.437232669213462,-0.736823147645005,-0.296759823251401,-0.427740253201586,-0.615850935092908,-0.562699664614188,-0.584014268762798,-0.358633779071049,-0.628216299930909,-0.598406312427925,1.70863455062386,1.15030744407002,-0.785157542847109,1.43099140795673,-0.131922381307913,-0.494027386346674,1.2714275460481,0.805217793158613,1.35706606238528,-0.334107375259587
1-(9Z-octadecenoyl)-sn-glycero-3-phospho-(1′-sn-glycerol),0.0557020088382981,-0.371660614074848,0.835750714688928,-0.548674214513466,0.436681107842632,0.978064258473607,1.02680808871647,0.925464327793087,0.985093350989369,1.05353438361103,1.01844386114338,-4.40500485673698,0.288046886919627,0.158486634354319,-0.0471645590117858,0.797969433910544,0.256050555149195,0.0854897357225543,0.395525314436455,0.480398438484557,-4.40500485673698
1-(malonylamino)cyclopropane-1-carboxylic acid,0.311461258746709,0.716836540786986,0.340362749311565,0.309899731458831,0.562829952892821,0.433271787684295,0.233220811310483,0.378239415852986,0.61893257953484,0.732185747328205,0.886814800503477,-0.693575607874693,-1.87110343451284,-0.351834683770411,-0.922663449111505,0.616536202519784,0.498608454902167,-0.921670082566362,-0.511579377604967,-0.781717328604931,-0.585056068787448
1-(β-D-ribofuranosyl)thymine,-0.70420917025256,-0.400152744165023,-0.0251155782016935,-0.192656998982602,-0.510773157955432,-0.623490442735558,-0.327470933424256,0.000612762744075882,-0.906114940344204,-0.490727891678399,0.132475372138289,0.201638021709409,-0.0795772770936281,0.451385742183406,0.0814872218706283,-0.279720400939876,-0.785586018857727,1.39860803474438,1.624222122488,0.17168190287907,1.2634843738737
"1-Deoxy-1-(6,7-dimethyl-2,4-dioxo-3,4-dihydro-8(2H)-pteridinyl)pentitol",-0.789968420258479,-0.65288754649605,-0.656802940479399,-0.678728003902679,-0.79152944060559,-0.731124755196364,-0.593414945866311,-0.775999228168959,-0.49439695701769,-0.457650221685195,-0.715548161756039,1.37260474703603,0.90277531190518,1.30879389523911,0.81517357341571,-1.0549701801823,-0.698309500431426,1.03217629497293,1.33304721912423,1.04790192589066,1.27885733446261
"1-Deoxy-1-{[(7R)-4,7-dihydroxy-4-oxido-10-oxo-3,5,9-trioxa-4λ~5~-phosphapentacos-1-yl]amino}-β-D-fructopyranose",-1.12783032058427,0.625488371705987,0.397112662205137,0.750819695124519,0.524527458038995,0.476589671348839,1.02314191745461,-1.09016838510697,0.10829202408145,0.737305778776812,0.757807375189042,-1.52202863271752,-2.11661105889085,0.368197115091424,-1.00363769091341,0.734305924038801,0.573935036936878,-1.31201659729209,0.451812154572009,0.0790929145388234,0.563864586401796
1-Deoxy-L-mannitol,-0.705445337581078,-0.140944404297855,-0.188401807536637,-0.284778362007123,-0.153449980980648,-0.536625451420452,-0.184837339243498,-0.333658412702307,-0.243494458417236,-0.702051642175978,-0.374347096613237,0.936699637338565,1.24147228798911,0.671428264845604,0.652901324226357,-0.534468701181104,-0.445366786928863,0.0682693722777265,-0.548951372296986,1.5848140865327,0.22123618017292
1-Myristoyl-2-hydroxy-sn-glycero-3-PE,0.868203774233027,0.312311586766552,0.51663085414694,0.226631671393804,-0.0944659680924355,-0.0389116654382961,-0.0703565295904524,0.452788302468308,0.537213263966847,0.379778683213246,0.368446376504993,0.0532504393822954,-0.180355084462,-0.00630922499990153,0.185651813972094,-0.126371066784709,-0.141041435342784,-0.744916443243377,-0.741046101598878,-1.1012034740361,-0.655929772459123
1-O-(4-Hydroxybenzoyl)-β-D-glucopyranose,-0.177984395361585,-0.897622439475349,-1.33086144126408,-0.687095924552956,-0.109767740329206,-0.119201712427329,0.00982659600553973,-1.30943875815018,-0.935626856715346,0.204257780234439,-0.721471884345854,0.476417597043131,1.15924785053262,1.62567311999322,1.12615908315633,-0.230538267306053,-1.32289545864922,-0.262973508544982,1.53141391929959,0.103388503912882,1.86909393694439
"1-O-[(3Z,8R)-8-Hydroxy-8-methyl-3,9-decadienoyl]-β-D-glucopyranose",-0.828900460530775,-0.719918615061429,-1.18936150781968,-0.584434898200119,-0.954510837733957,-1.05474178476502,-1.04692464705041,-0.198036979067721,-0.307567295026879,-0.939284903377212,-0.0523869558826352,1.52955055136394,0.931844141919925,1.44588288370402,1.13037249102723,-0.80477607622217,-0.920470189131281,1.14806633541559,1.19646980155643,1.20883415917911,1.01029478570305
"1-O-[(3α,5β,7α)-3,7-Dihydroxy-24-oxocholan-24-yl]-β-D-galactopyranose",-0.79027485993512,-0.177678443184348,-0.637447095622458,0.097232043750606,-0.164403911267263,-0.721158394609448,-0.502386009764146,0.569179358253821,0.0405954131520071,-0.0745750188562285,0.0341604399705176,0.432000641313791,0.0659707709215976,1.13853604432605,0.300735417783807,-0.485177173590457,-0.394863981205304,-0.36351899548157,0.77994259754381,-0.0585173255689898,0.911648482069358
1-O-oleoyl-sn-glycero-3-phosphoserine,-0.637142725273056,-0.439707912322381,-0.51312964254907,-0.396160274689857,0.026262053811729,0.048821133154568,-0.403126583346626,-0.0556870367226227,-0.229213210184502,-0.533855798085688,-0.558525527794169,0.155664103559711,0.429188580695585,0.470253906691666,0.609113658220597,-0.363737049294831,-0.455938095683049,0.975412022361138,0.256543619101735,1.34687537775955,0.268089400589569
1-Oleoyl-2-hydroxy-sn-glycero-3-PE,-0.816940622543526,-0.502600298027833,-0.764798386087738,-0.344575872011027,-0.0600087530415083,-0.228040992507513,-0.0133028376747473,-0.30821539456205,-0.321688453091962,-0.495323955608208,0.183388880524495,0.325274553370664,0.63164933169442,0.417718998715982,0.453325500169579,0.0257491095637844,-0.511353321117442,0.709445567762027,0.836551127760467,0.518195425832583,0.265550390879519
1-S-[(1E)-N-Hydroxy-8-(methylsulfanyl)octanimidoyl]-1-thio-β-D-glucopyranose,-0.896023910242624,0.681381353497559,-0.516209780676466,-0.0652063024398659,-0.145066341880863,-0.379730329434031,-1.44629764907839,0.181304539844877,-0.182269463091306,-0.403060462500558,-0.189800234850795,-0.0109548032259964,1.09477252078791,0.526993880387902,0.65960676881432,-0.256694870081047,-0.380416934981691,1.00280932926839,-0.123955850301988,0.512552948010676,0.336265592174036
1-Stearoyl-2-hydroxy-sn-glycero-3-PE,1.33853271358946,-2.26125258719314,-2.26125258719314,1.5413043076207,1.54037855689009,-2.26125258719314,1.61175087113552,-2.26125258719314,-2.26125258719314,-2.26125258719314,1.42754262504376,1.79899197126461,-2.26125258719314,1.80298766955607,1.78008876610193,-2.26125258719314,-2.26125258719314,1.97710505282036,1.8774753015806,1.92415084205944,1.73096460707571
1-U,-0.836431433933405,-0.755542362439735,-0.784542441494711,-0.654950467434148,-0.864946436376703,-1.02189097795343,-0.951232975956837,0.922865458218246,-0.827918609751905,-0.809687978273714,-0.812668815548635,1.02965548281758,1.16450994872466,1.10288760587033,1.14020812530876,-1.08625878010521,-0.917977778130283,1.46557388347167,1.25738348210533,1.37021122732314,0.870753843558945
1-[(1Z)-octadec-1-enyl]-sn-glycero-3-phosphoethanolamine,-0.798774867026187,-0.338888850187715,-0.40466550126532,-0.627408275151959,-0.446654664022068,-0.188030951517703,-0.578551169290049,0.129679784966781,-0.220358495354783,-0.156789464828269,0.127160664012768,0.699658431414388,0.34814939528414,0.651195498860155,-0.0573584481145411,-0.0595904436869179,-0.299327938141596,1.02445049720758,0.653607493978637,0.492448048543241,0.0500492543194475
1-decanoyl-sn-glycero-3-phosphocholine,1.14191437827229,1.04379630119959,0.789747249389367,0.679816692021921,0.617958886528609,0.568143157299822,0.596882560029079,0.601391945519788,0.730783212101158,0.701796451619588,0.783199032842543,0.956357046548184,-4.23948260574571,-1.52005261495418,-1.26960349126582,0.460552657441249,0.383762570555754,-0.528623940646183,-0.675459174865049,-0.736741881206542,-1.08613843268546
1-heptadecanoyl-sn-glycero-3-phosphocholine,-1.44808699583508,0.112429102012285,-0.559395204484838,-0.147176207710293,-0.207343470456073,0.527858414530185,-0.498802594648446,0.150294521745909,0.176413089203602,0.170236937017732,-0.653813638003371,0.289722249048656,-0.150445241834654,0.0124570525156488,-0.0442902970816669,0.175238960105638,0.258016535934421,0.767295159700729,0.437130157656686,0.618639795947692,0.0136216746352477
1-heptadecylglycerone 3-phosphate,-0.991022652507917,0.23430132176965,0.438035607973283,0.314147688900836,0.401571194212845,0.798646718348849,0.656238383013813,0.187714514627201,1.04251801072948,1.05169489047048,0.982049137409652,-1.37037444415945,-1.6541057357198,-0.123611163796647,-1.41908891606998,0.826950616440889,0.8391533771233,-1.30680294559569,0.338418512200706,-1.77870445544707,0.53227034007559
1-hexadecyl-sn-glycero-3-phosphoethanolamine,-0.638004084759774,-0.320768412095696,-0.348060490234065,-0.22622802758646,-0.258893401855175,-0.170948807660602,-0.418521254064808,-0.0215845736567408,-0.315113781137667,-0.339617854060649,-0.839615334693674,0.694514000820177,0.282870312022448,0.827013560946265,-0.0176173451239489,-0.147790643599219,-0.262765117195801,0.918537363427809,0.623847114132581,0.631529310740164,0.34721746563486
1-linoleoyl-sn-glycero-3-phosphoethanolamine,-0.400036578815298,-0.0417169310602466,0.37657781797589,0.183196364191575,0.258105320567254,0.681732196199393,0.674177963745874,-0.176361027253473,0.490559773958541,-0.038846422221619,0.653759089358085,-0.675165662572567,-0.412783773894827,-0.506676009922422,-1.24933204460948,0.943145203899404,0.420440267915166,-0.192811528467324,-0.0383037989012417,-0.329263914184756,-0.620396305907972
1-oleoyl-sn-glycero-3-phospho-D-myo-inositol,0.161627480349176,0.698636560540981,-0.0448333232259383,-0.0355404596804892,0.972211492496925,-0.777938125640017,0.508021225276645,0.54160265044831,1.23845986429742,0.142113990069,0.438098993065745,-0.810473213473144,-1.03475891633917,0.0854069662552448,-0.984347838050703,-0.0198968129223099,-0.459282633843314,-0.57520987642322,-0.106234236892538,-0.35531832312817,0.417654536819543
1-palmitylglycerone 3-phosphate,0.260694417806602,0.892703643786905,0.0180775180865342,0.729983983126915,0.589984516164664,0.9633952539925,0.717345829774609,0.371743688764813,0.910892139616126,0.986069440295709,0.594401919927611,-0.498409152802049,-1.2570604009206,-1.34510038874654,-1.57562746860266,0.682861826415816,0.848291991205435,-0.679646742697902,-0.912462089233349,-1.08324757906021,-1.21489234690092
1-tetradecanoyl-sn-glycero-3-phospho-(1′-sn-glycerol),0.518328424230872,0.617503062159618,0.162485358873255,0.473709822761451,0.353244012834393,0.233607925579774,0.301995043717338,0.879836366057449,0.776787475934217,0.702955381670706,0.906982408529331,-0.828918080487298,-2.06175738883603,0.149609616100412,-0.294033855268559,0.362644402135266,0.19819470208397,-1.89468654346936,-0.555870406275727,-0.481165971331037,-0.521451757000039
"10,16-Dihydroxyhexadecanoic acid",0.599074736231938,0.861262753325835,0.318867089824224,0.890529705892854,0.774286505299247,0.249110889911209,0.344403474507462,0.745570095065287,0.507582716585573,0.675650935583861,0.505555389531551,-0.556193904392418,-1.19797194189856,-0.37368461394768,-0.915829306783748,0.345193165689012,0.542370142778882,-2.24624797590194,-0.850262743099871,-0.975568701299361,-0.24369841290334
10-GINGEROL,0.188045174988831,0.425696624549408,0.742476876733979,0.942811663029526,0.948087428322669,-0.871989123719988,0.262658594564449,0.0748376529050353,-0.169581209119867,1.25908247515103,0.94219306946503,-0.763235688139244,-1.0339280625319,-0.843181599172393,-1.29396274107084,1.0159554023502,0.625130265388584,-0.377537291397129,-0.524669176048664,-0.767913223392452,-0.780977112856279
10-Oxohexadecanoic acid,1.05888840941466,2.02738667482573,0.638581173835729,2.04418180184413,1.68907937527068,-1.59845571176917,1.07477176587164,-1.59845571176917,-1.59845571176917,2.14689962675063,1.97086467961695,-1.59845571176917,-1.59845571176917,-1.59845571176917,-1.59845571176917,1.22827585258312,-1.59845571176917,-1.59845571176917,1.05076663551191,1.05486112216653,-1.59845571176917
10-Oxoundecanoic acid,1.06111845961571,0.978059077248181,0.553645693372369,0.605215945625276,0.665259338740964,0.660289006608404,0.70636325127646,0.647793252689949,0.737606447057234,0.866159722291873,0.911081364251668,-1.80885008043254,-1.64934249519739,-1.32151137746132,-1.52025392304786,0.731839330866877,0.765172110853505,-0.760846694640849,-0.905979375204816,-0.910783252542646,-1.01203580197104
10-Undecenoic acid,-0.665283009737276,-1.01174849960961,-0.345428878787576,-0.574387699701214,-0.321355771673967,-0.539094285059793,-0.525676205292974,-0.280432737522918,-0.837695019950604,-0.688129064855614,-0.523650583451251,-0.984284632372968,0.637564438087171,1.63769039747926,1.1398278342309,-0.661146467526478,-0.166270209045798,1.58617851938665,0.881576119462543,1.07822314195025,1.16352261399126
11-Deoxocucurbitacin I,0.835559685093328,0.95825563370126,0.369206935818273,1.09973036357492,0.802946337961001,0.36660216700107,0.734096486896515,0.606281600722542,0.167739900091179,0.643571884845012,0.710560682868655,-0.693166976737859,-1.03035121325369,-1.22818449575144,-1.37653544737641,0.762662647173298,0.779656543522228,-0.736020988802716,-1.12729871248368,-1.07072988630741,-1.57458314855609
11-Deoxy prostaglandin F2β,0.851593079543468,0.73617171136295,0.224362631655339,0.906111974847531,0.952016989928221,0.253984034970481,0.115965682574193,0.811841280485779,0.151386038262532,0.783807285757378,0.349273631749086,-0.540099739694805,-1.19858284403992,-0.283304433967408,-1.57413916190191,0.0960132062864748,0.713109005268453,-0.997966568093707,-1.46839672717084,-0.845882500081158,-0.0372645777421443
11-dehydro Thromboxane B2,0.585171558677569,0.876936823635621,0.504285584230421,0.847046297862193,0.64070060189002,0.739991276775878,0.642771240178731,0.703532412341914,0.76573685930959,0.894916226322298,0.879953861179308,-0.00739866319765212,-1.81401280539392,-0.460562526313576,-2.11573598504188,0.675811789035745,0.672642881449186,-1.19783109418425,-1.41591949373098,-1.61064504180909,-0.807391803217112
11-β-Hydroxyandrosterone-3-glucuronide,-0.677689119004615,-0.537089925147743,-0.851604772728087,-0.453279146780555,-0.448499245631219,-0.50309828082212,-1.21044955088336,-0.730796496123888,-0.446286214900013,-0.41375949959326,-0.432802103986107,1.7137700375072,1.24975300174744,1.20161016284652,0.937483075434374,-0.430670351803314,-0.437529480167423,0.299789787302264,0.745079040929663,1.00478874383202,0.421280337972209
12-HSA,0.49126504538173,0.608652629515539,0.58133449214083,0.802240468134163,0.566749918908393,0.977810081109917,0.740807854026071,0.777433770470969,0.557319143784407,0.658528456312106,0.777255061394149,-2.84486303254368,-0.89568342486229,-1.61746171708347,-1.06805552238221,0.961966787816367,0.908258850765007,0.310076932040209,-1.75209402639211,0.100607013765437,-1.6421487823015
12-hydroxyjasmonic acid,0.836279877355828,0.887350482382801,0.713776902349297,0.816147923240822,0.839501000455588,0.693161927900829,0.772185432270828,0.783162046634431,0.881333544189111,0.804008236293437,0.981765274469793,-0.545124864908733,-1.62424810376226,-1.60890584603024,-0.474279912433873,0.552483016975532,0.745495829581978,-1.57942411400725,-1.04344257708241,-1.70093663033475,-1.73028944554072
1228222,-1.8053693666391,-0.126742767271564,-0.795877452129043,-0.300206462325256,-0.587867248768994,-0.11904078853489,0.281772756052467,-0.736288440322532,-0.0700655537995202,-0.375796872112891,0.241911703114383,0.667029106798165,0.268436254103485,0.891340683858318,0.405641039828989,-0.248553010589489,-0.439571887375123,0.424423846416767,0.837820040562436,0.740792131437744,0.846212287695656
"13,14-Dihydroxybehenic acid",0.732290059785646,0.733371827101718,0.323565419031495,0.516856155446001,0.73090126637756,0.606076676098716,1.02350212427979,0.340775626590973,-0.21683207454804,0.855821746701033,0.650664762396756,-0.79633320952877,-0.93307904754924,-0.621728558547858,-1.79321836033306,0.000840565247208258,0.80048194160911,-1.09063310453619,-0.49192769604712,-1.36108590259363,-0.010310216982109
13-KODE,1.07638067863995,0.967223975653217,0.304189240763915,0.990858031795376,0.915731092668357,0.582881326135491,-0.400793234328632,0.731752678713279,0.623306922545386,0.823972338233595,0.755917929612865,-1.46276152504211,-1.85304109559816,-1.57658754732739,-1.66915705380617,0.531550381289681,0.488478634889515,-0.887420099925597,0.585332819870829,-1.14378029864096,-0.384035196142401
13S-hydroxyoctadecadienoic acid,0.653120804069771,0.586802748221497,0.337591725029016,0.828047120754796,0.695393395094699,0.6824156631901,0.098190059032584,0.876044234574103,0.0798419094141795,0.700908852152153,0.590374672760385,-0.789728419457534,-2.2694123509075,-1.611273288102,-1.05264746593041,0.839656069173951,0.716342879040581,-0.137551110651045,-1.4723838194458,0.252677159194591,-0.604410837208104
15-Hydroxypentadecanoic acid,0.971916192145941,0.358075503812031,0.704828006757508,0.78596846667448,0.156490373773228,0.158958716644301,0.519106916645694,0.837714290562666,0.705456124205905,0.588246538116363,0.77561173433008,0.891147502354902,-1.58939137218477,-1.31284892621347,-1.419097487718,0.99705099218516,0.841488260420485,-1.12423910815441,-1.38625061781874,-1.33090544395923,-1.12932666258009
"16-Heptadecyne-1,2,4-triol",0.613859762866175,0.174527855494542,0.915851470206689,0.537162159537112,0.243068744720287,0.484297947030366,-0.0362877410088677,0.419778015723111,-0.391955026512106,0.812250823067026,1.03639720079872,-0.584798423772945,-0.972522012996408,-0.831195151407152,-0.827710391001475,0.941002714972254,0.600878973211315,-0.893390079273145,-0.155913770713569,-0.944395748714662,-1.14090732222724
16-Hydroxyhexadecanoic acid,0.789177165633887,0.390239475533929,0.367169296699984,-0.0391798164196966,0.759818559757585,0.325401758350445,0.665919632827905,0.0523521746226198,0.256737393048431,0.360777178043231,0.624477490724814,0.90950625268332,-1.00870971522493,-0.808789746504791,-0.606966301413296,0.515825914156467,0.105358663242203,-0.704019110539733,-1.17432508572271,-1.34938559037904,-0.431385589120592
16-feruloyloxypalmitic acid,-0.292345728141841,0.439996873146075,0.643801143693394,0.374824196028778,0.302192643089667,0.440837714760692,-0.0163289894143229,0.501649077319064,0.533648738490475,0.788118501068858,0.514765563523155,0.484257359674207,-0.344915312458824,-0.448375490507507,-0.523326682189316,0.874123826227057,1.15281563665864,-0.374408027550811,-0.0435056786832181,-4.53228723920497,-0.475538125529247
16-ketoestrone,0.193385889123703,0.651393614668354,-0.933743181673662,-0.0300503233111187,-0.122599270303614,0.747646669856069,0.145826469415483,0.73298216875309,0.598719649533423,1.1102170139888,0.916069143950427,-1.27800439903607,-1.45954873381362,-1.45979696628165,-1.01046629920665,-0.0861948182624423,0.539671859734975,0.325129367556467,0.349965414799067,0.242983121661435,-0.173586391152449
"18-acetoxy-1α,25-dihydroxyvitamin D3",0.627697662544081,0.798148891741542,0.334543521177611,0.857627522155319,1.09957610010029,0.769462512637888,0.848289528677958,0.443857629887729,0.735796735302689,1.25410184717643,1.32199783236377,-1.18727338559684,-1.3973714911655,-1.24932343870662,-1.66868631307725,0.786294418948855,-0.0488841333044333,-0.887913651652423,-1.04599453509901,-1.19090385599434,-1.2010433981177
18-acetoxy-1α-hydroxyvitamin D3,0.441372711285724,0.893332247802697,0.575267205115579,1.19055283395159,0.943600020349218,0.730566748027906,0.850778171513459,0.846677103035326,0.977868251088785,1.04384070338578,0.946614128345812,-3.49312247370993,-3.49312247370993,-1.15879594638473,-0.952988217978836,1.09220158357059,0.978480839975389,-0.38872035850757,-0.584573166557898,-0.721891413722051,-0.717938496876938
18-β-Glycyrrhetinic acid,1.26549638688024,1.2639588909335,0.830106682311636,1.32100922135709,0.957040326430454,0.872650143907312,1.16587264312211,1.09277390839662,0.812874460638942,1.22932647198246,1.24669109818553,-3.0949771349513,-0.888713477218542,-1.61601342857595,-0.877483731401134,1.07536182589441,1.04517337898434,-0.843414101822384,-3.0949771349513,-3.0949771349513,-0.667779295152766
"1D-3-amino-1-guanidino-1,3-dideoxy-scyllo-inositol 6-phosphate",-0.579569883709241,-0.622572644954173,-0.797402657156793,-0.30075326955055,-0.794301597726875,-0.755531983353609,-0.301125222488458,-0.766903263119372,-0.295428296001165,-0.46719267775713,-0.368837971817126,-0.912305773216764,1.07703091959264,1.28248848432169,1.3332278349266,-0.557174010294044,-0.967893771595495,1.63155377013548,1.82344833361617,-0.374652770121375,1.71389645026959
"1a,1b-Dihomo prostaglandin E1",-0.0788399545804138,0.410274393971736,0.00101552618018581,0.610052262911386,0.520025378027806,0.251865648340839,0.23063723433229,0.673127444602734,0.280076384946485,0.377888127401364,0.879168765159363,0.167865803265972,-0.539098457787485,-0.382923653569589,-0.0712644029030591,0.0440674993075598,0.364080775289808,-0.735853358201923,-0.738245569558798,-1.11030483552522,-1.15361501161103
"1a,7a-Dihydro-3,6-dihydroxy-1a-(3-methyl-2-buten-1-yl)naphth[2,3-b]oxirene-2,7-dione",-1.96101574129348,0.540260765920397,0.154734505541001,0.735178295779325,0.261615467472234,0.864194711751297,0.615054358577207,0.543488540068033,0.819477028713525,0.985109122868973,0.870068924279537,-1.18119645887569,-1.33145077207931,-0.569169175989946,-0.814235111173873,0.306503164882833,0.384140434757842,-0.258429038556976,-0.477753593473103,-0.356195075318238,-0.130380353851583
1β-Hydroxycholic acid,0.099082965885991,0.242544139216859,0.526607464576443,0.707869190503877,0.617670185506859,0.7265667200536,0.396607270834821,0.762950858274885,0.436868090406864,0.682548446023645,0.773464153308887,0.351520835941579,-0.986981720879376,0.0744356370176296,-0.547748447131073,0.5092314268587,0.853537574972411,-1.30798981230132,-1.523487670423,-1.80034237273003,-1.59495493591825
1′-Acetoxychavicol acetate,0.529473982520905,0.720533887945511,0.29203637072974,-0.146745928240829,0.127685983196567,-0.0435784102195643,0.368619903912587,0.355505682055289,0.994351295342634,1.38816607021638,1.01260934165863,-0.965350202452684,-0.881671733847786,-0.85588764305049,-0.689076567232366,-1.08803955237925,1.25573597467089,-0.494517756853318,-0.402364261137919,-0.79364882694398,-0.683837609890916
2'-Deoxyinosine,0.807086391276687,1.15906689198248,1.01473406622205,1.05243915868304,0.982271662828903,0.328660214333813,0.785878800949658,0.936011349309097,0.573142123577287,0.379245447000135,0.702902685652845,-0.812689315995123,-1.67589064890003,-0.259172351384221,-0.462296241660535,-0.232856954026073,0.638024838218692,-1.32171107458031,-1.01468835247525,-2.66070849682531,-0.919450194187859
2'-O-Methylinosine,-0.23229436992329,-0.254186158780767,-0.255889675132238,-0.426995613046293,-0.628969519316525,-1.29505370909381,-0.684483246311373,-0.816550357317763,-0.32611118184087,-0.723495778895788,-0.449202149553591,1.34726228725411,1.11582388659939,1.39559206119189,1.15466359260561,-0.887610488930403,-1.00198760528682,0.0931596283193328,1.21609638006699,0.568220052349741,1.09201196504244
"2,3,4,5,6-Pentahydroxy-N-(2-hydroxyethyl)hexanamide",0.0266256556650748,0.890814479765258,0.238559043675539,0.540139803078432,0.246987793585441,0.943730582186377,0.604766772412274,-0.240024221447784,0.494428503710767,0.693669749176733,1.04708985148447,0.585085752723226,-4.31105706248707,-0.037010275074088,-1.53061735283911,0.243584548548246,0.323251620591393,-0.563219134004236,-0.4131118013116,0.14332160644733,0.0729840841133266
"2,3,4,5-tetrahydrodipicolinic acid",0.204640748080163,0.470335934636448,0.262425725779807,0.383861612571557,0.304480358655535,0.157613017053282,0.421932472808284,0.239806110673621,0.247240594492647,0.343459196922641,0.709295346650308,-0.112589591053513,-0.845972310483814,-0.504898497082111,-0.570386846865933,0.23641952668912,0.158381279239838,-0.595116466300225,-0.392003538107427,-0.542291317577414,-0.576633356782783
"2,3,6-trihydroxypyridine",-0.515863940660874,0.0620524271973553,-0.0370210197814444,0.370519366022514,0.131493349669145,0.244455392523551,0.585129846720612,0.1357555569967,0.585822010617259,0.356615444307513,0.752254344362392,-0.836567156340567,-0.779225895172886,0.0151997343877646,-0.535820467220302,0.354029742871549,-0.224062012555136,-0.408135225853173,0.168049813385085,-0.3190839522985,-0.105597359178554
"2,3-Dideoxy-3-(ethanimidoylamino)-2-[(Z)-(1-hydroxyethylidene)amino]-α-D-mannopyranuronic acid",0.325731959574888,0.350653145655317,0.401561168556772,0.322389279564405,0.097704683880306,0.599560547856466,0.893830767540333,0.315856480751888,0.652430505007867,0.549301809260377,0.815948869776578,-0.520048715666731,-1.18549904616257,-0.883782360703569,-1.37337878677361,0.504083847544502,0.0800460166146534,-0.731036264279642,-0.61484014103373,-0.348637481239241,-0.251876285725252
"2,3-Dihydroxypropyl 3,4,5-trihydroxybenzoate",-0.912252997934404,-0.849428379403635,-0.987996686043976,-0.818348026440733,-0.858075774556854,-0.843771545593256,-0.867307101610968,-0.821252013662093,-0.764405987974847,-0.834802539397148,-0.700265115105869,1.38123469402546,1.20166717919004,1.49951060571194,1.3365983928337,-0.730921116131661,-0.986524474395311,1.23326781403091,1.51164423506952,1.3607454146683,1.45068342272084
"2,3-Dimethoxy-5-(7-methoxy-3,4-dihydro-2H-chromen-2-yl)phenol",0.570718716455916,0.884515614398125,0.690708423433748,0.810327409798502,0.733608678812997,0.851805917501375,0.827005445948456,0.740909308511838,0.868563744205145,0.859898482819963,1.0094193500095,-1.59793193592752,-1.46723455891419,-1.57164020703243,-1.49120903259821,0.930522924719264,0.876842359278223,-1.17411667346593,-1.16951522222167,-1.16762492534904,-1.01557382038404
"2,3-Dimethoxy-5-methyl-6-(3-methyl-2-buten-1-yl)-1,4-benzenediol",0.575829803960295,0.823015297766086,1.07728039015228,0.587431034617042,0.549978818083575,0.956923504610639,-0.146805016691337,-0.309818834536774,0.625887633999052,0.834732325038108,1.54969229986879,-0.694838639175393,-1.54025326420525,-0.77811506607813,-0.892028980257065,-1.49710298377568,0.529589064019374,-0.592502107135413,-0.619591016845031,-0.398606175871519,-0.640698087543664
"2,3-Dinor-6-oxoprostaglandin F1α",0.0224189750184308,0.230751156074912,0.38589846975678,0.989832584274689,0.259551370807502,0.230683834757771,0.281346997826916,0.585144937017144,0.344471970983755,0.595109827219804,0.76039622017492,-0.45806109966829,-1.06205166056202,0.172567533310661,-1.17529498882247,0.340790274640679,0.992423811145098,-1.43901009144692,-1.65624991534195,-1.08465828466339,0.68393807749599
"2,4,6-Trihydroxy-2-(4-hydroxybenzyl)-1-benzofuran-3(2H)-one",-0.6480171494097,0.153421686616635,-0.124647984286642,0.0160527252583071,-0.0288477200822631,-0.962513515850113,-0.979183086117457,-1.28296768583207,0.935445807009605,-0.0645975380625331,-0.477628355279681,1.53287063460658,0.650761382438035,0.867941715895415,1.02337592699113,0.211524660744666,0.421627445748565,-0.596192609884852,-0.327902565536371,0.140079699004651,-0.46060347397191
"2,4-Dihydroxy-6-[(2E,6E,10E)-3,7,11,15-tetramethyl-2,6,10,14-hexadecatetraen-1-yl]phenyl acetate",0.448835999432055,0.785457685035872,0.722321730927965,0.954576787266543,0.785162301002134,0.958803871069125,0.584998290725363,1.09163295775195,1.07810700155796,1.02554164364944,-0.105244918915158,0.711905958344974,-3.34721495257703,-0.442429989760965,-0.208141984702068,1.08211931973371,0.973509409236666,-0.0791574635737908,-3.34721495257703,-3.34721495257703,-0.326353741050698
"2,4-Quinolinediol",0.398781166817061,0.685059217255488,0.420987248625814,0.679765261893808,0.470262575050451,0.555580978560642,0.377248388684129,0.596146086443493,0.636925269794712,0.604476486416326,0.671539728226308,0.0307384409162719,-1.37594808757189,-0.585996964958963,-1.08425377149377,0.74122569997862,0.553787382994682,-1.83246361500629,-1.00119735526038,-0.642795325194987,-0.899868812171473
"2,4-diacetamido-2,4,6-trideoxy-β-L-altrose",-0.0123596124228518,0.390211972896399,0.172117069694704,0.13484069288315,0.209947581964229,0.552988736425082,0.971288961454611,0.442683264800397,0.820965245677242,0.580679135259799,0.912266002082175,-0.884735314007539,-0.805078649967287,-0.975555454760585,-0.727994610758837,0.645236092977138,0.267324184474663,-0.655219138892033,-1.06302161293995,-0.425361377652599,-0.551223169187942
"2,5-Anhydro-D-xylitol",0.651802914395734,0.343104700151062,0.543159144504199,0.454896079642267,0.26532897982209,0.212697146791851,-5.08520840091168,0.636384740933766,0.391995866210953,0.450267277066049,0.324929389357218,0.518195060728736,0.0680755523645242,0.261949734794858,0.0517525135241698,-0.0299403969795359,0.234272401462846,-0.671041123524919,-0.147452844850422,0.367454682909398,0.157376581606835
"2,5-di-tert-Butylhydroquinone",1.63674195044877,1.41517582473517,-2.02993397466247,1.01994305596146,-2.02993397466247,-2.02993397466247,-2.02993397466247,-2.02993397466247,-2.02993397466247,-2.02993397466247,-2.02993397466247,1.69369017339748,1.22003728844067,1.64702605563074,1.82553436419257,1.52645215694827,1.73248925438071,1.40908854831328,1.3408811653544,-2.02993397466247,1.80234593415871
"2,6,9-Trihydroxy-11-(1-hydroxy-2-propanyl)-1,5,10-trimethyl-8-oxatetracyclo[7.4.1.1~7,10~.0~2,7~]pentadec-11-ene-13,15-dione",0.328038501606945,0.530732817958284,0.141327591470604,0.631431168100347,0.516810039796834,0.510442000378262,0.444012242827751,0.339490469838573,0.596705676494955,0.677889771292242,0.841413975037068,0.384435650431193,-1.0536450759788,-1.20267826331245,-0.76019190814561,0.612765479487958,0.484773510416308,-1.10124301966753,-0.750071881283342,-1.20683734161974,-0.965601405129857
"2,6-Dideoxy-3-C-methyl-β-L-ribo-hexopyranose",0.250963624686074,-1.3187752515989,-0.0389345389363935,-1.17498512490083,-0.672935875494231,-1.43311013778713,-1.04232446321127,0.178847112436255,-0.576765958761931,0.336126841723081,0.240163582112835,1.68500951870301,0.731459263041608,1.2718446331258,0.835610617420006,-0.427073491440371,-1.6902337000417,-0.730561156490504,0.85424367543149,1.53566895069328,1.18576187928985
"2,6-Dideoxy-D-arabino-hexopyranose",0.557338254966785,0.657823525806779,0.105983927955525,0.517238047233399,0.399622246806253,0.338498183563466,0.424598795775909,0.637232375248916,0.523237662978469,0.400655489817944,0.606953980206131,-0.434828635782741,0.162555285891792,-0.660009592152202,-0.779066170884185,0.106836973231559,0.17704389409298,-1.16222507446445,-2.19573628277007,0.913678663846205,-1.29743155136843
"2,6-Toluene diisocyanate",1.05299400787576,1.12282423549242,-2.77668268359321,1.20350132787672,1.26585727778929,1.14266741676204,1.12081644166954,1.17182788931445,1.17275815415216,1.1854865849373,1.17061790561923,0.924360518159209,-2.77668268359321,0.818820017999558,-2.77668268359321,1.0608363451581,1.27934236677632,-2.77668268359321,-2.77668268359321,0.96738561197714,-2.77668268359321
"2-(2-Hydroxy-2-propanyl)-8-methyl-4-vinyl-1-oxaspiro[4.5]dec-7-ene-6,9-dione",0.509370043172726,0.732323128397516,0.197068240792347,0.663146876881654,0.545680979827617,-0.0742688324872928,0.437938232243456,0.335711540443306,-1.32066186701916,0.63524123340351,0.809033254051757,-1.67916061580388,-1.3608841462501,-1.07237154421108,-1.18898209808627,0.186061315526635,0.523199096189116,0.599337824604965,0.359219227716415,0.0188836651465338,0.144114445460266
"2-(3,4-Dihydroxyphenyl)-3,7-dihydroxy-5-chromanesulfinic acid",-0.478061265713291,0.130018480354902,0.144666582873904,0.141284294481792,0.33912526671935,0.705962345678502,0.116661237365191,0.44088976614519,0.707062738260682,1.15230926237134,0.870577540525904,-2.01146459564235,-1.60323091304145,-0.922752707782513,-1.12877197342117,0.338349932611899,0.515537886943825,0.381773711376796,0.184167457457376,-0.110195812001849,0.0860907644359756
"2-(3,4-Dimethoxyphenyl)propanoic acid",0.118714751945443,0.816592141870578,-0.146269179847623,1.05169601856702,0.926262313260611,0.798289269638255,0.785354493541019,0.300226067764241,0.760617759685704,0.920295927875065,0.962051307114016,-0.909333684124657,-1.15754861561614,-1.0327698630343,-1.12163719887808,-0.163992684383379,0.875921965891082,-0.940580160132922,-0.857366404748999,-0.982949245711569,-1.00357498067535
"2-(3,5-Dihydroxyphenyl)-5,7-dihydroxy-4-oxo-3,4-dihydro-2H-chromen-3-yl hydrogen sulfate",-0.601449266675538,-0.316315227451489,-0.631720662416638,-0.374104025858581,-0.754001775244574,-0.399583383575822,-0.321308245527393,-0.853965855311364,-0.495201423401777,-0.241048796279341,-0.0858686840868439,0.918535762845071,0.498665693709849,1.79366577362867,-0.129331894761884,-0.156551333429378,-0.45386627326066,0.241643563800215,1.81218332535795,0.0756939947908322,0.473928733148695
"2-(3-Hydroxy-4,5-dimethoxyphenyl)-7-methoxy-8-chromanol",0.795174919622445,0.996212635160861,0.883404315038382,0.837209826186723,0.881167104869336,1.04473764103829,1.01309929116716,0.603720915759961,0.992207451851886,1.16951813598111,1.16574268553139,-1.4405511317365,-1.61139520336475,-1.57624226397736,-1.55975836207825,1.0564560314333,0.958662851545178,-1.63694864628527,-1.41263057835346,-1.58924373503786,-1.57054388435257
"2-(4-Isopropyl-4-methyl-5-oxo-4,5-dihydro-1H-imidazol-2-yl)-4-methylbenzoic acid",0.289698049053901,0.753990416417095,0.301507612285213,-0.85732466655931,-0.183400665680676,0.741435571456746,0.149554451525923,0.538236631159799,0.843534016675103,1.27218881923322,1.48643107385434,-0.765218431034079,-1.00176022783172,-0.752974903694912,-0.930804999061742,0.831994970883762,0.962770612059128,-1.03666972469715,-0.726133740932564,-0.971386247955356,-0.945668617156688
2-(6-Chloro-3-pyridinyl)-7-azabicyclo[2.2.1]heptane,0.244230510518626,0.613034621065926,-4.34278316060825,0.545044324954733,0.631827448378785,0.343051178893581,0.624822160202287,0.354862905360297,0.727487956447576,1.01869743445185,1.06595478241291,0.690786218257001,-0.832388816573399,-0.522510470530204,-0.467198901982472,0.55298121612481,0.383172840532916,-0.677601470713764,-0.359182122090636,-0.0409915965590826,-0.553297058543498
2-(Benzoyloxy)succinic acid,0.237701773817888,-0.854595323781363,-0.991675582123473,-0.899017649984789,0.117435590827498,-0.514396366249506,-0.883491251226814,-0.528630642807337,-0.694130053979224,-0.620889655927702,-0.563272595189559,1.43844414745961,1.00300913657485,1.43389500247902,1.19233554891117,-0.76527181567364,-0.822743805136517,0.921794194970359,1.15237301502259,-0.717390061134393,1.35851639315129
2-(E)-O-feruloyl-D-galactaric acid,-0.317752687655743,-0.708859228896458,-1.08971958468152,-0.698819300252087,-0.851226218192761,-0.918717654146549,-0.704642846380562,-0.483850076121637,-0.663507282281508,-0.910348625031527,-0.648787873116324,0.995735446181813,0.968934949731852,1.35665529272457,1.22743855795382,-0.730650756817876,-0.793265245577236,1.19602894611627,1.20171902115316,1.29293328069455,1.28070188459573
"2-({[(2S,3R)-2-Methyl-3-pentadecyl-2-oxiranyl]carbonyl}amino)propyl acetate",0.666421627776807,0.815761784228375,0.0605001828048672,0.777841635456373,0.590248657762529,0.631209149035189,0.33799166177796,0.680753900447328,0.206713437532507,0.908163397521078,0.81541218423877,-0.988862481195742,-1.12861649056087,-0.972185214633572,-1.13687586634912,0.850116062277377,0.801711394452011,-0.885355245946459,-0.994952015273434,-1.05995352665428,-0.976044234697663
2-Acetamido-2-deoxy-D-gluconolactone,-0.725090374298403,-0.527082023901861,-0.769206793082145,-0.41777354528392,-0.641857344937642,-0.389731932094382,-0.45282146061548,-0.375648618023496,-0.256584086654545,-0.244337819018977,-0.0275359512280474,0.86366468536619,0.628098440210362,0.642550210346705,0.53145887140928,-0.18033651284752,-0.595283304940622,0.771981583041732,0.677161333598895,0.728577749784771,0.759796893169071
2-Acetamido-4-O-[2-(carboxyamino)-2-deoxy-β-D-glucopyranosyl]-2-deoxy-β-D-glucopyranose,-0.504328565754256,-0.573652120553495,-1.09824518662156,-0.601230551314716,-0.791445031988926,-0.546629615537019,-0.805513933261431,-0.504697796874094,-0.53128420216578,-0.857770707809779,-0.838816421643201,1.22585821648103,0.66697434645379,1.06183862030461,0.933062451213581,-0.446342855890858,-0.556127143719776,1.18748019128699,1.37065049176221,1.03242376659974,1.17779604903292
2-Amino-3-oxobutanoic acid,1.17848896307522,1.04602893772505,0.672243826858762,0.798501466331843,0.475523450154853,0.548961139045877,-3.31281604460136,0.796874504597634,1.33852922962342,0.861003718926778,1.01415687137084,0.79662509942244,0.38017942712487,0.410520728116575,-3.31281604460136,-3.31281604460136,-3.31281604460136,0.680195182030604,0.787153639094629,0.75788102269269,0.708396972213328
2-Aminoethyl (2R)-2-hydroxy-3-{[(6Z)-2-methoxy-6-tetradecen-1-yl]oxy}propyl hydrogen phosphate,0.853760451093403,0.325560888743791,0.934901522068025,0.412824329867324,0.273976493909454,0.454959723086077,0.213533741396252,0.470090762134513,0.451389644941476,0.468368474207548,0.60716981188879,1.17577688581599,-0.884129933613198,-0.95223464388235,-1.19648744393453,0.240220257473687,0.314858052691432,-0.559122717136567,-1.01136462455167,-1.0727624510421,-1.52128922515731
2-Aminoethyl (2R)-3-[(1Z)-1-hexadecen-1-yloxy]-2-hydroxypropyl hydrogen phosphate,-0.712416259619047,-0.171015733005243,-0.468932877060847,-0.40298344208635,-0.503484291288273,-0.0119783545491967,-0.429712205309686,0.0881480760061742,-0.353133649750586,-0.00434980906166904,-0.762137184808606,0.719912824747112,0.201925405445295,0.466470238050037,0.114533701480801,-0.00587352944352525,-0.314591547156892,1.0427201733986,0.831940306996006,0.65326151599788,0.0216966410180031
2-Ethylhexyl sulfate,0.422314897435567,0.705882491010754,0.30604956120782,0.523762365514271,0.531863894351409,0.669452678914878,0.73660772666411,0.586767807455818,0.63279161305581,0.866515201447201,0.918285159766161,-0.214957050728666,-1.24315765105406,-0.822889258629506,-0.727999136500253,0.344802828372594,0.382914381472377,-2.29646067708861,-0.663824909186819,-1.04701618193779,-0.611705741543079
2-Furoic acid,0.880647922048344,0.0344398827888564,-5.00389424385247,-1.10273846906615,-0.197922337914975,-0.255275859516241,0.0847576481766387,0.261369334883354,-0.0132479671177874,-0.0519848081226732,0.0551608044905397,0.433910337956741,0.283347578875152,0.833925069905475,0.57980914380891,0.540147320921289,-0.0454557401498759,0.440290120762275,0.56171985971572,0.817706497838301,0.863287903568583
2-Hydroxy-2-methylbutyric acid,0.984667949324085,0.651531753503233,0.353959591833551,1.01862864095907,0.0373412508971803,0.757585292191444,1.15663024090381,0.624168123314853,0.275016103559796,0.926562117953389,0.0176191011349329,-1.06603252106732,-0.616045540944588,-0.976721991357191,-0.721694419928445,-0.0498650352787549,0.45476667534262,-1.15226374458137,-1.37335667939224,-0.689149785709344,-0.613347122658679
2-Hydroxy-4-methylthiobutanoic acid,1.09519667107615,0.914364281469924,0.767565825764884,1.06525115499329,0.5728992937942,0.930794285435842,1.29101456778881,0.781006701922221,0.582326586361945,1.00994311057606,0.543470212821217,0.794308018877213,-0.00334908275216574,-3.50098343934783,-0.1242668862831,0.506176920137043,0.789931974116612,-3.50098343934783,-0.994935018651391,-0.0187482994052768,-3.50098343934783
2-Hydroxy-5-[(E)-(6-hydroxy-3-oxo-1-benzofuran-2(3H)-ylidene)methyl]phenyl hydrogen sulfate,-1.80922883473257,-1.7167182678491,-0.402773739778914,-1.39497681382396,-0.434585414853521,0.0760117605880854,-0.414987830962447,-0.452194870822155,0.282059100841612,0.0349953728180872,-0.0655702312663589,0.456834372215358,0.408368608978836,1.25434094555219,1.11683496012555,0.0177927210079796,-0.453436871568091,0.899536125233954,1.02191685106137,0.929447860579531,0.646334196654584
2-Hydroxy-6-methoxy-4-vinylphenyl hydrogen sulfate,1.89702271520836,0.35378340543377,0.64424827306033,0.734124407946372,0.680281839914489,0.449188998188164,-0.0532028108953548,1.56062576436702,0.480560132198031,0.107973791492297,-0.27714600163659,-2.01312504668852,-0.600450772238289,-0.430629682503216,-2.09509811682074,-0.294116708561224,0.529859928607004,-1.89988280335827,-0.0988250306420931,0.822907231269794,-0.498099514341337
2-Hydroxy-7-methyloctanedioic acid,0.201826659328838,0.112338954911182,-0.289433555817082,0.354175070548208,0.0474415404896739,0.0838154220859065,0.375366935021115,0.461990247740122,0.220681608287904,0.453470545464295,0.930110790195835,-0.056507213071295,-0.535648305317126,-0.126033074679604,-0.479939778432661,0.0725813585897739,0.268690891722819,-1.89945581413601,-0.359637560436572,-0.0421579370062831,0.206323214510974
2-Hydroxycaproic acid,0.941963798506771,0.766697266693737,0.396325073627792,1.03955199008252,-0.0539790077048927,0.861471622485359,1.32689032101417,0.431786727183632,0.375531954924427,0.811841551645761,0.007348480987783,-0.669979819409191,-0.180801030226358,-0.730645617630564,-0.507375567253489,0.0965291567899625,0.496151981416707,-1.48006341567003,-1.90997216919025,-1.01266018898357,-1.00661310929026
2-Hydroxyethyl 2-isopropyl-5-methylcyclohexyl carbonate,0.831665336016934,0.935460745210447,0.754382011113239,0.763707704659098,0.817505010050754,0.848683712134805,0.732221821834336,0.392492876605409,0.919140946863496,0.979782855242669,1.03898853781579,-1.01436592182316,-1.35179090983005,-1.65089816294808,-1.43302920411949,0.9457766534161,0.856461819827082,-1.23987665657527,-1.15317169745591,-1.40196189414298,-1.57117558389518
2-Hydroxyfelbamate,-0.191913665304702,0.372131143552711,-0.010250970468313,0.455224698274738,0.339359473710135,0.230851221681225,0.376894742471767,-0.0227566395146939,0.547433796560401,0.705735514857447,0.863954219670294,-0.357843713910352,-1.31876395417093,-0.150378229221821,-0.577919589249517,0.633611876632064,0.310013572976783,-1.1104275370051,-0.199494320284904,-0.79144025622345,-0.104021385033737
2-Hydroxyvaleric acid,1.60949367962516,1.36591281261272,1.09783458024951,1.55790167263774,-0.0728237131423292,1.45676734804756,1.67433649600795,1.32482646872158,1.10650486010131,1.59656997861583,0.187488209524867,-0.300761324987004,-2.40822856136369,-2.40822856136369,-2.40822856136369,-2.40822856136369,1.22452338384178,-1.01857642352576,-0.00985053940886473,-0.75900468210366,-2.40822856136369
2-Methyltridecanedioic acid,0.425514006764293,0.4337503685883,0.065984157482952,0.526705994929648,0.605720153651347,0.512280711619252,0.310277431889501,0.29807383434743,0.43702885142336,0.889235860501925,0.921800266301559,-0.364422583193934,-1.21233664766432,-0.0840567189246255,-1.16812118797221,0.64281421083961,0.595543517307623,-1.47559742264147,-1.68537994332156,-0.547637254051791,-0.127177607876857
2-O-ETHYL ASCORBIC ACID,0.120893839063141,0.396405569776698,0.126035826101825,0.44690276635314,0.0323725823820206,0.282040428925954,0.225117837325461,0.205611797489269,0.392433087261503,0.494388228301269,0.547804111478832,-0.356142823548579,-1.21354610956155,-0.236785494583898,-0.537052882175061,0.60113526328007,0.234278135574137,-0.577517851903208,-0.281960655573752,-0.506592594520602,-0.395821061446732
2-Oxo-4-pentenoic acid,1.01774206185736,0.923975751014541,0.953074156344237,1.17695340838102,1.13014435354734,1.13756323636266,0.838480333572124,1.10375145653792,1.15880284907373,1.08466865574077,1.05723957781314,0.690162520738465,-3.12975070473473,1.14398668769138,0.896264213403989,0.412817211050435,0.923127050544479,-3.12975070473473,-3.12975070473473,-3.12975070473473,-3.12975070473473
2-Oxobutyric acid,0.0878823962178759,0.303922046443957,0.130889781726398,-0.0475761809528706,0.260851070728041,0.144740317332471,0.553599938014682,0.288117915995361,0.281642815987458,0.257184953037063,0.334259093803714,-0.0584414442047317,-2.94314377257228,-0.126718269359072,-0.0947488125990028,0.0777911968024678,0.296640355956512,0.115328732528676,-0.168605493551449,0.0475344760946297,0.258848882570104
2-Oxoglutaric acid,0.696744314973629,0.710924925940717,0.463531507332255,0.88368788058769,0.596313676239299,0.474789383534643,1.11613388854802,0.309748454209156,0.247397072968762,0.716682296789827,0.70396687376992,-0.11344695701467,-0.566195943542443,-0.610617769756653,-0.549522115585323,0.369428450261565,0.627574612041624,-2.19357547515431,-1.53853774133354,-0.929919051576124,-1.41510828323405
2-Oxosuberate,0.630002476975198,0.556484830203162,0.489808648257305,0.642938760802456,0.578837558952233,0.73424590677192,0.613177903126505,0.371761975283203,0.478894296760697,0.544832865533579,0.654741424569685,0.31039316404406,-0.0908302767404802,0.311214508281819,-0.0854444100769324,0.607295971851211,0.452393639141021,-4.19370606928546,0.297992480265639,-4.19370606928546,0.288670414568627
2-Phenylethyl 6-O-β-D-xylopyranosyl-β-D-glucopyranoside,-1.03204868158871,-0.750351807940626,-0.987807252424536,-0.18201215188883,-1.03120300364297,-1.05180317146198,-0.323293848405172,-0.177407162563527,-0.858964340215065,-0.945099199161119,-0.36194095859888,0.973624600190671,1.20384336379554,1.47224823294287,1.27341347029943,-0.953052452561138,-1.04401025803755,0.987339364133069,1.53721971326288,0.809157478431456,1.44214806543422
"2-[(11Z,14Z)-icosadienoyl]-sn-glycero-3-phosphoethanolamine",-2.07091167763074,-0.0904311130415854,-0.363810823904606,-0.750589740697139,-1.03220514843403,0.557264738992982,-0.527308337819791,-0.2023042526597,0.256578408047741,-0.192960201889759,-0.447816636897581,0.61307973797617,0.509609703610432,0.46054017298039,0.957493116079976,-0.338171585807275,-0.196512627416472,1.18535598759924,0.585346365675349,0.929591202947235,0.158162712289184
"2-[(2R,4aS,8S,8aS)-8-{2-[(4aS,7R,8aR)-7-(1-Carboxyvinyl)-1-hydroxy-4a-methyl-2-oxo-1,2,4a,5,6,7,8,8a-octahydro-1-naphthalenyl]ethyl}-4a-methyl-7-oxo-1,2,3,4,4a,7,8,8a-octahydro-2-naphthalenyl]acrylic acid",-0.150163592109353,-0.19322825808353,-0.0350096989439555,0.0683988659541724,-0.153305715311767,0.173730937125226,-4.62974668285111,0.371181045219443,-1.54586751470682,-0.195449646913748,-0.762356304417383,1.39419540286316,0.968501174540345,1.09641824225445,0.460984227580369,0.238509165892159,-0.320039562264486,0.880554127872383,0.918771220875294,0.413673308311683,1.00024925711344
2-[(4-Nitrophenoxy)methyl]oxirane,0.382512366965501,0.640554560906517,0.453919319508012,0.540757780857284,0.493582235020699,0.413647827235442,0.726302606267972,0.357257414210537,0.546263667967221,0.540605001604868,0.819263894256009,-0.637840314649667,-1.22445005701037,-1.46502875293011,-1.50931257893266,0.522849085772728,0.603963672392248,-0.0289690518964183,-0.335666033724528,-0.933221180265858,-0.906991463555409
"2-amino-2,3,7-trideoxy-D-lyxo-hept-6-ulosonic acid",0.0234647684579693,0.474278933329552,-0.127891985059068,0.466974576972212,0.210795837339998,-0.19726352115803,-0.202966900786165,0.63829258178112,0.434277227923941,0.527548171020485,0.704581762663781,0.350497896190552,-1.28539041113657,-0.0999380437500681,-0.590671746546374,0.0282770036476878,-0.182729249443144,-0.405814391108578,-0.346615899609226,0.0536892932901576,-0.473395904020218
2-arachidonoylglycerol,0.180241956656888,0.561709931110188,0.227461961636472,0.611363854523845,0.600789112398089,0.314066382860231,0.391394803067378,0.601661667992035,0.405804043055923,0.48885534688059,0.887752515433844,-0.190865346615895,-0.74927649349618,-0.578797601843193,-0.457377132733069,0.177914497031372,0.440093173938127,-0.726432860221834,-0.88350863656979,-1.12672895401206,-1.17612222109299
2-arachidonyl glyceryl ether,0.0409518319698395,0.82863210828927,0.170879184031199,0.877019338211198,0.707117265262458,0.573003403194413,0.583617726772688,0.543990520977093,0.744279471147696,0.863014181779466,0.479228483500034,-0.534293680789679,-1.11082738265646,-0.506656891454382,-1.33412092048443,0.685295655384936,0.678213090482619,-0.593353876515292,-0.501782704324555,-1.67298801814362,-1.52121878663448
2-arachidonyl-sn-glycero-3-phosphoethanolamine,-1.90224271555766,-0.640962461775668,-0.645250266731828,-0.190481127329661,-0.236645565811158,-0.173230811766418,0.484546538019343,-0.921224849455206,0.181349865271162,-0.166466688687424,-0.134577397450053,0.449850150364128,0.97004191724442,0.0386935584359763,0.340748339773698,0.483133979858051,-0.373709167997684,1.26455545380219,0.655453739674821,0.913145464726458,-0.396727954607492
2-hydroxybutyric acid,0.652779904123489,0.914832326011951,0.946451734501592,0.866035711378591,0.919798148445877,0.885738641626091,0.934184165547484,0.518389811413771,0.95813905876999,0.732537790107478,0.645120594025276,0.379719082329932,-0.184494353742094,0.292930603547165,-3.69270410143121,0.762933280169766,0.993917727322672,-3.69270410143121,-3.69270410143121,-0.313695457223754,0.172793535938347
2-methylcitric acid,-0.766044311046449,-0.0386399961879235,-0.329963919745817,0.0977065780340386,-0.122933004220072,-0.0350590057985669,-1.34128548096191,-0.285170775022003,0.108818100681996,-0.945591724369833,0.287661570249827,0.797781568066478,-0.0128866407235873,0.680136191034487,-0.836163351879463,0.259366845214535,0.0206915829961096,0.0899960369259448,0.815009231716833,0.809227752757679,0.747342752277679
"2-{(1R,2R,5R)-2-[(4S,4aS,6S,8aS)-4,6-Dihydroxy-8a-methyl-1-oxo-1,4,4a,5,6,7,8,8a-octahydro-2-naphthalenyl]-1-methyl-5-[(2R,3E)-5-methyl-3-hexen-2-yl]cyclopentyl}ethyl acetate",-0.075283013009701,0.582264563340693,-0.347495423372893,0.653299669519409,-0.157674640827981,0.886209083265433,0.715814191919239,0.943385515730057,1.16830391963044,1.13222690342539,0.728092349139681,0.10250557643337,-1.75092428209602,-1.19768697682204,-1.31416463207928,1.0653919849817,0.882118062458868,-0.9281259048544,-0.962949261334575,-1.03907010518354,-1.08623758026383
"2-{1-[(4-Amino-2-methyl-5-pyrimidinyl)methyl]-2-methyl-1,2-dihydro-3-pyridinyl}ethanol",0.723545987598252,0.67681231837346,0.542245959524615,0.892910559877592,0.872927394134586,0.73643056601396,0.607649256748363,0.845545294672556,0.831784080245736,0.72756185169435,0.823596545208711,-1.63722562751092,-1.25393109574973,-1.1378222299797,-1.46264495457759,0.966884488971777,0.859138466885077,-1.2782668753664,-0.92271142099488,-1.40600405658878,-1.00842650918104
"2-{[(3Z)-5-{(1R,2R,3R)-3-Hydroxy-2-[(1E,3S)-3-hydroxy-1-octen-1-yl]-5-oxocyclopentyl}-3-pentenoyl]amino}ethanesulfonic acid",-0.132234620316333,-0.552226621594995,-0.202865521298243,0.0506852196648328,-1.51773402887761,0.214638754412274,-1.41117038772876,0.206871205716411,-0.35425069322751,-0.193114034462184,0.0170184316550234,0.707858964298798,0.43351053490462,0.258515009164094,0.0185623534267425,0.0195202874813562,-0.285704242293524,0.858331744466882,0.302313214679039,1.72965701468282,-0.168182584753743
"3,10-Dihydroxydecanoic acid",1.29416437028642,1.26363076541036,0.530285997335344,0.866904340850937,1.07010411161195,0.463465714697154,0.592104495839885,0.975467146102063,0.589477813103882,0.262128923876007,0.874216780219378,-1.14087362264368,-1.32213412726873,-1.19687370741199,-1.17236834110783,0.410578246241994,0.732364155750964,-1.22501450641335,-1.16712690337016,-1.3326306723157,-1.36787098079485
"3,23-Dihydroxyolean-12-en-29-oic acid",1.06381217116634,1.05623825163685,0.627055782167546,1.20608552761009,1.05662092205768,0.671246487325963,0.963217703818327,1.26884567876721,0.856380940003628,1.17014490274495,1.05532830334876,-0.862212677611124,-3.3730473980856,-0.88674600488864,-1.1807333504438,0.89565386250091,0.954016113278896,-0.826306762533928,-1.46259099520395,-3.3730473980856,-0.879962059574523
"3,26-Dioxo-22,26-epoxy-18-norcholest-4-en-13-yl acetate",-0.0783721130781275,0.70675722048831,0.851364705705335,0.701351286391759,0.664697020755921,1.0071545806757,0.891780696520258,0.74495301319641,0.9150114910262,1.03226522742955,0.974371499932438,-0.621628716004414,-1.15686750646217,-3.33267588658972,-0.774447842326658,0.728847116923646,0.881488733456455,0.0929502586093529,0.106334940110951,-3.33267588658972,-1.0026598401715
"3,3-Dimethyl-5-oxo-5-[4-(2-pyrimidinyl)piperazino]pentanoic acid",-0.300750948095422,0.391672909499144,-0.0486168299015976,0.473442819945155,-0.0158292382627465,0.268289414177337,0.287205300687788,0.0871086294990829,0.435487958277645,0.543130048442868,0.80529883114425,-0.113817367612119,-0.942065489723388,-0.131929626652873,-0.359338845139115,0.598663895793727,0.258539580397436,-0.48973570837047,-0.404013746473276,-0.701126014364968,-0.641615573268448
"3,3′,3″,3‴-(2,3-Dioxo-1,1,4,4-cyclododecanetetrayl)tetrapropanoic acid",-1.12352240554582,-0.792861803744847,-0.639447536652589,-0.774214333228635,-0.651060095421516,-0.526525316455009,-0.72780201123772,-0.52587543353066,-0.769422717099537,-0.724582316222575,-0.514776157799847,0.67953431055469,0.968477983914551,1.5881289344378,1.60304783953891,-0.690612991522751,-0.694299825734852,-0.186247002433094,1.3113393606731,1.51370095214023,1.67702056537015
"3,3′-(3,7,12,17-Tetramethyl-8,13-divinyl-1,2,3,4,5,6,7,8,9,10,13,15,16,17,18,19,20,24-octadecahydroporphyrin-2,18-diyl)dipropanoic acid",-0.389990332938834,-1.62184252331042,-0.790968781945766,-0.62867449185655,-0.278606759245575,-0.438829434868283,-0.460213590727107,0.386271054956195,-0.417992581975466,0.0714931488402052,-0.408199499804692,1.15409418350045,0.586640561812625,1.04669370464187,0.539288284988788,-1.10235569110334,-0.907123518792325,1.13145268441455,0.878452917855447,0.764887138539049,0.885523527019121
"3,4,5-Trihydroxy-1-cyclohexenecarboxylic acid",0.415857870989146,0.668566188406308,0.117712256121677,0.609434084661371,0.427534705292538,0.199697138615102,0.272777756102769,0.194171677344853,0.517141713177197,0.526019993530509,0.721519241836354,-0.568753420645934,-1.00097478467598,-0.308496655812833,-0.989820719857413,0.446324626523127,0.366002840564882,-1.01494224205138,-0.454438253163133,-0.753040014431812,-0.392294002527367
"3,4-Dihydroxy-5-(3-methyl-2-buten-1-yl)-2-(4-methylpentanoyl)-2-cyclopenten-1-one",0.561640713312525,0.690272562277037,-1.32388476794484,0.299238913383206,0.877273363667907,-0.01036697198849,0.759441502634578,1.07290036550123,0.695421531832709,0.0741518447395233,0.914558657711878,0.586089002088814,-0.333379757135115,-0.542661830042029,0.511897238978619,-1.19497270150436,0.387326811206776,-0.532575261160411,-0.756945071120445,-1.17759125123063,-1.55783489520848
"3,4-Dihydroxyphenylglycol O-sulfate",-0.655916073138571,-0.83961759306044,-0.738025608993771,-0.326874422564375,-0.493746476949788,-0.468757939386656,-1.03038920141183,-0.0675527063412075,-1.28158512847937,-0.698153132428564,-0.204768631897629,1.00075694770493,0.852463964959181,1.03059734401923,0.856638696794065,-0.368415078134141,-0.401851538630711,1.00983665418193,1.01562051054919,0.941337513270034,0.868401899938484
"3,4-Dihydroxyphenylpropionic acid",0.971140279029556,0.848136647200025,0.927353492249179,0.766577030462778,0.662763659128631,0.864495627847776,0.743816738353605,1.45182632739474,0.766123471980093,0.847272143142371,0.541759819402477,0.5721467149554,-3.1651902130886,0.497926966095971,0.505475266381897,-3.1651902130886,0.971969007237217,-3.1651902130886,0.288078175992296,0.433899485500388,-3.1651902130886
"3,7-Dihydroxy-2-(3-hydroxyphenyl)-5-chromanesulfinic acid",1.72541216614728,0.550196134112065,-0.195751239300137,0.346271012595517,0.714796236065406,0.110907253005968,0.519806630292706,1.38493859544639,0.138453545696573,0.764302991624388,0.271325149611817,-1.62421564085285,-1.49375657640204,-1.15128937797938,-1.2621776534023,0.223249418001318,0.578646687489502,0.0441417443434141,-0.219271429872829,-0.723876209627227,-0.702109436995568
"3,8,9-trihydroxy-10-propyl-3,4,5,8,9,10-hexahydro-2H-oxecin-2-one",0.297103139853457,0.51556169473357,0.26221889046902,0.638134949983428,0.406306601033159,0.500188542209951,0.382591748646619,0.338414020443262,0.47988641471371,0.541981887242576,0.639842109600045,-0.204492208519283,-2.63577681702083,-0.450559120196405,-0.59542703799441,0.699052622223701,0.442999119771714,-0.707626631541222,-0.501880796996726,-0.519758329946827,-0.528760798708482
"3,8-Dihydroxy-1,10-dimethoxy-5,5-dimethyl-5a,6-dihydro-5H,7H-[1]benzofuro[3,4-bc]xanthen-7-one",-0.383273492197227,0.614209585546389,0.676268095591818,0.313339582957804,0.528742953832977,-0.0471864020902579,-0.0861180383359486,-0.4269336188123,1.46491178056928,0.828493219215653,0.180752848239755,-2.03012289639543,-0.843431987456652,-0.30364138023044,-0.58089740047637,0.623141408607591,1.52873554274681,-1.47249774911679,-0.513372813008299,-0.0517500975386502,-0.0193691416497002
"3-(2-Hydroxy-3,4-dimethoxyphenyl)-7-methoxy-6,8-chromanediol",-0.747872308015433,-0.477500089929509,-0.241731032485566,1.08238935087242,0.728663430550738,1.29557889715124,0.727460944997395,-0.92024634392027,1.53698458464811,1.23920607417209,1.12595647036672,-0.854478409032308,-1.18637703878079,-0.946510289309457,-1.13267421908653,1.600031718672,1.29114206858159,-1.0404535787795,-0.924153121464763,-1.04534787835523,-1.11006923085295
"3-(3,5,7-Trihydroxy-4-oxo-3,4-dihydro-2H-chromen-2-yl)phenyl hydrogen sulfate",-0.663959926164696,-0.680356290622505,-0.740702723963578,-0.705052040243113,-0.0669277769577197,0.397051263499525,-0.48465292991238,-0.378857620536461,0.357841466887174,-4.23010991009914,0.06108963640662,1.39951134122725,1.21592733909807,1.66041249945877,0.873208260469417,-1.14453866143792,-0.672331433545697,0.707239103939767,1.42763841796956,0.736337198672533,0.931232785854496
"3-(4,5-Dihydroxy-2,3-dimethoxyphenyl)propanal",0.317139527322248,0.54273707935213,0.0366058143124468,0.559904058627705,0.154252054626516,0.0922039478838323,-0.0763081227306929,0.783519899821238,0.558422321194848,0.263299152071652,0.412291732225399,0.414326264811314,-1.45551756663814,-0.218026311435833,-0.445394647370701,0.508474727830661,0.445275428671129,-0.668802780530224,-0.876053752860931,-0.752287240053483,-0.596061587131135
3-(4-Hydroxyphenyl)propionic acid,0.927693775278723,0.892118807861636,0.900720638531609,1.0349669957223,0.590232489104523,0.934577778618554,0.879399915795272,1.10277585396561,0.920287422734118,0.794303367924111,0.37666532449881,-0.900140352627048,-0.302349191089462,-0.0686923250216495,-0.143896970486527,0.518413651802163,0.794143520870864,-4.3779069880963,-4.3779069880963,-0.231965088158177,-0.263441639132841
3-(5-oxoisoxazolin-4-yl)-L-alanine,-0.867167543795489,-0.292905376481428,-0.966531741727448,-0.329677523227861,-0.566863259730873,-0.491064298099175,0.409399328846297,-0.337042962878,0.00878759523352083,-0.154862862848452,0.211520538136949,0.467257998158576,0.227950235668564,0.656834495616315,0.0625079761873525,-0.113113337614167,-1.1374411102283,0.772486343838263,0.840454743280204,0.92959499879387,0.669875762871291
3-(Acetylthio)hexyl acetate,0.308272645196239,0.0516784125175543,0.26320064625776,0.202445169486947,0.151732488744864,0.462549382317496,0.210225487426316,0.163257443900769,1.07150164565392,1.16430314660442,1.05645057914868,-1.63046449811958,-1.73264796968209,-1.26167086694502,-1.5847513404071,1.02995431212063,0.711580153882302,-0.269075509376699,-0.470039770473103,-0.47468452202669,0.576182963772371
3-({3-[(6-Deoxy-α-L-mannopyranosyl)oxy]tetradecanoyl}oxy)decanoic acid,0.350148151450506,0.0319390228562197,0.566399534860524,0.549355034540177,0.63540578115804,0.536240275712885,0.853057981908699,0.902776821771372,1.24517229026483,0.880001226734602,1.31712061829488,-0.767778801004514,-1.26656732981317,-4.03868994074841,-0.867414662812643,0.694697229955065,-0.0439040308338416,-0.13228581317697,-0.338888586245363,-0.491708887233259,-0.615075917639638
3-(α-D-galactosyl)ononitol,-0.190069578111975,-0.835549938700089,-0.808206192139903,-0.52838575619515,-0.772697750872816,-0.723533827292804,-0.860430886153768,0.0210815189434033,-0.0925903776425874,0.0440922218986353,-0.909984508807511,0.185746088087303,0.259686713822929,0.389824151776973,0.266926619892855,-1.16246684002172,-1.02922141941743,1.96812624361876,2.02511366702675,0.868685174008324,1.88385467627981
"3-Acetamido-8-hydroxy-2,3,4,4a,9,9a-hexahydro-1H-carbazole-6-carboxamide",-0.962139444963511,-0.713944773350102,-1.1371181886944,-0.737319107557803,-1.02893081950705,-0.833978532144456,-0.568511328989694,-0.810465946609262,-0.645871213614679,-0.524155212489453,-0.591680253268435,1.09087945039846,0.299025902697594,1.87309005980174,1.12660318489763,-0.556236745629528,-0.76725080049732,0.951070829421673,1.99110171348772,0.434546637335323,2.11128458927554
3-Aminohexanoic acid,0.943859107346559,1.12478721945198,0.977022431681967,1.08299950130096,1.03721536435345,0.00669733914883212,0.952120981554316,1.02448170045343,0.874953321109817,0.818721582068611,0.664515892418848,0.77943219522816,-3.13885869615074,0.578976446556072,0.348880764699194,0.608676912056287,0.76870364885884,-3.13885869615074,-3.13885869615074,-3.13885869615074,-0.0366096236843852
3-C-Carboxy-2-deoxy-4-O-[(2E)-3-(4-hydroxyphenyl)-2-propenoyl]pentaric acid,-0.376871728144673,-0.750080688299687,-1.11596875774882,-0.740477435911545,-0.88644550127385,-0.951238273974916,-0.746047501231973,-0.535179879302974,-0.706713401617385,-0.870842467325342,-0.692644579532869,1.1069039278203,0.703504453696638,1.32586412610673,1.29489632173386,-0.770929940852643,-0.830882197661028,1.26522944234056,1.31779150720347,1.36265394144223,1.59747863253389
3-Deoxy-D-manno-octulosonic acid,-0.354728699101625,-0.370456777031333,-0.343772699424716,-0.378475655185374,-0.677244051151367,-0.317334575873058,-0.112701866791757,-0.116797468973641,-0.0831820477624257,-0.274047862185314,-0.0793899809210459,0.508861027086462,0.148530640735937,0.512139769299462,0.0105187945258614,-0.252155142767257,-0.39750192186051,0.532169883649451,0.965714749783554,0.360207182734374,0.719646701214272
3-HPA,1.39806038456183,1.38435171541893,1.13947648230137,1.22724470335065,1.2267310639143,1.05659130900416,1.4222447538694,1.33036555935138,1.09947049890432,1.20815876142508,1.20258813581989,-2.43280066247767,-2.43280066247767,-2.43280066247767,1.26338167315126,1.01486100281836,1.05607859345273,-2.43280066247767,-2.43280066247767,-2.43280066247767,-2.43280066247767
3-Hydroxy-3-carboxymethyl-adipic acid,-0.643958486680354,-0.465615166020727,-0.62507600827527,-0.385621030818487,-0.621490255175965,-0.439964499658831,-0.550846029986962,-0.491451137933774,-0.329473076487783,-0.354136973957833,-0.168976006605786,0.659878852679712,0.353587948144529,0.569804446051724,0.49684109171885,-0.135054196207598,-0.404941124169128,0.865161540421769,1.02916826330569,0.890023397935634,0.752138451720572
3-Hydroxy-4-(2-hydroxy-6-methyl-2-heptanyl)benzoic acid,-0.663622694757031,-0.271290593014222,-0.642323235194964,-0.290116741928107,-0.880967760006624,-0.0766710707963976,-0.465938088572418,-0.284535201059619,-0.340330826953853,0.0703515393038725,-0.141575828544523,1.21321536353323,0.493550864618837,0.433268307420376,0.336931235159991,-0.347804499509972,-0.482833752565932,1.38123055080369,0.62512552294703,0.753353786632116,-0.419016877515482
3-Hydroxy-C4-HSL,0.285911278224264,0.33508961023113,0.00636551107636034,0.33399355003327,0.142837356969779,0.421599244285245,0.244035221832963,0.339747496999413,0.543138772304992,0.652735692262341,0.834692534998767,-0.32354534230976,-0.657120444536319,-0.5758541065462,-0.794933417278265,0.597684120720642,0.367638030456623,-0.729392312376782,-0.341055190902324,-1.30162763192005,-0.381939974526097
3-Hydroxycarbofuran,0.197293967169237,0.832003988863493,0.525378847169873,0.858525682447421,0.744885353500329,0.744251819039592,0.785108241776719,0.707700293625996,0.488119639304846,0.928111599363395,0.943225514119554,-0.794691629222834,-1.61831612195023,-1.06059100073686,-1.2270586848637,0.795103265892621,0.705630146019373,-1.4682462379183,-1.16033283481827,-1.50750717077638,-0.418594678005857
3-Hydroxydodecanedioic acid,0.631346553840617,0.732792982545644,0.519356096215665,0.696691504577647,0.725449705260347,0.698663797123361,0.771986164874406,0.505879162804512,0.703365702586117,0.798194577462752,0.883707490335525,-0.0684091501999726,-2.10086403519963,-0.695186712612432,-1.66946302498042,0.907671536899127,0.764027061703356,-1.70451488049489,-1.18275006620806,-0.596193033158193,-1.32175143337547
3-Hydroxymyristic Acid,0.490247419829841,0.184009950626468,-0.00311383463999865,0.0209080594230685,0.495663572726648,0.158363286556194,0.16428357385796,0.116692102703069,0.276097201171613,0.502594353219295,0.338498910849601,-0.140045636117233,-0.493358813901697,0.0485080524857461,-0.387161351855899,0.442103023107205,0.0403140590842781,-0.642950687919324,-0.743504322176363,-0.425401566354103,-0.442747352676348
3-Hydroxysebacic acid,0.706352199672228,0.345430681399281,0.390228007909627,0.30588569784862,0.55174486599642,0.16100727945245,0.413089694365273,0.55228349411461,0.342584561315015,-0.037490055936148,0.688035763294099,0.095958058058235,-1.66423894811441,-0.402302806863191,-1.10485967461512,0.921542725804038,0.853534276713606,-1.81417439757956,-0.968883866835938,-0.246254683444651,-0.0894728725544619
3-Hydroxytetradecanedioic acid,0.267968092716982,0.579436015520312,0.297654707964786,0.64175323131605,0.55614853527449,0.290285388696789,0.484123489769066,0.348646081286499,0.5390029364077,0.672676515599912,0.841078372459677,-0.2286236498012,-0.752832718811218,-1.41730318159529,-0.687023480975501,0.50899980100819,0.557169928693471,-0.82414926197519,-1.0424396371979,-1.40879580654805,-0.223775359809568
3-Methyl-5-pentyl-2-furanpentadecanoic acid,0.755805553628668,0.74394152057506,0.35413482167666,0.664952810544188,0.889804307177516,0.492569874873784,0.615091390052995,0.251253301906645,0.648611378889123,0.805832946788274,1.09186841454404,-0.704476612275498,-1.09603171536839,-0.899106301629834,-1.26785147213746,0.731701318751459,0.486596125311906,-0.909893162007152,-1.14009041171399,-1.31412839072665,-1.20058569886135
3-Methyloxindole,0.561302399809672,0.664681495112232,0.323333841315759,0.908064033564645,0.820018737647049,0.50279633519655,0.551853472341369,0.787997233052113,0.93186909964553,0.761378433364282,0.741627494129482,-0.0256764277011604,-2.07203225410436,-0.151329427594916,-1.76554492609164,0.834780761626142,0.878337122226197,-2.22195822738073,-1.99806488118008,-0.424361782064469,-0.609072532913638
3-O-(α-L-oleandrosyl)oleandolide,0.380387530672917,0.469775044650224,0.235968074839141,0.652996386977535,0.788957238740024,0.723254263496174,0.616199537661817,0.988299776724793,0.840893378300269,0.671743309314827,0.729934689328453,-1.44647532401023,-1.7568530685995,-0.707190324469642,-0.721148130024755,0.807140191263752,0.730336777542093,-1.44223242148472,-0.909190527219195,-1.57747612876932,-0.0753202749346472
"3-O-{[(3S,3aS,10E,11aS)-3,10-Dimethyl-2-oxo-2,3,3a,4,5,8,9,11a-octahydrocyclodeca[b]furan-6-yl]carbonyl}-β-D-glucopyranose",-0.840301723157565,-0.85858149856213,-0.401634203972037,-0.52139576856184,-0.366171039711177,-0.517821561298615,-0.704355018089441,-0.369731665769164,-0.819504592588298,-0.597302440004075,-0.512045845309036,-0.8517316095436,1.02679282941896,1.63229416869342,1.3209427708938,-0.627637407838396,-0.259116388295598,0.203648026331667,1.37132826890346,0.794084213202462,1.8982404852572
3-Oxotetradecanoic acid,-0.661302682754887,0.231625776284336,-0.00987891069160258,1.09698259833058,0.815864479752633,0.712385694581242,0.336550016155073,1.0537026718464,-0.139572432341331,0.451736068019031,1.00815185660861,-1.28360446842075,0.724554664882669,-1.2125779831477,-1.04297088224082,-0.765882319786661,1.17633529939415,-1.14610072363115,0.704384565958951,-1.87587379660769,-0.174509492191085
3-[(1E)-3-Hydroxy-1-buten-1-yl]phenyl hydrogen sulfate,-0.717614496115656,-0.959206079779844,-0.175128532534409,0.147181766166834,-0.43844439266764,-1.3361119162002,-0.952706384758664,-1.08636836345489,-1.07177867843764,-1.02547652293658,-0.381201798149779,0.777914638916618,0.84433511917654,0.872187169900874,0.740137851004918,-0.287882974103758,-1.25994228569493,0.978050563515603,1.45212612135591,1.87384561100229,2.00608358379443
"3-[(1S,4R)-4-Hydroxy-2-cyclohexen-1-yl]-L-alanine",-0.735720873430521,1.43638955876295,-0.625121973503204,0.196021510902273,0.310818406915512,-0.195406625755728,0.321291365331996,1.30623936077674,-0.109038685629132,0.735389528432332,0.151874218804692,-0.307556612052955,-0.567962592443507,-0.824871817272964,-0.536045804319095,0.16367623543045,-0.159215950339504,-0.596628033402159,0.96739812431645,-0.369056646768435,-0.562472694756217
3-[(3-Hydroxyheptanoyl)oxy]-4-(trimethylammonio)butanoate,0.725425694482216,0.616300045136773,0.769376043352368,0.464928151260831,0.571646628824254,1.0305556472932,0.45904352473039,0.44909721574221,1.06997395615595,0.951547996201098,1.16006022263947,-1.42487449924128,-1.44188223380189,-1.28953347373154,-1.33416865251172,0.859802812095658,0.687874880534987,-1.18789647584954,-0.915970159905144,-1.20840463453594,-1.01290268887236
3-[(3-Hydroxypentadecanoyl)oxy]-4-(trimethylammonio)butanoate,0.606979063439383,0.451071781051246,0.366406083496997,0.738062712275236,0.477573169286046,0.668952903318776,0.583436977051744,0.723387309007259,0.812195872624752,0.684008737385282,0.624592569311055,-1.73665204299389,-1.52965318225576,-0.466641941003808,-1.33385719659591,0.981381466399635,0.857240405177178,-0.384313008527182,0.105510419906563,-1.88712384834771,-1.34255825000685
3-[(3-Hydroxytridecanoyl)oxy]-4-(trimethylammonio)butanoate,-0.0702236263804451,0.368401685491002,0.252211453469303,0.478170078680122,0.421305946481255,0.622275429658274,0.485995301630927,0.303498986254437,0.612009770568105,0.682100166655744,0.674459402551519,-0.0811083978080941,-4.62299204453537,-0.357633861924655,-0.603777064368129,0.620220870506679,0.417650560424475,-0.00879814807037918,0.00668051232375293,-0.14249137545831,-0.0579556461502102
3-[(3-Hydroxyundecanoyl)oxy]-4-(trimethylammonio)butanoate,-0.0663634532366619,0.182608729592991,0.176618399783644,0.487928692097174,0.583466530250102,0.611037725721909,0.715895868158586,0.919836341333379,0.898083321038078,1.01652930391738,1.09587779932801,-0.755839784670753,-1.59687861061016,-0.978788460286577,-1.23103258454202,0.113898929262897,0.551969638620493,-0.977939752628246,-0.364335361000713,-0.993386971894005,-0.389186300235492
3-[(3-Sulfanyl-2-butanyl)sulfanyl]-2-butanol,-0.584573290934703,-0.461009000070688,-0.75900568686931,-0.328034476242002,-1.96659726236394,-0.411117919864108,-0.449489001875785,-0.265419215268809,-0.25408485129351,-0.20237404866344,-0.171644748005081,0.70895136086765,0.354298687855728,0.818106450951135,0.39240093884006,-0.355992494301814,-0.373257630146488,0.983838048434003,1.15162702556373,1.03413190695716,1.13924520643018
"3-[2-(1,3-Benzodioxol-5-yl)-7-methoxy-1-benzofuran-5-yl]-3-hydroxypropyl hexopyranoside",-0.0627828995710334,0.146790904765131,0.191501168861306,0.504079258424879,0.0910597740436864,-0.143361329020665,0.0747784572566933,0.632007987230963,0.0923123961145151,0.530739643064784,0.30292051763383,-0.178325852734065,-0.489130516844727,-0.197465955942017,-0.61714303585252,0.421644979866102,0.0627444115235747,-0.197362042169169,-0.134016865965706,-0.597655026136521,-0.433335974549004
"3-[2-(2,3-Dihydroxy-5,6,8a-trimethyloctahydro-2H-spiro[naphthalene-1,2'-oxiran]-5-yl)ethyl]-5-hydroxy-2(5H)-furanone",0.823578529788367,0.931559734740389,0.751618814109716,0.868996710959542,0.913357302030843,0.841556403909432,0.83532615970539,0.782456647558088,0.873559614798645,0.933613313449188,1.09626143517183,-0.112509586521868,-3.86989547795067,-0.268998996615891,-3.86989547795067,0.992840733438096,0.862787372133677,-0.511814530852361,-0.798940977546358,-1.36766152873421,-0.707796195621166
3-[4-(Sulfooxy)phenyl]-2-oxiranecarboxylic acid,0.843228001237984,-0.971112958295873,-1.30792278490544,-0.941147680807926,-1.19643145952779,-1.18021074634039,-0.941463912908638,0.580220742108179,-0.936621372091889,-1.08365439205794,-0.999186369871694,0.76049251133544,0.798684991505172,1.72602986639253,1.40474006141399,-1.05636297744835,-1.29542309740508,1.3134793005687,1.36050486788438,1.58415768804778,1.53799972116683
3-[4-(Sulfooxy)phenyl]acrylic acid,1.03608581924337,-0.638377821695605,-0.94576613800245,-0.601121430662635,-0.732954712163211,-0.83680662206581,-1.00363585177944,0.0778151823488023,-0.608619587565498,-0.801256608365463,-0.90948218005941,-0.72586509566937,0.781324758918401,1.72165447918326,1.42692128760157,-0.478028986413744,-0.745359712794858,1.49826788169051,1.78659206138318,-0.989305626993024,1.68791890386139
3-[4-(Sulfooxy)phenyl]propanoic acid,0.514323978070577,0.786244910361442,0.660078567315628,0.828075049869906,0.585269623626052,0.867118393592932,0.581778364511627,0.636339259861457,0.651467952577477,0.789118940019301,0.792324284767201,-0.640101625291442,-2.1573493911866,-0.810017662809603,-1.35553905544054,0.724542189513411,0.695075963510495,-1.08526297255558,-1.19152290106734,-1.03711921187624,-0.834844657370162
"3-[6-({6-O-[(2R,3R,4R)-3,4-Dihydroxy-4-(hydroxymethyl)tetrahydro-2-furanyl]-beta-D-glucopyranosyl}oxy)-1-benzofuran-5-yl]propanoic acid",0.718613788277703,0.759313178217112,0.472790796497024,0.33410529001613,0.603713430842922,-0.560354591405478,-0.381276291801882,-0.182235328657286,1.03007734553749,0.846737978654643,-0.166931448868658,0.0717056082580322,-0.315338138756125,-0.280240021623617,-0.184918866066689,0.318377594836097,1.01429327553981,-2.27781086433298,-1.02927047825338,-0.953832033295859,0.162479776385
3-hydroxy-D-kynurenine,0.102470131871945,0.620520361255904,0.268277472862096,0.046265232317526,0.439200419413751,0.250163126369064,0.574408410420021,0.501456347356674,0.826484520020976,0.922853641360414,1.03714404458209,-1.35455173032955,-1.86554854741766,-0.736022530304361,-1.80121440214665,0.561822296038146,0.539574893839188,-1.64528531364833,0.200489527788569,0.754964557856992,-0.243472459506757
3-hydroxy-cis-5-octenoylcarnitine,0.377399135547605,1.00690779133513,0.835333664905184,-1.02150476966711,0.717662622171571,0.956964419592552,0.952794490390324,0.208841259628892,0.963484633805713,1.08092576804596,1.17588321180653,-1.03161674389732,-1.23811963776486,-1.18421947398888,-1.05490876919946,1.09700644739804,0.893632585989586,-1.2690202545827,-0.997880712394512,-1.21133616038996,-1.25822950873225
3-hydroxyarachidonoylcarnitine,-0.188559150750635,1.29831348881637,0.128394912666683,1.27441441675597,1.12442066679512,0.853149180525745,0.736044828464905,1.1272368661455,-0.939888560929942,0.501084715163946,0.890101013203765,-1.4325474958855,-1.55089396907455,-0.924225218813511,-0.889137248104178,1.09689722040142,0.763243831097058,-0.800001915807922,-0.876943858135132,-1.28924179397028,-0.901861928564847
3-hydroxytetradecanoylcarnitine,0.490230660470699,1.70274907700469,0.736456894311037,1.64825583148268,1.28759096034837,1.34025302490483,-1.97084162675215,1.86520153809359,1.61928256727682,1.70720613188846,-0.446980095501547,-1.97084162675215,-1.97084162675215,-1.97084162675215,-1.97084162675215,1.62015815886339,1.48669790997117,-1.97084162675215,-1.97084162675215,0.709630354903024,-1.97084162675215
3-tert-Butyladipic acid,0.804788021074935,0.832935768052446,0.666644929448935,0.808585357945676,0.772077782355813,0.694225897902821,0.808356905531866,0.71861498292601,0.791986521745976,0.785138503039428,0.986869363765797,-0.5183752616993,-0.651726416164347,-0.562023149994927,-0.60840418818363,0.519537417307482,0.784916508345539,-1.19734753439914,-0.774593577929481,-5.16073335531024,-0.501474475761669
"3-{[(2,3-Dihydroxypropoxy)(hydroxy)phosphoryl]oxy}-2-hydroxypropyl stearate",-0.858291575167432,-0.858291575167432,-0.858291575167432,-0.858291575167432,-0.858291575167432,-0.858291575167432,-0.858291575167432,-0.858291575167432,-0.858291575167432,-0.858291575167432,-0.858291575167432,3.73355131101161,-0.858291575167432,3.63920904937399,3.52317559416727,-0.858291575167432,3.69502082329346,-0.858291575167432,-0.858291575167432,-0.858291575167432,-0.858291575167432
"3a,7a-Dihydroxycholanoic acid",-0.50931950598706,0.0634079910545053,0.115756619844813,0.47477945573412,-0.338215791277648,0.552057708287305,0.781062775202383,-0.153889187768951,0.996867400872239,0.669612783824657,1.17331983419459,-0.579108346836265,-0.687472247703305,-0.576543824332492,-0.55032797125921,1.34116195264131,-0.0308763058589969,-0.671212620465719,-0.662279957060979,-0.782891286892615,-0.625889476212682
"3α,7α-dihydroxy-5β-cholestan-26-oic acid",-0.160489925006414,0.416072052765315,0.660494144882583,0.381674836950723,0.51949577294565,0.650499833410512,0.645920347543339,0.166527186088709,0.633630528689402,0.639303180948667,0.923219451550471,-0.385540120416804,-1.12780385624631,-0.519179190162769,-1.00895027599108,0.598629786368982,0.330312788042548,-0.519106863355412,-0.849613311108951,-1.15593673167474,-0.839159636224385
"3β,17β-Diacetoxy-5α-androstane",0.113416354375437,0.478017743292751,0.02068538593869,0.61423369085424,0.462726078543154,0.195161535593771,0.264851136306673,0.6976498737483,0.32644114447844,0.470725396534209,0.840971485660803,-0.184179803619527,-0.642594735604059,-0.530516108145469,-0.320102190103981,0.232595070682851,0.479546246896766,-0.671844082369057,-0.689138195472135,-0.842672769181425,-1.31597325841037
"4,5-diphenyl-2,3-dihydro-1H-pyrazolo[3,4-c]pyridazin-3-one",1.02291387771938,0.828721731591949,-0.234533227875138,0.190687128663446,-0.225851263828708,0.926178735889927,-0.208675812865828,1.89494834049102,0.711903576749498,1.04966017956325,-0.191832859129685,-0.230503679281367,-1.07637812839597,-1.3357198145016,-1.64772086506328,0.0975780998178953,0.969875640053308,-0.331770273806234,-0.532713641208852,-0.751700913049756,-0.925066831533236
4-((5-(4-Nitrophenyl)oxazol-2-yl)amino)benzonitrile,-1.19480882764488,-0.586187979350392,-0.363844325912675,-0.614406580967656,-0.678355053627554,-0.627480033453896,-1.66410815530326,-0.180375499820564,-2.03434957429951,-0.309269084528222,-0.442815034808954,1.29578507492012,1.29977526546079,1.51145280400217,1.41773100940152,-1.5938076635769,-0.852318725293983,1.39350713634257,1.49654311487208,1.35637412994137,1.37095800364785
"4-(2-Aminophenyl)-2,4-dioxobutanoic acid",0.842941981914267,0.977400394484819,0.841724969884785,0.997358439081555,0.914445765192708,0.902697936116895,0.845245409689126,0.933527325068406,1.01564760016878,0.94911553609871,0.954147716366225,-0.374128125491533,-1.34211894492167,-1.74041120225599,-2.12946978636961,0.94603930791438,0.937155176591644,-1.27130488137359,-1.5303782740638,-1.92908217450185,-1.74055416959421
4-(3-Butoxy-4-methoxybenzyl)imidazolidin-2-one,0.0248660098295122,0.510243327808675,0.249683589742599,0.420014980091653,0.211071812152666,0.841318817226742,0.753528981851033,0.564793846891235,1.03474204874391,0.748755316608687,1.00447265341604,-0.732352664018934,-1.97894372604986,-0.745757910389137,-1.40333845300606,0.727343243268261,0.486833724134284,-0.424525638187168,-0.390645004931173,-0.773081196783205,-1.12902375839976
"4-(5,7-Dihydroxy-3,6-dimethoxy-4-oxo-4H-chromen-2-yl)-2-methoxyphenyl β-D-glucopyranosiduronic acid",-1.21350672591949,-0.906966433104183,-1.25194907696544,-0.872267660444418,-1.35141861976911,-0.677109765932218,-0.775133187506407,-1.19469764042751,-1.0209911236775,-0.85485076023513,-0.598311640168014,1.60503702586646,1.46749714748886,1.67796350704188,1.57929763737251,-0.745277899550278,-1.17932703262026,1.58168114618178,1.57803258599939,1.5763470277566,1.57595148861247
"4-(5,7-Dihydroxy-4-oxo-4H-chromen-3-yl)phenyl hydrogen sulfate",-2.17296285204495,-0.776558864258412,-0.489539385302934,-0.129567754218519,-0.243912771246762,0.341112545835855,-0.17347833297529,-1.76331415265892,0.5577993316536,0.343263114228469,-0.0581764038351838,0.673576215289359,0.317504444234269,1.0716889196154,0.876433420675207,-0.0402755352365969,-0.364527840568849,0.231871614667492,0.521005612547812,0.784605045883187,0.493453627715767
4-Acetyl-2(3H)-benzoxazolone,0.594671477135844,0.482810430573332,0.514122733375834,0.655854594131445,0.617316140870032,0.616479497908204,0.5667571331194,0.413194015992775,0.626933008007929,0.675328047024756,0.695357083944725,0.255960517260142,-4.07598566713237,0.134032634075921,-0.0111862556363609,0.665739147680203,0.610303565502813,-4.07598566713237,-0.0843090799426663,0.0551212013190359,0.0674854419213732
4-Aminopyridine,0.433305145859207,0.871380094086285,0.413093027736875,0.887054460370198,1.0328178043291,0.218182197178381,0.736545853439903,0.745964349820618,0.427784188833306,0.544967329311056,0.794753962516043,-0.834833825038051,-1.64159195239685,-0.531726833819717,-0.234973687261923,0.527247392470675,0.233164252971821,-1.38449642383481,-1.16541809037194,-1.42921910219287,-0.644000144007289
"4-Cyano-N-({(1S,4S,6S)-6-isopropyl-3-methyl-4-[2-(4-methyl-1-piperazinyl)-2-oxoethyl]-2-cyclohexen-1-yl}methyl)benzamide",0.207334873950101,0.120990730474956,0.372724637218804,0.158002976313,0.175294968914592,1.75272756778978,1.22610266268063,0.255469978616811,1.89962927471324,2.01769259159123,1.93630596714845,-2.30544565203267,-2.30544565203267,-2.30544565203267,-2.30544565203267,1.74025721966632,1.43675885409133,0.397577400995211,0.135804208031566,-2.30544565203267,-2.30544565203267
4-Dodecylbenzenesulfonic acid,-0.624787297110318,-0.624787297110318,-0.624787297110318,-0.624787297110318,-0.624787297110318,-0.624787297110318,-0.624787297110318,-0.624787297110318,-0.624787297110318,-0.624787297110318,-0.624787297110318,-0.624787297110318,-0.624787297110318,3.54024478807874,-0.624787297110318,-0.624787297110318,3.72003426995677,-0.624787297110318,-0.624787297110318,-0.624787297110318,3.98589228995022
4-Ethylphenol,1.1040540409926,1.03492218288385,1.1369872806446,1.24855848371389,0.747633889127059,1.13700409757373,0.414725630064518,1.42828097237025,1.18733078024934,0.79698334117696,0.399819809967919,-1.65228554939622,-1.73631217521546,-1.53943897756939,-1.57649888499475,0.675337940254309,0.967180258704992,-1.61044676124934,-1.2695849666385,-1.51127662363286,-1.3829747690275
4-Heptyloxyphenol,0.480520059263627,0.441335901078499,-0.453167266774577,0.215515182255597,0.285117914728605,-0.244627852715641,-0.151510295021055,-0.535713452777752,0.399463125569807,0.484484845322183,0.560172927451758,0.291886998220264,-0.256549276622357,0.320450665976954,0.36438298303374,-0.882212245835656,0.164439881016964,0.0628210574774448,-0.662037909115972,-1.07687903791829,0.192105795385875
"4-Hydroxy-2-[2-(2-hydroxyethoxy)-2-propanyl]-6-(4-hydroxyphenyl)-9-(3-methyl-2-buten-1-yl)-2,3-dihydro-5H-furo[3,2-g]chromen-5-one",-0.964808716828982,0.375700550534126,-0.495447293954831,0.588246468411574,0.0477419143826719,0.261460663813328,0.0995458366761789,-0.0209143274377621,0.376130514594288,0.587801816382737,0.449067552519312,0.0204642376176356,-0.529961608485205,-0.375113655760842,-0.189899709777914,0.57029760122176,0.284375908479031,-0.663439340642718,-0.0604884332819504,-0.151781138899005,-0.208978839563424
4-Hydroxy-3-nitrophenylacetic acid,-0.200290007007409,1.13279289178018,0.200062347684647,1.03214885508989,1.10110764715636,0.663435132491757,1.16714770229942,1.25687457888113,0.876880948702173,0.825165030070403,1.26202969788189,-1.15226538315342,-2.44461179074204,-0.717296623096758,-2.13765498025973,0.3124399695498,-0.499584032207451,-0.969152875935789,-0.489058215293112,-1.01835736724052,-0.201813526651423
4-Hydroxyprolyl-4-hydroxyproline,0.408186570185246,0.643175439042656,0.277239272656951,0.505806197300439,0.331109547729176,0.421370067977832,0.640058992257169,1.00662440554251,0.523665449631684,0.397434075446274,0.755971723882096,-0.597570185872651,-1.44022762212508,-0.604881770576726,-1.32161869833879,0.232268699756985,0.265202863414505,-0.602932228626393,-0.451494661958548,-0.981798818401603,-0.407589318923746
4-Hydroxyprolyllysine,-0.0954411435300249,0.738857171436671,-0.592405408826544,0.517969400030713,0.639248868047957,0.993136776778367,1.15310327533987,0.711420351113472,1.37886378377024,0.962733164976426,1.2676817373396,-1.32558160772177,-2.30021474639225,-1.14743454557327,-2.16810897507772,0.909437378148003,0.500486147583636,-0.0331606809517914,0.323080817089341,-1.29862451038602,-1.1350472531949
4-Hydroxyprolyltyrosine,0.547864090011382,0.720195341104659,0.49798173753202,0.852327090356674,0.644050111823802,0.224165291920276,0.552383869200954,0.90855807565451,0.0684430309571081,0.636716737750386,0.246351580498786,-0.477318390858727,-1.11805242134536,-0.440696241909477,-1.37127462674585,-0.0271593165711557,0.370479088968606,-1.11566324896024,-0.576399603251601,-0.634820272072223,-0.50813192406452
4-Indolecarbaldehyde,0.878795589377551,0.896047108090737,0.687824531632451,0.879295093108261,0.757569126479567,0.606226396403119,0.908764398122964,0.651106651132511,0.470030152658379,0.72332604373921,0.638481682365526,0.194262209536015,0.227559690436688,-0.459890581777562,-0.147530922716188,0.580604204636746,0.811990663073209,-0.673573594198979,-2.80224565867925,-1.567641433365,-4.26100135005594
"4-Methyl-5-{(2E)-3-methyl-5-[(1R,2R,4S,5S,6R,8aS)-2,4,6-trihydroxy-5-(hydroxymethyl)-2,5,8a-trimethyldecahydro-1-naphthalenyl]-2-penten-1-yl}-2(5H)-furanone",1.30155275404155,1.16984158441845,1.18491872365354,1.21424184644215,1.14815490229348,1.07777906260291,1.45610861699751,1.09487300338605,1.06239292110947,1.15781897537709,1.31326322715725,-3.04254637291633,-3.04254637291633,-3.04254637291633,-0.749927792142015,0.983609317373239,1.12812141305578,-0.672222754481705,-0.905526347840034,-3.04254637291633,-0.794813961779436
4-Methylcatechol,0.387988332528873,0.933010091344029,0.291934353220831,0.824845312414244,0.573834054955181,0.593335693238056,0.624453283028728,-1.38550903295265,0.994518638367954,0.762664715068504,0.481315802875791,0.501832091847143,0.523321006399508,-0.070037430394118,-4.34749800727093,1.0440958395943,0.613771933188478,-1.24988121239999,-1.08779658424769,-0.83106785720436,-0.179131023601875
4-O-(β-L-Araf)-cis-L-Hyp,-0.432680757896146,0.175868598371864,-1.03826419043813,0.698790208319389,0.193274083804151,-0.587841973100422,-1.37428320332021,-0.258885357330148,-0.176492485897726,0.077409519360493,0.183433192208787,-0.0835296032596535,0.0169141663371234,0.213965586356997,-0.211189824344908,0.262258967756705,0.159187774549454,0.55598492455623,0.657198164229817,0.469798684006167,0.499083525730216
4-O-Acetyl-2-deoxy-2-[(Z)-(1-hydroxyethylidene)amino]-α-D-mannopyranose,-0.538852754553508,0.0533933727161849,-1.31582649638212,0.126715834618052,-0.196200859454473,0.115843946721791,-1.91205565442591,-0.00563728104649031,0.224447510042484,0.319403461653326,0.455950239035858,0.504362898390494,0.157429277181967,0.135232343707499,0.0759266650030239,0.274819514700938,-0.035545650205145,0.562205282252716,0.306968718671842,0.367785287587265,0.323634343784215
4-O-Methyl-α-D-glucopyranuronosyl-(1->2)-β-D-xylopyranosyl-(1->4)-β-D-xylopyranosyl-(1->4)-D-xylopyranose,-0.943532100920481,-0.490798557612233,-0.528590216372898,-0.571498581926351,-0.500753558522568,-0.744555378990012,-0.525750442849663,-0.644511244115314,0.807276889562879,-0.881664635573153,-0.677058473706854,0.940808490997238,0.738370009414056,0.827907337384348,0.398369691348078,-0.805527040891123,-0.733958506023245,0.984001406186828,1.60593186439053,0.820848759605466,0.924684288614487
4-Oxo-4-{[(2R)-1-(palmitoyloxy)-3-(phosphonooxy)-2-propanyl]oxy}butanoic acid,-2.35254437616134,0.869220123834488,-2.35254437616134,1.21099344507508,1.03148351650161,0.748876435141651,1.67218133885306,1.18461646193737,1.93301080503835,1.52500987146089,1.84460579681641,-2.35254437616134,-2.35254437616134,-2.35254437616134,-2.35254437616134,0.119951626346871,1.2652596702749,0.338185837156998,0.206930684304329,0.0830281971726062,0.0819124470534261
4-Oxoproline,1.24913251681982,1.43267203185524,1.12966357302706,1.28781438436866,1.0814099615909,1.17282464754742,1.34404566377659,1.24112670672241,0.962485271424121,1.13563804880707,1.27934622970729,-2.75793137909826,-2.75793137909826,-2.75793137909826,-2.75793137909826,1.23267851570947,1.1755984222185,-2.75793137909826,0.598180781246936,0.22497151976804,-2.75793137909826
4-Pyridoxic acid,-0.203925533843709,0.604580616939166,-0.147785938995182,0.627892293008167,0.295009898437409,0.0435482492331442,0.0565594819245664,0.0812658249268041,0.338509188494487,0.234571084178282,0.710019138635075,-0.936549267182787,-0.715913227491776,-0.399911104547237,-0.31108778578124,0.246466972764845,0.0581870505458836,-0.653152145679471,0.191473843401458,0.0934567203167343,-0.213215359284588
"4-Thia-1-azabicyclo(3.2.0)heptane-2-carboxylic acid, 6-(2,6-dimethoxybenzamido)-3,3-dimethyl-7-oxo-",-1.29642330789268,-0.901626573205797,-1.06101245194651,-1.0323484700035,-0.942205739270053,-0.658414787175377,-1.06918188674748,-0.932013199268998,-0.702154923534347,-0.782122566118801,-0.8243630985638,1.62284930505698,1.48016773913853,1.56254303061231,1.58136542924911,-0.880703878428905,-1.04570119973076,1.6955140265823,1.54538394218376,1.57644823613451,1.06400037292949
"4-[(1E)-3-(2,4-Dihydroxy-3,6-dioxo-1,4-cyclohexadien-1-yl)-3-oxo-1-propen-1-yl]phenyl hydrogen sulfate",-1.3161370471804,-1.0073960947573,-0.499065258374013,-0.378488329292001,-0.184940738461035,0.445065475509568,-0.62594411081529,-0.995984942533818,0.729654363950112,0.522949228782768,0.413896993212407,1.21459122208071,0.269171832305762,0.928775687931006,0.842743933989702,0.114685988790744,-0.20833087783618,0.356932874850133,-0.0871272137296401,0.610762135613741,-1.14581512403696
"4-[(5-Hydroxyadamantan-2-yl)amino]-1H-pyrrolo[2,3-b]pyridine-5-carboxamide",-0.508260847999887,-0.848376957152883,-1.33479549382693,0.479822513824228,0.387753077935751,-1.08393499524097,-0.0474416257468955,-0.425481755622491,0.0226784298113126,-0.394931096566793,0.42627227984235,0.551631872959293,-0.366804674650455,1.12337347301403,0.896850484971123,-0.806564743573032,-0.965179791304268,-0.554123582029221,0.734893944967775,1.3475693997523,1.36505008663566
"4-[(E)-2-(3,4,5-Trimethoxyphenyl)vinyl]phenol",0.575386441971848,0.472778136784965,0.350693525718658,-0.0662971940745959,-0.133970904210505,0.666239492767068,0.949145060807085,0.370247481452171,0.531797876235318,1.26062475331947,1.3426971130326,-0.913414486502021,-1.79861347800136,-0.842285580912283,-0.96662506633234,0.308639942087271,0.326031923027221,-0.640386021712854,-0.669807161279608,-0.430140801222127,-0.692741052956005
4-[(Z)-(6-Hydroxy-3-oxo-1-benzofuran-2(3H)-ylidene)methyl]phenyl hydrogen sulfate,-0.662671635828407,-1.2463433457043,-1.31166531761385,-1.27307521496115,-0.582347420974917,-0.0801249236474858,-1.03450593334186,-0.919989434391563,-0.122566543639088,-0.945318555005728,-0.443778029989393,0.485249947232842,1.51631892357629,1.6095868934834,1.58906279288275,-1.20943516559426,-1.23765686343918,1.68871679714047,1.68294426031764,1.54150855206664,0.956090217431133
4-[Amino(carboxy)methyl]-5-oxoproline,0.257046125251305,-0.675844132397959,0.244393679600397,0.558516333819474,0.289533837742252,0.417207732292878,0.349123283905855,0.246287350340892,0.527283731767388,-0.160216534237423,0.0802699806879844,-0.225994689127688,-1.09120119402976,-0.149392287555723,-0.40894595341099,0.739311152323168,0.377871731410066,-0.512455194643137,-0.139783386938734,-0.365302064725201,-0.357709502075066
4-amino-2-methyl-5-phosphooxymethylpyrimidine,-4.13049809293033,0.674419993466136,0.790498805261864,0.590112929188653,0.79458743432634,-0.0883073746909366,0.278443628319633,0.848510663608662,0.813611161031243,0.253941036943349,0.745233872738592,-0.0570325959459307,0.18982436330003,0.00442169075687321,0.386228892552522,0.477720217746138,0.626528974020762,0.575548195908588,0.277005318962706,0.0796989783654247,-4.13049809293033
4-ethylphenylsulfonic acid,2.30464587544061,0.316500648743307,-0.968892426975611,0.172837404540524,0.724162426027188,-0.351707921494945,0.421570858781957,1.93025923938685,0.412713499040794,0.0212332836449823,0.570900043941109,-1.2166641687638,-1.15623824269084,-0.857049134082484,-0.439620204964859,-0.538007377436094,0.252934953513962,-0.0500369430509441,-0.365473155427894,-0.721801909749897,-0.462266748423927
4-ethylresorcinol,0.87514450484358,0.583238733947582,0.807869976841655,0.107036646662307,0.238965150414095,0.771148375667059,-0.324949670821387,1.75871074695654,0.393834616702437,0.68280603523075,-1.91653109731788,-0.631347251386679,-1.35077883996144,-0.688983788535963,-1.35144828781205,-0.0194003868627453,0.595026951177145,-0.420005253664147,0.246795033986032,-0.0833411347800561,-0.2737910612868
4-methyl-5-(2-phosphonooxyethyl)thiazole,0.554572182498486,0.818086254057537,0.57895698963159,0.680482782947045,0.651610534480051,0.472290262895111,0.711406295962171,0.514532238989344,0.273442827028446,0.4441197332304,0.391888151397571,0.369700268719058,-4.78245170801905,0.0372122878868866,-0.11611056399997,-0.0103476635209912,0.454509765335005,-1.04775808036717,-1.3286143048898,0.177915796009273,0.154555949729016
4-oxoglutaramic acid,0.491519037186308,1.14964407207934,0.740398817671898,0.806743702439835,0.701885473577697,-0.0324810074739894,0.453027273332844,0.0495241774191907,-0.0169010634038643,0.0929819167035967,0.199418387432681,-0.421541455019223,-0.799460250916451,-0.775005215227066,-0.73556229987126,-0.0775195991893443,0.467999427816922,-0.661484748842667,-0.988210986028506,-0.577308736847937,-0.0676669228399748
"4-{(1R,2R)-3-Oxo-2-[(2Z)-2-penten-1-yl]cyclopentyl}butanoic acid",0.190908160161682,0.573971245542644,0.0236121355262948,0.758635386740041,0.546755124143088,0.72356670996286,0.755630425590473,1.17389947467496,1.1772241657126,1.05232749558577,1.03272516586053,-0.421480130195616,-4.00910965720516,-0.781060047868914,-0.782453683745598,0.719275244948798,0.828022561600597,-0.884769236537664,-0.834122987862062,-0.874446771185108,-0.969110781450229
"5,2′-DIHYDROXYFLAVONE",-0.595675670570704,-0.573914747548244,-0.735008755910647,-0.587841957837734,-0.618885937364942,-0.650756213585228,-0.41629161741111,-0.631857201927804,-0.528230697810369,-0.476078001792738,-0.423490646230521,-0.569473933988458,1.30897890332157,1.66111661403424,1.4261939537291,-0.459095995046496,-0.832740616431389,-0.534580302493327,1.47159663812861,1.10679913675628,1.6592370499799
"5,7,3′-Trihydroxy-6,4′,5′-trimethoxyflavanone",-0.0784170461338301,0.496896592525276,-1.12790291693983,0.968705744305035,1.1586544217672,1.20753411652007,0.777180942799623,-0.364064120680232,1.34061527505919,1.12116498338862,1.08602573442421,-0.991688311094172,-1.25194940808543,-1.37129189119015,-1.23408802383406,1.39540190056316,1.25514735698255,-1.08509838603932,-1.01034120780875,-1.0436047972332,-1.24888095929595
"5,7-DIHYDROXY-3′,4′,5′-TRIMETHOXYFLAVANONE",-0.195581029808607,0.4802117673322,0.120516647747538,0.111390542245785,0.69994745075988,1.29035393374038,0.806617364280138,-0.0567995905125605,1.18806800157533,-0.142098229800742,0.017005996959951,-1.03580696591524,-1.15780204232223,-1.10933993308469,-1.12650568609573,1.49284667862499,1.38133469992226,-0.912462373419485,-0.487763007674005,-0.686161487380417,-0.677972737174757
"5,7-Dihydroxy-2-(4-hydroxyphenyl)-8-(3-methyl-2-buten-1-yl)-4-oxo-4H-chromen-3-yl 4-O-acetyl-6-deoxy-α-L-mannopyranoside",-0.875457780961076,-0.67694869123608,-0.973727946267597,-0.710636808838934,-0.946382943479044,-0.884298330829428,-0.651932205358796,-0.765308865554581,-0.670521207568376,-0.68859667485894,-0.590982248390424,0.257008376162461,1.38988783935096,1.42559221425199,1.58827537330633,-0.767306169624949,-0.891204231295001,1.45148231123073,1.50569841950757,1.11631739355443,1.35904217689871
"5,7-Dihydroxy-2-(4-methoxyphenyl)-4-oxo-4H-chromen-3-yl hydrogen sulfate",-0.873351205799995,-0.811618394917767,-0.261571279406032,-0.882488630986332,-0.855342801577991,-0.0436425905784179,-0.7855442099974,-0.899782409242661,-0.694046650530494,-0.621332279370493,-0.651327308587889,1.08322189791725,0.886481707538969,1.44126085818146,1.30322681614006,-0.758453915497274,-0.950498223220445,1.26612557172701,1.24083305399349,1.15585769196494,0.711992302250004
"5,7-Dihydroxy-4-oxo-2-phenyl-4H-chromen-6-yl β-D-glucopyranosiduronic acid",-1.06951009318864,-0.914200271990299,-1.0704346434836,-0.89194221896472,-1.00742953099533,-0.76467229523238,-0.903518665777263,-0.897165514672333,-0.82174071316808,-0.725279552517148,-0.676748856315328,1.60905919693859,1.41007594501304,1.6523687151429,1.56651338558051,-0.760091787114179,-0.946472873396074,0.603187414086172,1.53883213892451,1.40848377642968,1.66068644469999
5-(2-Carboxyethyl)-2-hydroxyphenyl β-D-glucopyranosiduronic acid,-1.34730083683151,-0.953767150480628,-1.50047906014583,-0.758748845321048,-0.930745086813253,-0.687386362251459,-0.878215651665809,-0.940918238528954,-0.59308984464913,-0.61324137661131,-0.721845501703199,0.392994151085963,1.45299059951469,1.76205899363443,1.39869519091943,-0.837401450616452,-1.13261710637543,1.59763175628948,1.89127706738425,1.57928272495121,1.82082602821455
"5-(3′,4′,5′-Trihydroxyphenyl)-γ-valerolactone-O-methyl-O-sulphate",-0.87824675059003,-0.810197714243307,-0.954413630459714,-0.716203438924467,-0.923445541813173,-1.05768784479182,-0.739434160940929,-0.794532266923005,-0.826392868310914,-0.845587233036314,-0.657363558117008,0.991640562318983,0.953105983219405,1.55280185794339,1.35066278281577,-0.84224884442521,-0.844187282094501,1.48095551737691,1.74103163213327,1.55480085132985,1.26494194753281
"5-(3′,5′-Dihydroxyphenyl)-γ-valerolactone 3-O-glucuronide",-0.0970911983100387,-0.847556182532191,-1.23048492001877,-0.731277750459372,-0.962762452116881,0.0552881804151665,-0.843316890344271,-0.604982896251085,0.0144355742183909,-0.272831224929113,-0.792682433156133,-1.0451434994164,1.11741046463244,1.50560280224067,1.05090338224712,-0.668629131120879,-0.709613315551076,1.09757718949949,1.37391797816156,1.08055459073316,1.51068173205818
"5-(5,7-Dihydroxy-4-oxo-3,4-dihydro-2H-chromen-2-yl)-2-methoxyphenyl hydrogen sulfate",-0.798957877870024,-0.819518387381724,-0.895190880749507,-0.850486061539407,-0.0502998942511747,0.531513508111599,-0.574112848670702,-0.441449122379343,0.482345807259918,-1.8577338927308,0.110229459312539,1.39348383851855,0.972059877227265,1.27488081576135,1.13150094612435,-2.12184709311669,-0.809455476447323,1.00490061830122,0.848850418607743,0.698021300588955,0.77126494532319
"5-(5,7-Dihydroxy-4-oxo-4H-chromen-2-yl)-2-methoxyphenyl hydrogen sulfate",-1.09720472299396,-0.839237695059249,-0.954909157948219,-0.916035709146232,-0.940269592025649,-0.786648091072856,-0.884494927618654,-0.925452519224827,-0.844951005498446,-0.746371217521928,-0.66418742053037,1.41149307016477,1.20988232624129,1.55030748175811,1.21125392968951,-0.697473665687915,-0.972148138628038,1.66816451819836,1.46405549853518,1.491975437201,1.26225160116809
"5-(6-Hydroxy-7,8-dimethoxy-3,4-dihydro-2H-chromen-3-yl)-2,3-dimethoxy-1,4-benzoquinone",-0.397359661864539,-1.4494730167027,0.45003791762324,1.69579942039164,0.382660199359854,1.67502219276768,-0.00338360628529744,0.356131273814391,0.787234477846515,0.964580104955251,-0.675531681299434,-1.15931182153103,-0.927696237880854,-0.769465091668433,-0.815445134413364,1.29855836059552,1.34600774505095,-0.694523674053278,-0.545790241642887,-0.8629353912873,-0.655116133775941
5-(7-Hydroxy-4-oxo-4H-chromen-2-yl)-2-methoxyphenyl hydrogen sulfate,-0.524420924547653,-0.819567215648379,-1.71704915793932,-0.757899474591446,-0.669245593294412,-0.746328761438273,-0.625479117645058,-0.460871256797396,-1.26624497103527,-0.477751556977133,-1.36724581950156,1.0919208345903,1.57634265263285,1.65962845502187,1.51566145902564,-1.45395411952982,-1.32551110800336,1.75663103916802,1.62736370794677,1.53513720953881,1.44888371902481
5-AVA,0.486360239130517,0.958839839110486,0.606203752654704,0.795004729643145,0.646840666508005,-0.0248688429995285,0.462344945928325,0.733704121596032,0.3215818326538,0.229852578534198,0.110387188896005,-0.240646689716255,-0.863396679360331,-0.461211781734983,-0.641246640402267,-0.251208335189107,0.258383630148122,-1.01511899270165,-0.579523722562435,-0.81131041707312,-0.720971423063646
5-Acetyl-4-hydroxy-2-methoxyphenyl hydrogen sulfate,1.56308738406084,-0.837873006665032,-3.26689664294988,-0.997311234926951,0.711769906106447,-1.12124463486703,-0.168551980027061,1.35827458928618,0.47247373264374,-3.26689664294988,-0.618812407893324,0.160798424928325,0.959977836170717,1.45897099570097,1.26333590273564,-3.26689664294988,0.0164850634332845,1.19706295451663,1.57278878443838,1.44017659772425,1.36928102148359
5-Amino-D-isoleucine,0.80887423915972,1.12561437104837,0.668666742920443,0.98818778538932,1.03187673521536,-0.0111623070391858,1.09078821727881,0.971600208744765,0.468659174295092,0.663522657459801,0.686370438113886,-0.89652957422518,-4.16941747116939,-1.2034044481667,-1.34694979498661,0.273467388137212,0.588810774784274,-0.467310328212046,-0.441601160072871,-0.501120700097414,-0.328942948577636
5-Deoxy-5-aminoshikimic acid,-0.115191308796726,0.0796443747253978,-0.42137766297742,-0.663504827463298,-0.00290537450663182,-0.171067789557552,-0.374396285922708,0.503228242525558,0.0344119766329019,-0.0746898037482222,0.22031833709902,0.310299413427239,0.0914548311728986,0.462538721154652,0.269643552302157,0.11600435635797,-1.09272159503886,0.188624534143101,0.406205281760116,-0.103072957107188,0.336553983817572
5-Hexyl-2-oxotetrahydro-3-furancarboxylic acid,0.710009669943238,1.44189699004916,0.418482652622412,0.634495890154514,0.727378244021449,0.473601677706086,0.546880477166428,0.624989821582472,0.592524187885849,0.530367934190231,0.860393301561604,-1.39501434900961,-1.56947546151826,-1.14940918474547,-1.4974892508174,-0.236996372954379,0.660853676972802,-0.634775579963521,-0.770271160665132,-0.979032288752249,0.0105891245697988
"5-Hydroxy-2-(2-hydroxy-6-methoxyphenyl)-7,8-dimethoxy-2,3-dihydro-4H-chromen-4-one",-0.231628993863509,0.336738684289375,-0.602449300184298,0.739159974915296,0.652760715430812,1.23013875564624,0.699656729141155,-0.0417373700261574,1.1005502953004,0.97932148045559,0.787151454413668,-0.85656376373829,-0.953850802778518,-0.915413654944846,-0.99439081098659,1.28896239780728,1.19315999587032,-0.756608880261035,-0.404148111605696,-0.570074869305524,-2.6807339255757
5-Hydroxy-2-(3-hydroxy-4-methoxyphenyl)-4-oxo-4H-chromen-7-yl β-D-glucopyranosiduronic acid,-0.736694147049097,-0.481874960877097,-0.763730165446981,-0.533539941905012,-0.872899704636965,-0.556316389673859,-0.48633921751802,-0.901722903919767,-0.64177358010419,-0.414571958993968,-0.27577249319301,1.51273256251928,1.28980409708966,1.56176682718289,0.522982120868463,-0.33899972900022,-0.604834448129436,0.360849528582954,0.750203490251012,0.524708703649069,1.08602231030428
"5-Hydroxy-2-(3-hydroxy-4-methoxyphenyl)-6,7-dimethoxy-2,3-dihydro-4H-chromen-4-one",0.0957306240295168,0.0591517962035252,0.253087412368645,0.878469408814607,0.767413138158886,1.15831904059221,0.866496376033578,0.117616596703892,1.19470821121632,1.20433597800492,1.08762560872959,-1.41524919549499,-1.35560268968755,-1.34233367347617,-1.31616952267703,1.31138538978283,1.14955886368834,-1.08823159512732,-1.02115620353895,-1.28906204778921,-1.31609351653561
5-Hydroxy-2-(4-hydroxy-3-methoxyphenyl)-7-methoxy-4-oxo-4H-chromen-3-yl hydrogen sulfate,-0.883739290997479,-0.851018609257112,-1.01779158060758,-0.905828648433724,-0.715382841189877,-0.459132607720455,-0.892897358618653,-0.954381307507168,-0.425996850800506,-0.957550415677398,-0.550147339233919,1.30170009661913,1.35135031738398,1.56911617120955,1.35353996301709,-0.936383506441816,-1.04157129721605,1.55760148737825,1.06552242215389,1.30948323392382,1.08350796201601
"5-Hydroxy-2-methyl-2,3-dihydro-1,4-naphthalenedione",0.243756373132545,0.712882655010072,0.475691067327381,0.613902220247116,0.661087196621008,0.542424563044071,0.429704037357645,0.540696612709633,0.767872026899496,0.730688187668741,0.648605578811121,-0.271916559710625,-1.90190153846635,-0.788831628412962,-1.77925687674213,0.672571760914086,0.60228898170569,-1.48092108935992,-0.192370169545215,-1.069474827341,-0.157498571870399
5-Hydroxy-DL-tryptophan,0.129067312865466,0.114470343614046,-0.484291890858186,0.176607450289153,-0.279035176357124,-1.4469119998197,-1.41039893430236,-0.10556302108126,-1.19548849707199,-1.35408738801763,0.405266457881999,1.02932573347807,0.806916997370767,1.16540252898074,0.903494982812256,-1.35487634374758,-1.41240317210699,0.960211916170534,1.18604076451465,1.07639911385947,1.08985282152565
5-Hydroxyindole-3-acetic acid,0.0778103349784659,0.78686986653557,0.433217552799871,0.902742956639202,0.72362587298508,0.575225821249014,0.128429167006674,0.808808371818083,0.898703194978786,0.453002733572701,0.100686109781568,0.0450773293480519,-1.4383517189866,-0.0957096550679993,-1.07451793015246,0.427100402921616,0.83251341882911,-2.24072086532508,-1.35199022755765,-0.404640166774216,-0.587882569579805
5-Methoxy-1H-indol-6-yl β-D-glucopyranosiduronic acid,-0.866569628447585,-0.517013513383391,-0.789792600350563,-0.453259482182266,-0.642591401393053,-0.644156596909998,-0.636373692631014,-0.722637192866624,-0.580313922771106,-0.620287128548211,-0.375009030751907,0.623332380872985,0.685170557544205,1.23968294443925,0.99582618070343,-0.43034159661163,-0.568382996214292,0.836659414601062,1.06559205233773,1.18892695982923,1.21153829273373
5-Methoxy-3-hydroxyanthranilate,0.786366292811252,0.819915814310069,1.07999642936942,-3.26419125421632,0.502198165985655,0.872931088015737,1.13475377052801,0.924626719963514,0.796172786557444,0.720534496710488,0.782197887066771,0.408348808382598,-3.26419125421632,0.912361507982844,-3.26419125421632,0.898867390980747,0.828963372712166,0.597328222156752,0.567294892991113,0.423907370340696,-3.26419125421632
5-Methyl dCMP,0.978980219140341,0.852075002689813,1.0717095022726,0.861414069293094,0.871922499498659,0.633009977060926,-0.354629719305622,0.901556502173974,0.838228121089883,0.852590152379758,-0.723950210742986,-0.507524571897678,-1.61716819710983,-1.04692728213645,-1.21485178762889,0.614336105767797,0.52224927216924,-0.950745354067978,-0.781132140731917,-0.971051860306768,-0.830090299607955
5-Methylcytidine,-0.522630688358944,-0.794814866066138,-0.835610296911579,-0.881937421725645,-0.112787831351896,-0.206959167402064,-0.832544580382579,0.143501381171489,0.127188494278201,-0.452484019255959,0.294024459969787,0.260325430353374,-0.650338201805518,0.0262612123308682,-0.385435126093632,0.124094354430642,-0.437111972600456,1.42409993384404,1.67438838087532,0.48982209741216,1.54894842728854
5-Nitrilonorvaline,0.110154983156002,0.60743843232811,0.495017801849415,0.380645349163159,0.383035586701486,-0.383332711562449,0.482118355892592,-0.12872138063349,0.17995335009814,0.254780599062863,0.421564567386123,0.707929509894314,-0.742328927842987,-0.111853733447572,-1.29217871361536,-0.468365876548523,0.169174602036456,-0.428649999045164,-0.152096746967983,-0.056866795272615,-0.427418252632509
5-O-Methylvisamminol,-0.290774029702006,-0.00834930661291344,-0.320624210198859,-0.0657482328138345,-0.440873784094754,0.84810306310408,-0.0133113613840005,-0.538725662935359,1.30883499594988,1.48854219199538,1.26766669422881,-0.88472669104646,-0.562250923410867,-0.246152872801499,-0.391242672486385,0.649674656365511,0.747747610311009,-0.565673887057332,-0.584376788674087,-0.613449274823973,-0.784289513912349
5-Octyl-2-oxotetrahydro-3-furancarboxylic acid,0.983367293238136,0.768019839645059,0.688527584699086,0.665533458092334,0.711604869454798,0.704234620478439,0.825501522698249,0.837316875841124,0.837507558672264,0.826833964088902,0.869861258501004,-0.710086054948847,-1.48602301339036,-1.53393259878933,-1.61522681366118,0.922940099428362,0.744199380841782,-1.14188186082548,-1.28021271676968,-1.25139362294625,-1.36669164434838
"5-[(E)-2-(3,5-Dihydroxyphenyl)vinyl]-2-methoxyphenyl hydrogen sulfate",-0.604555464191947,0.80344804456287,0.657914427027592,0.853550768411406,0.644230620171358,1.23284989613062,0.841619091652463,0.501823348307185,1.19097462251566,1.38240246947948,1.21686791485548,-1.43433051823348,-1.41899647373059,-1.3673205572791,-1.35668728926265,0.99638818231518,0.884870625532592,-1.22426103646011,-1.14548521115448,-1.40268919116321,-1.25261426948631
5-[(E)-2-Carboxyvinyl]-2-hydroxyphenyl β-D-glucopyranosiduronic acid,-1.16052928729141,-0.528018600323441,-0.997617933870784,-0.567034135494655,-0.759719264101306,-0.772024309602505,-1.06171506644969,-0.575681514958562,-0.586957298376349,-0.800122219903848,-0.89814613508427,1.10898451765585,0.997770550571714,1.28328335930074,1.03557689138278,-0.41738178572594,-0.702340833342893,1.20268807523005,1.35899174371636,1.34489684551714,1.49509640115101
5-decanolide,0.174840551948962,0.931689121445429,0.80666906101567,0.890137639010796,0.905844202873055,0.652960825936865,0.757179287450351,0.81954670679033,0.53765711410554,0.757176278311667,1.08361400275899,-3.25995924568947,-3.25995924568947,-0.285627355715204,-3.25995924568947,0.26355111639648,0.891389977109298,0.29329148494346,0.155340749899938,-0.0110924404026073,0.155709413189393
5-hydroxypyrrole-2-carboxylic acid,0.479327634937918,0.994344196454444,0.768553167546364,0.790930671312919,0.586956014007879,0.143849938553032,0.528517648788246,0.499983259344029,0.408299142928999,0.472208136125165,0.4958716359634,-0.491660470274283,-2.00468840495696,-0.384810398668217,-0.898791651518399,0.0401520015327449,0.444527077376833,-0.604496714795,-0.51577914113475,-0.925278638233948,-0.82801510529041
"5α-Androstane-3α,17β-diol dipropionate",-0.0814014048905947,0.617074991012317,-0.00857085019040782,0.580715557320296,0.327824219727048,0.517977817581663,0.545482695226351,0.82414659093035,0.547427323336538,0.916284813879675,0.820809293515146,0.0890630940622505,-0.8193761801411,-0.919258745896421,-0.647808006992575,0.527673799668873,0.672632913454403,-0.203690973379848,-0.601905228221218,-2.32930647123012,-1.37579524877261
"5α-Spirostan-3β,6α,23-triol, (23S,25S)-",0.3435109560243,0.934688855440968,0.276018596552186,1.01823765600673,0.838162858874666,0.856856434069754,0.914659028411089,0.950411074669978,0.910487774548168,0.985253081309801,0.894054428335825,0.236905547901048,-3.22037949325823,-0.195980510703747,-3.22037949325823,0.321420495886826,0.697592036059348,-0.264788018811914,-0.146067586909061,0.0897157721087112,-3.22037949325823
"5β-Cholane-3α,7α,24-triol",0.40315457441981,0.760318962367626,0.612486998679778,0.741347459572776,0.668716607711881,0.75847060725959,0.708693877629239,0.572964988391385,0.710834442157214,0.742459153912083,0.819570747194911,-0.967717146401785,-0.847344963487151,-0.880599483473609,-1.78747618321785,0.962487605863098,0.722857771361763,-0.455138436203031,-0.650437314127207,-1.99848262945006,-1.59716764016045
"5β-Cholestane-3α,7α,12α,25,26-pentol",0.221969202040176,0.833153770629956,-0.0339142357021913,1.0429138705796,0.914326636759958,0.597112093688797,0.719422891367267,-0.20430874566623,0.627328502413181,1.02796658300214,0.842059519748837,-0.641462799787432,-4.02971758264384,-0.527690322403821,-0.694019056748669,0.823636710239014,0.856883202294703,-0.617927216645992,-0.524102046744809,-0.804044132484535,-0.429586843936109
"5β-cholestane-3α,7α,12α,26-tetrol",0.953587256769993,0.913789086092665,0.856378679010435,1.08081075371635,1.08848905891257,0.976074070591001,1.04476306314367,0.711674596461778,0.806644812227963,1.1491084440052,1.29592885465628,-2.70097806612205,-0.605364452835896,-0.925191386642249,-0.450370756579805,1.01656099305748,1.03103891393505,-2.70097806612205,-2.70097806612205,-2.70097806612205,-0.14000972203431
5′-Butyrylphosphoinosine,-1.00380808909402,0.397940947464545,-3.82673665589934,0.0185819859851225,0.148170563399062,-3.82673665589934,-0.219768611688095,-0.100841996237598,0.528883971890908,0.348710611706458,-0.113434176397849,0.794147549277104,0.695288051908672,1.00956516785139,0.852292149371278,0.455000301760089,0.275629956628409,0.835789579894888,0.935481291467031,0.859423624917545,0.936420431693743
5′-Dehydroinosine,-0.798313711882074,-0.237300568186756,-1.43009836190296,-0.649836205560918,-0.492364362239847,0.173908869521102,0.972908146295108,-1.57244642103229,0.735557843155747,-0.236539753373327,0.323057511860562,0.213513017351227,-0.0478815782308128,0.515373890921963,0.0333591619001755,0.454764976908703,0.0335421999808702,0.352246743867083,0.655161472297147,0.478162372931709,0.52322475541757
"6,7-Dimethoxy-4-oxo-2-(3,4,5-trimethoxyphenyl)-3,4-dihydro-2H-chromen-5-yl 6-deoxy-α-L-mannopyranoside",-0.994094036330607,-0.677815300630801,-0.926900217854092,-0.597047039311933,-0.809102166504216,-0.721934358204041,-0.822533930670561,-0.859966844400945,-0.781828916056702,-0.708958024479514,-0.489022782992804,1.08864710825452,1.24785635602592,1.4538149614226,1.21832206392257,-0.61159629729275,-0.812647591905594,1.08135781213002,1.35113742653988,1.12890290789361,1.2434088704454
"6,8-Dihydroxyoctanoic acid",0.969130893081447,0.272688941959401,-0.00466480556612962,0.500636957842876,0.384505484032988,0.242791826791599,0.4444520023173,0.528021448877061,0.254120319394602,0.676723037117408,0.638232733072975,-1.00996398323487,-0.978008198713207,-0.567512474564995,-0.105953169725142,0.0104126869788119,0.78029339182771,-0.867636151710524,-1.2386925111266,-0.555270403162357,-0.374308025490368
"6,9,11,13,14-Pentahydroxy-11-isopropyl-3,7,10-trimethyl-15-oxapentacyclo[7.5.1.0~1,6~.0~7,13~.0~10,14~]pentadec-2-yl acetate",-0.487620871284993,-0.475930865729667,-0.902321068534983,-0.275846860380855,-0.57507436435565,-0.431629286067036,-0.329070728293593,-0.474187893231708,-0.24165403649294,-0.482422652415548,-0.20275124305538,2.25214094088497,1.55453904841767,-0.15945558854793,1.41484628973671,-0.355598746331447,-0.85664490290488,1.66052534005078,0.0128951787814569,-0.340932684026938,-0.303805006218069
"6,9a-Dihydroxy-3,4a,5-trimethyl-2-oxo-2,4,4a,5,6,7,8,8a,9,9a-decahydronaphtho[2,3-b]furan-4-yl 3-chloro-2-hydroxy-2-methylbutanoate",0.345837051247193,-1.14325697554692,0.3809949963197,0.638877022819696,0.472307022068778,0.497014412193042,0.498110313271548,0.411080509641672,0.63633678846246,0.635673943832978,0.709888718297411,0.150176749351532,-0.755692040190279,-0.616752893570713,-0.746241644289117,0.769858353329622,0.590389332959103,-0.823053076182049,-0.909083926701821,-0.876934678086318,-0.865529979227538
6-APA,-0.775854405976449,-0.726355685845968,-1.13394680977878,-0.723783691510589,-1.05726920565731,-0.733455210101246,-0.705794438827845,-0.768954664985133,-0.680312060666548,-0.626037328496961,-0.543962508808399,1.08279266775687,-0.03835927556553,1.45761312225868,1.10736509303577,-0.680540049776564,-1.01195218461176,1.42039317847484,2.11727063955744,1.07161817435089,1.94952464517456
6-Deoxy-3-O-methyl-β-D-galactopyranose,-0.925015460205915,-0.0790693845368402,-1.03905053707228,-0.118907380871159,-1.39041183804918,-0.199302350353396,-1.08235221087733,-0.206739905501501,-0.692425269870898,0.732064664575867,0.214854235284991,1.03674596315212,0.481247797437621,0.67529129592004,0.49762214090237,0.111106447325146,-0.102361900238991,0.543890252792854,0.711085174890358,0.923275848431761,-0.0915475831356148
6-Desmethylmonacolin J,0.187062789530195,0.782365539932217,0.270457299791438,0.705153442612237,0.336936359659488,0.559774836286823,0.716015924929473,0.973077238646122,0.855076007338444,0.788667469328858,0.79187950233429,0.862512149952526,-4.4685212406156,-0.412981538762271,-0.693574977661295,0.458304790866688,0.724532521574958,0.265882232592036,-1.11937933580278,-1.33850008360343,-1.24474092893042
"6-Hydroxy-4,9a-dimethoxy-3,4a,5-trimethyl-4a,5,6,7,8,8a,9,9a-octahydronaphtho[2,3-b]furan-2(4H)-one",0.71913712393465,0.513285250823246,-0.00421500461690282,0.537717406515141,0.215113073471063,0.179783294846078,0.232040579141168,-0.293566060125522,0.663161205080289,0.181839208241529,-0.326392985668354,0.4518550473172,-0.595572468912125,-0.484838406811204,-0.147498985503683,-0.50790675104305,-0.591916060742965,-0.454246732992921,-0.563145546247278,-0.321984326415336,0.597351139708899
"6-Hydroxy-5-methyl-4,11-dioxoundecanoic acid",0.141152665167744,0.462891366697116,0.0447890679047125,0.356531292696358,0.309925642455033,0.0719282652611407,0.310855447095081,0.237415992178956,0.513883510680255,0.526668819337454,0.634005828155681,-0.0636793208196452,-1.64463925207245,-0.402616369297669,-0.790752720124095,0.676110410337239,0.333305957662783,-0.702564205023725,0.360484855544761,-0.593044206549977,-0.78265304728671
6-Hydroxymelatonin,-0.0651629423309268,0.642341375757856,0.424762858378087,0.531404779695654,0.57788253853891,0.752196781361647,1.20745524867882,0.541041209732091,1.19024101176916,0.925881190298979,1.33788588614969,-0.460719917041973,-1.81385860993589,-1.18072517299196,-1.47582111912041,0.685008278147093,0.540264065032314,-0.861098906081244,-0.974447670976939,-1.4059033480961,-1.11862753696485
6-Hydroxyniacin,0.697839430875024,0.740624173527195,0.256711993296064,0.60422973253281,0.626850553273327,0.496958334003479,0.528536816820347,0.643415178319798,0.597093950316644,0.587136910820843,0.582253303372887,0.69951715275235,-0.357355104695983,-0.528437972855132,0.375412250238585,0.556461539883241,0.484929795339085,-4.17933264167728,0.200794174282289,-4.17933264167728,0.565693071251677
6-Hydroxypentadecanedioic acid,0.934974945977385,0.849788621037717,0.762237313601748,0.780278989391247,0.747053030417288,0.785249331186329,0.766587674351801,0.824412054922441,0.847619016980709,0.403553049505484,0.89636584665432,-1.34487590322776,-1.62423506161519,-1.33253515683662,-1.47155713987268,0.194037577354634,0.737151711197724,-0.784336455194038,-0.934886111722719,-1.01923909586524,-1.01764423824453
6-O-Sulfo-α-D-galactopyranose,-2.102185679867,0.359088664196141,-1.62011006128435,0.0972615035488447,0.222877982279271,-0.195079509471221,0.348824480834287,-0.0828256690436384,0.177496240457921,-0.0254853436221571,-0.355015433341536,0.37411266270095,0.469457707617694,0.164620686388751,0.377455462393704,-0.477698738804896,-0.0869195435265803,1.47934477394728,0.27522411631812,0.727229963062257,-0.127674264783855
6-Oxohexanoic acid,0.755458040199685,0.748377346650358,0.448017727917542,0.851808138195258,0.61148883391293,0.341724476251236,0.962054052702057,0.498251096716474,0.384173821252061,0.629522689013118,0.577640911767411,-0.0314313426815945,-0.0513817136991575,-1.07569261703757,0.00411200807574461,0.252116077607222,0.589036370251451,-2.1200979682696,-1.5466213287003,-1.49338328477372,-1.33517333535057
6-Thioxanthine 5′-monophosphate,-1.02179540277912,-0.715224398614619,-0.149582060362573,-0.659446381225426,-0.825197139954163,0.0454943551163198,-0.819748399089563,-0.895382359428328,-0.770639779604623,-0.805653220935506,-0.591027134683877,1.58266500849915,0.70136083788655,1.17279387079744,1.01528333580715,-0.639403353309949,-0.760192229547459,1.26673825082955,0.876082862670972,1.60569046436363,0.387182873564418
"6-hydroxy-5-methoxy-7-(4-methoxyphenyl)-2,2-dimethyl-8-pyrano[3,2-g][1]benzopyranone",0.734732442000534,1.15480293130417,1.1413362873828,0.978922514869252,1.04130715399769,0.702495976496478,0.674616231360786,0.596040486389412,1.38632846931724,1.0935463316221,0.786246358632491,-1.29599973066423,-1.39642398220299,-3.56863715098122,-3.56863715098122,1.05266164278783,1.58141773715077,-0.501379555726254,-0.717071358719945,-0.779335635270746,-1.09696999876497
6-keto Prostaglandin F1?,0.412392359696046,0.381278685759207,-0.347964734098097,0.361150359772573,0.339885358687045,0.360184314466747,0.0358982567568285,0.532870344412688,-0.570970262006549,0.368466168527852,0.430338490896814,1.30525759049711,0.323600662595485,-0.731466188982263,-0.730893601685303,-0.0356957360781084,0.132297550889716,0.0857299950091305,-0.145407591977754,-0.632953527199448,-1.87399849593974
6β-HYDROXYCORTISOL,-0.285417268402883,-0.41542166769882,-1.21726875458059,-0.150690440438892,-0.473222246235944,-0.942412646076028,-0.988339682610606,-0.981942037646821,-0.92285139291488,-0.887955160668899,-0.823591297497425,1.99133626371252,1.6318239550306,1.00726708622914,0.960696715826561,-0.93604121008686,-1.043132496234,1.62365950477799,1.27644249932677,0.87569376647272,0.701366509716339
"7,8-Dihydroxy-1-naphthoic acid",-0.0764403411894614,0.958984530883447,0.213608371576172,1.01213203682291,1.20806041244899,0.750414082757431,0.605432162942815,0.600650235436818,0.921682283660067,1.08271797194134,0.919417674693739,-0.849716952464085,-1.22111993453586,-1.48677583238961,-1.30649040892999,0.826374089079142,0.732863199020525,-1.10942244530692,-1.0015103500003,-1.25188658324127,-1.52897420320587
7-Hydroxy-4-oxo-2-phenyl-4H-chromen-5-yl (2ξ)-β-D-threo-pentopyranoside,0.568159366168354,0.612442355311694,0.860297552843701,0.80653219902508,0.494033745646187,0.420433875529272,0.757890170205975,0.318845368314244,0.365859292636869,0.441058697560179,0.362560937901718,-0.0104223157289394,-1.97025397624836,-1.60220414076002,-1.81026989637431,0.404073056351615,0.525904396247786,-0.0986125462207673,-0.309213018835227,-0.637487566887828,-0.499627552687173
7-Mercaptoheptanoylthreonine,-0.701020892345751,-0.664617908296543,-0.662755527574789,-0.58583797680791,-1.01221334053345,-0.726408417528682,-0.668188909088671,-0.40392342527677,-0.668694991637603,-0.8525900268216,-0.867998248551317,1.2727964632682,1.06590409266324,1.36881281688473,1.23598188975402,-0.852354678181236,-0.796775369637122,1.08943048780612,1.24444345468672,1.04849087534669,1.1375196318717
7-Methylxanthine,-0.21765928072184,-0.86065168737991,-1.16524792346399,-1.280370518296,-0.652885872765281,-0.93154270255795,-0.399162913140274,-0.530369613745947,-1.03866813382226,-0.888674514831808,-0.888862254601402,1.25943856832921,1.19549569165973,1.46990285566314,1.23351712443212,-0.972422816018587,-0.984937618676073,1.32378654965208,1.31992826901325,1.49823488101809,1.51115191025366
7-Oxoheptanoic acid,-0.649244445862874,0.420448605309617,-1.18555114008386,0.8456824856664,0.550631250345152,0.531181538304421,-0.611742725925203,0.82075139791817,0.151233628363151,0.860351226991438,0.943611960665048,0.149926348864526,-0.577094605323679,-0.78238439297195,-0.393782189624346,0.090397422362974,0.0159506575216093,-1.19621553395808,0.393556971008991,-1.23598356404091,0.858275104469414
7-deoxyloganin,1.08537270604338,-1.84021907338715,-1.84021907338715,-1.84021907338715,0.0297391110063929,-1.84021907338715,-1.84021907338715,-1.84021907338715,0.456625191742641,-1.84021907338715,0.492513545132878,1.89078106665443,1.88296620924763,1.96178499204611,1.53334746579688,-1.84021907338715,-1.84021907338715,1.8653723006467,2.00459615524416,1.42856390192385,1.9303090149993
7-ketodeoxycholic acid,0.350650845425339,-0.489694587219541,0.436912192549888,0.520779931306065,0.835888482784899,0.134865385070618,1.09096442675838,0.780698871661538,-0.421390342763849,0.254901005584091,0.80838307626278,0.424038152450603,0.226014058315633,0.176908404939261,-0.0541995101242191,0.141395339812285,-0.335286942609447,-0.784839206772672,-1.03350247361779,-1.36346946535742,-1.7000176444564
7α-Hydroxy-3-oxo-4-cholestenoic acid,-0.18149023438119,-0.311157500277497,-0.623521662553789,-0.206681665113409,-0.223197779842036,-0.277406916916587,-0.818243752075836,-0.358880345912875,-0.217246715988923,-0.129367657876642,-0.207613308382224,2.25211433869107,-0.132205414157323,1.42710467687102,-0.11511451005432,-0.179694447412885,-0.212306726720289,-0.0782998111212522,0.273029107438227,-1.41978755394983,1.73996787973659
7α-Hydroxy-3-oxochol-4-en-24-oic acid,0.236380699720617,0.6263568335644,0.112109772806326,0.859677586789983,0.7160900521651,0.619859878367651,0.300279982237764,0.81105626709115,0.832950889267076,0.824220820138318,0.694252540460973,0.409813209159855,-1.81801987499334,-0.520487733375698,-0.590325475570834,0.599322179842917,0.66974749718099,-1.23145553641875,-1.30714831042804,-1.4672644867338,-1.37741679127265
"8(R),11(S)-DiHODE",0.896368471382683,0.87338841211319,0.0423148069570612,0.608340975273753,0.766680896529876,0.544985746331583,0.293844188195371,0.280242806101679,0.566941152000452,0.45189858122632,0.567954321003522,-0.149039941197888,-0.936508944175254,-0.554811418870283,-0.550176694201039,0.321934551816594,0.512217759425215,-1.41919030184067,-1.21239381178106,-1.27265713463467,-0.632334421656407
8-(Methylsulfinyl)octyl isothiocyanate,-0.335968178299401,0.0225638034835853,-0.403718134881193,0.0515846485682219,-0.234437446652976,0.229736680990185,0.0486413281853123,0.110877573866817,0.403245034585074,0.542251913996076,0.716644179789589,-0.0583587214285772,-0.446832560533349,-0.0146880567378916,-0.593785295839138,0.696905530640218,-0.00152063743711119,-0.391931941815128,-0.00640476037212142,-0.208757833615537,-0.126047126492637
8-Amino-7-(carboxyamino)nonanoic acid,0.0696470615484774,0.388431697659419,0.138209772638843,0.443141266636608,0.220427666952168,0.60733657100294,0.731857772378809,0.47790337207987,1.02296496872388,0.799044606095825,0.963622531337464,-1.14406885853615,-1.92360302129793,-0.48443657471547,-1.63441905758066,0.818373764317231,0.410712157477185,-0.568204693253343,-0.162985534911565,-0.648655521860313,-0.525299946693278
8-Amino-7-oxononanoic acid,0.475162089344925,0.470766947030289,0.467619678790238,0.699513402549202,0.356353152954844,0.503648147417414,0.461033555660542,0.497771945890863,0.557007710138874,0.379475009012768,0.875919548717072,0.160831008544549,0.190734539570873,0.356449819497725,-0.802825061886636,0.402365581895802,0.399449468140171,-4.80504579396783,0.11309590771154,-1.34113871797712,-0.418187939036114
"8-Azabicyclo[3.2.1]octane-1,2,4,7-tetrol",0.857486141112991,0.646288584262309,0.0273604598174079,0.498668293610842,0.384973761749759,0.110063513364815,0.434068914766253,0.697595508340103,-1.0641042918774,0.524887884912039,0.740413545936095,-0.330618717289658,-0.858391984760965,-0.332752814446378,-0.865450355900668,0.470113995173783,0.337384970833104,-1.19647332898577,-0.508376667902477,-0.0336320840582342,-0.539505328657919
8-Hydroxy-2-[(3E)-5-hydroxy-4-methyl-3-penten-1-yl]-2-methyl-2H-chromene-5-carboxylic acid,-0.547186353656212,-0.33317928904721,-0.222797934920762,0.656179423964974,-0.16801442620042,1.42853871595847,0.810735252919515,-0.735680226819344,1.44574043092148,1.3420437448337,1.21333484847587,-1.01554868676449,-0.820420139473527,-0.968310893996645,-0.883796273027648,1.25413811629943,1.16097322738893,-0.876860580372646,-0.79215155660445,-1.01837210945841,-0.929365290420622
8-Hydroxyhexadecanedioic acid,0.623354298171009,0.873646398098126,0.56963896513652,0.762288000955611,0.844945435355882,0.508561241613769,0.898935511816032,0.630659308983856,0.358730693641861,0.854554043267521,1.27349104647039,-0.497807897027081,-1.39311092116634,-0.699562628664286,-1.51763464084308,0.225773559046257,0.765550589357742,-1.67987020026309,-1.91718994871951,-1.06057783325105,-0.424375021980129
8-Iso-15-keto-prostaglandin-F2β,0.689613608208173,1.05680123016244,0.6237864808784,1.05618773336371,0.776140839940817,0.854624784393526,0.853311614752509,1.12239851040445,0.838333038211646,1.01782733418858,1.05804577281659,-3.99732226101321,-1.33831325205527,-1.47754251198842,-1.53879287654979,0.799115353399758,0.968244804336299,-0.622146152793681,-0.695349688319277,-0.825016473389391,-1.21994788894787
"8-[(3,3-Dimethyl-2-oxiranyl)methyl]-7-methoxy-2H-chromen-2-one",0.605916982335465,1.21022457381382,0.41256563428449,0.647927869295509,0.403724925326328,0.344643617960998,0.411234936513793,0.0393568088156065,0.7789494009594,0.673987102482273,0.840136269917717,-1.78544158195437,-1.44571517760532,-1.11716032156482,-1.82610029671961,0.303285727840776,0.715146208031653,-0.126440713769894,-0.347967220964651,-0.353197852031863,-0.385076892967263
"8-[(4E)-6-Hydroxy-6-methyl-4-hepten-2-yl]-5,9,17,17-tetramethyl-18-oxapentacyclo[10.5.2.0~1,13~.0~4,12~.0~5,9~]nonadec-2-en-16-yl hexopyranoside",-0.55555967850963,-0.675717352240546,-1.24890274484469,0.046163904750837,-0.436632833992694,-0.959889073335295,-1.51547696558025,-0.0134624679916017,-0.896931115854804,-0.676679757816597,0.0712525640605722,0.850200101463815,0.922621187271839,1.2442837783963,1.19401395842464,-1.23434164743117,-0.848765072900629,1.18663873185094,1.26381179971535,1.16363997728526,1.11973270727831
"9,10,12,13-Tetrahydroxyoctadecanoic acid",0.508248524702046,0.682258066990801,0.501725181265551,0.674825557914611,0.358693231476654,0.469671201674999,0.693058370228857,0.49684130587714,0.757691900042302,0.824449374258671,0.943130911344241,-1.0460811467202,-2.04754274116505,-0.904060675403462,-1.89676826294871,0.776726617017997,0.394614451426756,-0.28542962545822,-0.457825790020859,-0.792579075696311,-0.65164737680782
"9,10-Dihydroxystearic acid",0.315608146374357,0.49493474722983,0.299549653293308,0.408486149144868,0.582522203920096,0.816649016365206,0.642995315552967,0.792550727617748,0.680850536858941,0.853319325514771,0.977656432520615,-1.37739484044032,-0.466665503269231,-2.88374554307923,-1.51298093887489,0.534854427162159,0.468972399368561,-0.285876704354415,-0.589190372135981,0.409115839369607,-1.16221101813894
"9,10-Dioxostearic Acid",0.536526254840969,0.414059019497019,0.104481239030117,0.601827846451767,0.388393235151128,0.376318215953776,0.222789811762886,0.835554805879365,0.383128259522565,0.397215297241057,0.556649689264838,-0.361685814143754,-0.885251336877376,-0.755801265323934,-0.591742601988687,0.096212447146106,0.308848656456508,-1.12224022448047,-0.714811136310377,-0.690980712655778,-0.099491686417744
"9,17-dioxo-1,2,3,4,10,19-hexanorandrostan-5-oic acid",0.979290235408197,1.11224053552462,0.997426252647374,1.13768863333046,1.05131797057443,0.969002731152764,1.01646018621038,1.15699289566657,1.12633238612957,1.02331736405937,1.1795648052457,0.571647536051445,-2.9420540822324,0.0469436260850141,0.371185701391575,0.870763439498928,1.10009611218556,-2.9420540822324,-2.9420540822324,-2.9420540822324,-2.9420540822324
9-Hydroxynonanoic acid,0.492473415842154,0.330910477063901,-0.314538124971931,0.394840152803631,0.0393771629818597,-0.126425145364695,-0.620870502474375,0.0773050802664742,0.256569669192993,0.351066435255747,-4.76951460367997,0.415933795173209,0.27880527953881,0.517361290217582,0.613039531238276,0.458198437300454,0.411662864648229,0.233738334774972,0.0758556185250868,0.478647139138057,0.405563692529536
9-Oxo-9-{[(2R)-1-(palmitoyloxy)-3-(phosphonooxy)-2-propanyl]oxy}nonanoic acid,-1.76731138201002,-1.76731138201002,-1.76731138201002,-1.76731138201002,-1.76731138201002,-1.76731138201002,-1.76731138201002,1.38140169980199,-1.76731138201002,-1.76731138201002,-1.76731138201002,1.43533583335367,1.99446167178295,2.28053937222333,2.18026314972834,-1.76731138201002,2.05997882154488,1.68242547609355,2.16140884975883,2.0310902605991,2.23352006722364
9-Oxononanoic acid,1.37849970660372,1.21594171821421,0.0623566844548396,0.731095257654814,0.579370559186421,0.537265642731156,0.593842209303837,0.947707365095256,0.358697397345795,0.769672005997163,0.818083228211561,-0.696165241953134,-0.759634127707971,-0.741387502167766,-0.634559503163844,0.0204517962551757,0.643482596019492,-0.706982684572837,-4.43632449457794,-0.799934041210842,0.118521428280866
"9α,11α-epoxycholest-7-ene-3β,5α,6α,19-tetrol 6-acetate",0.632465913061755,0.87812061347919,0.51956439602408,0.755487249692215,0.843883915943342,0.708567506848454,0.728817770559018,0.462844435283702,0.706990911721497,0.999139047917918,1.07828618248416,-0.978557162219951,-1.09726726624083,-1.36460348503244,-1.43089855021578,0.835479995751831,0.737144426364808,-0.953387235222756,-1.12315312522995,-1.39135667942194,-1.54756886154831
?-Muricholic Acid,-0.0224371119863263,0.526310853082723,0.809696596324148,0.744056147768794,0.823497888402897,0.916209728992865,0.676763233397744,0.887620188643411,0.615145292127508,0.846490563092885,0.846998286391789,-1.81601671276029,-1.07868374498005,-0.785273423839426,-0.302511817201292,0.86008356638272,0.973357014357395,-1.58833735913744,-1.80715853380153,-1.16127119792168,-0.964539457336811
AC-ASN-OH,0.73656248609478,-0.557678647058392,-0.996630999419982,-0.629177940337023,-0.289105736527894,-0.492307572708592,-0.722539596060459,-0.113107572257108,-0.477513396419175,0.518254814444984,-0.278532307782464,1.12938434211825,-0.0230048956797042,1.08242634407681,0.736946433541918,-0.520515095864369,-0.680009196974572,0.205541129682546,0.112515590216685,0.312782618608787,0.945709198304962
ACETYL PROLINE,0.648417787742322,0.628336006147902,0.123705518781049,0.530921171407225,0.200063086087943,0.386021992572302,0.292495733929998,0.400623457475355,0.628147280256422,0.5040769203315,0.666534499572029,-1.45266514175522,-1.00289892054609,-0.302333275792082,-0.44905597339594,0.0440930173387933,0.452500021758595,-0.966020719146349,-0.51340857902755,-0.418716035812454,-0.400837847925726
ALA-PRO,-0.418501966564908,0.403373549746574,0.0264141295604319,-0.417172925873204,0.106607265675247,0.875491796542915,0.801048451244105,0.998441473639704,0.964944910621662,0.833492702207437,1.3449976623582,-0.777343340225405,-1.16839161531291,-1.02849089970849,-1.05067508595323,0.696290023765518,0.781399721861136,-0.431188163482996,-0.662020581805668,-0.941020731685576,-0.937696376610516
APAZIQUONE,0.781910848902608,0.852030031707743,-0.453918361834373,0.806552826004372,0.784605640996402,0.821667931931515,0.643452580257736,0.732855491468727,0.857967466099504,0.835744237145705,0.842494026099572,-0.645394671713061,-0.744321312774202,-0.633288712980228,-0.751338956083709,0.746972427423498,0.81817034859061,-0.769002540654121,-0.615123258274946,-0.703486878727588,-4.20854916358577
ASARYLALDEHYDE,1.29909968204018,0.759086557199923,1.45893262291326,1.13447147584159,1.26214476165427,0.972947275604083,0.710998179936975,0.926462801564645,0.815919618343612,1.23226841185051,0.440338205542725,0.599024207402627,-2.8364391562287,0.375695975804874,-2.8364391562287,0.672760685191115,1.06970768366149,-2.8364391562287,-2.8364391562287,0.45233763659159,-2.8364391562287
Abietin,-0.637197319739622,-0.660951387565007,-0.693400621781219,-0.651455994201939,-0.609067452069837,-0.493288865434079,-0.599846441396591,-0.790544740112385,-0.604890700274398,-0.340676076469797,-0.282317526331723,0.108887549255616,1.02344647964466,1.35135221627223,0.950517393165884,-0.536384067402749,-0.64502385817519,1.1719653886728,1.39647257211386,0.12338935964338,1.41901409218608
Acamprosate,-0.619820036783957,-0.520596843179658,-0.56527870171719,-0.616000805086254,-0.532367561121417,-0.440998682772873,-0.56192143894065,0.376964851807115,-0.125599458094182,-0.362100799998606,0.183466965044624,-0.790342007939529,0.653866548155417,0.767123682993169,0.408481468081472,-0.582898668975427,-0.68032924467492,0.319426376922869,1.30022044871886,1.17937175824485,1.20933214931623
Acarviosin,-0.716198237112863,-0.476019920819184,-0.779536355718637,-0.441540804768831,-0.503385522567222,-0.621138775003703,-0.462175686998323,-0.358444107212306,-0.178642928044767,-0.485508890947633,-0.418448576918161,0.273273839824189,1.94185016217544,1.76664735017019,1.83959159448094,-0.327687932072776,-0.688327974889271,-0.0175073453207794,-0.363353808249564,0.943862690590889,0.0726912294023574
Aceglutamide,1.25513749758113,0.0326026803765697,-0.572810470373924,-0.0338414266765047,-0.0912019551118889,0.0932482855400326,0.318866345985929,0.857281524798132,0.0451334180418609,0.510694152510426,0.444784380916877,0.0864375675623943,-0.809742355543593,-0.464972718599847,-1.25594284162912,0.316973815982409,-0.580082772750445,-0.0173108521338547,0.036465494722499,-0.113854426827299,-0.0578653443717981
Acetanilide,2.39903085967382,0.184143352139014,-0.90291274984985,0.341934517106541,1.28847378636162,0.197961193524737,-0.0720941726354286,1.9225764385578,0.604176112966548,0.203406070464393,0.455187803216601,-0.780123073524104,-1.25250941202135,-0.590377657296313,-1.00986456707355,-0.627170531076552,0.972481785881671,-0.874258912210085,-0.722880109103638,-0.893390553526993,-0.843790181574934
Acetic acid,0.706969038646115,0.957599642074476,0.895263844877077,0.929435728405431,0.90885922740186,0.851898226131072,0.882247282484396,0.869992070786788,0.980694440745168,0.866127185003004,0.905703835071614,0.674723923742701,-3.52117940240552,-3.52117940240552,0.751835843489137,0.791669707202652,0.910198523160936,0.626774418860913,0.574724671538765,-3.52117940240552,-3.52117940240552
Acetyl-L-methionine,-0.473025639313522,-0.193541113459636,-1.07306885565253,-0.400056260488644,-1.1612840259331,-1.30296750462587,0.626227613375707,-1.05070612613176,-0.782091374278999,-1.03711929522221,-0.770348209412774,1.4087346410112,1.10166214312718,1.59006770562217,1.22854197866957,-1.20660019870545,-1.26297523911338,1.01104844588103,1.29583525779592,1.10755124736633,1.34411480948878
Acetylcarnitine,0.744569397001352,0.642766578913875,0.339660171234368,0.838097015194549,-0.143710605651897,0.417560112743282,0.797954635445436,-0.0588207693317258,0.0522265765344579,0.541909203470785,-0.0427873905471146,-0.604038700685662,-0.363299256913593,-0.00350395508973868,-0.344346558636487,-0.0954683221752913,-0.310731701760487,-2.40101348954131,0.0709724649335596,-0.207116523350599,0.129121118212238
Acrylic acid,-0.098200353849629,0.567835042700169,0.410010078669863,0.513761555449586,0.417618631887109,0.323907206346352,0.427421529751573,0.219782851595378,0.686809770185197,0.335442279103027,0.452475589892328,-0.266950327893166,-0.748610335364876,-0.331128498365597,-0.326615208391228,0.090099219044527,0.586201234481195,-0.741034569401126,0.0459681297633831,-1.02707416403016,-1.53771966157383
Adenosine,1.01724492367932,1.13728253809996,1.3398869232718,1.20794761574722,1.26158546684457,-0.135507430298061,0.783268131955833,1.21141034738065,0.668558665026548,0.44276577947111,0.756785489212096,-1.1255088845059,-2.84142477022808,0.18352060480475,-0.0720638961492035,-1.21628342737675,0.562716044740121,-1.70499465479448,-1.168283081715,-0.954245329396915,-1.35466105576959
Aderbasib,-1.26611958312608,-0.889116867820828,-0.28877248542787,-1.0232167888897,-0.914022800229814,-0.52985332378267,-1.05530964588646,-0.942740813537899,-0.578798549856783,-0.374297139555553,-0.219528538703757,0.595509086025071,1.24422242880182,1.1244527413772,1.05170146282059,-0.898093426421194,-1.07056259877399,1.40387119396228,1.75079512373597,1.26820236587136,1.61167815941829
Afzelin,-0.337155680441007,-1.13062482455068,-2.99287030952765,-0.165240436087937,-0.712198371487709,-0.13637757032187,-2.99287030952765,-0.919587154239407,-0.218859707723576,-0.586395084356188,-0.0613932517385646,0.642993096052356,1.78833590235155,1.36873425968984,1.20545159750048,-1.11134523032799,-0.563493172468937,0.675158064437551,2.38522261903812,1.76872306888747,2.09379249484181
Ala-Tyr,0.0176512351579845,-0.379857689913827,0.216593269038062,0.0748262698920395,0.417168155714985,0.46152257155828,0.987141844041887,0.439535929066092,1.11926351798982,1.09362354064676,1.19409804670374,-1.58188685703151,-0.898083463833493,-1.04449637433282,-1.05561241990735,1.02045888401108,0.464868910107171,-0.472120721125227,-0.644189927658256,-0.679268274400328,-0.751236445725101
Aldosterone,-1.98026882607732,-1.98026882607732,-1.98026882607732,-1.98026882607732,0.520468467703791,-1.98026882607732,-1.98026882607732,1.17822214299788,0.362740701318152,1.03500609670253,0.404189646957762,2.22219398407246,1.83402691296099,1.48070873687367,1.84841376281211,-1.98026882607732,-1.98026882607732,0.922649853657609,1.27387042135001,1.85223027070418,0.907429610507445
Aleuritic Acid,0.494653700715317,0.869318551177607,0.269839898279259,0.968865817876276,0.830165026623872,0.427616393601473,0.618975973519319,0.832103638980677,0.722169396640816,0.622452196365842,0.801960386415876,-1.4748083050413,-1.73633075361638,-1.10491512878947,-1.22834019205532,0.693772079511855,0.677674350980004,-0.799247404323913,-0.917823644461631,-0.77932408876423,-0.788777893635941
Allantoin,1.49780032316333,-0.947039659092456,-0.981528233367581,-0.808465489677245,-0.115381457023682,-1.17881267756478,-0.978936357493012,1.11880230958533,-0.717341830836178,-0.502152401946243,-1.11711405182549,0.724991864536472,0.832391018554937,0.646338328153884,-0.275191112321126,-0.931089668776954,-0.0331377813812326,0.89935099831989,0.978327628974595,0.984128806150092,0.90405944386743
Aminocaproic acid,-0.0709552276279642,0.419324122985277,-0.656306830782521,0.162230217423103,0.0855369447723372,-0.304803796957827,0.331121829068057,0.173669588712539,0.729345400205545,-0.129784437203404,-0.556293545396365,0.646481286030119,0.272485014180175,0.766917564413899,0.4484186251311,-4.81308739961631,-0.416808629673289,0.812633164243863,0.725758370003321,0.613311232991572,0.760806507096761
Amipylo,0.387098510986974,0.538464240310684,0.313479096772397,0.878365093498272,0.86373516101267,0.737139268783616,0.588283874818851,0.482445272837817,0.77573525059243,0.837596819060265,0.715101551504611,-1.08894033736655,-1.45698050917056,-1.20250244409522,-1.42190636294889,0.912824183986822,0.857476825492268,-1.24643213881243,-0.478804153302071,-0.684925094738102,-1.30725410922382
Amodiaquine,0.585126645418903,0.54599674429001,0.601509763387873,0.560804801101288,0.365350083613002,0.591391340342501,0.673487704136836,0.364103850976362,0.540737040001952,0.781844013490616,0.457879886898632,-1.3709886211896,-1.57033021632925,-0.878606997478571,-1.13691584796678,0.586538008983322,0.620952362901273,-0.529742397161842,-0.719467604579365,-0.653973545385682,-0.415697015451482
Apigenin 7-sulfate,-1.15331143784801,-0.656666007806772,-0.200864180425549,-0.202431084666418,-0.333220554978066,0.35887880312149,-0.287144952867436,-1.5641360685732,0.725273423391657,0.380501191377685,0.128009866563991,0.863729920899153,0.141995794536126,0.583502094956816,0.630783181892331,0.289217150165499,-0.315270325666789,0.362883057209065,0.132028844044482,0.59023570384807,-0.473994419174077
Arabinosylhypoxanthine,0.131324373299838,0.853051459480151,0.469721410324838,0.71806607159071,0.777041691346803,-0.0512305912931322,0.555987312760224,0.22595477839873,0.340351330009526,-0.0294688153216657,0.718285141049716,-0.0980518922602617,-2.33413139252474,0.269189781977406,-0.334219829477754,-1.06068272466129,0.252894629672874,-0.646144942588702,0.281190053668552,-1.20519938648374,0.166071541031947
Asiatic acid,0.878944486947441,1.00113866733986,0.451811318330086,1.12598911525453,0.931908022619597,0.750336046958852,0.875535013090912,1.14389351400184,0.723281272813523,1.0034800978135,0.966077266937154,-1.13971283512612,-2.01021094467732,-3.99666580562191,-1.25402839986863,0.82912386396872,0.785796666937652,-0.520527348319714,-0.710957681423187,-0.856482494485609,-0.978729843491155
Asp-lys,-0.217566579143873,0.274184856283873,0.536337978306479,0.531171394160677,1.00292303603528,0.456948380916319,1.20499488223842,0.44910970801323,0.953803222658748,1.06889348355514,1.08422685835059,-0.88016550569603,-1.23906814993877,-1.19529198506855,-1.13184170318249,0.432782187409414,0.372298250654892,-0.733689151020271,-0.773147220669678,-1.03126812834884,-1.16563581551458
Aspartyl-L-proline,0.579738493845452,0.821843195228081,0.473793177118897,0.727617528678975,0.678577545389955,0.284892851247265,0.41799447140906,0.918344052595047,0.367264762503429,0.390140173483485,0.571869313859131,-0.503614431338975,-1.04326544904482,-0.677418652984715,-0.865795262854733,0.209321098814277,0.236479102640967,-1.04199945927387,-1.08776370665885,-0.636882626300791,-0.821136178357241
Asperulosidic acid,-0.54612146133288,-0.755258037457133,-1.07772073710747,-0.794888265332279,-0.883347965733611,-0.986540762794319,-0.776163645390703,-0.702168103417718,-0.848009873077768,-0.952828782255259,-0.836128575550722,0.861273896077169,0.635695153946265,0.819590397735441,0.773873905098265,-0.845585963227245,-0.893845223864093,1.89512577898207,2.05888375923344,1.90605970649546,1.94810479897309
Axitinib,-0.888266504731827,-0.649723034756098,-0.868748347558544,-0.627018020476868,-0.676475380828079,-0.792748837760736,-0.926856875467255,-0.535731798439314,-0.363778285561136,-0.658988996731409,-0.593726249085883,0.272519869255193,1.13551787298826,1.30051464992453,1.21707413475924,-0.506136770971918,-0.860085972473035,1.19894419209198,1.5050085056363,0.830383780404979,1.48832206978161
Azapropazone,0.533062449598259,0.746789816911781,0.424428741783897,0.714725620915234,0.619042198279417,0.608612448182913,0.602499362691416,0.724721807694008,0.768313482579596,0.701527304109733,0.874903233961842,-0.476235860565436,-1.64961700596721,-0.418446071831362,-1.39482985678149,0.825958683811562,0.715170902572084,-1.47562602799542,-0.574134329542,-1.35817906133776,-1.51268783907105
Azelaic acid,0.976853094815256,1.01291693621354,0.906618611312442,0.94487157723141,0.99145438758063,0.959522020210586,1.07019905751642,0.975830718587812,1.06711432254715,1.08193246307118,1.27783232018005,0.17990406605961,-3.55574851527914,0.127339778539371,0.17572491842462,0.802281358720515,1.018792689082,-3.55574851527914,-3.55574851527914,-3.55574851527914,0.653805741023914
Azelnidipine,-1.3372684601952,-0.23394194654004,-0.564493925683017,-0.866879061279916,-0.251102385982719,-0.168441179428274,-0.476466363900448,-1.02720500956136,0.421818103501468,-0.810521367370287,-1.26227460343336,1.18676320220297,1.00775613343978,1.04778136363053,0.901644133356086,0.0490912393719143,-1.19937863698209,1.58354301477095,1.0978891423907,0.798526276232267,0.103160331460031
BIS-FERULAMIDOBUTANE,-1.07706048498947,-0.751584396164107,-0.979906247029042,0.443064085075364,-0.792015603451248,-0.158322214703573,-0.701044997653586,-0.538835167144025,-0.396737686430345,-0.148452913371186,-1.56846856326828,0.999290683687055,0.469614013525922,1.05784411105349,0.880924575963178,0.494116697214859,-0.62904911615069,0.560727189678851,0.997135315501669,0.797128593635923,1.04163212501926
BUTROXYDIM,-0.546344376994298,-0.546344376994298,-0.546344376994298,-0.546344376994298,-0.546344376994298,-0.546344376994298,-0.546344376994298,-0.546344376994298,-0.546344376994298,-0.546344376994298,-0.546344376994298,-0.546344376994298,-0.546344376994298,2.67422802528395,3.36987846829655,-0.546344376994298,-0.546344376994298,-0.546344376994298,-0.546344376994298,-0.546344376994298,3.79009229231687
Bafilomycin A1,-1.60131516460499,-0.277136693181799,-1.38873281657412,0.316198298208448,-0.657646195450184,-0.808167745884717,-0.38835770875782,0.285937230790284,-0.32716178219166,-0.0314994115705432,0.271852690650673,1.15315188127036,0.57172377223733,1.22142716695489,0.916186664183846,-0.565476496973403,-0.295485331693086,-1.19515636913463,0.930353918683218,0.734864180962453,1.13443991207544
Bardoxolone,0.532748953103335,0.646301536643291,0.720812415902629,0.960341800568571,0.540167067719776,0.803656784561255,0.725714746094073,1.14414210510171,0.898297793242789,0.471388788249267,0.787250258440883,-1.1415792626738,-4.00382341327833,-1.4619515276059,-0.911152066491868,0.751214262538186,0.703680829717095,-0.72835728535132,-0.211026281412835,-0.967295021378345,-0.260532483690456
Belnacasan,-1.36305036468302,0.889698729830891,0.925861522135429,0.819845093168018,0.846065256339472,0.868287316198886,0.939051176999662,0.865662861428944,0.237555713042901,0.551337043557012,1.04044670611737,-0.123373707202406,-0.0229863121225602,-3.47593204661456,-3.47593204661456,0.487444596128444,1.00643014597953,0.00812909774284931,-0.1709367996586,-0.316523522356541,-0.537080459417159
Benzoic acid,0.809499149314397,0.714424702139555,0.297159497883201,0.588800544842188,0.462502907449043,-0.640337533988398,0.595235553650839,0.575954695933167,0.489280735582181,0.417702752561118,0.370607077963379,0.207615734723976,0.272951547686802,-0.296918326389147,0.439002526728771,0.190580529679669,0.478308743876328,-5.03639686029294,0.122250409694979,-1.53258919608008,0.474364807040979
Benzyl butyrate,1.81245953664595,0.33349731391394,1.29732312571854,-1.54858078225505,1.79211343810681,-1.54858078225505,0.644118266267583,1.71428917854668,1.6160611214513,1.51206722073252,1.8906312554376,-1.54858078225505,-1.54858078225505,-1.54858078225505,1.26332172035424,-1.54858078225505,1.60992564537538,-1.54858078225505,-1.54858078225505,-1.54858078225505,-1.54858078225505
Benzyl formate,0.268092105317519,0.484306092919405,0.216956270102888,0.793778547624168,-0.454998832111738,0.461582195105351,1.12392900281659,0.0480103327078138,-0.355232080839983,0.661870775754083,-0.206985164971359,0.0541430012179976,-0.0647910015975558,-0.473556776127972,0.0789712863511109,-0.396949677855518,0.0915454536453613,-1.2857952641405,-0.6394956692599,-0.136307513458631,-0.269073083199067
Berkeleylactone E,0.173201667077553,0.503275851103582,-0.000564469538910223,0.539177638655714,0.420593087458749,0.530072980218681,0.428801806737139,0.407566145479562,0.434341620920764,0.535793204744435,0.727810746330169,-0.236819105614989,-1.3168657096296,-0.120016300308049,-0.726614485847038,0.701471162615459,0.441545276868723,-0.917850563781777,-0.933222133324406,-1.03295573602586,-0.558742684139905
Berkeleylactone F,1.02087264623606,0.868629439882471,0.637952085977825,0.699188296261643,0.768280679709947,0.415549780642932,0.883546027866899,0.459490582420918,0.573733513641173,0.846008312958947,1.23620507394372,-0.909207825354998,-1.46519278481503,-1.30937969431103,-1.67760586024713,0.360761889063566,0.69820936745691,-0.929015507083603,-1.04920081418073,-1.24789614600414,-0.880929064066358
Bicine,0.139962389903787,-0.137923941757022,-0.0585238389051471,0.230670384994557,0.118489486908394,0.390034319636546,0.264441702150348,-0.500293386597716,0.644101227002817,0.862459031035593,1.00398378003848,-0.116514565293847,-0.521519908998661,-0.582807137299991,-0.863761143362014,0.886541020075473,0.35107899118604,-0.486359220438468,-0.43346219832185,-0.343527691774441,-0.847069300182851
Bis(2-ethylhexyl) phthalate,-0.261960480405472,0.667976735332513,0.809954303162821,0.855215958149646,0.849194610669887,0.604208973986794,0.836258216276047,0.821362639427531,0.476225836435864,0.656850479611836,0.980656001770316,-0.114669264644596,-4.28504242464342,0.0148302141553349,-1.55837272740346,0.624999420391852,0.877558521977441,-0.00376033183618818,-0.769132672058865,-0.864233466033504,-1.21812054432237
Bisphenol B,0.942966988149691,0.821191010631415,0.757281921596736,0.257774276740033,0.72020491627309,0.884804768524807,0.839107965527786,-0.313444180797185,0.350093100640078,1.00188223798023,1.04690017275333,-1.37521380761234,-1.20008241071218,-1.33257130171569,-1.21990257490348,0.948099031643054,0.81353378372823,-0.968032991063792,-1.00441311963051,-1.02458223689592,-0.945597550857331
Boc-Asn,-0.152130266601927,0.275587662065215,-0.107861114519894,0.0865232957201351,0.0335145750275412,0.426236094951385,1.05235028512059,0.57210944272892,0.748072418707858,0.591153151369143,0.862398336490964,-0.231874184901899,-0.410948289277446,-1.04458715646388,-0.92733024948443,0.500594316966603,0.231807811267415,-0.345702398337365,-0.528491615713278,-1.01279942267776,-0.618622692437891
Brassylic acid,0.902505376562221,1.02136269357334,0.790640864124204,0.853913961509163,0.860927151049753,0.919739927330062,0.774481328236497,0.858831473714752,0.987091357448613,0.987508835837761,1.0375806193084,-1.58541897355363,-1.57109104439826,-1.52274103857835,-1.51278054391524,0.99708297533882,0.874057162418904,-1.38845119356591,-1.31428651578756,-1.55584380479162,-1.41511061186189
Butopyronoxyl,0.669040203632764,0.439276467762507,0.187367056575745,0.680847001902641,0.727605805045517,0.2607847804454,0.595586654058233,0.875243891616598,0.884740990380963,0.577888170006512,0.773658959371347,0.218041055710523,-0.0590810523669685,-0.316729093109802,-0.744314876475903,-0.39396321845854,0.613131985160137,-0.924032547379499,-1.25286356937241,-1.7956127376694,-2.01661592683637
C14-Carnitine,-0.749185264389338,0.439854140148818,0.0474358311813703,0.119505132428817,0.469117045390451,0.477418807832351,0.255898575118616,0.438153705563002,-0.403643176412975,0.467691726153225,0.456629750534412,-0.39931232569375,-1.06067666688678,-0.224987962856148,-0.875231721317836,0.752783411730564,0.169676337647209,-0.816167002877975,0.182236578182715,0.333451012666377,-0.0806479341431174
C2-ceramide,0.0884489165353828,0.826634590637871,0.0582983562402965,0.737031346825072,0.436441389417358,0.820791754540087,0.677174115582441,0.566047039396433,0.582266989468247,1.02376352313396,0.601859195532318,-0.705635425950595,-1.46484047296844,-1.58131038006367,-1.8229791730819,0.97599235049617,0.662199064419905,-1.39370756823683,-0.313568688153291,-0.708169970862371,-0.0667369529084051
CLAZOLIMINE,-0.731283775194371,-0.137433080660985,-1.22320313962112,-0.166730600184951,-1.1947879860895,0.0361824043382544,-0.895811585673213,-1.34197764565967,0.0615556011129191,0.249665355489269,-0.301062251392768,0.364404279688693,0.754554267674015,1.39292556096886,-0.74819000828103,0.177744903677261,-0.0127212612245349,1.16940175750443,0.74385287547707,0.297465453465205,1.50544887458618
CMPF,-0.228237288258595,-0.382984766362714,-0.218781635498557,0.00158700085632149,-0.386757127726775,-0.0647757146175291,-0.464304892253729,0.146821922822963,0.0259238972770902,0.279897168219077,-0.246098484728246,0.724647705375332,0.000887065506999893,1.01031829317409,0.427039986959466,-0.367250155690616,-0.354714949537781,-1.56739367203264,0.217799903131345,0.639491668858142,0.80688407452637
COUMAFURYL,0.258173902628481,0.709849675158382,0.632145518677256,0.727489198675229,0.605896270195281,0.846171846959529,0.795431804376456,0.491633403898013,0.59835867143983,0.901051237312935,0.732388129009528,-1.95080278469131,-1.74389303920483,-1.52918804001096,-1.60758231443197,0.995109505821226,0.800914884424494,-0.281116686225056,-0.466807095893896,-0.792783524126675,-0.722440563991924
CYCLO(-SER-TYR),0.368453601540162,0.800521433098646,0.593208172741818,0.555649743061303,0.677694818895118,0.783900785745644,0.642677952033492,0.611718749437886,0.789708587319386,0.899531561871648,0.897458781709269,-1.25781566984839,-1.32211422623048,-1.21716764984054,-1.19917941422605,0.874516398758343,0.451271315843445,-1.3500256734555,-0.948174153760073,-1.49171968602029,-0.160115428674806
Caffeic acid 3-sulfate,0.38216632592667,-0.532713874038729,-0.969988218452288,-0.533692683387805,-0.672477807903978,-0.670798166082301,-1.04429914249362,-0.301647936288949,-0.498806724128021,-0.881327400484797,-1.09451088580191,-0.625778684423259,1.04691071844007,1.40408464905626,0.830090615423743,-0.422947873892391,-0.552200115538137,0.881606224345983,1.57439553441799,1.2351177008516,1.44681774445385
Capryloylglycine,-0.0995085230164561,0.817288993210769,0.173669490604383,0.910606727553244,0.596273402256765,0.596317673181214,0.819951452979876,0.493836779027191,0.856996948379417,0.452204720862087,1.55978401600528,-1.32256365734132,-1.59297703372733,-0.981962502107105,-1.20946096819159,0.229078314014517,0.554819543365538,-0.675382100339367,-0.819215290016524,-0.784490536008297,-0.575267450692266
Cathinone,-0.540396521224026,-0.847326459557027,-1.06872458215906,-0.71664441701489,-1.00392141545099,-0.838708299670557,-0.692398144179717,-0.558361401826193,-0.75005796567683,-0.758928533866325,-0.630175503888893,1.22546746072873,1.01978584926349,1.49214309981025,1.13750675042984,-0.733504871878751,-0.840098797863228,0.982179928741753,1.42859732216049,1.24486315697733,1.44870334614457
Cauloside C,-0.498847367551981,-0.310886845076849,-0.511286252348274,-0.0224501737641513,0.00042173072185491,-1.19861838485155,-0.43143096324927,0.094134698833769,0.0286747719810896,-0.295184131011557,-1.8110157661766,1.06944902089274,0.791997899088805,1.01312342342972,1.05712625143226,-1.80622139040484,-1.00450959677311,0.957852199922191,1.02419967790572,0.897443289981077,0.956027907018939
Cetilistat,0.297579286585146,0.742118014604557,0.364295371973582,0.693381062641406,0.475094589748175,0.685292423841933,0.493799457715698,0.747284956085182,0.491132792862754,0.780156126572924,0.715640339654505,-0.197691156100206,-1.0785125420383,-0.984798843208557,-1.11892681822616,0.690543831934706,0.540514699839537,-1.06478845321282,-1.05724688611602,-1.16960570607158,-1.04526254908646
Chaetoglobosin A,0.579370122279378,0.641895696325252,0.799893525628464,0.758242732046056,0.715374559607122,1.13237474295973,0.528851846558949,0.824114839392786,1.0448273468427,0.652876879776825,0.906846763962391,-0.793005863146872,-2.0830194998187,-1.69480253936593,-1.4139149841858,0.524728655994821,0.933802400283127,-0.871527847732751,-1.04122929637941,-1.08620243400954,-1.05949764701856
Chenodeoxycholic Acid,-0.0874684664573122,0.753399552474815,0.695267470004172,0.809857385819806,0.843510987355636,0.948450890842346,0.840828051096727,0.920588607933811,0.700714101891521,0.873046207342221,1.14070833473423,-0.0228441482708122,-0.73297917979909,-0.803251675931416,-0.547180912759995,0.686371281435849,0.999823370503095,-1.69667861614563,-1.86211474897076,-2.10181394939693,-2.35823454370227
Cholesterol sulfate,1.96531171140461,1.96513753236675,-2.21788151348236,1.94688508760996,-2.21788151348236,1.28320884938841,1.4326327023095,1.71446871746013,-2.21788151348236,1.55105774183407,2.06797286573797,-2.21788151348236,1.43946468667539,-2.21788151348236,-2.21788151348236,-2.21788151348236,1.53338126566699,1.63382614744449,1.42758631344301,-2.21788151348236,-2.21788151348236
Cholic acid,-0.477903470599351,0.28098695377346,0.849250425522048,0.69186154985171,0.845631660711325,0.706369657788945,0.471888693338583,0.967655688799099,0.304089402722098,0.545102455942085,0.657647407685234,0.238605834177306,-0.121515236693948,-0.0240915997179209,0.402380373897269,0.533874428473225,1.02771494043088,-1.16568261695248,-2.65038385924854,-2.03096957785112,-2.05251311204987
Cholic acid glucuronide,-0.72941216631166,-0.589327626750642,-0.506447602766721,-0.537108853496431,-0.572297834322777,-0.418387777442817,-0.669622432540071,-0.520166779704724,-0.692300870739324,-0.49430705319044,-0.297720296510471,2.13217161058282,2.1628044460136,1.85567351840646,2.24733931528299,-0.505401398038936,-0.462098181966963,-0.0628023849563158,-0.28454832152882,-0.464766227440543,-0.591273082578233
Cichorine,1.0907853890076,1.4560616208591,0.807933284250386,0.276397791590802,1.35750001183277,1.35896914518329,1.15081980339653,1.53930945308661,1.46634573366768,0.777592905116187,1.32486153565283,-2.32046828096682,-2.32046828096682,1.31105681964044,1.11210350254138,1.21354097094213,-2.32046828096682,-2.32046828096682,-2.32046828096682,-2.32046828096682,-2.32046828096682
Citric acid,0.581542393876216,-0.474463003126776,-0.572325431450169,-0.741977424589418,-0.574958107229828,-0.84972729306516,-0.231763157934545,-0.197485478887246,-0.478187419450819,-0.297202291449309,-0.821284744657375,0.33045244048806,0.123760665553155,1.05549945282434,0.824799339151144,-0.312814330408833,-0.671577201147554,0.688741374320116,0.18741572143292,1.39116123718473,1.0403932585663
Civetone,1.02958008803826,1.33412965848252,0.798929051702344,1.32463637298725,1.13577568424102,0.990570349548415,-0.156398783502328,1.29434470423343,1.07162600724628,0.753782462991389,1.07307150204206,-2.96808433014066,-0.519545798864372,-1.0071576935736,-0.508962774741756,-0.32990354250976,1.39904843829221,-0.476520731355973,-2.96808433014066,-2.96808433014066,-0.302752004835461
Coenzyme M,0.601813591101172,0.839164060723519,0.52056850938483,1.0223594753205,0.3496657893644,0.832623173676974,0.828547652229864,0.524979229014494,0.321267667051576,0.942803627581536,0.633967900331459,-1.02370758493617,-1.71607305524525,-1.18234821056783,-1.3399355507299,0.781911208248775,1.17654946728251,-1.09199127033821,-0.932524695473489,-1.11107284271266,-0.978568141308108
Corchorifatty acid F,1.40095541258576,0.955632050671396,0.727810280544237,0.879989433726504,0.88508393851626,0.531619134103906,0.537114925019943,0.212695421880447,-0.371636082588426,0.211043060586109,0.766060723577154,0.203842190209583,-0.846685549832501,-0.356343726602405,-0.77001964611515,-0.32976480951832,0.426358130274196,-1.64139201570308,-1.03091333214306,-2.12598213479587,-0.265467404396663
Coumesterol,0.591918946509883,0.940938771367384,0.328482534226802,0.501450443341618,0.639941879217461,0.62381366482436,0.411865442294494,0.542863297564556,0.737679963720394,0.710320247084928,0.570836014568908,-0.152290225570184,-1.91956513263123,-0.540168687096723,-1.37295952084863,0.791023730467272,0.474450286323015,-0.886746304369639,-1.00889510034693,-0.868800479470211,-1.11615977117752
Cucurbitacin F,0.420529617035819,1.04037752104506,0.995812638697359,0.694537282667735,-1.03644993545151,1.37135489741234,0.157828063677966,0.208170505731415,1.01522585397552,1.16826039060428,1.18718189209786,-2.15715199975198,-1.49289232288871,-0.946505610016295,-0.962418179618455,-0.107565251091962,0.783604876371522,-0.374339713607042,-0.459249940656504,-0.759913609516784,-0.746396976717641
Cyanohydroxy butene,-0.992041889677648,-0.601356856509254,-0.633867869185549,-0.670797867387351,-0.609919522691013,-0.819962707864739,-0.631424418889724,-0.7336843042541,-0.671668574475395,-0.781038738975401,-0.761738293804054,1.2739975322297,1.19664266164232,1.21021877072762,1.18752010424225,-0.853064447373465,-0.810817279762082,1.20923515866596,1.19061099328789,1.20811456134413,1.09504298870987
Cyclohexapyrazine,-0.568383323597603,-0.0990279075932331,-0.883298703766979,0.208706200466196,-0.173991094893003,-0.339511670686789,-0.587664623596631,-0.0798819809141996,0.00474867781193124,-0.0591249998700402,0.18108657652853,0.0121649723156769,-0.183252952174945,0.705035821059515,0.316882697190184,-0.191706049022671,-0.439470520651537,-0.196022655275232,0.267480415644701,1.08789753497033,1.01733358605582
Cyclopentanone,0.753567635168599,0.80409056028715,0.618933457847832,0.69007580186144,0.684003445383208,0.668599442248781,0.645942652453574,0.690552938999135,0.815733289897897,0.805724962444633,0.946036398130514,-0.958954393886713,-2.31442343358488,-0.665006126535434,-0.94116464059033,0.680535086565567,0.719209244857313,-1.53543236839923,-1.48582876969717,-0.906489900059444,-0.715705283392423
Cytidine,-1.58036624327605,-0.461084376728615,-0.329017475819926,-0.225279576892163,-0.044452834482949,-0.798472053416158,-0.23594052989752,0.144606590093719,-0.0515954348439154,-0.252598365216299,-0.0560821430309233,0.504219648135688,0.254535335285187,0.662415580094586,0.454558781728871,-1.00631800359785,-0.745459235260074,1.03286431765388,1.09361633653204,0.580695821274145,1.05915386166432
D-(-)-Fructose,-0.337883078459389,-0.0806887185809004,-0.236130428323334,-0.376574827140417,-0.0478599196708346,-1.4441245306748,-0.844832041678167,0.0377764723055783,0.175719538531667,-1.41176204463823,0.0959052882425977,0.586177899257461,0.405386151157669,0.853238330419641,0.510807372006804,-1.12136401437625,-0.317180500635823,0.857341986311526,0.911224495030708,0.83739427353537,0.947428297379092
D-(-)-Mannitol,-4.22656406559281,0.0771518070266959,-4.22656406559281,0.000878096933457701,-0.577520507915081,0.417389998136903,0.486041440829667,0.0177195004824637,0.391075896959452,0.512317191360226,0.407252245182895,0.715745700753537,0.803091775711348,0.784889062806163,0.524508937444002,0.140934151757612,0.0806373887502674,0.895183479339229,0.913403771838174,0.951341168905846,0.911087024882767
D-(-)-Quinic acid,-0.575267366413901,-0.422460298373043,-0.597185796555146,-0.433724874401138,-0.515283604115097,-0.38650863336427,-0.391364458845155,-0.436248825632436,-0.241139422478757,-0.341958316025075,-0.192906387440119,0.271582009038659,-0.0358781631965745,0.264166044679299,-0.145912389565821,-0.331892930487496,-0.505780959799975,1.41856888187854,1.7159419053479,0.497488052148223,1.3857655336014
D-(−)-Arginine,1.07489262805723,0.86654692566615,0.925629580231757,0.891178747788489,0.798188247797423,-0.0251281463258716,0.278010352987131,1.2201080600511,0.237468025032082,0.311587946225845,0.521567547787459,0.160816394436022,-1.18181758162575,0.174916283579579,-0.453938813733349,-0.696815360694767,-0.266945833124171,-1.45355231451145,-1.13403001375043,-1.32459784700277,-0.924084828871692
D-(−)-Erythrose,0.0587185335844558,0.696530013370402,0.481241800163357,0.707109207600608,0.717879778721266,0.254294629126831,0.511366925330802,0.518740030956703,0.729569839282496,0.210185458012975,0.614862461559418,-0.0713952278750682,-0.41105337623669,-0.791333676070175,-0.688818865074684,0.0921209526649432,0.547711439654689,-1.24311701116135,-1.43617871448391,-0.858723877762283,-0.639710321364777
D-(−)-ampicillin,-0.364473373622982,-0.302592068088523,-0.812145268631716,-0.29937666389458,-0.716286343849219,-0.311467608407208,-0.276887220155775,-0.355847596587463,-0.245030167047016,-0.177178047375574,-0.0745713290118188,-0.103903221198585,-0.309558056835689,0.0120165787270917,0.0160403935549522,-0.245315189960629,-0.659632975221996,0.275150075674544,2.75908947432238,-0.122362570151595,2.31433117776141
D-1-Piperideine-2-carboxylic acid,-0.905214864034061,0.283358657950146,-0.99935617688242,0.0749709425429484,-0.96404658184521,-0.0809030902146878,-0.995753896612994,0.383476232876636,-1.05507337175481,0.331030410239908,0.370577254125798,1.02564959369415,-0.63117912940845,0.642434667330435,0.534797489178652,0.0932015402001979,0.0132409332265761,0.458955801356041,0.205128989077731,0.734266522190281,0.480438076763133
D-Alanyl-D-alanine,0.0502189801868591,0.265775147911796,-0.0760332972946828,-0.0621074267729419,-0.0787011260255797,0.0716224769966982,0.639604385646379,0.168428494318943,0.941183588088834,0.50012239226983,0.88627737544402,0.789691831792101,0.220054744444645,-0.56895413358648,0.0349356641349758,0.416313483985413,0.0460611012758566,-1.08795630204144,-1.25348833324685,-1.1052465138138,-0.797802533714547
D-PANTOTHENIC ACID,0.601025500987308,0.709940490587749,-1.25149645942831,0.593368507823655,0.142809218916572,-0.391749420975256,-0.0539179975068482,0.377218032337705,0.0428451216370572,0.685089038737618,0.813081670768621,0.293420987348595,-0.784845191321563,-0.19063163809687,-0.618795438430842,0.713019004642387,0.342730271387402,-0.340711558718613,-1.3993474960702,-0.0981437779940365,-0.184908866632106
D-α-Hydroxyglutaric acid,1.15993316928983,0.841491284658008,-3.2168307543943,0.892289645896516,0.974021014875505,1.03944804359524,1.21144286239634,0.888589321404338,-3.2168307543943,0.964254809458296,0.895058520972838,0.439839527464081,0.46340164524622,0.580519614796096,-3.2168307543943,0.866682063106062,-3.2168307543943,0.323234148573487,0.326347813117975,0.550441680733835,0.450327851992532
DIBOA,0.283064863630441,0.306609221088058,-0.0936375172688745,0.701722721534655,0.772032294394387,0.793038223811389,0.167186384643951,0.763064734184311,-0.371199413049576,-0.187338024133132,0.224942769157386,-0.808026345846757,-1.29223572270597,-0.475285340202925,-0.205903773343028,-0.0764822840808602,0.719364754311959,-0.783974970941653,-0.539805878461097,-0.137178745581503,0.24004204885888
DIGITOGENIN,-0.331312933060466,0.867633232942429,0.267286586011252,0.913599823237688,0.204639389152684,0.711644318173965,0.308051877999895,1.06118346950394,0.681211112528425,0.38835772273755,0.785188337574813,0.070909987859679,-3.04809842118518,-0.350783414793382,-0.817715907262191,0.472762075450962,0.784239561396639,-1.12639978267415,-0.746330644894142,-0.600057522906624,-0.496008867793806
DIMBOA,0.0504709296239546,0.377139237818854,0.0709881550284637,0.566206260635717,0.169488115834679,0.247547151852613,0.284094712659242,0.0947279933078294,0.425304774479963,0.687585543766017,0.590150196058721,-0.441730629472447,-1.09181748468002,-0.130551009017644,-0.755460647435185,0.607673959377377,0.326200163073778,-0.987006566563181,-0.158713083033079,-0.679239606688053,-0.253058166627581
"DL-2,6-Diaminopimelic acid",-0.468457237295636,0.437813497072729,0.0713342515154591,0.44712530774381,0.251724259591945,0.894489184594472,1.03023970451153,0.515571745637925,1.15973948557286,0.876910608447504,1.08761999749252,-0.430308459474777,-2.34849324335122,-0.693751748650441,-0.956605448061322,0.844093205400841,0.524950528742402,-0.831984411020213,-0.996690075840653,-0.625249505896573,-0.790071646733166
DL-4-Hydroxyphenyllactic acid,0.330581680511024,0.560291565560069,0.276254844936893,0.889089105123314,-0.437586120534264,0.536149012350964,0.278182187447837,0.0967690576625647,-0.331607401548799,0.748943338071273,-0.174124664258688,0.103284236679516,-0.0230667560951294,-0.457299224227879,0.129661193174448,-0.375922913772759,0.143019717729747,-1.31993394526506,-0.633561687803498,-0.0990418447485382,-0.240081380992997
DL-Ala-DL-Leu,-0.339989103653716,0.379731485938342,0.106656682377831,0.409582350724583,0.252349481600136,0.723049105892263,0.940757176516901,0.29743705151797,1.15022641350537,0.766306693662455,1.12870142747223,-0.910638505724199,-3.20134382876597,-0.546683940180029,-1.34913237881755,0.803869667677862,0.333267218091577,-0.279423283827994,0.209918194544389,-0.588089278022262,-0.286552630530173
DL-Citrulline,0.524749603575526,1.11014154942336,0.747884782506382,0.892753204160413,1.00927740291177,0.736041075866524,1.03963414137885,0.238365285487578,0.858192702824441,0.801776527880498,0.943248144074644,-0.836957043732475,-0.498281161757965,-1.93172821173933,-1.99277458426139,0.712903287276755,0.958128602571385,-1.70352857850416,-1.20820302631009,-1.20508451182648,-1.19653919180623
DL-Glutamine,0.425142306092492,0.75931567684291,0.700076651966016,0.616241744486323,0.636289800460781,0.40112951722522,0.487798559555378,0.780911354617019,0.587770605351421,0.43403419541019,0.568782893457824,-0.61540927054036,-2.04110443311399,-0.493706399176723,-0.840290127779503,0.146103612877415,0.38544939392833,-0.658394671382266,-0.719291502151661,-0.807013213317031,-0.753836694809788
DL-Lactic Acid,0.58843852023336,0.66272712810643,0.567733094933646,0.706473067760247,0.345297561458207,0.575520923173282,0.797917940205297,0.394969203592326,0.550245145682028,0.535032796537701,0.380077956228551,-0.0515137002431899,-0.356096385690434,-0.114206872124469,-0.0535267494764558,0.280112801606275,0.456918502503892,-5.74547631272918,-0.14475344108297,-0.0971844053421441,-0.278706775332392
DL-Mevalonic acid,0.75630283794879,0.749256708884478,0.450333830152487,0.852180239200157,0.613030871033313,0.344530438990071,0.961880630343067,0.500331713606109,0.386785638855619,0.630978084042674,0.579344959489859,-0.0270405738641303,-0.0469145892387065,-1.07087221231207,0.00836411200502302,0.255324409996747,0.590685965717274,-2.15790335325594,-1.54904285022191,-1.49442988818483,-1.33312697318803
DL-Ornithine,0.560612785926008,1.04060378697245,0.692520914334787,0.838068181234321,0.931484223373462,0.610022266762014,0.949679374163829,0.42285028087166,0.746695317723035,0.69191170817114,0.846796556960093,-0.949205158741258,-0.829702080004816,-0.826682201647301,-1.31932523666101,0.583554326741639,0.841502558952169,-1.78830303378892,-1.3990760775309,-1.34216251869735,-1.30184597511504
DL-Phenylalanine,-0.316687760160285,0.337488350924517,-1.16104021617813,-0.322896361240288,-0.951652820715527,-0.913222464534883,-0.603655934390602,-1.00188173312276,-0.414460952218114,-0.686957019882813,-0.720900883819773,0.776358189598296,0.666962242678442,1.28654662233293,0.51838032289465,-0.843865640415692,0.306081625175404,0.707132812717193,1.12509876899719,1.02258267250351,1.19059017885676
DL-β-Leucine,0.455155021636101,1.03839146659135,0.483161746956987,0.79677329327046,0.731445743946957,-0.256030202576905,0.370560416817939,0.832153873117481,0.196611418504083,0.196187191350825,0.111797109972553,-0.486246910996099,-1.06934786393738,-0.174371906396955,-0.561789523309228,-0.412639225713688,0.173686679863693,-0.822337677022078,-0.295605918369249,-0.836602292381618,-0.47095244132523
DOA,-1.19079547066893,-1.19079547066893,-1.19079547066893,-1.19079547066893,-1.19079547066893,-1.19079547066893,-1.19079547066893,-1.19079547066893,2.37294724922566,2.29912834225599,-1.19079547066893,2.39898605253683,-1.19079547066893,-1.19079547066893,2.42458383280551,2.77179703019944,2.37563634863419,-1.19079547066893,-1.19079547066893,-1.19079547066893,2.02805773370739
DROMOSTANOLONE TETRAHYDROPYRANYL ETHER,0.677788304922148,0.899806119177117,0.695738918274079,0.76188791453957,0.625089555249224,0.877577992201301,0.765649063776142,0.798325931715487,0.890481194515673,0.769607264786331,0.755376134986676,0.023742346801106,-1.59939170132788,-0.818054808502656,-1.47869490982119,0.944231386105326,0.892357892657551,-0.16205660131148,-0.795143892604943,-4.24691296319503,-1.27740514294453
Daidzein,-0.829121227969906,-0.749550706905445,-0.79910953571145,-0.738766635704057,-1.02727586860999,-0.849029515831753,-0.780283044342381,-0.681939108806667,-0.802956237493603,-0.759893628577836,-0.764480135400539,-1.12776688588078,1.52127302806477,1.33540657431989,1.167734578279,-0.875944751653097,-0.849410514159041,1.80545454142741,2.06970852941446,1.74813740847972,1.98781313706128
Daidzin,-0.486556693000104,-0.377701423569857,-0.572105047239501,-0.557462631483439,-0.590859528074645,-0.486710551415596,-0.541214729429674,-0.558175034804144,-0.296710289365433,-0.185263196196085,-0.312456965180694,0.398915030497714,1.03146004992052,1.68480089587288,1.13777701327566,-0.317989481397837,-0.533155289481593,-0.692325499718047,1.48773644206465,-0.765465579768943,1.53346250849415
Decyl β-D-threo-hexopyranoside,0.465930980122568,0.512412675307071,0.4923174009834,0.738568651426647,0.578137446225993,0.726110100870371,0.558253003443999,0.554235029087526,0.775607355632526,0.829439478415623,0.714957756251371,0.128210242335248,-1.39886661431824,-0.860122146754625,-1.23263165702212,0.399594804727837,0.568793378268174,-1.08082931640794,-1.00447268591372,-1.34634813927397,-1.11929774340773
Decylubiquinone,-0.0372691241117077,0.336905229380814,-0.159793307427592,0.486541244232235,0.336777848243729,-0.0134543191063246,0.0647564937121703,0.805938764678356,0.128054133792983,0.156602011396044,0.626095979815142,-0.0803316515332557,-0.674104432319247,-0.0258557682993945,0.172983065502949,0.0348324328391715,0.479972598384354,-1.30432401947374,-0.166825852813414,-0.201392340340871,-0.966108986552369
Deferiprone,0.722998861019207,0.918266668273754,0.432069546926797,0.816030227905278,0.65368822776605,0.458711278816205,0.48679857563156,0.69516353305074,0.477280793553765,0.535020788252326,0.7037642147009,-0.314293174281366,-0.751674067787548,0.0556200255793113,-1.05919391461754,0.457097779278251,0.484488015944207,-3.37493954237233,-1.27895824890037,-0.894916278334319,-0.223023310404858
Dehydroglycine,0.66051121327501,0.976052421949371,0.785155315924486,0.73576313816912,0.800456932715087,0.296905800472891,0.73057436123233,0.778650867547618,0.141749350774502,0.343391011370232,0.339966646295939,-0.827771917196427,-1.22572838134529,-0.494019069123013,-0.735433980506155,-0.00883738603056425,0.312800112983492,-1.62928006016202,-1.14910777963696,-0.144080256968401,-0.687718341741216
Deidaclin,0.281763845817531,0.577084921968441,0.323461166628408,0.559331886731086,0.421977093968805,0.464016914191985,0.70569869212834,0.238065173416431,0.635311182753593,0.636016628524863,0.883947783239078,-1.9524462177843,-1.5917575620817,-0.200542834163267,-0.549074620909256,0.754223693419486,0.594859349003735,-0.803545113300894,-0.515937610235695,-0.572319617446755,-0.890134755869911
Deoxycholic Acid,0.688368428922153,1.34912427742515,1.35589529885836,1.42767571607035,1.39911306299536,1.4418485265199,1.30249681557197,1.44063893472373,1.35553857661751,1.41411233750434,1.46305763719018,-3.25467811719739,-0.54407656778198,-0.406579538754844,-0.343494869278145,1.42642910144425,1.50324284795864,-3.25467811719739,-3.25467811719739,-3.25467811719739,-3.25467811719739
Deoxycholic acid,-0.076553475102794,0.790915759796522,0.316972166999257,0.907638418390204,0.539298172702595,0.671287076212193,0.603434828667791,0.817531170300795,0.729269035889459,0.847871569840562,0.190095611251581,-0.149834229270407,-1.64938550709329,-0.423983204332463,-0.732668384550356,0.337117973311566,0.783997637113049,-0.278017116272251,-0.753330204051654,-1.92228049230211,-1.54937680750022
Diaveridine,-1.28429705263879,0.984101090873402,-0.534473768088641,1.13458833774381,0.911449303405279,0.78085088498555,0.910398116090962,0.801247455617973,0.948798950525039,0.960483629491256,1.11612029438147,-1.04813786073177,-1.44318396594685,-0.894080192407967,-1.1935479550401,1.03716531120685,0.954519456604117,-1.21918203958626,-0.690177844040315,-1.40028303612762,-0.832359116317378
Dibutyl malate,0.434655836824682,0.846643538328296,0.451894936858377,0.667682852409526,0.692745348086514,0.533485410511146,0.668541978712521,0.518549958862202,0.631415929987347,0.770314899340182,0.915043380018617,-0.790066857515556,-1.8700436961754,-0.493539301919952,-1.86873323529011,0.608447068217129,0.668417466895244,-0.900843246900507,-1.02709625072968,-1.26813053521721,-0.189385481303329
Dibutyl sebacate,1.15932745169835,0.404976530637334,1.18570910805911,0.329699801172232,1.00707417942512,0.778189966951537,1.00206727403875,0.610187447087121,0.0334050910452331,0.40528689708259,0.756347646418462,0.310507575840402,-0.175824782718824,-3.38770135038364,-1.49628502232821,1.15358506829377,-0.206335861726832,-0.624633166018697,0.111611660914324,-3.38770135038364,0.0305058348955005
Diethyl 2-hydroxy-3-methylsuccinate,0.0732691049283674,0.0572592884147845,-0.326321810869202,0.38809146598836,0.166328274555886,0.132473640701582,0.314542478888384,0.336172015327193,0.450227390900031,0.645317255219383,0.773877304878519,-0.211627057892204,-0.583727125840909,0.134622772447947,-0.324751284051256,-0.0592811523183887,0.0978491327287135,-1.999676562253,-0.361824203782539,-0.0847963151668443,0.381975387195181
Diethyl tartrate,0.0694838885621168,0.40834924908201,0.0509411464362735,0.501397770268664,0.302839241912624,0.36129332603087,0.365163289031966,-0.0108497211684621,0.381327327117666,0.216324264298361,0.572994506260348,-0.246586719802319,-0.425637066979243,0.269168716815814,-0.232982681899613,0.525052660549752,0.280150576016593,1.34433844450688,-1.3662727644783,-1.67379014667697,-1.69270530588502
Digitoxigenin,0.277860145894218,0.603513939044177,0.303776911922948,0.760757533038829,0.518472409844851,0.636469711838361,0.406060548596549,0.876809935551296,0.74726666663341,0.724831071323287,0.684507022126588,0.550539071648416,-0.656946954224265,-0.94667976492404,-0.865714484930734,0.711596252889001,0.778666552976174,-0.166042891279734,-0.995562348454761,-2.48356701487361,-2.46661431464096
Dihydroartemisinin,0.487577580930326,0.680900319539485,0.225671621594214,0.671817602275279,0.787091499415306,0.503320179824905,0.551783602613515,0.589954735842802,0.576168790709869,0.634760467356029,0.860587608551155,-0.511133244620391,-0.746241282765767,-0.979892066500433,-1.05154855663339,0.420631653893186,0.673265044720371,-1.03190456409195,-1.31766751241264,-1.5796259416411,-0.445517538600737
Dihydrokalafungin dihydroquinone form,-0.980780101978,0.840901035112937,0.696250223206663,0.95591382322337,0.865554998024521,1.03058941756982,0.916395757501198,0.635280561781661,1.13071168478524,1.14827155242272,1.11694377533759,-0.986479501359185,-1.31059390769888,-1.59790346531226,-1.38862774656251,1.12942118186715,1.00116566968996,-1.20309427371964,-1.11980960905582,-1.35878587873233,-1.5213251961042
Dihydronaringenin-O-sulphate,-1.62745761049986,0.0379216923443306,-0.0498271207343815,0.492934168087539,0.129407631270812,1.16868735839521,0.512246051372131,-0.257185696525058,1.21050747049586,1.40782500868204,1.12076719850848,-0.0386126754308401,-1.26392885640338,-0.461772550385064,-0.881294970186397,0.670808489344342,0.44565576804072,-0.971973315372079,-0.679712264977059,-0.567211136666692,-0.397784639360654
Dihydrostreptomycin,-0.585214211284284,0.360516868473681,-1.18747271582103,-0.122858459105304,0.0455669155916545,0.00886060133377528,-1.31352934045955,-0.505805527082181,0.440139148857449,0.0109443476874282,-0.548453864029673,-0.530493470615272,-0.973696022949343,0.742839173488062,1.15651710947789,-1.05844351480915,-0.487197479947832,1.02049225438055,0.780587029365072,1.2779551762151,1.46874598123296
Dihydroxymandelic acid,-0.269878963197307,-1.33123249824453,-0.452509398285271,-0.727238403454941,-1.18685685951564,-0.0796351229719062,-0.936797695080289,-1.29611138827704,-1.09169540298772,-1.28048471924701,0.174000000691275,1.43680135669255,1.24615837645147,1.4452694464724,1.19688562258892,-1.48126579413834,-1.04422100536822,1.29884199379597,1.52882810140862,1.42888466227623,1.42225769039077
Diisodecyl phthalate,0.219894710697272,0.502868574707613,0.578499443971095,0.696169160397042,0.515399350802075,0.656280938103545,0.483990474141624,0.433860165163041,0.84914745895588,0.813618566063389,0.627699674136455,0.543890724737236,-0.484513410649749,0.131038405221429,0.158043072636134,0.853952291748126,0.677719965869928,-3.89914928380538,-0.698186907859787,-3.89914928380538,0.238925908768412
Dimetotiazine,-0.451402706609167,-0.788025502324905,-0.177884429080703,-0.843335450812869,-0.929230598736562,-1.01845955833371,-0.783820994401809,0.685241321622725,-0.781207082865835,-0.98736897620083,-0.733514890091985,1.36527376751427,1.17079481748264,1.03958795500571,1.0650886342467,-0.883007610822565,-0.871932264945436,1.40546696341597,0.659197274425161,1.14923246924689,0.709306862266301
Dinoseb,-0.276366752172219,0.358989393618974,-0.121156644624814,0.432549597806203,0.217764678372252,0.294324750278572,0.243765581140276,0.105058023335509,0.533072513369111,0.542814027146247,0.745430051288842,-0.423781587866584,-0.896134117651836,-0.166873830069732,-0.848450840999126,0.609174749559022,0.111685941144712,-0.571256261978947,0.00426544908258072,-0.583297934438863,-0.311576786340138
Diosgenin,0.608582626548775,1.00405446548527,0.980312687508437,1.03772956147462,0.897269594435087,0.96779683192363,0.982616867586601,0.907333357096708,1.01354121048047,1.06754826613642,1.04428672800764,-0.516304472021514,-3.28322578421323,-0.142633288143204,-0.340471975922484,1.158132021798,1.00397591396474,-3.28322578421323,-1.55461192552249,-3.28322578421323,-0.269481118197019
Diprenorphine,0.129694124018332,-0.318977363733482,0.0732799185299527,0.519517432840352,0.436391320619988,0.0347950599849645,0.354989370438015,0.408187127827782,-0.357424862226641,0.0792808560275421,0.651647722567187,-0.508557497894237,-0.0422667384796835,-0.127530199222077,-0.275531712005967,0.0997899770630827,0.932031961000157,-0.364008845957075,0.174408824675746,-0.689904134911242,-1.20981234116266
Dipropyltrisulfane,0.116473146169868,0.320558706226618,-0.111299612915104,0.384928819287521,-0.0913913981509435,0.424760370046411,-0.227587736479397,0.454320837546397,0.766521695086948,0.912645495473851,0.760377326056431,0.277277946593633,-1.01744355106452,-0.747976650159086,-0.860548915674024,0.908558812694344,0.499584320283283,-1.63332584594467,-0.34127090037416,-0.539632814211705,-0.25553005049169
Docosahexaenoic Acid,0.452626687425118,-0.203740360461245,-0.122025199970752,0.0725103350901466,-0.0433681699567778,-0.0776151890621422,-0.479107649530018,0.113363911163612,-0.646353580756932,-0.324657081221453,-0.718342400228301,1.04066190249121,-0.107373721351094,-0.432367555349858,0.609749129618662,-0.0123318104559035,-0.0667520282525859,0.632778442247303,-0.310353571790993,0.333473847316336,0.289224063035671
Dodecanedioic acid,0.844774724531689,0.984337194833201,0.804304267467521,0.946155441678221,0.904056052473364,0.714353376415167,0.965186925519096,0.893740781880118,0.842110586412746,0.758014927804651,1.0606784068224,-0.685626430402555,-1.05889748683488,-0.618399155584479,-0.700353829033172,0.493264456410527,0.79470206800898,-0.931523280797088,-5.13331336041557,-1.06038606772926,-0.817179599460659
Dodecyl sulfate,0.839787188563834,0.396228547596479,-3.74328708501354,-3.74328708501354,0.739906137901404,-0.182307000177669,0.514716680135786,0.725239465682356,0.516438725759412,0.615600489445359,-3.74328708501354,0.784906653573416,0.942136184973015,0.421850243925183,0.501182367870576,0.699173388588405,0.994131528885392,0.10850257512929,1.05439478209494,0.814315921631385,0.743657373462077
Droxidopa,0.0350302038579743,0.475595551188852,-0.014576867409581,0.650660768590156,0.297990508439455,0.277713661902571,0.436241642907476,0.128118727635711,0.424867147423241,0.415476205959336,0.708043117473585,-1.12176219437979,-0.870830600357926,-0.0453699132895535,-0.327316242164644,0.582167761650154,0.24754466396953,-1.03254966403175,-0.205034284141939,-0.702110675335084,-0.359899519887778
EPERVUDINE,-0.731205487596221,-1.36904836997312,-0.303870260368901,-0.348596722969438,0.412541323960026,-0.817466232328253,-1.64990162855832,0.487606061438687,-0.936452900076182,-0.199585395572765,-0.257833439210657,0.942755271240936,0.795069856185105,1.05305767335904,1.04535497841969,-0.571036734648713,-1.41987089066667,0.970920848693267,0.958147039408986,1.04074944605536,0.898665563208128
EUTYLONE,0.233129822914455,1.04934657655652,0.12190914484891,1.18970594899509,0.697780135376242,0.463036850841485,0.753525856178036,1.31966583588219,0.641680747871253,0.606847421340907,0.973827544843407,-1.67459600213952,-1.38958440340485,-1.38091324780141,-1.47419342659631,0.689048373382387,0.602365455588366,-0.601625528888103,-0.81719142675598,-0.945845394791553,-1.0579202842415
Ecdysone,0.307329712701074,0.81782199619958,0.401133851576606,0.559314074620691,0.807354995245513,0.664912298071549,0.0637869920454169,0.909896821306957,0.444082029428936,0.670878925120694,1.07428132111432,-0.268543477984634,-1.19807931285566,-0.395895607274767,-0.932704850847068,0.497103482393361,1.09222147403522,-0.907259979422921,-1.12276468106482,-0.765744218265598,-2.71912584614442
Ecdysterone,-2.25529670410716,-0.0745107441687838,0.65826069793908,0.983141733921008,0.91772381790417,0.83260876889964,0.904560523199809,1.06344067271325,0.875433040056478,1.12372816589065,1.21537131186017,-0.0115974216662317,-1.09348852950231,-2.30532041866032,-1.19800118232503,0.886106401787352,1.14703163052095,-0.777776224944451,-0.844227719126393,-1.03352612292129,-1.01366169727057
Eglumetad,0.46007500142415,0.660864250709788,0.43331233374112,0.676334488251244,0.388814503436048,0.539567240248902,0.56374355241564,0.257404154420467,0.660621646081805,0.683802478461841,0.586867344422809,-0.338245711850368,-0.234389763188675,0.00700569912882577,-0.716613831016697,0.295556106533862,0.342173384629188,-0.229379369112187,-5.11510870107884,-0.0753896293211145,0.152984821662178
Elsibucol,0.256812598269409,-1.0685416890066,-1.00734667427841,0.229079311681552,0.356945135641348,-0.757957328527956,-1.78523819029154,0.69238054803255,-1.10380769527731,0.401825139993091,-0.37500787724179,1.20322744166764,0.370541177178378,1.17689989390045,0.809713863413828,-0.779692787656712,-1.20736001020379,0.475182258329896,0.87818685424424,0.447251376345592,0.786906653786136
Endralazine,0.692546343666014,0.889699758422217,0.614026106270955,0.823735471177223,0.706509501096275,0.752249225423082,0.558981588705444,0.751194087177148,0.4356889165637,0.495019350232464,0.655891775797132,0.500668695178128,0.276097612513317,-1.3884886596074,-4.34368036166406,0.56091815830191,0.718340698820262,-0.202018705330122,-0.658500468921047,-1.36617036475826,-1.47270872906438
Enterodiol,0.661970804542978,0.505611367299422,0.756900210066347,0.832714797473215,0.460667378325525,0.74258413686548,0.4156864263084,1.11275735191507,1.08027528565057,0.857655489383714,0.645949413494703,-1.57086744819609,-1.69788234024184,-1.04868168750619,-1.26052327745392,0.447558065179042,0.551039139755685,-0.81120799322274,-1.02575345649209,-0.865965159232553,-0.790488503914714
Erythorbic acid,-1.9624498895746,-1.9624498895746,0.725564157899759,1.01373032229146,0.965553573995315,-1.9624498895746,-1.9624498895746,-1.9624498895746,-1.9624498895746,-1.9624498895746,-1.9624498895746,1.66110468780099,1.98320624022326,1.71951780968328,1.72295298168849,0.913245075388807,-1.9624498895746,2.0028108622182,1.84849935503976,1.57206002366428,1.53380391627777
Erythronolide B,-0.197718499432437,-0.404194511568676,-0.908388469016873,-0.533700528288486,-0.758675849038174,-0.672509292852515,-1.08377884015676,-0.144793275070626,-0.200899704565491,-0.393450048485022,-0.225310902860054,1.35538482026779,1.10132977002589,0.416364731889303,-0.164228475697518,-0.722949045415188,-0.814159347598258,-0.147797204083826,1.08546329755818,2.55595789654028,0.858053477848433
Estrone sulfate,-0.818943773983146,-0.809437313514184,-1.15618575371317,-0.646726856679922,-0.89006215858627,-0.773410733434206,-0.690009012049129,-0.808019906464126,-0.618920948101564,-0.797958000951079,-0.587284868589339,0.915301895354495,1.29463283856119,1.68475129160809,1.48890540663638,-0.711581864476779,-1.1190407272228,0.30753730902115,1.77237135855695,1.26897021589918,1.69511160212826
Ethyl 3-(β-D-glucopyranosyloxy)butanoate,-0.604824318418059,-0.272470559606665,-0.959711536633583,-0.537198284454689,-0.672485296709004,-0.54271491568751,-0.534098712689378,-0.253298444443746,-0.536816575198264,-0.874614774307207,-0.852835082832669,1.21668296438884,1.02439453683787,1.12245542378591,1.34970144409186,-0.449226782684466,-0.620756164547269,1.01015403567853,1.56998812272256,-1.11707547954689,1.53475040025382
Ethyl 3-oxohexanoate,1.99830564834206,-0.500014189990007,-0.00934614274500276,0.951738114192536,0.0867298140993756,0.456899152149015,0.712609496132697,0.333676783005176,0.827931913816765,0.482720587140334,0.0879684147744515,-0.00577624919900956,-1.06997700712709,-0.525821922521221,-1.06253217501806,0.086923121975587,0.131512370112081,-0.818150640705723,-0.722084276666782,-0.552267674794173,-0.891045136973018
Ethyl acetate,0.803695189613837,0.266952779212027,0.968844075718548,0.378058428573748,0.09599622249671,0.0521609176718228,-0.274160132905836,0.856518386723469,0.560176929445017,0.564787236818561,-0.310056079211065,0.157889534731277,-0.114990412004595,0.0841739621906193,-0.204773638511984,-0.0580366690325287,0.256564580282794,-1.80850744482329,-0.864309330748587,-1.12988649189354,-0.281098044347005
Ethyl malate,0.3757006074828,0.304735830172973,-0.119761679849579,0.583981855173714,0.0733266033581524,-0.0105166083209247,0.0322555124119389,0.307117668174409,0.316019771479809,0.450629271278334,0.592418940516211,0.0184797618241955,-0.903396589026338,0.292477995210742,-0.455944416492876,0.100372887054791,0.0421410856352202,-1.65204106400184,-0.36397036254762,-0.116269781171877,0.132242711637805
Ethyl vanillyl ether,0.837462677718601,0.800622305264764,0.580076308477025,0.707963063592794,0.760088975506015,0.844031208552198,0.711833910648413,0.683926151991385,0.93472101808803,0.980377742531595,0.948451029855528,-1.3533052084869,-1.57489092953845,-1.53364996703937,-1.46385180820594,0.844955374951542,0.734910360037758,-1.42525733597725,-1.24903881085299,-1.32340087094822,-0.446025196166486
Ethyl {2-[(2E)-5-(hexopyranosyloxy)-2-penten-1-yl]-3-oxocyclopentyl}acetate,-0.771719486936772,-1.11707831088191,-1.0190782122406,-1.01916155039704,-1.3655333010672,-0.601469966278548,-1.65379080192305,-1.04931930868253,-0.854799239609356,-0.350604728480472,-0.159108728580158,1.38387181026684,1.71131818154109,1.26452636998727,1.04337206560184,-0.239722405323788,-0.500187086518807,1.50567410644103,1.41793920391289,1.27761735190037,1.09725403726891
Ethyl-β-D-glucuronide,-0.480441671794492,-0.471495608485734,-0.733829731961386,-0.274445991857271,-0.545759230500317,-0.336302528207529,-0.444272828797807,-0.203083388005612,-0.162549240838816,-0.114004520385082,0.0145030457719423,0.97341095035775,0.613467818348739,0.845716382116053,0.671323583183651,-0.109254589133925,-0.420375620478109,0.21607663122618,0.27755635747942,0.219683486997665,0.464076694964667
Ethylene brassylate,1.17388879420017,1.0918928404484,0.571722382338661,0.97939220898242,1.03012936938913,0.389598968138941,0.599581574142785,1.06605225376451,-0.000576630248338385,0.254118876464255,0.747923183391878,-1.01285833381857,-1.1320698448696,-1.42115212662953,-1.57566786946696,0.13996172749274,0.755306800782874,-0.581514937738926,-0.81195434134254,-1.030671405526,-1.23310348989631
Ethylvanillin propylene glycol acetal,0.110382447113878,0.687805557814683,0.297468239764486,0.565771833463468,0.59752884678652,0.321310302813785,1.17340933840457,0.531717132939267,0.824069021773077,0.932727629074227,0.862712712817331,-1.40520629929977,-1.21138155371353,-1.51300143969817,-1.15994910832503,0.692318066018658,0.8653027636799,-0.821785088923297,-0.922538882480194,-0.410876421186518,-1.01778509883733
Etonitazene,-0.558219346218072,-0.41328451767804,0.0941673103999998,-0.0982783809818519,0.395755862439424,0.4424130642274,-1.07812192934595,-0.36841202068572,-1.35117198596407,-0.741827897768627,0.616757083992615,1.13390200011744,0.664129488928321,0.489671255746802,-1.08537902050172,-0.0112777557334833,-0.58998287118624,1.46198200258458,0.939457817939284,-0.266909698456798,0.324629538144709
Fat Brown,0.531597793083601,0.888474455646027,0.319772203484757,0.617402832849698,0.421923677430143,-0.275957776656408,0.352883351973959,0.325835881643753,0.367066860543637,0.526438111595504,0.585006613076093,-1.38914159946659,-1.69583743737096,-1.07427031889455,-1.58443774470673,0.187369407289366,0.552278764828879,0.350200362642038,0.142945039527743,-0.168598945169284,0.0190484666493063
Ferimzone,0.736889057458147,0.711683768216599,0.156272302173073,1.17058666657751,0.581216694800036,0.485040710457887,0.953029940042304,0.64799116198937,0.705250385381167,0.836803458628709,1.1017542300239,-0.911397068062222,-1.67360811923911,-1.5808940798398,-0.33852150276175,-0.166411153499393,0.279359511389348,-0.948642265597452,-1.13305605972505,-1.44342859090961,-0.169919047503656
Ferulic acid,0.989514300446995,0.0525743798494806,-3.12418083166535,0.521458663817221,0.493682790239602,-3.12418083166535,-0.153764632719904,-3.12418083166535,0.58786020599506,0.629307625132596,0.441756943366487,0.759926815195627,1.10455903066221,1.45735041349809,1.27644752278592,-3.12418083166535,0.436835094130003,1.15187018919847,1.38841940790501,-0.0283220646218006,1.38724664178033
Flavokawain C,-0.665389628126932,0.386726565645912,-0.588711482538092,0.749052099417545,0.662896721493458,1.23864680476407,0.709660343173183,0.023423957508869,1.10942344667721,0.988536291427708,0.796908168553203,-0.842051026715438,-0.939030069511465,-0.900715553262144,-0.87662398257826,1.29730474857487,1.201772218477,-0.742405290443507,-0.390995570239855,-0.556433514605852,-2.66199524769149
Flazin,0.332198998136096,0.636300760576429,0.405048634529914,0.702092479157588,0.531032950522145,0.662462114304071,0.527315570244798,0.570056240167312,0.692158110715693,0.754302346111786,0.617860957677633,0.103456504351277,-1.31188860206152,-0.671728422242992,-1.30092908727249,0.563248407002339,0.547006048712851,-1.64128600379898,-0.977960192850109,-1.11392214559807,-0.626825668385752
Folinic acid,-0.884295077502424,-0.938183773935175,-1.0213141375512,-0.803870434993141,-1.09256201418467,-1.20336685426583,-0.701129915415959,-1.00302108031814,-0.763111582707559,-0.99186495339596,-0.767624440702093,1.52101156114768,1.28642549282742,1.68702105410795,1.39080957234812,-0.869442648496851,-1.17260169535856,1.32183031892228,1.65571149625107,1.64746947712837,1.70210963609465
Formiminoglutamic Acid,0.312638226598125,0.316567079396358,-0.38217044976921,-0.311276640839706,-0.176724506661695,-0.506736934323688,-0.135815274841856,-0.356234810638665,-0.592292353402152,-0.421893687237206,-0.0437477109656166,1.14220249054214,-0.0228351448296726,0.6058597425092,-0.618293412310266,-0.308208925526336,-0.403059391648325,0.296904453945001,0.492165528373444,0.525100052548722,0.587851669081416
Fortimicin FU-10,-0.555193961027049,1.25326218381678,1.08199863454248,1.25738011239364,1.11297262808955,0.654823437512631,0.879555958622152,0.815480002616263,0.742942165379547,0.580528771723253,0.670134023583352,-0.351140207920767,-1.08274557072157,-1.3055208605342,-0.689906233051867,0.375298467202621,0.936296331696799,-1.62006697002147,-1.54838066915857,-1.7692182684889,-1.43849997625468
Furaspor,0.5042221711381,0.0403546059033867,0.00695112063532682,0.34053933512649,-0.117715566570466,0.388885089705871,0.434434460712079,0.566608933637786,0.368656375334326,0.673254967164465,0.510634371917904,-0.460635079633255,-1.62102295373887,-0.0218016379121257,-1.04510998829515,0.167556426317813,-0.0246398666842948,-1.21863534990548,0.338031677878749,0.237411381726289,-0.0679804744589151
Gabexate,0.265293284468952,0.737943520188214,0.599048156944053,-0.100588754037535,0.446082670682272,0.826357080686289,0.816971759269867,0.663685033158067,0.734999116539953,0.660391669389412,1.16223819404402,-0.751787999469469,-1.18692726526114,-0.872447500092031,-1.11651969708415,0.538604549596415,0.504317781752553,-0.995612897084741,-0.843135873418561,-1.00202962053213,-1.08688320974028
Galacturonic acid,0.598357875643452,0.387320932108831,0.550881839086383,0.305331139094734,0.497017870275396,0.588572902530027,0.831972464834994,-0.228678167955212,0.659776532368239,0.0378851228082911,0.0177474767765545,0.286460058032678,-0.650354217243895,-0.247062276524612,-0.318310988294962,0.291732514786644,0.646427936887047,-0.645636256544534,-0.718180718530881,-1.02252173992369,-1.86874030021548
Gaultherin,-0.918748128145765,-0.988000341130913,-0.893672681125409,-0.722489260066145,-0.910969415668162,-0.780534110012758,-0.626248102454033,-0.759559375537974,-0.63106679353736,-0.788333939606552,-0.645587875757822,1.75854407252086,1.33016828346551,1.51200202042961,1.41260028290299,-0.674654373938145,-0.911342083553668,1.41068825417053,1.63562278214145,-0.329938109184637,1.52151889408836
Gemfibrozil,1.25623702245206,1.05955573493141,-0.798929671178867,0.89998030279584,-0.656099716223791,0.334308389747969,0.478620612820871,0.780993714135276,0.255921927406175,1.10715153832101,1.28135004773194,-0.666533328225524,1.05101479973106,-1.43442655518185,-0.203621142297313,-0.887770307728567,-1.21597771479734,-0.25213839105741,-0.672867502348277,-0.755345071140982,-0.9614246898937
Genistein,-0.426051874507046,-0.501176019947919,-0.0946636017063117,-0.267024979143595,-0.430660882201087,-0.939182168337421,-0.286469845586985,-0.408500571083391,-0.714380506903372,-0.472034224119462,-2.22492445395279,0.465868323060348,0.917605106311484,1.04434310011258,1.02166893197312,-0.319935891834809,-0.174326053249482,0.977241573642807,0.996560685470064,0.915494616548348,0.920548735454936
Germine,0.27452322262402,0.857131799006538,0.785411434112851,0.18713282289053,0.73836987312472,1.1084305006761,0.928153562441796,0.221991428245379,0.697516944855533,0.985828524771608,0.917706171929457,-0.250385191730172,-1.65878752658347,-1.49090432608445,-1.5486013892088,0.926744348442939,0.845113475504319,-0.799913501009946,-0.980313193674197,-1.33536681493986,-1.40978216539487
Gibberellin A4,0.345813406645765,0.776648551541324,0.663735873435631,0.82058600954143,0.450158352457946,0.838903621199878,0.757549401829194,0.264339625535996,0.808258752734934,0.773781814431557,0.911148279966638,-1.24207622800073,-1.3697110471749,-1.34544723008241,-1.13886866981386,0.729291575585718,0.569431245216284,-0.572381476921226,-0.716701830354447,-1.0670020963798,-1.2574579313949
Gliclazide,-1.26284011964536,-1.16302756108464,-1.39973735698076,-1.08627728510256,-1.15545514109195,-1.2582640995726,-1.04780069710557,-1.23959727429476,-1.10907413866855,-0.571317967277429,-0.281489851683079,1.52433524222335,0.985891989664407,2.05069429139052,1.58460759648051,-1.03808195697661,-0.541963845887719,1.42773935944723,2.16898297394791,1.20048564278766,2.21219019943003
Gln-Gln,-0.232622759147835,0.263406862672687,0.872313597047892,0.616686458759821,-0.283503271152514,0.695878042384708,1.0994884172152,0.402180713858594,1.15098160663629,0.490783838211784,0.938034612422942,-0.709101367084248,-1.47525184275242,-1.13317947312672,-1.06387462011985,1.22837843641471,0.084926223709746,-0.786137687504037,-0.67956998842506,-0.807629628391336,-0.672188171630338
Glu-Gly,-1.19868012293379,0.105209586782645,-0.891818825807428,-0.163064340386712,-0.341863801807238,-0.422502602543289,-1.04138013092791,-0.21174481239705,-0.436530379069885,-0.440447555403602,-0.381916130454448,0.53028679007651,0.461275979207878,0.960488769560089,0.384231846005159,-0.334942921420317,-0.499660636651006,0.954950817672131,1.00005303515624,0.942331182389053,1.02572425295299
Glu-Lys,0.257359946118282,0.611279837348655,0.62777586200202,0.635940435363578,-0.0734176432583061,0.873930043725855,1.02581791917701,0.418422336650767,0.943224867626961,0.94671663927779,1.06024447935901,-0.871662126228336,-1.66760003388633,-1.03662690035624,-1.26998299884729,0.787680902192034,0.489780495852976,-1.00707503407716,-0.837800097973272,-1.0273222192008,-0.886686710867189
Gluconic acid,-0.214422272771851,-0.244145033733294,-0.235894564869994,-0.233493932475587,-0.387765830978364,-0.456924828846849,-0.0168120104571913,-0.701844859865265,-0.189533653775562,-0.430114165816687,-0.436507442666924,0.288345335046006,0.274667457614149,0.665884996709541,0.37952887271031,-0.794533697225089,-0.405002232471058,0.648336915862364,0.55896426730278,0.890991513649025,1.04027516705951
Glutaric acid,0.525687658167998,0.786982758431121,0.659762332486432,0.776282598951865,0.73119943475198,0.505565431194941,-4.1697456688129,0.410921907806255,0.708331619551011,0.64114512047332,0.636713553741482,0.466637199596459,-0.0362621280961431,0.457929393658174,0.289458066035389,0.543474599725694,0.738533730977825,-0.460199043531545,-0.0340966055160895,-4.1697456688129,-0.00857629078037263
Glutarimide,1.12763652731484,0.0275573075445415,0.743859452814695,1.04741317362827,0.582020472897208,-0.326143680525349,1.24373623087357,0.100204117554304,0.942743749598331,1.10806343368919,0.0531025283876426,-3.41674886303815,0.667167655255393,-0.512608462692058,-0.455367638421474,-3.41674886303815,0.0109881931849766,0.0868057056866811,-0.0196703023670326,1.01286485246283,-0.606875590810286
Gly-DL-Phe,0.178622531860479,0.971063999667011,0.68807345256181,0.597028831477755,0.77374290733913,0.769662562649884,1.07013269616932,0.527743790798438,0.968427261138517,0.65344581939954,0.84697698005249,-0.67039908263768,-2.66026104217478,-0.814202934863134,-1.22434962534279,0.641465808658179,0.716048054775106,-1.73313788521635,-0.630692470527739,-0.980491825228488,-0.688899830556719
Gly-Leu,0.360648305694546,0.463336220617362,0.205014654650366,0.331843023425752,0.263442749686952,0.71362759618515,0.844794822408348,0.474008510362691,0.952387619473092,0.702593082779904,0.951608692021833,-0.52892880743009,-0.647932349263494,-0.737725624202786,-1.37305895133065,0.616459186998488,0.429985752637715,-1.39316786646012,-1.57074888953492,-0.413018859492841,-0.645168869227272
Gly-Trp,-0.583114504022165,0.570237491316666,-0.143502734383086,0.326004014500181,0.271882230254912,1.05531053219098,1.18936127878287,0.0306602646462446,1.16161501474536,0.93968754934379,1.05543882322339,-1.07067920603975,-1.57088088099872,-0.959333481854365,-1.21967249744004,1.10476285458977,0.788817513967412,0.0623324758077122,-0.742887741642622,-1.42280453857403,-0.843234458414502
Gly-Tyr,0.643854592271922,1.13248398548646,1.04980657581228,0.98514274287381,1.07292960549383,1.03354316649103,1.2540592538507,0.890816269064051,1.14323215646903,1.01741453235242,1.12243013223102,-1.81448176600284,-1.11665628828206,-0.938998923782111,-1.58117456530571,0.928896892127663,1.02244019284117,-0.957038307507737,-1.44600319448464,-1.62492341469511,-3.81777363730519
Gly-l-pro,-0.232693128743314,0.474775186234969,0.171888295874923,0.927138220520292,0.334128980932587,0.73925270029032,0.71174851346755,0.877365167158628,0.823239728045741,0.825474349277305,0.896398783742308,-0.583434680850991,-1.76051423295002,-0.504341363857315,-1.35388101814797,0.643064411847369,0.61306097947454,-1.08078117593924,-0.464921538254647,-1.10188858166898,-0.955079596454028
Glycerophospho-N-palmitoyl ethanolamine,0.261237288824858,0.249102613754169,-0.168682166821889,0.317827924434174,0.431144111291585,0.561767820622799,0.524370357324139,0.517715697827979,0.0603095547285756,0.899832882331659,0.763556439284673,0.243033574598339,-4.29573123619471,0.218681533633752,-0.891580989945103,0.702237366452759,0.651588934353941,0.211130529541034,0.366540330244027,-1.00493421697658,-0.619148349310178
Glycine,0.830578662090216,0.897714345146347,0.672765292370536,0.800449516544605,0.714361369136807,0.257898108453643,0.564729126713699,0.693959156641811,0.255643842523342,0.412993730879317,0.338456249756044,-0.432021980822013,-1.05606064537547,-0.437931613180351,-0.72462897955915,0.0380814537921363,0.43505945950495,-0.554980801931384,-1.29323648366362,-1.93209960606544,-0.481730202956021
Glycitein,-0.823092649284266,-0.655432984247618,-0.763506084199442,-0.653265665515632,-0.89648790799288,-0.862410207542069,-0.632845569648281,-0.830876672819369,-0.721725290427393,-0.656427147358714,-0.591159266142514,-0.43989929014038,1.46212787256628,1.2132119343085,1.03745410682081,-0.648592760470044,-0.77683529080357,1.50762595264473,1.74284127729051,1.32294022619248,1.66635541676885
Glycocholic acid,0.107728928918745,0.496142163539463,0.406559972246428,0.475928671911013,1.10093187282035,0.59980479639591,1.17990460706308,1.34354597440127,0.273616406117248,1.02636392303306,0.13179991063803,-0.836787979638998,-0.963069517979682,-1.23611811284285,-1.28796541163182,0.21109001345814,-0.187918060997643,-0.346545793083139,-0.598553827022747,-0.856902782912246,-1.03955575443361
Glycol oleate,0.771383839014608,0.722852403057034,0.636406518138545,0.341141623049032,0.908613452978,0.830237279250582,0.888577054638882,0.520185837422634,0.352827150442106,0.618034421642617,0.632905689687517,-0.647499729954098,-1.25505037233529,-0.840017563963368,-1.17516631963684,0.516842020737339,0.440975876711685,-1.11226520684718,-1.0249953370257,-1.09604965170684,-1.02993898530125
Glycol stearate,0.316480851950625,0.737009012087314,0.37225684164364,0.793218741399844,0.343391448779247,0.779571433151563,-0.00252987239212603,0.300094950575217,0.738645809259208,0.885081550669182,0.290451593884801,-0.857820015607525,-1.09661504332039,-0.711826267002063,-0.899539869142672,0.112165286397919,0.706778380260439,-0.88202489522407,-0.429431428214677,-0.899685116966601,-0.595673392188854
Glycoursodeoxycholic acid,0.00138265426030161,1.30431823049937,1.06948673391223,1.15933429622039,1.1573379208049,0.962735419305637,0.904455735801195,1.3493419023962,0.852032032407635,1.04180174336524,0.889255835966405,-3.07073675855121,-1.55888759459487,-3.07073675855121,-3.07073675855121,0.86469241193869,1.06717917470146,-0.136571277139111,-0.321029076619577,-0.470216639757518,-0.924439227814963
Glycyl-L-leucine,-0.0676099641708341,0.550673544674636,0.233606239585342,0.365163335126897,0.387387461568576,0.752015206082106,1.02698819782853,0.38093679506489,1.04757612025439,0.685108252579166,1.10568915034189,-0.826967394920043,-1.56362695110204,-0.822891131682263,-1.3107135336887,0.609387923598916,0.477042648061484,-0.710708640508605,-0.626975089335058,-0.894847598497388,-0.797234570861865
Glyoxylic acid,0.870607602382546,-0.35524764360639,-0.373820955803548,-0.392115893288985,-0.447053107583481,-0.394157041528957,0.37763837553204,0.724594306898933,-0.408215323445291,-0.674374788209626,-0.770637355724215,0.504526653358385,0.0883219668187881,0.483068251729044,-0.364568625905978,0.690269556904995,-0.396914209042584,0.429639352092076,0.338977351681627,0.379126970826345,-0.309665444085723
Guanine,0.818335151125037,0.89396731282618,1.25076755976191,1.07789471800645,1.28756713960679,0.210167412499001,0.670179045632158,1.0562678793615,0.612267983146143,0.650281629097218,0.83815268448028,-1.25617194430292,-1.52666747130855,-1.04382796212261,-1.62252600855114,-0.241042681029286,0.52194410355419,-1.15812800267486,-1.07687347577753,-0.715863688515506,-1.24669138481445
Guanosine,0.197965204280321,0.865314070049015,1.03210089252193,0.675923153777599,1.21360035967717,-0.478026873745673,0.382493240565002,0.917800987228423,0.907331665143568,-0.333482382882952,1.02914494645938,-0.192252288202755,-2.88430740574,0.526641344083798,0.357719482576445,-1.24351042967093,-0.0195657035057715,-1.42856316127732,-0.270904069794367,-1.48100999700517,0.225586965462291
H-GLY-MET-OH,-0.0465061942912213,1.11686594103848,0.590486816527097,0.756997425001223,0.890330079598386,0.91450011524206,1.40971914927087,0.638168487113884,1.16068350911573,0.939977817424054,1.25545040832143,-1.43112552650155,-1.74578383005962,-1.10807273961815,-1.80484803021895,0.824799892075608,0.844452261288638,-1.50920133283898,-1.09854975244462,-1.36023329782315,-1.2381111982212
HEXAHYDROPYRIDAZINE-3-CARBOXYLIC ACID,-0.489404483978197,0.434554421743887,0.0590057422431969,0.444113596256316,0.0664607497346006,0.903920139914222,1.04359076693793,0.514396828485037,1.17686702856101,0.885837459191232,1.10264052878239,-0.450969005623867,-2.0607729180347,-0.714751563375998,-0.972588028598209,0.852081398814041,0.524029688817792,-0.85119711520908,-1.01123973670239,-0.646570580909267,-0.810004917049927
HU-210,0.503101713572701,0.729354618620507,0.555823540685,0.811599299141295,0.661975334511806,0.678631776221955,0.616533414804047,0.622250938309548,0.750027034895814,0.818139610301615,0.814262083637891,-0.395750472782468,-1.35257883506358,-0.723454704530257,-1.48569308067805,0.789824072980145,0.722464502515103,-0.490202272966521,-0.762186902440375,-1.57940162428295,-2.28472004745319
Haloperidol,0.620974592119016,0.50067424735851,0.576113023995782,0.341734344377952,-0.274315046739619,0.34476432651805,0.29885024934371,0.00819129624357773,0.137623777142867,0.527626787015492,0.122374595504907,-0.266324720175367,-0.405177409689371,-0.0274676681544084,-0.00760202104150383,-0.991235534349397,0.0132582325460079,-0.047029679359089,-1.0462678477751,-0.334597105593519,-0.0921684392884809
Heptenal,0.814592915205168,0.893558670525775,0.742166922356968,0.772329797122089,0.840301976999678,0.818480917689802,0.821288511931744,0.767089690287535,0.908896454296107,0.98554326616485,1.0374694379354,-1.07793398883756,-1.22729711170965,-3.83319048495443,-0.166150921700463,0.77981995032144,0.849386794658164,-3.83319048495443,-0.81612377575592,-0.255816257152708,0.178777719570444
Hesperetin,0.829920065959349,0.961430852903899,0.763638353347691,0.93329050617675,0.903047050706222,0.923205103219586,0.933361519603379,0.579202964684587,0.901218566392117,0.990349074113969,1.09841184065743,-1.4830562286847,-1.64945101180722,-1.54930763092172,-1.5875137082857,1.01133726166501,0.915671183199903,-1.46238783355363,-1.21951786149201,-1.47991850264127,-1.3129315652436
Hexadecanedioic acid,1.45041114612686,0.464609351443526,0.29726826972973,1.31111966407287,-2.32565792222358,-2.32565792222358,-2.32565792222358,1.21896746706388,-2.32565792222358,-2.32565792222358,-2.32565792222358,1.47258959618098,1.3049679198875,1.36414777583502,1.32901064430768,0.826964010109891,-2.32565792222358,1.2755536179471,1.29673687623316,1.24504087733888,1.42221823928795
Hexadecyl β-D-glucopyranosiduronic acid,-1.24722984842448,0.409467016347661,-2.79288729825007,0.241264309893825,0.770959123684317,-2.79288729825007,-2.79288729825007,1.20381818699707,0.66315010720134,0.0401350331022678,-0.544137436392076,1.48727601062419,0.209026798802568,1.02971146474855,0.937970632864281,-0.643447523430757,0.0780141310522181,0.693036040089461,1.26927391143259,0.500977531043328,1.27939640511386
Hexylresorcinol,0.62451716277992,0.726370707334846,0.482615380327371,0.639848080795392,0.630706735200403,0.687838259910122,0.602429314667727,0.472016141925843,0.775102509260963,0.765052278384603,0.860036227245018,-0.919995984604354,-1.30419654332119,-0.994586191728365,-1.14873717611561,0.769872532695348,0.675555108666173,-1.00564129444272,-0.94786573297842,-1.2552467834648,-1.13569073253822
Hippuric acid,1.99960650588405,0.0226725249129274,0.245096039543262,0.411713854860521,1.12221146440591,0.349632681061902,0.345470778907693,1.63194712268739,0.265428489355483,0.356508411704481,0.364248140546749,-0.123117044114678,-0.622976778403106,-0.139958636915674,0.0932838805837663,0.228792887565843,0.875362509615386,-0.246317062464137,-2.05621336463502,-4.59431307992211,-0.529079325180658
His-Leu,-0.0843967315613438,0.672840704958388,0.490350978431469,0.575608878410665,0.524749662271307,0.98986351887436,1.19615968759166,0.500652134276246,1.14610787819533,0.866046398867496,1.18359915071547,-0.829902300604369,-4.30904598906128,-0.657468395920637,-1.36437031855274,0.790317485652865,0.752372648710418,-0.749602544039999,-0.31569014736194,-0.794498881171749,-0.583693818681612
Hispidulin,-0.0498726737859244,-0.108045699135119,-0.581634651455381,-0.274402098177871,0.0425275768790094,-0.397188272261202,-0.51306728659118,-0.230524182174534,-0.0437377978504931,0.0763484349762264,-1.37453288962024,2.05739953577121,-0.323503626371023,0.382638612576299,0.207868782061768,-0.798075337462145,-0.699369068491192,0.897227843684304,0.688864672301612,1.23776456158234,-0.196686436456437
Homovanillic acid,0.226770840940436,0.440018648056737,-0.0143681981002636,0.695570439644475,0.307626631277526,0.661151774728248,0.288553712910197,0.303716499239893,0.61637439101745,0.570055399951847,0.572002167688088,0.303631535917775,-0.937229934853021,-1.04246445022322,-1.06914408620522,0.426086189339279,0.586664370620618,-1.50578080426605,-0.500183296364492,-0.720188235858899,-0.208863595461386
Homovanillic acid sulfate,0.811203343084595,-0.969170555306805,-1.22176489413897,-1.07298396996982,-1.26769089433716,-0.956687405480054,-0.864183488565283,0.340588023681886,-0.712664977159847,-0.591464665552953,-0.998550874778413,-0.00739068728303407,1.05360897726302,1.8313729432357,1.51195712114251,-1.20669517883718,-1.14018030884661,1.18995527915263,1.43880720379366,1.35083459379964,1.48110041510251
Hostmaniane,0.19212490804708,0.606446994939828,0.25750654726001,0.416891710121596,0.178698699597741,0.516797508862957,0.159851317827142,0.409182992668701,0.605465404380215,0.373903454483065,0.817116058002822,-0.156917954779251,-1.21062325887348,-0.491209633861844,-1.08655265991222,0.677025520198357,0.608413766830266,-1.27587237522993,-0.505466981158829,-0.543821119439456,-0.548960899964765
Hydrocaffeate,0.998162777355211,1.1314016306046,1.18459361760818,1.22872461056579,0.865162756465115,1.21348329743413,1.26508482571884,-2.31242137040055,1.4284262786692,1.36032038494512,1.13797895648317,0.931335763750577,-2.31242137040055,-2.31242137040055,0.963318408207071,1.22312226438731,1.25583402060952,-2.31242137040055,-2.31242137040055,-2.31242137040055,-2.31242137040055
Hypercalin B,-0.700835137509026,-0.361214983751257,-0.45125124884608,-0.0947021837916386,-0.554346641883255,0.0895010574423234,-0.233781427557981,-0.350517113712382,-0.538139909960699,0.100582764350333,-0.554243437853889,0.961284785171488,0.496632117870053,0.611174276269228,0.208045106544394,-0.302736904905952,-0.565729438726238,1.04675879087188,0.680347798336328,0.405526957232161,0.107644774410213
Hypoxanthine,0.298118155390569,0.779292316973895,0.618626296645209,0.705372187930198,0.748660642484672,0.327271205730882,0.495638761129928,0.497617714351584,0.469799810710343,0.425353757958143,0.732914641406856,-0.211333148090911,-1.07730489640659,-0.784524561311117,-1.20979222214659,0.217515323287613,0.403790659030685,-0.520142846955696,-0.650528130009576,-0.829208612107458,-1.43713705600261
Imazapyr,0.522969542912803,0.419237379794226,0.375597817594828,0.615681159373331,0.68026808347022,0.567342173543358,0.500136203436675,0.563094348312301,0.549860123742097,0.594242752073399,0.570946264122438,0.362361145715619,-4.24488278309797,0.0213588174813328,0.158941317199149,0.529645513560124,0.663708475677469,0.155672459608839,0.324578996128041,-4.24488278309797,0.314122992449685
Imazaquin,0.268742991978467,0.442037097138227,0.165482236209983,0.556220546253276,0.314905392193532,0.00933544074719193,0.263483671064142,0.4160546557804,0.606913218771616,0.574093026352527,0.624010816139756,-0.374971789760094,-0.608420962240657,-0.0974567593017484,-0.689511372322747,0.739233512515733,-0.0284099749309164,-0.848612026302381,-0.170072702603844,-0.873199496958083,-1.28985752072439
Imidazolepropionic acid,-0.1539875935464,0.513019509999872,0.169726434986179,0.563927592779799,0.313152925253364,-0.26371562783179,0.216472307564363,0.937867583526788,0.742335208132762,1.09169527761247,0.84600674538199,-0.158461889833058,-0.820144663962147,-0.529325355916592,-1.10210194970613,0.645052758480976,0.422670543001549,-1.79252078050522,-0.611796568676215,-0.260162586041498,-0.769709870701062
Imidurea,-1.57841106213579,0.463633126452495,0.316993051871794,0.504690606865899,0.0195353116806949,0.789540422750691,0.719136784767924,0.826907559562674,0.764482803289542,0.0432312377402664,0.942478000945124,-0.942576090689329,-0.866837761404217,-0.862008846870059,-0.886676846038305,1.1501260174676,1.10446991628819,-0.371252627235047,-0.55342553883494,-0.808240134495595,-0.775795931979629
Imiprothrin,0.207864191140235,0.576832985038354,0.265079132207514,0.761783239212315,0.568007255393708,0.453503465615036,0.58393201235355,0.622623485749011,0.169628157163439,0.952995835055553,0.57651823704372,-2.44666052401757,-1.57822910469514,-1.02372756666623,-1.79692607695659,0.965446926932093,0.523366292749396,0.117358167697849,-0.053232897530297,-0.308126565494792,-0.138036647991147
Indole-3-lactic acid,0.921821115825389,0.885550599290765,0.829736589299886,0.90480312433866,0.889543735087916,0.858508250189975,0.664926126326758,0.769383535745835,0.783009501850996,0.693206262285305,0.506040608964783,0.785030705337798,0.729453618753214,-3.23103625048354,0.717742382546039,-3.23103625048354,0.292558007539608,0.922835947593516,-3.23103625048354,0.76999489095772,-3.23103625048354
Indole-3-pyruvic acid,0.881079925420108,0.75229600209195,0.554269730323024,0.790575666443469,0.922861823123364,0.727255206661145,0.784846287939465,0.761802764262576,0.735372793094356,-3.68599751547765,0.877196899773361,0.217738795996838,-3.68599751547765,0.44528520618886,0.491150928986271,0.097341355508795,0.76355911506358,-3.68599751547765,0.625432775150732,0.187057775145006,0.442869495260058
Indoleacetylaspartate,-0.818040711509757,-0.587929288688208,-0.84241140342668,-0.634636939924779,-0.940709800804478,-0.655220462492021,-0.591966084262876,-1.02086666652912,-0.732404584137233,-0.527051726542559,-0.401404930534812,1.10697767332878,0.865906310932393,1.27983501459932,0.974394018846898,-0.458655755433395,-0.699050670577515,0.960028119582103,1.24046482393137,1.2022090220556,1.28053404158697
Ipurolic Acid,0.813238624243508,1.00748811459226,0.67961526207222,0.91878207776553,1.04770609286106,0.829554532805312,0.952935986971311,0.805365212191523,0.717129592280885,0.786611975575635,1.11428055467504,-1.03860629289686,-1.14718603841312,-3.57557837551734,-0.815229980060883,0.80324787496316,0.748461598068496,-0.179516850506908,-0.412703375980158,-0.480018210173321,-3.57557837551734
Isofraxidin,0.867635358742838,-0.1941400389993,0.272616989622989,-0.279646655873326,0.786330981577706,-0.0448569399014347,0.131304842807687,0.854973583089333,0.706000271831011,-0.847893650717551,0.93689775532309,1.07791683959386,-0.250080025625232,-0.270946064183253,-0.209267094725154,-1.29968410803839,0.373333969534354,-1.6634180062638,0.43484356046107,-0.544522584766374,-0.837398983490132
Isovalerylglutamic acid,-0.513077568396402,-0.165608697274298,-0.730039557818249,0.00260392502368094,0.0369434305324563,-0.862037063346773,-0.892699960636067,-0.200993104674649,-0.0501718070401797,-0.344568681872804,0.42874662536498,0.686349461395833,0.393963728335257,0.870151984196581,0.288503634137377,-0.44754125554674,-0.159807559201836,-0.26918256577254,0.729188133345756,0.343291566246043,0.855985333002586
Isovalerylglycine,1.26649772959096,0.536049482186111,1.12890649116144,0.440696368043501,1.24017805961595,0.407937526200624,1.12291311123467,1.12683095663599,0.464476831075607,1.14205740792944,0.0336451127855422,0.368674948190247,-3.15195496245705,-3.15195496245705,-0.00437886082109439,0.963080379724024,-3.15195496245705,1.18785988667204,0.346807952788778,-3.15195496245705,0.835586466814362
Ixoside,-0.778038619302054,-0.721552261476305,-0.918388777315363,-0.688198146738479,-0.804582980066199,-0.921664252380458,-0.639763538098846,-0.791099518103834,-0.718738809409226,-0.735922294150416,-0.563737139305493,0.289954270717556,1.53299507000901,1.80491510202667,1.70066957835585,-1.01754334664446,-0.928206657032478,0.309971870725838,1.81772673188802,1.21297201003007,1.55823170627057
Jervine,1.17910899941246,0.942178133730202,0.593293689546414,1.01755869447095,-0.216917857031596,1.14495143394965,0.823179740278953,0.910691982889424,1.06793919808136,0.852026077105671,0.436791802651768,-0.6447947936005,-0.0803598321289268,-0.360909642396451,-0.102848425392724,1.33821654272226,1.10299529494093,-3.25614857971599,-3.25614857971599,-3.25614857971599,-0.234655300081907
Juniperic acid,0.774903824827569,0.766069451267731,0.177789624663302,0.696615193621245,0.664529930738269,0.176462642702139,0.244615128402355,0.710678144657126,0.264957588474434,0.577344871393553,0.560999312794688,0.135631882918106,-1.20537440998403,-0.688596809336626,-0.603310024092258,0.225133229847237,0.488166874991044,-0.649186756144682,-1.40018839791649,-1.57658910409075,-0.340652199733946
Kynurenic acid,0.847102631087052,1.04276241316514,0.902816274456332,0.989307771468135,1.01638074800681,0.993670538515953,0.854103290412732,0.956934648418945,1.07734846728284,1.07160543918897,1.043873391356,-1.27830363716421,-4.07902294354888,-1.12071580929477,-1.39492138679541,0.96756537702113,1.01641967861993,-1.13884540944768,-1.12335061976975,-1.26102334789155,-1.38370751508771
L-(+)-Valine,0.662026569514416,0.896065225331672,0.609210593284044,0.827643675012666,0.804178050405111,0.438540231689363,0.715782371490085,0.839852374603101,0.66025056108149,0.57880907140432,0.669174743934549,0.387939432869787,-4.20008427141594,0.325002328190744,-4.20008427141594,0.344239853320753,0.608010830773701,-0.400810693270807,-0.27407990054812,-0.172730715243245,-0.118936061011744
L-(-)-Arabitol,0.186077428587457,-0.623220515907848,-1.07865705956057,-0.732960384433041,-1.02339634945023,-0.155102870168673,-0.77173856879775,-0.218111491493046,-0.247971032935044,-0.159362208210644,-0.554094724389224,0.750657830902347,0.339644032215012,0.30937960488898,0.300074882213338,-0.308832613064832,-0.313651819020255,1.0816627151538,0.978113563500649,1.19040958161652,1.05107999835304
L-(−)-Asparagine,-0.57077743180818,-0.78980487496077,0.74827386276719,0.861766959651275,0.935777207655613,0.0568058943416616,0.44374053962018,0.755773173320932,0.25137711820688,0.207278559009327,0.386076807890504,0.459312824753945,-0.716196975383199,-0.502567965736534,-0.702206505653108,-0.873404434565023,0.240506515787623,-0.363159538778327,-0.351680167366591,-0.173100089461086,-0.303791479292287
L-(−)-methionine,0.745691390219969,1.11851712961032,0.856446968234898,1.03216892917582,0.903786178503131,0.544672065019967,0.975013735097352,0.929468003847377,0.566060657973822,0.694217619619695,0.834671160903084,-0.467423345148148,-1.56922300954735,-1.51723937069972,-1.11771682279692,-0.450310803567482,0.667251876926351,-1.22806561871464,-1.13907473674025,-1.24600401425304,-1.13290799366418
L-Ascorbic acid 2-sulfate,1.23164672427669,-0.911625174936261,-0.943462912564056,-0.979621374397381,0.115792340551889,-1.12558375710579,-0.941070251733301,1.16462008967497,-0.980473799603671,-1.24141147870622,-1.06862739947154,0.350429163208049,0.989444101803803,0.888141278534975,0.83415938426774,-1.17706834745037,-0.19547709545012,0.971402230463676,1.10832137745002,1.02601364304383,0.884451258143083
L-Aspartic acid,0.660446801159686,0.976037732886295,0.785109825656743,0.735710020731158,0.800413836922428,0.296794347505845,0.730520451964082,0.778604363840719,0.141623268673772,0.343284696198259,0.339859942130267,-0.827792869559607,-1.22545775072654,-0.494135018066233,-0.735491107567769,-0.00897307178719305,0.312690381502505,-1.62832038630208,-1.14891506532077,-0.144219546719355,-0.687790853122188
L-Glutaminyl-L-Leucine,-0.0632578074883798,0.636794144882389,0.576689919644432,0.582489793916814,0.592421161770736,0.879626775372329,1.02241911047041,0.342908143400299,1.17701533719211,0.880768623558434,1.16991281245536,-1.62383501196886,-2.00748861803368,-1.95511650120061,-1.90533356532364,0.917771064260085,0.654594078294201,-0.206834448755588,0.377486947786257,-1.65122010887742,-0.397811851355675
L-Glutaminyl-L-proline,0.021959682255388,0.594211931535839,0.00182913571494428,0.617623181125793,0.420867405906082,0.839669797414635,0.654591331709869,0.917168082507486,1.20656659075939,0.686775321199896,0.884717720268834,-0.956429674208941,-1.30639593912644,-1.26309784720209,-1.20264240440195,0.693812961004528,0.320682362315434,-0.160828891842419,-0.747048010166408,-1.10425293603507,-1.11977980073478
L-Histidine,0.732442795707933,0.835135431068039,0.812647403811834,0.786963946168521,0.756759532821071,0.053304440882211,0.23830545140448,0.928451775813842,0.132791941537756,0.351191042610635,0.0726252778869511,-0.105004301287222,-2.5233749164218,-0.252925453835174,-0.773398604121365,-0.280034312104725,0.174113645628928,-0.519091092187873,-0.575640020549869,-0.441107133181413,-0.40415685165278
L-Proline,0.218132096746169,0.19150688492998,0.336263788302341,0.603710459772158,0.323687411276953,0.127815396946791,0.433583294257449,0.751668247563189,0.238792617115717,0.259723300698625,0.283505713925971,-0.202981021759347,-1.20817802976267,-0.0544418398125548,-0.662595588709643,-0.0739589141928392,0.138066824091992,-0.553983921395385,-0.342292656368278,-0.415343359585145,-0.392680704041439
"L-Proline, 4-hydroxy-5-oxo-4-(tetrahydro-2,3,4-trihydroxy-2-furanyl)-",-1.53595269362703,-0.675168964982444,-0.779100834803,-0.636568430361125,-0.643422218526482,-0.641797275409523,-0.453274956922027,-0.601539314925355,-0.610002035037291,-0.627690656628703,-0.388462648223867,1.19379050261265,1.10899055890902,1.15445664540757,1.10478527184147,-0.570283074862622,-0.888760201988868,1.1436717053256,1.14734867791297,1.15179299293691,1.04718695135214
L-Serine,0.755318471577387,0.950377705548815,0.778336755814872,0.865615493767451,0.857368122532768,0.432627041816773,0.722681130493555,0.789809632075621,0.417498708054935,0.400888262411958,0.515268662021718,-1.31760594428482,-1.42963194931218,-0.517294028964367,-1.33925986688176,0.160796552474399,0.572111903177854,-0.9668003552418,-0.75731424763985,-0.845674372604452,-1.04511767683884
L-Serine O-phosphate,1.07141836405122,0.881146079530986,0.669233892058977,0.686102205014952,0.910259615449682,0.632108962915107,1.18771083842557,0.982543269681226,0.403297464108061,1.04132424407064,1.06914341525258,-0.265266677036093,-2.79888080472195,-2.79888080472195,-2.79888080472195,0.418991685301678,0.875886851930571,0.222466312150517,0.161764602134151,-2.79888080472195,0.247392093847978
L-Tyrosine,0.273176097120729,0.880952932765784,0.382880185992929,0.801159255191604,0.798880433648377,-0.0544950250745725,0.444113941896695,0.736253426630382,0.370247420289165,0.297786880140894,0.461500446430352,-0.394014249198593,-1.40856930672354,-0.42562914641126,-0.965431959065665,-0.0831359384157342,0.198296034993783,-0.856620052731311,-0.461846652924442,-0.651747255099093,-0.343757469456478
L-homoserine lactone,0.165174059238,0.77191419793671,0.414753539544376,0.798536235892494,0.621284980686712,0.432601891161703,0.640629293278274,0.374586761825664,0.450671703235972,0.404694749236882,0.429449045866331,0.0337386520420978,-0.772477428101727,-0.683812914523868,-0.892487900592294,0.138093805870297,0.565001033175121,-0.445726799581955,-1.48205500416715,-0.459852941747074,-1.50471696027657
L-rhamnosyl-3-hydroxydecanoyl-3-hydroxydecanoic acid,-2.32497474157715,-2.32497474157715,0.235956995250625,-0.450334326370463,-0.15902092839286,-2.32497474157715,-2.32497474157715,-2.32497474157715,0.0738554029471933,0.1025822260346,-0.189520637506851,1.4877400986624,1.3709720875055,1.85348081479479,1.47051639027737,0.280376070989034,0.0584694119706142,0.664813012309001,1.36818356198195,1.61111203006209,1.84569149737074
L-α-lysophosphatidylcholine,0.296548276107303,-0.550556163693895,0.315935979896495,-0.945161366252859,-0.293303892427673,0.0793658447266838,-0.481522853479358,-0.00460053444776302,-0.305482431295984,-0.307632780403106,-0.141513882329553,0.925420105267551,0.310058518215359,0.131424054429354,0.233012664309275,-0.183692628358729,-0.228180676223541,0.888511177430714,0.351349593114596,0.236223754335223,-0.326202758920092
L-γ-Glutamyl-L-leucine,0.617804098117475,0.909998654208648,0.730585576920583,0.772956952107752,0.743165833643689,0.935008998082109,1.30170793022763,0.722509553035073,1.17059850984374,1.07873029404527,1.32275169618155,-1.04443208149132,-3.54218285217835,-1.52181149186985,-3.54218285217835,0.914687001727361,0.724782730562709,-0.013258413683277,0.420677485800867,-1.3771976156743,-1.32490000742899
L-γ-Glutamyl-L-methionine,-0.519181005390203,0.360489078857963,0.0475528338034161,0.539058051122623,0.388892226789225,0.474301920620261,0.137122496895496,0.359860409210968,0.490878272453805,0.628335718271289,0.846585380046581,-0.00330225854745068,-0.834536845899757,-0.290627617936,-0.828236663739282,0.530899699098774,0.430834885395703,-0.612516695914,-1.073843503576,-0.812750733479195,-0.259815648084234
L-γ-Glutamyl-L-valine,0.590063500651528,0.588097820201881,-0.0352683023515475,-0.333874386690964,0.587027569217069,0.565704376885291,0.504068447913794,0.545818213065045,0.562173282271646,0.555383901389168,0.270143877510432,0.351610678085009,-0.372271612573304,0.171976328867444,0.105912491537402,-4.87286263465994,0.645452627072495,-0.0548212189303102,0.24450669705474,-0.960959137960103,0.342117481443241
Lamioside,-0.929732830640956,-0.663505977551883,-0.94327235103821,-0.719908907054327,-0.748153385487021,-0.781801539691357,-0.755553594837604,-0.825441239482949,-0.498777531413039,-0.624097746881273,-0.584898987193321,0.814336426755339,1.19218932052662,1.46318364339351,1.28846975934238,-0.592633647569037,-0.87072410187074,1.14515162586435,1.1536063049629,1.3344690652866,1.14709569458
Latifolin,1.04271721259718,0.958278905321928,0.93920365901843,0.790192124542896,0.939462877499474,1.02771008994416,0.990460535073431,0.360927620905952,0.885489182614769,1.09281421096843,1.14597416218726,-1.80135207708426,-1.68868294664147,-1.77871808200189,-1.70937754805871,1.044024880728,0.953967334307615,-1.0354431873744,-1.43096838530401,-1.42932880061649,-1.2973517686283
Leu-Glu,0.284785682282201,0.603929388531142,0.685445294972844,0.532520912303369,0.538188912048392,0.80940706483615,1.04088723785945,0.534760753324895,1.03090238857442,0.840949475081194,1.11397905878098,-1.03859049285298,-1.73148632179591,-1.19655822546791,-1.35381160582725,0.804412193876117,0.673974618829094,-1.10655049009483,-0.94790630887459,-1.1255503124854,-0.993689223901369
Leu-Gly-Pro,0.164116398086801,0.827945737184978,0.817614294037427,0.565749254787906,0.713937793565369,0.606043339814749,0.996231954561826,-0.1553403716829,0.637369393728069,0.620823600879897,0.648438740281882,-0.975910131552172,-2.28740646825025,-0.544736108330994,-0.767110460211968,0.333115708387179,0.552870010155365,-0.695783986858198,-0.478617108950939,-0.702641441812723,-0.876710147821299
Leu-Leu,0.0206683859044248,1.12053200136498,0.300022642215751,0.324432036212082,0.34515513274011,0.274243810202253,1.0425334286365,0.486436724750285,0.977089099846895,0.652091054752062,1.80363290470202,-1.20548664113021,-1.13513163007301,-1.17344695533234,-1.18698552049565,0.608168017010597,0.531792877379572,-0.724787626504226,-0.900760345066137,-1.06549523862273,-1.09470415849323
Leu-Val,-0.0325711307808022,0.4051108844209,0.469517111510405,0.384726053820824,0.451827076197067,0.770212168250799,0.951776094510974,0.0665754100903795,0.96771225448791,0.683881992293429,0.975544314387092,-0.265780395107285,-5.20203634024748,-0.215850860414116,-0.627523185061284,0.608920278818973,0.60922098960171,-0.378131348512948,-0.0392449020510105,-0.462127375553729,-0.121759090661799
Leu-pro,0.795439433666867,0.507049660642419,0.779209151897937,0.805735877617217,0.592261016585306,0.178135420582655,0.0812111964392697,1.20252509680487,0.184719152093951,0.436728045842814,0.27925795806803,0.493954774596327,-2.6842293492841,0.191342717284238,-0.629477186764159,-0.145496379268805,0.184832872442552,0.00343554505342414,-0.789111464051407,-2.45709485756318,-0.0104286826862237
Leucyl-leucyl-norleucine,-1.29115597228539,0.34976605168599,0.112524348806947,0.185786972779162,0.168339512622683,0.795024263325372,1.2134554643165,-0.868690833799741,1.19172209872287,1.0344283047077,1.66736639777229,-0.732846029133593,-0.655200082206381,-0.69752124020673,-0.722815723204602,0.650544288579753,-0.507840676378151,-0.25269055890497,-0.39482871499938,-0.634906524256849,-0.610461347943506
Leucylasparagine,-1.19401853071884,0.150860061158306,-0.250901453155856,0.174542530702973,0.143701124356376,0.614549174201213,0.612589053623285,0.338165588991222,1.11598861042192,0.500453720291391,1.04458516522085,-0.188573095232705,-0.992747276925986,0.13674491753668,-1.1352994278646,0.5922967102031,0.0982028262170954,-0.189087006586282,-1.30295590113516,-0.386541775083806,0.117444983778825
Leucylmethionine,0.178419710772843,0.724621118866071,0.203911928011952,0.878666869490811,0.615746738350148,0.560017344478881,0.761618103697855,0.810566367419063,1.01363381511656,0.861791749600133,1.18514553707286,-1.06205479033979,-1.34816691080053,-1.21095431804672,-1.15300850931067,0.667469171517564,0.18810269178727,-0.935435823874522,-0.686847938886754,-1.11726392471575,-1.13597893020723
Leucylproline,-0.140183879121646,0.356609062228274,0.180245184837183,0.683702195105157,0.211841060725167,0.871772396511698,1.05706044096506,0.929720580679222,0.778922272814484,0.789080214668585,0.75173736755602,-0.647022505813548,-3.41273234516708,-0.913562514934396,-0.920445896306964,0.513788974048077,0.789625082248697,-0.13438779399533,-0.375151629126694,-0.72186128807876,-0.648756979843184
Leucyltryptophan,0.450566625305056,0.339512744279831,-0.894367618116697,-0.765402364772575,0.0391447420432932,0.918101190633923,0.635960192234148,0.249527555826994,1.318826006483,0.778794800838771,0.97896194888673,-1.32838632651427,-0.930674435028411,-0.227897972291594,-0.705993842554124,1.0526128111602,0.0259842670636853,-0.762225585062634,-0.359301458850844,-0.941689076517513,0.127945794953032
Levobetaxolol,0.527725487003264,1.10104562260325,0.751264844140754,1.05762211174813,0.997116089322835,0.200149494188466,0.666803025332551,0.975852648064428,0.0795919019376926,0.853206218052349,0.840499792193694,-0.995112072889177,-1.76213205875746,-1.0518482105182,-1.49749936006,0.585570102117583,0.814834583601923,-0.865482507325284,-0.98396664949134,-1.30763730386444,-0.987603757400984
Levulinic acid,1.04378299838986,0.817862308777227,1.20189600033129,0.746752086153556,0.625364235112899,0.496270803892742,0.12641604739319,1.1416104025642,0.963104320899637,1.05836727410014,-3.23473758841712,1.02421425027555,0.324523732851032,0.6618523116396,0.468702380866804,-3.23473758841712,0.674113214478811,-3.23473758841712,0.787950995670217,-3.23473758841712,0.776166990271729
Lexacalcitol,0.788134841127034,0.933778285202692,0.803202140419541,1.01700291873815,0.56985572096197,0.933767881057649,0.820560247392538,0.899636567701744,0.183069979295317,0.952931692716022,0.903010279682231,-0.968353123245032,-1.54535842301242,-1.24137090151726,-1.35573153804568,0.671553097774237,0.204430295731476,-1.01479575688508,-1.32011074100469,-1.18664591895629,-1.04856754513412
Linamarin,-0.8804250899654,-0.357017729887905,-1.51048814186797,-0.554871462464541,-0.727921447314615,-0.366540349997364,-0.901848176035266,-0.880816793194333,-0.0409913016008575,-0.542183745030424,0.204115632771103,0.866499764480886,0.641424839609595,1.23660057396027,0.793058902372069,0.111681559997896,-0.935376225702157,0.699791626859451,1.06668840160777,0.885441347726719,1.19317781367507
Linoleic Acid,0.507453098031288,0.418379480799809,0.248623218559339,0.727959700890986,0.894553978231108,0.501917647287734,0.0257055978883797,0.76919740214798,0.170598722092569,0.362689489667848,0.294951705274556,-0.502390724224443,-1.25899605540803,-0.641262081001727,-1.04857418915473,0.600990311497763,0.657764907947455,-0.729874336261243,-0.482669844061255,-1.20013265115306,-0.316885379052318
Lipoxin E4,-0.423131739801656,-0.510507956555111,-0.288896836922182,-0.296287545144855,-0.211326095497825,-0.07242703794911,-0.399439354429565,0.23275167841651,0.497868852409451,-0.44174004999256,-0.362742385104998,0.153425347865342,-0.403096953071192,1.0977718669663,-3.91228884435853,-0.240384751679756,-0.312271045889281,1.73665257823649,1.44574876301208,1.71536347634064,0.994958033149804
Lithocholic Acid,-1.19462866682264,0.841970159250932,0.534707291076843,0.835526590191411,0.741295923658839,1.05321928941677,0.813578011188288,0.993115439017394,0.832731508395437,1.1146571625753,1.16794090970847,-1.2047435471799,-1.44665587891244,-1.08407976944724,-1.38738102187706,0.698725752866352,0.983637905983598,-0.955786593233348,-1.02199649290889,-1.455945427692,-0.859888545256095
Lunacridine,-1.59044881966151,-1.67303773508282,-1.80194094107668,-0.869623364452504,-0.327347731064093,0.396417748730218,0.698454776659205,-0.574632777285509,0.200815096429281,-0.38047921284479,0.466485711698924,0.516681052127772,0.0572284055611658,0.565308364052893,0.132409828918302,0.567644836811829,0.715960094326058,0.623672287013276,1.00372370082609,0.584481452048057,0.688227226264859
Lusitanicoside,-0.276905407277328,-0.650742014011822,-0.339775277119694,-0.114083704597859,-1.58129254344664,0.0318569499046723,-1.41519817883388,0.0249427648855165,-0.474524781804236,-0.331095318484234,-0.144051519632182,0.470894165500504,0.226683692691878,0.828629287198141,0.919261511250451,-0.141824544815406,-0.413511103832805,-0.0818436750608567,1.05106030908561,0.653322527761427,1.75819686063873
Luteolin,-1.45655663349832,-1.17971832653622,0.292204208687218,0.0493449982676201,-0.0100129360050189,0.621044167707284,0.115792681446629,-1.73630097042011,0.713422306380818,0.283113349768842,-1.01689046622739,0.192478603262877,-0.705753383320626,0.442830799726221,0.0213430206912689,0.482424762568126,0.368138110053745,0.651735701353935,0.976800681004464,0.644496172832978,0.250063152255668
Luteolin 7-sulfate,-1.61576481726667,-1.63495004748263,-0.466960925816549,-1.21670995052863,-0.928241757118501,0.0997186774564475,-1.31429557610147,-1.26199012145773,-0.444249707631191,0.120286499663081,-0.12492383019646,1.25603530876372,1.13603119648873,1.4172553061287,1.26221857571348,0.0538511021275756,-1.28462557171726,1.28109802354332,1.27684415337966,1.34924074890876,1.04013271314363
Lysolecithin,-0.390084179584199,0.178465236202949,-0.703767077742427,-0.299041824468047,-0.528495811450333,0.649201477148918,-0.82083840078574,0.0324104436761135,0.313064863078004,0.306858026455917,-0.550352491316673,0.544811257870766,-0.372746475008666,-0.210719244480797,0.0752701877402762,0.399442409324767,0.147880009737832,0.825305856864662,0.363598208804991,0.346297997488635,-0.306560469556983
Malabaricone C,-0.995047542607059,-0.9622165941611,-1.01360881883008,-0.673565948974257,-0.827709664450122,-0.245069837562134,-1.20244827141679,-0.684030768289087,-0.470628860125691,-0.670574078059432,-0.502364613603363,1.53582450610672,1.21238150807086,0.864381212923211,2.16319772184745,-0.570764431899596,-0.511559242504209,0.795949953264194,0.812497438900692,2.17140147261041,-0.226045141240628
Maleamic acid,0.239023099021642,0.375448122361643,0.405364059277977,0.612264555397794,-0.377710306493501,0.171932680341043,0.606269125384329,0.635553282850796,0.133325081462148,0.671269008916411,0.578849286894101,-0.190880140901502,-0.92697142261179,-0.485774085725211,-0.839632518697727,0.194834001596333,0.139040194973721,-0.558835461005774,-1.08061991254313,0.147272441511165,-0.450021092010452
Marimastat,0.0049444514457296,0.629370993042008,0.214378623693316,0.189556112105041,0.419763125420102,0.573542706105067,0.907802122338587,0.187971133194075,1.04086259544536,0.89362458693699,1.22376493150658,0.0874749849185825,-1.11957173888726,-0.00998711040580926,-1.84334792018279,0.655085450952573,0.309579020172578,-0.95227070244986,-0.274022145201967,-1.05660756067446,-2.08191365947442
Medronic Acid,-0.350009823373134,-0.877828411047815,-0.419116554489577,-1.12493128977096,-1.11241103402497,-0.641713840224609,-0.376584370955311,-0.50550674853938,-0.655008544810165,-0.35593538094714,-0.634340167887409,0.880750430892374,0.473741657197673,0.957809048061309,0.901558503686018,0.520646531056588,0.0249692849845094,0.942481931109337,0.318027353569896,1.02010901559809,1.01329240991469
Mesalazine,0.00228494718650213,0.799496338349526,-1.3480994994754,0.755775385808734,0.0284544591049045,0.384174827934899,0.242297973799954,-0.215618927300607,0.588932982876883,0.548818112653732,0.741464619076274,-0.106172857461843,-0.78250990224695,0.302953448031095,-0.298119538777106,0.551958709216991,0.264000741558804,-0.466831787225147,-0.376039762909262,-1.58075970887904,-0.0364605613229177
Methionylleucine,-0.168978320570708,0.698300302881294,0.134560963612554,0.403963008815501,0.54132506505806,0.863448611797071,1.12770558974207,0.655153237667807,1.26936111042242,0.820121592247637,1.32762779882257,-1.53810389265717,-1.12302782658647,-1.00044666740188,-1.00910787366264,0.646747573113702,0.410594361358938,-1.14859712769551,-0.771362601597142,-1.27638480824501,-0.862900097123091
"Methyl (2E,4E,6E,8E,10E,12E,14E,16E,18E,20E)-4,8,13,17,21,25-hexamethyl-2,4,6,8,10,12,14,16,18,20,24-hexacosaundecaenoate",0.724334987132876,0.586357962596579,0.651109598937528,-0.000865532531933049,0.678507377296441,1.03434657448497,0.652840156191983,0.482118561465577,0.667630205418579,-0.0585209143739599,0.612340845283226,0.620888099359878,-1.71980846886686,-1.56836264413252,-1.54718003460517,1.04627176840151,0.950663609800588,-0.82578585733425,-0.866357328204344,-1.11309065817436,-1.00743830814633
"Methyl (2E,6E)-10,11-dihydroxy-3,7,11-trimethyl-2,6-dodecadienoate",-0.475123058919282,-0.99651148274319,-0.562363538297965,-0.164201416273314,-0.3279683041176,-0.406795301866372,-1.33326812268261,-1.07947999308975,-0.100705717699128,-1.08774948187343,-0.849160383738503,1.15203414634194,1.03430572408416,1.27951511018414,1.22639959930646,-1.11401635528961,-1.04421903907897,1.11564141207166,1.29262060645983,1.1496106266735,1.29143497054805
"Methyl (2E,6R)-6-hydroxy-3-methyl-6-(2-methyl-5-oxotetrahydro-2-furanyl)-2-hexenoate",0.231420097470585,0.466794653946493,-0.173699106599707,0.146474179067812,0.333277146386075,-0.0500454152957198,0.326224397853966,-0.353617773809453,0.447557407258337,0.425849159267533,0.0727488564477374,0.172398339021735,-0.168092724395594,0.159200403815826,0.157340627607554,0.210014691006569,-0.251017847307087,-0.551860678854444,-0.803397570544226,-0.698428858997067,-0.0991399833469201
"Methyl (5E,17E)-18-bromo-5,17-octadecadien-15-ynoate",1.22432803098026,0.905041473784653,0.45644303128642,0.463697384290114,0.635599131056068,0.00364778095917249,0.518745052354736,-0.7421552338943,1.06232797531328,-0.102801319717593,-0.414707685801496,0.562904355643346,-0.995809595657215,-0.563952856694623,0.0445419939754379,-0.720736145521386,-0.617396676442107,-0.488341139584007,-0.963410252391508,-1.13974858094374,0.871783277004509
"Methyl (5Z,9α,11α,13E,15S)-9,11,15-triacetoxy-18-oxoprosta-5,13-dien-1-oate",-0.566240761277611,-0.681244499562408,-0.656014443154946,-0.619824558459634,-0.634679633558043,-0.347626540162355,-0.629710183218065,-0.763389826128173,-0.345943031124736,-0.727569494449439,-0.266850320232726,1.11601333725603,1.60321942876512,0.320847992180384,0.711413524413477,-0.491701079816431,-0.662634854341004,1.59003703383055,0.996210927035634,0.85652841625107,0.199158565753284
"Methyl 2,3-dihydro-3-hydroxy-2-oxo-1H-indole-3-acetate",0.2989215555427,0.563703864893133,0.672983217035774,0.917464336451678,0.687231913019748,0.758679012252262,0.52781576713167,0.592121296765023,0.877277730507363,0.764907341544567,0.502160395568911,0.399367434575238,-0.698741789074164,-1.27031638914355,-4.51334184038585,0.679000737602341,0.680425466206252,-1.64038917544717,-0.570824963659169,0.129252155655966,-0.357698067042704
Methyl 2-O-β-L-arabinofuranosyl-β-L-arabinofuranoside,-0.789388955632095,-0.672021044491699,-0.881503806631181,-0.722114492225852,-0.913653149364954,-0.936593057283686,-0.708841594828625,-0.575343509698623,-0.983980974533812,-1.12490098539121,-1.03055648200686,1.01047288306381,1.40106127867517,1.735237868143,1.44783017097125,-1.39775957149903,-1.19945797503826,1.52471884504402,1.80081237676191,1.25307289045888,1.76290928550785
"Methyl 4,5,7,11-tetrahydroxy-2-methyl-2′,10-dioxospiro[9-oxatricyclo[6.3.1.0~1,5~]dodecane-6,3′-oxetane]-7-carboxylate",-1.01034448184535,-0.755412259554685,-0.954374894116509,-0.708891515727462,-0.847026100559444,-0.848167789364501,-0.842490716712519,-0.905406824795885,-0.801595754962533,-0.830756347551358,-0.651785264333116,0.737840280378152,1.34347606130442,1.71721585932644,1.53049291289457,-0.692167135818875,-0.792891552640796,0.55781932168016,1.78712506021875,1.2374974316923,1.72984371048822
Methyl O-sulfo-L-tyrosinate,-1.14442689242388,-0.347575766836269,-0.948555922660878,-0.250746297895589,-0.422325544235789,-0.652089423520315,-0.572420434993091,-0.444593573157705,-0.816702408145106,-0.283319717183069,-0.2211256186666,0.945288872508888,0.721093156998284,1.09484872720937,0.817121985179963,-0.268635238524711,-0.563729317675232,1.00440250687456,0.962467782412941,1.03623941109367,0.354783713640546
Methyl acetoacetate,0.95758894557458,0.965154332874706,0.778809428321902,1.01710793129509,0.881953833669176,0.679806151108425,1.05903557233699,0.813179594159642,0.730558237872362,0.885766135051242,0.821204147652581,0.477329052378345,0.330698133456806,-3.92799788614248,0.0415808088607619,0.618402558474788,0.857592143680756,-3.92799788614248,-3.92799788614248,0.227667072037813,-0.359440420378528
Methyl mesylate,-0.0620657528867382,0.962749545302648,0.0345818442257286,0.990592538117789,-0.198387588183807,0.756968257196273,0.546315297171991,0.573804225393609,0.930212381761608,1.18287210487141,0.952872092205174,-0.799966734688631,-1.51775900374249,-1.20041080569172,-1.13536841006023,0.415216627683386,0.871099284413463,-0.873075134963239,-0.771909324447582,-0.893448051283497,-0.764893392395137
Methyl α-aspartylphenylalaninate,-0.080918090184073,0.631730084953025,0.412613141419574,0.520011966509254,0.566817794131388,0.742354823234188,1.20077183098667,0.529716498860783,1.18343872872958,0.917248702781456,1.33210220800371,-0.393127524042241,-1.82001671821662,-1.12614579008704,-1.4893423066616,0.674696267488977,0.528933863590624,-0.767662529361747,-0.990213641342312,-1.43865793365841,-1.13435137713518
Methylphenobarbital,-0.0116563073973511,0.220222369341553,0.135265069247088,0.382546439954012,0.310025289967128,0.464595451045544,0.452430748909443,-0.185542017050528,0.263976472972406,0.675748325366813,0.722507113528246,-0.880752401916225,-0.865304576014102,-0.317556689331356,-0.638010957835327,0.423119741926413,0.175906356927044,-0.980574160513423,0.232462927717083,-0.358379102013541,-0.221030094830905
Methylsuccinic acid,0.985422422068637,1.27181289205499,0.943013965691054,1.00703539776508,1.08230344071423,1.16814248604641,1.32410737102746,1.37573519972675,1.62614368501254,1.26547256554548,1.24582732237481,0.684763158392156,-2.7573725532483,0.690678194293746,0.696767505831367,-2.7573725532483,1.17700971294508,-2.7573725532483,-2.7573725532483,-2.7573725532483,-2.7573725532483
Metirosine,0.981944144746696,1.09138848362008,0.657399594067056,0.876528011070053,0.93788600585937,0.424472015269007,0.349986291638878,1.0369503610239,1.2709513456255,1.3404925841743,1.40778540330875,-2.81307051872707,-2.81307051872707,0.696869639102697,0.621740816701642,0.642435526615558,1.00945838820136,-2.81307051872707,-2.81307051872707,-2.81307051872707,0.719063982610498
Milbemectin A3,0.80879647532699,1.09406375442614,0.919140403362945,0.990160194229801,1.03327776849065,0.989121376925861,1.05875107194071,1.04035126569977,1.08728787270068,1.17331419649243,1.25412684630884,-3.16487647128114,-0.39928373423331,-3.16487647128114,-3.16487647128114,0.978532215024419,0.928607503403772,-3.16487647128114,-0.213992082430594,0.42813284699839,-0.510882089542959
Mimosine,-0.268539775559354,0.5556136717151,0.319211166070477,0.635535025705299,-0.255384975895029,0.550723695574416,0.300243850306264,0.718568414797627,0.827206823141693,-0.0544003541715182,0.954902532969127,-1.57276805079519,-0.975012973491974,-0.13856936538,-1.53238351983531,0.702005401633879,0.645446234618538,-0.66663831652209,0.0270529700515294,-0.744561176998844,-0.0282512779346183
Miproxifene phosphate,-0.136039941085961,0.69331120690264,-0.0452480833715319,0.324817456570836,0.476530972440803,0.0656619837568491,-0.0984542454677556,0.676448088397629,1.13744064406277,0.235168840549959,0.0486446323938411,-0.101049055164092,-0.0214259191555998,0.356910962504958,-2.50131289701906,-0.0653320296908048,-0.260213699070815,-0.256389670082385,-0.154619313813394,-0.50144693038732,0.126596996728428
Mitoxantrone,-0.144933009640207,-1.05582026001403,-1.28179699963232,-1.08139551266669,-1.26089912776492,-1.21351981690397,-0.987978122915819,-1.1229357219009,-1.05094235975374,-1.06466142744519,-0.990620119050301,1.10009165756866,1.72585338629168,1.84385506180874,1.86627451988703,-1.12445415557233,-1.21878565995688,1.80709654652169,1.88944905127844,1.59164974616338,1.77447232369769
Mono(3-carboxypropyl) phthalate,0.479528792428654,0.055886382191782,0.156245325984809,0.522927378386381,0.0470894978688732,0.596497943037414,0.612578390323457,0.357655535760465,0.0467351767956673,0.48075315306799,0.153878229900814,0.103537731860237,-0.719085699296054,-0.231423550757085,-2.06975933041946,-0.0547751079045851,0.221598695549727,-0.252156281193848,-0.21901035002486,-0.111976290364675,-0.176725623195687
Mupirocin,-1.98515154577105,0.0754654872329325,-0.596510104718494,-0.275476779115214,-0.186688395812236,0.604215082731635,-0.152567318532466,0.569162776222673,0.0737214282352172,0.124488872129645,-0.856526632321581,0.683486725387581,-0.0684530795836017,-0.199299893770335,0.100356924385423,1.10853130416372,0.301470104525773,1.15081351014549,0.460192253058807,0.0858206822278918,-1.01705140082178
Myristoleic acid,-3.69871269187459,-0.456383055662749,-0.463610058342017,-0.350870214033997,-0.552431640961747,-0.869978371853074,-0.454877818285116,-0.481680490239374,-0.456068344264381,0.313725004015538,-0.184526465001167,0.929885443697598,0.961597849504624,1.1763514834584,0.340505331311975,-0.345779357524741,-0.748593611666047,1.70196269774703,1.2999453171244,1.00117275738183,1.33836623546757
Myristyl sulfate,-1.36882998387204,2.01560393883657,-1.36882998387204,1.98350722687129,2.5261555544101,-1.36882998387204,-1.36882998387204,2.32167708821676,2.14696652343675,2.3971864058535,2.49734542017649,-1.36882998387204,-1.36882998387204,-1.36882998387204,-1.36882998387204,-1.36882998387204,1.90634763253505,-1.36882998387204,-1.36882998387204,-1.36882998387204,-1.36882998387204
Myxalamid D,-0.58746573332254,0.728057831179743,0.194859781165964,0.922739127227069,0.815651292517394,0.916920647061092,0.667881529562638,0.757514572110317,0.802919634138231,0.366033910900256,0.939069700110917,-1.58828004008243,-1.49647202312585,-0.278767524338577,-1.20764727771616,1.01776758591579,0.873878320402049,-1.40355238894147,-0.273707696670688,-1.12010708844141,-1.04729415965229
"N,N-Dihydroxy-5-(methylsulfanyl)norvaline",-0.400060386919625,0.477723131077018,0.402075702342618,0.434069621398179,0.361844669568259,0.0466104478857912,0.536374646658184,0.26354548579218,0.43180737420783,-0.261014079131854,0.197824979506198,-0.168681310790229,-0.390664288197585,-0.606060938205009,-0.644930804378165,-0.0393418809702081,0.0703597020227339,-0.272131352836237,0.0557411574019329,-0.429113439686756,-0.0659784367452711
N-(1-Carboxy-3-butyn-1-yl)glutamine,0.882199892246718,1.06140442610389,1.03258199415812,1.15150454679406,1.14182944977192,0.664308208159366,0.768023780253086,1.08305247214753,0.848841106993812,0.751804098948975,0.867154952815486,-0.433958976213676,-2.47480190312135,-1.58084994957135,-1.59562264433949,-0.28035921324973,0.753322962720546,-0.537452107326364,-1.38176562258826,-2.10889770357358,-0.612319771129731
"N-(2,4-Dihydroxy-3-methoxybenzoyl)glycine",0.000371158757486615,0.346099415198176,0.00198866216230906,0.35375643639069,0.249364959931234,0.200667233375093,0.319537616959941,-0.0473809166979158,0.34072327415622,0.431398903081671,0.788497395307941,-0.491979332666738,-0.978801112859145,0.0311515109317664,-0.689060858461445,0.476867193155895,-0.115276760235822,-0.658151537102792,0.00248577987335642,-0.4619576074732,-0.100301413784751
"N-(3,5-Dimethoxybenzoyl)glycine",0.291155717797786,0.741079207772674,0.020496058646515,0.651550858746752,0.668900396160384,0.380733251878612,0.35052185729519,0.658361301503605,0.996815596901078,1.03730551848055,1.11373362648712,-0.102768521735023,-4.71274479578197,-0.0930021828859408,-0.642760752723853,0.464477933193739,0.526596253726981,-1.07777720050008,-0.140249818889768,-0.841840626138427,-0.290583679935921
N-(3-Carboxypropanoyl)-5-hydroxynorvaline,0.0714225575721547,0.366941095439351,0.0628415543278329,0.327380968579464,0.29456703643998,0.697622595749173,0.0599469529181199,0.172286170136548,0.424644007580695,-0.122486578533898,0.595132184778748,-0.521299594747749,0.332816968611504,0.109727914060935,-1.00750693168935,0.842419638027534,0.0195789108227123,-2.01613089480951,-0.263308231461103,-0.395478050598334,-0.0511182732048058
N-(3-Hydroxy-15-methylhexadecanoyl)glycyl-L-serine,1.23968404416444,0.972474015387934,0.39346784076389,0.53556417645005,0.422128292748819,0.652130585715574,0.440875647807885,0.203727956068743,0.563050972400565,0.683108242022931,0.533135472268566,0.931864893234581,-1.95796116151641,-0.7682347131362,-1.34922915348583,0.879119624283383,0.711846335055099,-0.436824774286562,-1.11169517458296,-2.29573850579881,-1.24249461556566
N-(3-Hydroxy-3-phenylpropanoyl)glycine,0.252240415216196,0.480400107189931,-0.21168060319701,0.49157729358914,0.176032587182709,-0.281141356656216,0.484894604707535,0.791426107266968,-0.0273157145734821,0.433029501143067,0.527546737527377,0.615383237244457,-0.592341002337448,-0.595225145944136,-1.42812275340654,0.0304817219377388,-0.0518368230623571,-0.709010897412564,-0.328403584198958,0.222938920547422,-0.280873352763799
N-(4-Amino-1-carboxybutyl)glutamic acid,-1.54790579085294,-0.332818460337989,-1.39160531912872,0.452398197503327,-0.651959031046838,-0.611048839705132,-0.379586110805697,0.636916391242127,-0.14279113533399,0.324361301989757,-0.100024630143727,-0.0382884563159089,-0.653099113834471,1.04119859039783,-0.0577596738898305,-0.0197595495879628,-0.536140342081222,0.49140545442289,1.21665430968546,1.13876729649916,1.16108491132386
N-(4-Methoxybenzyl)glutamine,-0.0676539791896615,0.663141631116423,0.198628106636082,0.78608953967316,0.46461164241288,0.751767098778548,0.774990359324406,0.834913972798289,0.907869707565219,0.845544484855347,0.89192914460249,0.151715443970235,-1.77110237407588,-0.0959004015429798,-2.41975499639042,0.732914245976791,0.550427336624384,-2.16979913725873,-0.406053098993018,-1.00683493484565,-0.617443792037912
N-(4-Oxobutyl)-L-glutamine,0.750333363454509,0.297284071668015,0.413688390672415,0.444775843742718,-0.448987949155812,0.553330862728516,0.395591102537296,1.06375094835205,0.474810835948242,0.548484554233177,0.646854438021295,-0.0890406722195995,-1.41414266969334,-0.393966077821404,-0.942210157208828,0.462503088897949,0.302200167142618,-1.16531492747186,-0.999703307378304,-0.469420084857848,-0.430821821591806
N-(tert-Butoxycarbonyl)-L-leucine,0.387050565759245,0.5568388272564,0.373496796340286,0.751599241450841,0.617705939859172,0.516142034934881,0.517527216733886,0.742257658930527,0.615054878744526,0.655939421760578,0.866396184991448,-1.11601040019133,-1.29336491297716,-0.255754563929513,-1.25713133883246,0.514496986166098,0.620054591165953,-2.0718219676217,-1.01455047124222,-0.511985447727011,-0.213941241572433
"N-({(2R,4S,5S)-5-[(4-Phenyl-1-piperazinyl)methyl]-1-azabicyclo[2.2.2]oct-2-yl}methyl)-1,3-benzodioxole-5-carboxamide",-1.1233205639556,-0.501226422414519,-0.126470077957427,-0.0752197799334808,-1.41441779337518,-0.614040926272498,-2.25010696170044,0.236724363403657,-0.022211483590685,-0.210348312257845,-1.24215532420035,1.21006624183542,1.10565584908839,1.31597406123138,1.30202515337676,-1.61101994047355,-1.21363300918259,1.403718252089,1.2905950612818,1.27138942399387,1.26802218901389
N-(γ-L-glutamyl)-L-alaninol,-0.0297588119135191,0.722095661509116,0.43160971060425,0.545039154535201,0.479021376587129,0.790551159117125,1.04459749566364,0.545145167773651,1.08627119086982,0.723947288702506,1.02895166358931,-1.01282560997222,-1.49951804843164,-0.940421663822438,-1.98886989217763,0.627064139307128,0.579395312730785,-0.805145720193519,-0.554278626385849,-1.01274041552391,-0.760130532568938
N-3-oxo-butyryl-L-Homoserine lactone,0.711310076379573,0.75898286405811,0.576320483843758,0.697737959565056,0.710168375823505,0.625590817015534,0.637022970809679,0.604436944245729,0.740835835834184,0.742177115099884,0.793767565533906,0.0234237384293553,-0.472794137525205,0.169693550148803,-0.0930488774123183,0.804461827120608,0.686767382324534,-4.29920861186289,-0.161018520966921,-4.29920861186289,0.0425812533980049
N-Acetyl-D-alloisoleucine,0.126212512745217,-0.393601064948951,-0.86888559783352,-0.21941656910916,-0.54957632291831,-1.00046657786183,-0.205801501786809,-0.364029598158942,-0.777113977096943,-0.588320248852453,-0.261427657544724,0.906707914217276,0.814947443496349,1.26523019008628,0.863928057298569,-0.629422971458381,-0.740569551207578,0.158105689805346,0.727550826281776,0.856823814328844,0.879125190517946
N-Acetyl-D-galactosamine,-1.55379537345793,0.626276664869513,0.509621840030101,0.786049399806776,0.6344138160065,0.131530563860051,0.390353125001332,0.162056233230314,0.456444465341127,-0.0230675820492344,0.270658768439571,0.0625103087914354,-0.984589946535893,-0.325180157063383,-0.70337691329024,-0.173446176302444,0.515451229331377,-0.159099932978809,-0.116018741485423,-0.190008852216424,-0.316782739328294
N-Acetyl-D-quinovosamine,0.293867916340004,0.256350424099058,0.0944459450785428,0.802401955151327,0.643445472660893,-0.0265998129255666,0.335566386526668,0.755257495863061,0.353466233559953,0.555485892157165,0.72542067679961,-0.0702717416178005,-1.07362237783941,-0.0754975654823557,-0.845133140219046,0.311666901376473,0.411500468503768,-1.00550873525072,-0.430947983930776,-0.527974056221037,-1.4833203546298
N-Acetyl-DL-glutamic acid,0.447124887451022,0.563415205761726,-0.0999235721456354,0.131004575682786,0.0607001376883929,0.0336996784674723,0.633504520287147,0.271143688870274,-0.0450957684820476,0.421964459145059,1.01277264535103,-0.130202273276119,-0.917887414768478,-0.363981763409698,-0.852089446086158,0.338897898634791,-0.0726990384453155,-0.520154114516327,-0.137663040002205,-0.414979733581114,-0.359551532626571
N-Acetyl-DL-tryptophan,-0.103646424119949,-0.711218320085702,-0.447392304479384,-0.411764696830828,-1.49834735085137,-0.90089017242469,-0.429101945676028,0.169528393586538,-1.17682963605314,-0.334169817893431,-0.929564231585054,1.15408700090493,0.849418766309299,1.20666307974019,0.966856751820344,-0.541766258600289,-1.29993131854468,0.923639943830439,1.18187555734944,1.08703630582343,1.24551667777992
N-Acetyl-L-Citrulline,0.780370974180591,0.619470363187086,-0.829272025410757,0.386572671085257,0.404376211768992,0.27775073439309,0.598676902660491,0.814322701463359,1.21447751020859,1.05169313974211,1.28079189191762,-0.778491588432423,-1.19998990675027,-1.106262393962,-1.32602437221348,0.962329094863251,0.568504120896608,-0.688795988632407,-0.973240043720578,-1.09079631783434,-0.966463679410791
N-Acetyl-L-aspartic acid,0.48045883744613,0.531417910478734,0.131240317306318,0.406802244884814,-0.00471534462080124,0.327153381183459,0.934046318997168,0.698791751627548,0.0313204661852298,0.931019785873173,0.692369552711362,-0.62709835500407,-1.51236347843634,-1.0076646467849,-1.40483790636448,0.433159123451324,0.126195196646589,-0.580260551950724,-0.307336322390751,0.500073092849322,-0.779771374089064
N-Acetyl-L-histidine,0.808411295457028,0.580235816431982,0.268413245555078,0.555017680704666,0.497927204595726,0.680368609666447,0.56732297102249,0.559012534831281,0.643231899683264,0.687817427024697,0.681381418506535,-0.399663452615502,-4.70408889422635,-0.0764639443732807,-1.45274833026813,0.530316710212461,0.594700771059754,0.493962266759762,-0.890333262239099,-0.887660995225864,0.262839027437063
N-Acetyl-L-methionine,0.64440727468638,0.744655475884832,0.147634750161718,0.509471767987295,0.345462310996637,0.0411911349466786,0.605147057709376,0.419299828897476,-0.023516203642322,0.26157003997116,0.298849419073571,0.121651600070144,-0.579486678543664,0.0782645530711044,-1.02653555507955,-0.141515514558958,0.0639968307652621,-1.38103471962062,-0.349223125818738,-0.630110573146228,-0.150179673811571
N-Acetyl-L-phenylalanine,0.127959683414555,-0.591832021980791,-0.126013808396054,-0.0152002988193689,-0.397864284783528,-0.280125033232834,-0.515880101819058,0.293754964715879,-0.51615459440345,-0.497392205026486,-0.66806864715485,0.741263425528587,0.155913410382196,0.858330708169385,0.279581967003191,-1.05193145008393,0.0809839072298417,0.145850631707175,0.691285167318913,0.50550156205589,0.780037018174717
N-Acetyl-β-D-glucosamine,-0.873491201453077,0.82088405297326,0.699365141866044,0.92841573045548,0.784236033889431,0.484841901502386,0.630145375551486,0.439658454407046,0.68812297549119,0.374306396037281,0.516794695584878,0.0610615587466671,-0.78690719710234,-1.4951679025344,-0.868110775202773,0.267617955309214,0.713797958705037,-0.763158614998837,-0.905813065063267,-0.89850359844608,-0.81809587571863
N-Acetylalanine,0.70146562428881,0.364354220163208,0.20640895277268,0.360825471025909,0.296386271092088,0.216669796566022,0.329163426829083,0.452315401052755,-0.0809390986103338,0.299424268007611,0.376584289688478,0.122252462126241,-0.0677227074562374,0.543099505834522,-0.291865343715028,0.261795035656655,0.217360662701693,-5.29456378619851,0.215626989820954,0.196345276416509,0.575013281936905
N-Acetylaspartic acid,0.706256900291222,0.837096825503237,0.312719542420326,0.71305802861073,0.305368915034106,0.340111368588622,0.918644489279592,0.78777498663359,0.0818018365614061,0.927714619084654,0.718626153716159,-0.909700014382861,-1.55793980423991,-0.797465649660233,-2.14051210915634,0.211201847589922,0.190958577842926,-0.742572669499582,-0.421238463076071,0.215856780966916,-0.697762162108412
N-Acetylglucosaminitol,-0.173722336496921,-0.314200131873576,-1.38117919800911,-0.247885228660444,-0.935156354765309,-0.0420444272768153,0.0982982166616775,-0.174739012923737,-1.06848406664983,0.0725576733348437,0.365007435721116,1.03809437494573,0.553642920233808,0.43687952339477,0.540214646710285,-0.152347780324229,-1.06329641735001,0.798718554679005,0.68916092460314,0.581678769525705,0.378801914519933
N-Acetylmuramic acid,0.138981433259218,0.799131441655931,0.325435459897295,0.687901324709933,0.582532481561255,0.549486336485955,0.487819688777186,0.647282871751109,0.259886926903263,0.680141039879988,0.476002340315607,-1.10119501012306,-0.556117180287029,-0.409046058311011,-0.506224732600851,0.60411984393585,0.609375013111918,-0.932003763779226,-1.10683814021198,-0.886633540189481,-1.35003777674187
N-Acetylneuraminic acid,-0.47047536157175,1.00242494900079,1.11700195089236,1.15982255620855,1.11182437154691,0.662146873167285,1.25505318439068,0.891140725255673,0.738368530425477,0.627397525772973,0.620650593982157,-0.190168394470723,-1.81170360451326,-1.3517738320256,-1.49014177205533,0.234784060663539,0.755052334932669,-1.27181904590304,-1.12988852691429,-1.28873562365071,-1.17096149513433
N-Acetylornithine,0.171494090843746,0.924529202694406,0.755632855813562,0.727721291779144,0.71971599617033,0.679846433191021,0.92613117006183,0.414185223436822,0.78119716272904,0.64240080503444,0.706911184655226,-0.772092901624492,-2.20768339074547,-0.837604199046489,-1.36502141629824,0.457619616171948,0.641154557996384,-0.978108051171695,-0.774160464614902,-0.954430881440494,-0.659438285636092
N-Acetylsphingosine,-0.381709465341357,0.397272986586986,0.490673525959357,0.304783267708978,0.47236231505975,0.639857630606925,0.131728386312655,0.55952967347016,0.887994708517545,0.699632413952281,0.36131276316286,-0.569744676944524,-2.05758371355809,0.0814626369121926,-0.902040906810796,0.630716909954913,0.595239847462342,-1.35445493420762,-0.227205445758775,-0.956019575336143,0.196191652290378
N-Acetylvanilalanine,1.14326688285201,-0.113061467078415,-1.66698123565287,0.0951273253866909,-0.603045008132398,-0.449806507941704,0.0843676994444263,0.441374635122842,-1.0362338062989,-0.358472957260842,-0.920332436366996,0.464609294991934,0.203628943030851,0.594963332366907,0.485416318554644,-0.731041623080145,-0.198948465676798,0.522646333991412,0.771066675514215,0.685855579779097,0.585600486454062
N-Arachidonoyl taurine,-1.27149961676199,-0.985055022102753,-0.570610277766701,-0.0955061526831221,0.870462566495805,0.264101415287905,-0.554647591290859,1.02678325680979,-0.286577938293199,-0.338750935243892,-0.915933193793246,-1.2933698044794,-0.25050295373646,0.515249675575916,0.201441434206475,-0.219916279499075,0.273719762225949,1.0442132279498,0.835124265529625,1.46605942842923,0.285214733140205
N-Butyrylhomoserine,-0.380682759243237,-0.5261065202983,-0.924984451786122,-0.563891712798124,-0.64401164878718,-0.636437096289468,-0.284040501692997,0.195861246954114,-0.19089827338553,-0.139081838489794,0.528623856288995,0.739327068131518,0.272108373790004,0.808034352524834,0.420183292260651,-0.102374923424366,-0.767812881994225,0.424093464892424,0.615440643736122,0.599791217198243,0.556859092412483
N-COUMAROYL-L-ASPARTIC ACID,-0.746973680218704,0.581525144324471,-0.086787065839088,0.979772989518201,0.655359497252117,0.614486687588621,1.30266380627797,0.526298430837224,-0.149879542489143,1.18073519803481,0.942454708679088,-0.841930938192671,-1.20795440461879,-1.22607210199304,-1.14768314557778,0.237445375014953,0.882644511602761,-0.759406218756696,-0.864903703351078,0.438602812617768,-1.31039836071101
N-Formylmethionine,0.754928770642289,0.934940401401242,0.733374950547966,0.841210529479201,0.80209600430758,0.463753683952149,0.818533274962813,0.851357880915164,0.644783598662382,0.618099191713387,0.666394100164592,0.226160774891079,-0.440933629795442,-0.0558723591033846,-4.16736094441085,0.501818629351106,0.608612403474021,-4.16736094441085,-0.252519281480595,-0.155967323062002,-0.226049712201841
N-Glycosyl-L-asparagine,-1.17510891044695,-0.829580821537752,-0.858488952019538,-0.903945683749182,-0.837196600277781,-0.582617282804322,-0.856317024654521,-0.947100370582566,-0.816651691709324,-1.001542514353,-0.304862754284067,1.40113838344958,1.1787566950012,1.28354290627537,1.12148117081973,-0.386706204703,-1.0154021386507,1.3761901566003,1.38766734582413,1.42340481171617,1.34333948008623
N-Methyl-L-alanine,0.516694075773433,0.687565654027326,0.414958994555811,0.594198610061042,0.549320250181971,0.320471220060614,0.706455925311887,0.643600321103592,0.264660100235905,0.386954793380098,0.566420306899265,-0.329138072355593,-1.0257249014381,-0.410259624147689,-1.07220622557643,0.167464957636055,-0.0639806728804146,-1.13557749234248,-0.980286436594599,-0.225663288257036,-0.575928495634649
N-Nitrosoproline,0.874898712262191,0.400200565531311,-0.479512354289566,0.441260528711193,0.155017361836313,0.0600534226153524,1.14702908376887,0.33518591418787,-0.431643059590422,0.343717235407068,0.385723283533931,0.517392553855088,-1.1507350252277,0.185628758339446,-1.91212130634996,0.19933885079392,0.017763404344086,0.151161270207735,-0.572816806714001,0.351202346508311,-1.01874473973101
N-Oleoyl Dopamine,-1.03509302071161,0.851600273316373,-0.334046484881751,0.777690045714303,0.786375836491384,0.808108936621441,-0.100273284729356,1.28163599224018,0.826447652291986,0.939586835664299,0.189974679565212,-0.679030526975845,-1.05096177487226,-0.675521257965047,-1.11305048889239,1.08360809432944,1.06946783305029,-0.772218692292724,-0.47896433235643,-1.03871628371847,-1.33662003188902
N-Oleoyl Taurine,0.0786427390118466,0.667262601846075,0.356996420103367,0.533639938870117,0.309516356377678,0.0168144986033317,-1.0409298655192,0.762499572504008,0.734577646544373,1.07412469571592,0.770733419019634,-0.820392969890477,-1.44026074122597,0.547736743264073,-1.32541216855228,0.564961646589216,1.06956570389552,-1.20811882639606,-0.698602531472379,-0.658876517886306,-0.294478361402495
N-Oleoyl-L-Serine,-0.236403233605399,0.760245291927865,0.530377718165892,0.708610944973892,-0.262497220497898,0.732557187541796,0.000190341064666225,1.03177493552185,0.702300560347798,0.988126361267952,-0.651577980350612,-0.732153466385721,-4.38426124522933,0.0806720632508865,-0.651120007656682,0.746492571689877,0.486803824234323,-0.365890637811593,0.268693262322194,0.736321472676017,-0.489262743447788
N-Oleoyl-L-methionine,0.609058975145564,0.850217864659688,0.5044409229128,0.701434672898132,0.790555346010646,1.04172611998761,0.535976410683393,1.12779684765176,0.782940212308195,0.987107292788681,0.812822311172834,-0.791178988315858,-2.08657450530619,-0.517885355007736,-1.53991252880105,0.699780341289827,0.731920248168885,-1.353397014171,-0.21018177242638,-2.71601626806754,-0.960631133582281
N-Palmitoyl Taurine,-0.790349713761617,0.333253494343785,0.167163147594115,0.226780361228238,0.325402315613614,0.564233647810045,0.408513296123458,0.72923305866507,0.368495429421776,0.791877671349502,0.128477679520445,-0.7198074599021,-1.980798820206,0.135875702952603,-1.35315433575157,0.510219944815865,-0.123331181758973,-0.432708537781209,0.276227663247847,0.354421366536342,0.0799752699387565
N-Palmitoyl-L-histidine,0.366882714362666,-0.933120767980717,-0.778928162644451,-0.686821044452151,-0.645493403987503,-0.586726902616406,-0.771140620180851,-0.491866185865312,-0.647432760137751,-0.637113115932701,-0.337552677294535,0.557377710403744,-0.149922785961022,1.19558519660372,0.766662174320226,-0.544025605226063,-0.365131888146233,0.593346871475971,1.71616419346661,1.05847671217264,1.32078034762012
N-Palmitoyl-L-methionine,0.0570331905935696,0.446251797696244,0.083924660743623,0.441558628965079,0.65996762875956,0.666223507391742,0.49188464148856,0.7972213357271,0.587212495855157,0.747710957539638,0.517943952211689,-0.449347006579872,-1.41893955754412,-0.218361061588894,-0.941272849633994,0.527988256117153,0.302075398123726,-1.07678512618761,-0.104361188818658,-1.23228977226799,-0.885639888591707
N-Palmitoyl-L-phenylalanine,-0.0886935107053957,0.531941054730974,0.242642504867458,0.437937929644302,0.288265008238039,0.661443470918163,0.127958313583349,0.630456188839433,0.602355938071806,0.710924386407662,0.399696610498848,-0.61124918779567,-1.4000625458729,-0.37675099991631,-1.36735818395994,0.759270578334152,0.487461043011697,-0.814478348986251,-0.329347363333597,-0.713017176973115,-0.179395709602694
N-Palmitoyl-L-serine,1.04963291147353,1.0265376449008,1.03031126643819,0.998211857149418,0.840822786385436,0.995452879379054,0.9022868934038,0.949992777277094,1.02876890723088,0.982639073675165,0.95375713322806,0.724399927761323,-3.54226309659289,-3.54226309659289,-0.939662987908442,1.0603557435968,1.08277847424013,-3.54226309659289,-0.640559810685744,-0.752489604226062,-0.666446583540799
N-Palmitoyl-L-threonine,0.0842041173343238,0.619528814833972,0.344810660262949,0.477419719509764,0.442440596472928,0.597773373288133,0.187085991938021,0.518177151082908,0.464771830269245,0.540115168775948,0.458733884930804,-1.2289886026633,-4.73310688769891,0.243271808768138,-1.06568083981127,0.602017477610098,0.490652112819111,-0.0875741760979587,0.397593834784935,0.312072884142921,0.334681079447243
N-Palmitoyl-L-valine,0.153029083692477,0.560066895211306,0.361857870248772,0.573067721389821,0.501680794860675,0.674225130288924,0.245283615501318,0.6992794637668,0.541002990112038,0.759169232183241,0.717402102038632,-0.735279909746526,-1.48428023918909,-0.544207725033308,-1.4282498027129,0.960507554786053,0.517786255010332,-1.20679745938535,-0.232849824631086,-1.4260834208139,-0.206610327578223
N-Pentadecanoylglycine,0.181881863465216,0.477096517737073,0.223596756252397,0.318993932851305,0.516143726785321,0.679218249395773,0.487464279086402,0.668656533095591,0.435567831192387,0.737073768963114,0.697535703293166,-0.493878375986726,-2.90733165211788,-0.233315805178252,-1.18735967186894,0.715825219817182,0.616913356177855,-1.00352161632463,-0.282867822631648,-0.58412454430919,-0.0635682496955106
N-Phenylacetylglutamic acid,-0.370361152348152,0.205049118616413,-0.34750806867898,0.325979917330167,-0.385315088509234,-0.508792868230465,-1.04678469918366,0.0356283817664001,-0.00687553827930357,-0.00315241318569488,0.0397697226236067,0.477282569331841,0.307751400112414,0.724128536405995,0.600446575661362,-1.34840078781928,-0.0851420213895106,0.0446654524623915,0.521062639580849,0.24269312240385,0.577875201329028
N-Stearoyl-L-alanine,-0.0754789119434695,0.480890838039856,0.131047454013164,0.467474299736206,0.319941425172916,0.672206404645188,0.0842207823273285,0.549088026102194,0.601721966631202,0.748957092582191,0.426763742502009,-0.692704297838885,-1.49048171061748,-0.292005890741615,-1.12461927066698,0.784983323816396,0.392968613100552,-1.0237384281585,-0.170079300907691,-0.772048906832743,-0.0191072509618301
N-Tridecanoylglycine,-0.977896235549469,-0.977896235549469,-0.977896235549469,-0.977896235549469,-0.977896235549469,-0.977896235549469,-0.977896235549469,-0.977896235549469,-0.977896235549469,-0.977896235549469,-0.977896235549469,2.60765185823322,1.29505679107937,-0.977896235549469,-0.977896235549469,-0.977896235549469,2.84188217498626,-0.977896235549469,2.54758637550135,2.71377520733119,2.66249112611063
N-Undecanoylglycine,-1.10890129340059,-1.10890129340059,-1.10890129340059,-1.10890129340059,-1.10890129340059,-1.10890129340059,-1.10890129340059,-1.10890129340059,2.23123781165627,-1.10890129340059,-1.10890129340059,2.71106492887552,-1.10890129340059,-1.10890129340059,-1.10890129340059,-1.10890129340059,2.90988130532666,-1.10890129340059,2.89555855198033,2.94684826479836,2.93892853837168
"N-[(10Z)-7-Isobutyl-3-isopropyl-5,8-dioxo-2-oxa-6,9-diazabicyclo[10.2.2]hexadeca-1(14),10,12,15-tetraen-4-yl]-1-methylprolinamide",-1.14081255444842,0.194191166288826,0.851796250962732,0.656571775328715,1.39870514097223,0.744594366057161,0.483865101353823,-0.778670921727649,0.103361982806698,0.577314848975606,0.755965485556984,0.101623283067897,-0.557285061594268,-0.987466751094806,0.354584757219099,0.381997367436304,1.33490060414432,-0.757563641178191,-0.970885426046213,-1.3682438801025,-1.37854389397834
N-[(2S)-2-Hydroxypropanoyl]-L-leucine,-0.954695149820636,-1.0718713499061,-0.833155699885489,-0.946979764164766,-1.1214933383423,-0.901005604524468,-0.85568594656317,-0.972399295162953,0.0596784125595693,0.0623863288536141,0.287954146364056,1.19426528573737,0.940950521623615,1.30685200462432,1.02418038715948,-1.18014067699551,-0.871052775260627,1.1464105840958,1.34862869577174,1.1184762890138,1.21869694482262
N-[(2S)-2-Hydroxypropanoyl]methionine,-0.891659087810652,0.0815722705766795,-0.73618101372727,0.332756199550162,0.0787796610922959,-0.241760404713309,-0.0304618416359998,-0.395951735573915,0.0556571087209438,-0.488428687543546,0.0176685686603578,0.546737501682546,0.562629015858546,0.755422434757769,0.576077439319449,0.0364961657630196,-0.582034767563003,-0.558076822861042,-0.110581169782517,0.354866576454175,0.636472588775324
"N-[(2S,3R)-1,3-Dihydroxy-2-octadecanyl]dotriacontanamide",-2.06419942309689,-2.06419942309689,-2.06419942309689,-0.0382915114466724,-2.06419942309689,0.785017964728087,-2.06419942309689,-2.06419942309689,0.238684752468561,-0.690303073986087,0.0800623999527721,1.561578461581,1.61565789389693,1.47895617521062,1.62697020448285,0.386618754221348,0.16598207320453,1.45006904181402,0.968785594731643,1.40283928455917,1.35256852316255
"N-[(3α,5β,7α,12α)-3,7,12-Trihydroxy-24-oxocholan-24-yl]-L-phenylalanine",-0.390072542465994,0.178451485998651,-0.703725486475328,-0.29903639891378,-0.528472727458718,0.649184221015729,-0.820781535690597,0.0324005095510844,0.313048876059641,0.30684211813691,-0.550327358150306,0.544793818385552,-0.372736096961298,-0.210718953272838,0.0752589708585265,0.399425553731609,0.14786693188514,0.825289891062808,0.363581663345101,0.346281626942402,-0.306554567584284
"N-[4-(5-Amino-2,2-dimethyl-4-oxo-3,4-dihydro-2H-chromen-6-yl)-1-hydroxy-4-oxo-2-butanyl]formamide",-0.453781932973302,-0.324242048973373,-0.0252420338149638,0.922632855209296,0.520763997869962,-0.122207574519459,-0.271887209754128,0.518186993828154,-0.0264266724120374,0.292786006559487,0.843815369422177,-0.247168166861937,-0.642193190296936,-0.0899842949723271,-0.45403871325362,0.891296938126939,0.0629482811281092,-0.524409401812539,-0.205305771988234,-0.198307828405652,-0.467235602105629
N-acetyl-D-glucosaminic acid,-0.818508169976471,-0.769000023380598,-1.30137779948989,-0.486182579774178,-0.832388231876273,-0.622481834350024,-0.569216495001373,-0.57462867564604,-0.683539748019603,-0.46907279680829,-0.296228488236212,1.10361078792836,0.926863327139263,1.11566008399215,0.909932966588531,-0.55884570253728,-0.664080536075885,1.0847004388444,1.25375600791707,1.10360288266725,1.14742458609507
N-acetyl-L-2-aminoadipic acid,0.355856491870967,1.25754231082012,-0.679514769563655,1.10783901253407,0.9440887139819,0.809679160075481,0.670882713557593,1.070979873729,-0.644248397306524,1.1341837888439,0.942738090197747,-1.37204648792531,-0.418315244574186,-0.388767303239549,-2.28343077590748,1.09265874403288,1.01016903748166,-1.27389462085168,-0.947396013093737,-1.23824733004237,-1.15075699462084
"N-acetyl-LL-2,6-diaminopimelic acid",-0.338259556164118,0.480763536319896,0.0227830354364064,0.445626026130795,0.24330635010367,0.167838482642661,0.827688691398057,0.277599054568493,0.626341933953147,0.386373993550447,0.756569006270936,-0.55010923328259,-1.64859489473574,-0.252115530883263,-1.20280977356285,0.15057164888023,0.0521058662831869,-0.286885794571671,0.198222671843724,-0.169432486468138,-0.187583027713274
N-feruloylglycine,0.91984091611544,0.112315354553174,-4.57148855860818,0.269990272282848,-0.427783284155513,-0.690827186493031,0.291819930503526,0.656018645836853,-1.0969267698117,-0.915384436994686,-0.454863482704339,1.32983470408232,0.831023399915483,1.14864504135387,0.745215830941449,0.268172296838889,-0.493977644094551,0.351281722681634,0.83002436235106,0.112646224940074,0.784422660465372
N-formylmaleamic acid,-1.11667684422946,-0.734361778257166,-0.592157885558847,-0.38518105949128,-0.742747723066063,-0.89154291062102,-0.763807791777294,-0.863930886329146,-0.803215463150854,-1.06428808021751,-0.291900194891192,1.25932324332999,1.17641718337326,1.22147170307208,1.17710463816297,-0.413085918950985,-0.939424740378928,1.21714075801746,1.2091480271209,1.21857994470258,1.12313577914048
N-lauroylglycine,0.564130249753765,0.800274135278234,0.60185097692822,0.715596944090552,0.559747368887102,0.743974179692823,0.640857856908343,0.647360105240355,0.742934214040995,0.725772010957152,0.672599290201092,-0.329128131796843,-1.30710840350539,-1.17466135818143,-1.14854559823838,0.942642545466704,0.633358594735658,-1.20457468482536,-1.14867307900879,-1.32343907102305,-1.35496814560173
N-methyl-2-oxoglutaramic acid,-0.784449776294363,-0.348068092617385,-0.736826156838465,-0.268057457944518,-0.650877182271773,-0.31236135830874,-0.554938594511596,-0.508226057332501,-0.158231529911071,-0.234829922258081,0.0159641322915123,0.738173660241474,0.600961164498392,0.6367304136735,0.550339429887258,0.0724257749532355,-0.362585488241956,0.629436645399639,0.591494677841777,0.626799294987576,0.457126422756114
N-octadecanoyl-L-Homoserine lactone,-0.0400145002747388,0.638143128257685,0.129993985622275,0.613801938647829,0.32506971520869,0.677434774397584,0.389693933915035,0.502835363195789,0.561493384666142,0.716158951421676,0.35639141328511,-0.907573843628296,-1.38473661551435,-0.055510560168626,-0.952085101879239,0.600212620311671,0.30386750796543,-1.13908793637858,-0.226195695935982,-0.965249263128813,-0.144643199986265
N-oleoyl leucine,0.398315991196374,0.723032433377069,0.334026141876983,0.670005414235992,0.45567618376017,0.802631616441519,0.445700823005212,0.678548386852267,0.468533641052758,0.861559903999163,0.666755290789478,-0.834267651393818,-1.92684513894842,-0.521393625447344,-1.62382787845316,0.795283003251909,0.708768414448838,-1.04338682694159,-0.538080365586294,-1.08715041912592,-0.433885338391201
N-oleoylthreonine,0.728095844273718,0.457972101847786,-0.158018022587181,-0.0388336806698149,0.490321832310738,0.95416615197968,-0.0964252193649886,0.737407559714104,0.63977353197948,0.698751048933796,0.744878120758519,-1.02331268904347,-2.0178404255926,-0.625667256540815,0.428301876316031,0.487647480894688,0.710114010198958,-1.08417679177445,-0.318055819336205,-1.14343625610016,-0.571663398197815
N-tetradecanoyl-L-Homoserine Lactone,-0.0130925924997876,0.586756002674966,0.318848062284845,0.338243672375371,0.276276692291165,0.594669641222275,0.356415008389322,0.685715028468553,0.506446550189156,0.679974851735695,0.199964755844129,-0.39391378704288,-4.76349653736496,0.208328897357704,-0.479035274212582,0.723623785309134,0.296374972503094,-0.410630208212442,0.268088454942896,-0.264443976185254,0.284885999929607
N1-Acetyl-5-methoxykynuramine,0.0547925960932402,0.569031690376573,0.250997122988257,0.525261840898866,0.56322839839819,0.877136947940659,1.0964367811224,0.70463538742285,1.21792987863261,0.906343392844032,1.15430177962013,-1.17816154956346,-2.74774549027991,-1.16890949904628,-1.63763512424846,0.926177335880802,0.522684878152396,-0.0920382507130609,0.198999040638796,-1.36664722681745,-1.37681993034117
N2-Dimethylguanosine,-0.343511716095171,1.23779215918769,0.804420982611195,1.41563354729514,0.335062771492601,0.904170300365913,1.36690157448135,0.381825038704943,0.749562534023331,0.656977210242283,0.190620758680322,-0.0455244724400484,-0.538152696277687,-0.725841868113311,-1.56424762923708,-0.648863171408341,0.761741309777568,-1.31700765836321,-1.15733016154258,-1.3360854311748,-1.12814338221013
NP-001134,0.615115433041827,0.980610655568078,0.710376695634382,0.955609551225182,0.35746432291013,0.966992148532561,1.10654781966025,0.270665902200674,0.740821130875545,1.08136830310386,1.29938747497353,-1.51125818294607,-1.36123145339108,-1.34954386171195,-1.27624589108692,1.14627642480266,0.816639717595588,-1.32683547259699,-1.3590361702878,-1.41139094761218,-1.45233360049126
NP-003039,0.947914497629087,0.989393314799007,0.391337621906247,1.31821927622773,0.845989482424303,0.584969336167393,0.916049957226195,1.06396514670113,0.555064718108188,1.10069228763573,1.1840499198438,-1.69401572690639,-1.71784441062622,-1.20160951645963,-1.38500205536265,0.944187262095714,0.840632812128266,-1.37261991017822,-1.51584610052041,-1.45706141845566,-1.33846649438359
NP-003535,0.695640046050259,0.93498291775816,0.325742454210897,0.984092431478834,0.972874283754146,0.0377041725141466,0.67080450365482,-0.213990515599174,0.233861103789966,0.865030033939382,0.598936173964644,-0.127340705970206,-0.331622376533572,-0.461919699601306,-0.706959672431459,0.928075668790929,0.837047644286195,-1.29630033051917,-1.50114205755737,-1.69856315053839,-1.74695292544172
NP-003827,-0.169540135981957,-0.650061897411804,-1.10220159540659,-0.673831364544988,-0.837774614331277,-0.62677157574952,-0.849900409322598,-0.590631125212387,-0.613545577478789,-0.894939816829941,-0.878603373263627,0.146430677720391,0.979049505809978,0.649169304529116,0.0826108486230444,-0.540335816917617,-0.634957363260224,1.78816931775414,1.98614928502238,1.58911856902361,1.84239715722866
NP-005196,-0.322713153818617,-0.314024784005043,-0.860587037984658,-0.585510645278751,-0.762031732937594,-0.590077313390255,-0.378586677147611,-0.851488892246952,-0.292044186612125,-0.08933212189074,-0.206792947006254,1.96600758684643,0.219161971706428,0.774043245479901,0.47642015727413,-0.370323516445169,-0.127217510839623,-0.175518156441588,0.61654759109061,1.22848885644061,0.645579267206847
NP-005709,-0.922239904545694,-0.431660780182321,-1.02903767576761,-0.916235426388631,-0.871378344471474,-0.613465654751993,-0.784743552757338,-0.949972764397352,-0.87054388508473,-0.536090336621194,-0.790261543919092,-0.90215648458391,1.6901239702859,1.91315864831202,1.76749942357132,-0.817552728715417,-1.10394852066998,0.621660398580959,1.87859563533362,1.67397047788808,1.99427904888482
NP-005870,-0.540124134753816,-0.662685757105577,-1.04097458178636,-1.05845208848428,-0.831854229563303,-0.703563979201967,-0.950566534131669,-0.753331972309267,-0.728719342469789,-0.873746759135844,-0.763974814599748,1.85435287040507,1.36893125049295,1.23695339347242,1.78185935994357,-0.800149600006812,-0.898319398912377,0.710476308072902,1.14669661310474,1.40562195678736,1.10157144018179
NP-006255,0.165890366105584,0.507163588051514,-0.000758675378912748,0.372241038767912,0.424017745602566,-0.0786528997255961,0.26254695708868,0.920370649666846,0.484137961353296,0.213445246444553,0.554915287592444,-0.149374090645658,-0.666528218716788,-0.154214341243359,0.00486484550535866,0.0242675896087056,0.522904869919645,-1.15338953912151,-0.329085992881831,-0.255502045203746,-1.66926034278969
NP-008309,0.858992298161712,0.382818301427663,-0.0511805730293747,0.330106736617995,0.0386027055626087,-0.0323908943848726,0.445401390226674,0.664242654872195,0.213322545542212,0.199305551406645,0.168974997447823,0.32778125484455,-0.60652480786203,-0.157403215163425,-0.558254797150279,0.180516409463024,-0.191601986085715,-1.74202860410815,-0.374768642329862,0.38696412203827,-0.482875447497653
NP-008993,1.09936179544259,1.22391221554176,0.900382646915388,1.10016029430239,1.03465063656427,0.791145452024223,1.07167986135474,1.0160352824034,1.12290581996864,1.1311628733929,1.1822399189544,-2.86380661898024,-2.86380661898024,0.775821755007066,-2.86380661898024,1.02759188559954,1.09631435568731,-2.86380661898024,-0.240812602522171,-2.86380661898024,-0.0135190957352985
NP-011199,-0.599112037307656,0.044233026287422,0.204865033000394,0.741125795284149,0.216801271866408,0.291586364616672,-0.0407318823971066,0.775102512560656,0.468480142805944,0.168631707049073,0.456422344720912,1.49026112991326,-1.05908505053809,-0.442413310199731,-0.372734839385159,-0.118255440326407,0.488913338552013,-0.388814519700346,-0.786805284438919,-0.37539856393928,-1.1630717384242
NP-011548,0.828505175495353,0.783153494817585,0.253878776805622,0.917369994793389,0.851369202344265,0.310611552092458,0.387502195543985,0.769210159295189,0.360756368471586,0.634183405313681,0.714387630828699,-0.857937466678484,-1.3355701028674,-0.528232786206231,-1.07913838291301,0.247997320494428,0.57619744336873,-1.34221932543665,-1.05139153592169,-1.28779869944205,-0.152834420199431
NP-012768,-0.923184503627249,-0.822372645025053,-0.377354564611874,0.185381070624971,-0.64048129742151,-0.429889378850952,-0.240775908133634,-0.567431203023772,-0.447324373594253,-0.592414648609114,-0.300201435557881,1.67459514517624,1.49718235455758,2.1934719507222,1.93354845525426,-0.596100085026278,0.335428362265186,-0.136599498897561,-0.322055464959349,-0.623321235150032,-0.800101096111924
NP-013098,-0.806375510756517,-0.304059123984546,-1.32819378118061,-0.527292449163023,-1.32398848425143,-1.38425046367612,-0.23436573098672,-0.579260678723589,-0.568733945143104,-0.646991722555473,-1.2276886908697,1.41004526232949,1.21409332043314,1.50434669900165,1.32922863553274,-1.27723554153448,-1.37740614062242,1.44920003050309,1.6049666014064,1.5570233381058,1.51693837613541
NP-014906,-0.836753881411699,-0.816056968016258,-0.969831776066347,-0.736993653210394,-0.858852940309621,-0.831741106305955,-0.781145554362022,-0.277450649368914,-0.785018641277916,-0.72324258937265,-0.694997345402631,1.12029494585887,1.15207977002699,1.38874172374247,1.06483596079361,-0.761174052604833,-0.871884077841647,1.31941531967413,1.41862686489801,0.993547606319551,1.48760104423724
NP-015948,-1.21048508574814,-0.934102025391212,-1.00229150208937,-0.963413027877821,-0.957550937036109,-0.773682530769725,-1.00280903766927,-0.934237208328754,-0.733878297433933,-0.760692893234514,-0.641759660068922,0.894189094253061,1.34432045038384,1.77006989665052,1.52682280738774,-0.851255900487216,-0.888709522256017,0.972273977686455,1.67147301870412,1.63252972614952,1.84318865717573
NP-016596,-1.52508410533913,-0.484288078101546,-0.426293041797398,-0.180424135087273,-0.892660473414401,-0.926919263645841,-0.73460922747186,0.275319945496639,-1.08925558811665,-0.746904975588967,-0.86009476217258,0.918293745913499,1.30530074917031,1.60245859964899,1.53205613636591,-0.628711972335312,-1.50252395871927,1.2448725726481,1.25591136273878,0.73786001216392,1.12569645764406
NP-018716,1.24704851273257,1.35705339975293,1.07941236875069,1.27855629615438,1.32590696150013,1.04353388760152,1.36507896000409,1.26404427514342,1.09669765157905,1.15467243730446,1.50175565040463,-2.76292641969942,-2.76292641969942,-2.76292641969942,0.144587676607049,0.860675058182079,1.21919255885978,-2.76292641969942,-2.76292641969942,-2.76292641969942,0.639342823619709
NP-019483,-0.198444614878063,-0.0132710598448478,-1.13686292179549,-0.178211705412826,-0.231115307526903,-0.844761569361804,-0.916289326527432,0.0581423341573423,-1.1861520257971,0.0468428448079509,-0.0677255138371077,1.93401309513131,1.84893990345962,1.11026151750762,-0.332878345330526,-1.7286959742773,-0.473914856889807,0.322223401215313,1.27459270375221,-0.0674003491390517,0.78070777058689
NP-019722,0.0908856864708898,0.463700181354151,-0.0617715027870589,0.453594635184175,0.360007290395807,0.181128762753777,-0.0025104567855117,0.294603604388897,0.466009341468323,0.5193550370718,0.609238401311937,0.398613221146468,-1.23419500473761,-0.370332948566213,-0.892711572143973,0.38384279109178,0.386486643136297,-0.838730599672319,-0.0492909023889698,-0.980289494903061,-0.177633113789551
NP-020190,0.621572000180594,0.815610023681256,0.663663026776245,0.88580585867107,0.763244036046966,0.747164423662027,0.775234950662704,0.602101306160284,0.844250837939015,0.860499592989024,0.963430231300375,0.269104679691094,-2.17602961055458,-1.10075804117555,-2.18046573623181,0.912602510230471,0.751164098903721,-1.0988300034189,-1.24051459647983,-1.43436947951559,-1.24448010951856
NP-020283,0.890523932432677,0.850115021527631,0.318694328509056,0.891511280584945,0.856998792033614,0.630866834891727,0.769943858168657,0.829674669100888,0.432027923423051,1.03403264947338,1.07330448661917,-1.7289808847466,-1.4615064897611,-1.45330003447663,-1.54139873833653,0.704968221682217,0.678940880389963,-0.707770211307601,-0.889692541897869,-1.0476029818817,-1.13135099642891
NP-020292,2.82394356415326,-0.0586353078130993,-0.754526939975806,-0.290497364249217,1.26265189318834,-0.394317927827968,0.548280605236694,2.02517734048589,-0.0916434646527715,-0.194764431392235,-0.328648896399111,-0.684507938867239,-1.07318395644314,0.0462502657457018,0.040440615099993,-0.523216707432806,0.973727392997037,-0.924768634217006,-0.766113933762041,-0.664808289168968,-0.970837884705501
NP-020353,-1.18635984024619,-0.948749453910105,-1.06658183992526,-1.16618768698603,-0.878539795749698,-0.75971723230147,-1.16586013513872,-1.07225929074613,-0.830143032579053,-0.468648888122727,-0.897348251171099,2.1221700970166,1.66365693992036,1.31988415662452,1.65581009036828,-0.940813198193174,-1.0043714494528,1.2826429096335,1.45654737668206,1.54392328781745,1.34094523645972
NP-020534,-3.19306465844503,0.0947201485339562,-1.10352196310351,-3.19306465844503,0.611495968716598,0.182059335774108,-0.205477010940617,0.838007279651315,0.58144861800683,-0.0761803433866457,-0.646028712037592,-3.19306465844503,0.644871919972286,1.24818833010947,1.39745454971035,-0.173157800652223,0.310548476356385,1.57436848130821,1.56243918989634,1.54395809061944,1.19399941680039
NP-021866,0.996481232465906,0.967892437499242,0.614321671334953,0.768871572384492,1.10674844114284,0.886171224620894,0.755475488847221,1.19503678840969,0.954658644857866,1.05213397543906,0.900533239347267,-1.08550035438033,-2.67373545228774,-1.66280856425256,-1.63183083926766,0.965410518309414,0.896124211356101,-0.387142728528034,-1.48249319367021,-1.52177893903279,-1.61456937459559
N^5^-formyl-N^5^-hydroxy-L-ornithine,0.34292885711837,0.599516719175723,0.358892004300259,0.472264162074735,0.505154196611081,0.56715703124307,0.733459883518278,0.624438647434256,0.694061382192844,0.519831051680099,0.82921636270143,-0.585547588026086,-0.547774050937072,-1.36111216391549,-1.50469836571236,0.46795111015982,0.427351935848634,-1.46771566611396,-1.57183792315223,0.171262159055151,-0.274799745256529
Naringenin,-0.888238966774673,-0.120157385965597,-0.625101167420868,-0.221487616793078,-0.0626558169576916,-0.668269912012831,-0.884210235857966,-0.552175844339783,0.435589476184107,-0.0444125405126997,-0.450145572976505,1.94919943141619,0.39370015921376,0.781416481899998,0.7799155574344,-0.418959514516809,0.190473221698083,-0.013777331749487,0.484513847800445,0.106453490697706,-0.171669760466666
Nefazodone,-0.511318579075144,-0.811065731841958,-0.56173957428939,-0.380722195940848,-1.60584315574813,-0.263650988529543,-1.64194321804524,-0.269197697411134,-0.669793805846224,-0.554778554229384,-0.404760293022481,0.294405384707979,1.49450266463054,0.892976859267079,1.03716518909265,-0.402973989378554,-0.620870040068556,0.908658163975128,1.32063942681887,1.34963505477527,1.40067508015906
Nifedipine,0.0868315142910336,0.420360466226094,0.0505087374483469,0.743344084903635,0.257633599625622,-0.903333722248225,0.343688563446967,0.0617410149149598,0.353223152210238,0.415823538212925,0.532221144739755,-0.635329267843981,-0.83663013868515,-0.178575136838303,-0.708184291901467,0.535313130100874,-0.117665239215047,-0.262645152402873,0.0108793320600765,-0.289695151631616,0.120489822586116
Nimodipine,0.216707599438727,0.547727885702706,0.327147292857227,0.657020318133828,0.370246775181182,0.38373731022139,0.308325009239668,0.23930059884244,0.396809553336553,0.330587273083142,0.609785610727878,0.174249493332205,-1.1309469170863,-1.07705006225564,-0.389682391874709,0.795486568035955,0.348876278218674,-0.421903654177268,-0.865897877882398,-0.574165625333415,-1.24636103774185
Nutriacholic acid,0.00647732566161992,0.625595961886686,0.734605337343019,0.970344102819084,0.965709796413869,0.710648720045422,0.823817642952136,0.949315548458399,0.622051033617223,0.851041541282026,1.09343092963165,-1.90634542235415,-1.15939822079332,-0.388637630066178,-2.18025496786098,0.67540919355822,1.10617127533436,-0.410071764578672,-1.22004249036238,-1.42924341954868,-1.44062449343932
N~2~-(3-Hydroxy-14-methylpentadecanoyl)ornithine,1.53853899297241,-2.5368048799503,1.44703260375737,1.02663450727621,0.666371244570487,1.36552686353413,-2.5368048799503,1.6919740334421,1.29545885280884,-2.5368048799503,1.40845928361768,-0.790149180940382,-2.5368048799503,-2.5368048799503,-0.245961922523035,0.838928151774623,1.10335558349121,0.309895962487862,0.231179513584987,0.976193718201944,-0.179413808304965
N~2~-Tetradecanoyl-L-glutamine,-0.992423688628115,0.0852469023745332,-0.479448711654881,-0.201373584863327,0.439685356089212,-0.275401697575139,-1.12512282523179,0.437726167104334,-0.828868997072415,0.394223242268418,-0.63425664297465,-1.08957054227375,0.334621831769348,0.821852844406029,0.547459605747574,-0.404043460718956,-0.248279473229661,0.269825429328861,0.760080652137284,1.28796817023917,0.900099422757938
N~2~-[(9Z)-9-Octadecenoyl]-L-asparagine,0.0802251343277279,1.14162822599701,0.867106174779433,1.19883000325217,-2.50105541302293,1.18139339365646,0.957132395732875,1.45494822451669,1.5157126000012,1.60020144548891,1.09421525408173,-2.50105541302293,-2.50105541302293,0.906743079243486,-2.50105541302293,0.59746150425071,0.977991145316951,-2.50105541302293,0.731447399675195,0.701296497817016,-2.50105541302293
N~6~-(5-Oxo-D-isoleucyl)-L-lysine,0.437426188804563,0.829074422601131,0.816825864265428,0.634739331747702,0.696727163746601,0.729085412078337,0.951159318288561,0.545324984746291,0.844779299501515,0.821780365026499,1.01456541344405,-0.436412434200958,-4.5621507842468,-0.318297534626502,-0.764704322217965,0.600766589706395,0.672027944196895,-1.79487174606279,-0.761667902245147,-0.591551988904412,-0.364625585649392
N~6~-Tetradecanoyl-L-lysine,-1.04431514870592,0.031694117217877,-0.826865726634305,-0.112803255036565,-0.180923264248042,-0.956085221552915,-0.608385782383234,0.209965183522122,-0.344279686362892,0.60712069255037,-0.133150029713176,0.457808437780359,-0.175788129602874,0.678891303680215,-0.0512562391880103,-0.245428943099488,-0.1186053659893,0.757855047764912,0.927932217532627,0.470308050244739,0.656311742223508
"O-(4,8-dimethylnonanoyl)carnitine",0.992297984771217,0.955565894460713,0.930751793056061,0.881715949460408,0.859377324147508,0.835489587640025,0.634269455643748,0.855781834816203,0.969388846035652,0.873572771528551,0.852205661930712,-0.398167248283613,-2.22402533603859,-1.73701893240436,-2.02979306550543,1.06055299343949,0.993184654460355,-0.937391262459836,-0.987329180924324,-1.9950296956755,-1.38540003009897
O-(Hydroxy{(2R)-2-hydroxy-3-[(2-methoxyicosyl)oxy]propoxy}phosphoryl)-L-serine,-0.31173571926299,0.534156596893459,0.101782521935071,0.379007098731553,0.405134074292807,-1.3782526178792,0.115303669461954,-0.55354030642076,0.540348734770668,-0.961676994171632,0.149780215674532,0.687722243650867,-2.55651648670495,0.458509611545532,0.497985257294521,0.513675893743727,0.583392651284913,0.880934177675524,0.6711866816508,-1.28812085872701,0.530923554560605
O-(Hydroxy{(2R)-2-hydroxy-3-[(2-methoxynonadecyl)oxy]propoxy}phosphoryl)-L-serine,-0.639181929615836,0.565992199006573,-0.80783389604994,1.04682135241132,0.663200789409642,0.214223864150987,1.1309765725146,0.544157766823233,-0.422099934317924,1.40139859678868,1.03204518576157,-0.927952969793505,-2.18164475827814,-0.901405331408619,-0.676261756813476,0.93194677169113,1.02610786338736,-0.788933255735985,-0.597688340006766,-0.0610898217518799,-0.552778968173058
O-Acetylserine,0.838248089558151,0.771583690203537,0.520736751813923,0.614562191542608,0.585353670600463,0.374282452098697,0.706429880151427,0.58532855271319,0.217350785797441,0.459329479598397,0.565509871472671,-0.322725721067733,-1.27380484935017,-0.562457546300618,-1.17363785458047,0.188796860372788,0.353846089128721,-1.09679368262065,-0.690080635693395,-0.305390192636978,-1.35646788280203
O-heptadecanoylcarnitine,0.91557792202001,1.31886608938915,0.765923454976348,1.35205998712827,1.13229975988818,1.39965385903392,1.07655966064566,1.23161413429161,0.981516212741765,1.26221947229427,1.01956769763794,-2.49741726969685,-0.377077767594702,-2.49741726969685,-2.49741726969685,1.21301995736754,1.27969777895291,-2.49741726969685,-2.49741726969685,0.413005399408201,-2.49741726969685
O-pentadecanoylcarnitine,0.550496860656967,0.805712179714348,0.370302012750799,0.470105937129741,0.52105797108634,0.845234772874279,0.479441012575742,0.57603373801688,0.468854248326049,0.792793955966521,0.588107350576961,-0.792671736511258,-4.40140620473081,-0.476369314295338,-1.45548192456088,0.669100635677324,0.529594800884031,-0.671009136028168,0.0567910880440727,0.166459937505914,-0.0931481856594927
O-{(R)-Hydroxy[(2R)-2-hydroxy-3-(pentadecanoyloxy)propoxy]phosphoryl}-L-serine,0.834779114928018,0.922352238898494,0.953220657042621,1.02653745735642,0.991422705912451,0.841779119872103,0.883650434988907,0.795082538033231,0.919906764937209,0.829723881375103,0.874745593820215,0.676757347872523,-2.03816639427145,-1.69446659103765,-2.06605236569443,0.616830045648759,0.770386371546974,-1.34955582427065,-1.43555347005677,-1.71375330602367,-1.6396263208784
OLEOYL PROLINE,0.956305203998861,0.594602358944651,0.469599456329951,0.521150166346089,0.253875232598426,0.726086802408168,0.307929728760565,0.632919248463166,0.638976101838456,0.650776274885334,0.608000519490286,-0.839642491814162,-1.61753549815851,-0.507424807165785,-1.42943342133801,0.510050461297203,0.480694452149093,-1.2771657744769,-0.46036811893923,-1.22312968174169,0.00373378612405335
OLEOYL TYROSINE,0.203263082873432,-0.445998096830725,0.814045785576105,1.1449529448439,-0.058951740318023,1.16045466159448,1.04067656709886,0.938760899591561,-0.0877841049962886,0.738321195620333,-0.256241912912551,-0.189278158344327,-0.412461558795861,-0.106147488463307,0.27407557039112,1.23216706425867,-0.113443877978768,-4.13263250243905,-1.03191170116192,-1.01537075884281,0.303504129235153
Octyl gallate,0.639847824971261,0.7544925695763,0.620725927222029,0.915334355272538,0.598720724158919,0.631016170886097,0.541770890504928,0.642573023993618,0.888759624976556,0.721424703431209,0.770237843508607,-0.352931688866501,-1.50402940535172,-0.361673767134751,-2.06627799130627,0.605905124815244,0.775193350098078,-1.18380693212853,-1.45365680452942,-1.6769422589488,-0.506683285149381
Oglufanide,0.206812949799185,0.636522127843795,1.03646977859915,1.22411997505625,0.566975549716975,0.962624743688778,0.54555810676252,1.19275325450281,1.41367318833248,1.13027863481932,0.656380100164335,-1.33665904561026,-1.42460074351925,-1.32456731318329,-1.34343598310474,0.752972679954207,0.0693027017929354,-1.18674060981933,-1.10886473654014,-1.35596746392996,-1.31360789532574
Olean,0.694081635340781,0.416567613759017,0.561285262157424,0.710637512740918,0.733370063883833,0.570669135538431,0.687704362540026,0.702598735824158,0.767632462300865,0.766065041635353,0.902164276829735,-1.46631304229078,-1.7130101881919,-1.31880111165974,-1.58196805420603,0.511065679009356,0.765011599145232,-0.463335047782641,-0.705801407305905,-0.796065818360825,-0.743558710907271
"Olean-12-ene-3,16,21,22,23,28-hexol",0.609550811637746,0.801906409856323,0.59892376350343,1.07648898152642,0.86626912347852,0.726780669468878,0.727035335358099,0.739505587643827,1.08137880404057,1.08439475744709,0.979239519594173,-1.11656139437786,-1.32662789396191,-1.90013520409309,-2.264791947577,0.926539235520181,0.877627126765053,-0.875646257415216,-0.950732072955975,-1.26560447627897,-1.39554087918028
Oleic Acid,0.398705783991491,0.598075473912721,0.605806901677088,0.594416985276617,0.872021972472916,0.69070973543746,0.0794470455995324,0.660717637201932,0.195302007306789,0.459274547193189,0.187760874740978,-0.628969550170333,-1.33242450863748,-0.616609218861777,-1.3455765519248,0.709223997786112,0.673471828499299,-0.839140241464717,-0.403374453751911,-1.1727887998955,-0.386051466389597
Ormetoprim,0.92843322009368,1.22370125554435,0.965415175093327,0.486400576806379,0.621892316653053,1.19508368756458,1.00271839243319,0.599463262253857,1.00028554194433,1.22704547964824,1.20738256995817,-1.49594702004572,-3.3081448123358,-0.434970039601596,-3.3081448123358,0.761220647170668,0.422189405219626,-0.673405904767092,-0.437439613376893,-0.859552984134857,-1.12362634378571
Oxaceprol,-0.478130288295494,-0.49083456004428,-0.689009195493059,-0.44949742953796,-0.29386646080255,-0.139831855927633,-0.61826645579147,0.602785077147422,-0.239885000305349,-0.271244974219093,0.0118004594159111,0.64267371327397,0.499129390305713,0.593993396042334,0.421051149553637,-0.0534167326576928,-0.52123197319187,0.290681548669916,0.407345401182687,0.500685622511657,0.275069168163186
PALGLY,-0.313735148387746,0.484708950290296,0.111619780671158,0.347250343296016,-0.132823699972686,0.554148117207901,0.223932483984117,0.545308173031646,0.413582932238079,1.08560378836527,0.0322278522831933,-0.699401038180016,-1.23917714333198,-0.10664605975564,-0.856345014347892,0.81044507658539,0.189072322652856,-0.768581736501304,-0.0534629288401689,-0.461964293030944,-0.165762758257518
PALMITOYL ALANINE,0.316639650600706,-0.191933925053554,0.381764233093507,-0.240928704398631,0.253706037630071,0.138202613235536,0.734057650272831,0.540740668429435,0.336193308468002,1.01527392197671,0.333212464926778,-1.01177020898959,-1.32234240345628,0.0700998635688122,-1.63572583025716,1.13220423829638,0.215705445888917,-1.28893743223678,-0.234097151989552,0.089683864747686,0.368251695246201
PALMITOYL PROLINE,0.775569855586584,1.02007677952576,0.525491088809441,0.216554662069356,0.291748740340306,0.9125471594769,0.743896157118793,0.633999273953275,0.708350175064009,0.976412086247051,0.763670758999572,-0.081649465007409,-1.44860319422657,-1.18913851168132,-1.80199482513596,0.977525890399745,0.661324593966464,-1.3956937923979,-1.22593575043365,-1.68040148726422,-0.383750195410211
PIVOPRIL,-0.473086571262267,-0.63028241203256,-0.833956027096216,-0.815295711700827,-0.135236732684495,-0.798244993396818,-0.78699765511495,0.744217350240803,-0.64421526532113,-0.666942034753816,-0.682897582044355,0.364658779402136,1.07079743263314,1.2009947642136,0.916486126237346,-0.545719479495878,-0.811360228549728,1.25326620854514,1.08581208268404,0.513971928086432,0.674030021410391
Palmatoside G,-0.29559451785871,-0.602698190201036,-0.43348786330222,-0.319951597469969,-0.971483855869345,0.048039408969423,-1.01520776047791,-0.0693830604291904,-0.401403903591404,-0.378799619571224,-0.117859664613949,0.372065477469168,0.0909652941488273,0.459729422658737,0.690463847918786,-0.180170517133742,-0.426827786458352,-0.477657608868941,1.11819930948048,1.20668173480101,1.7043814503996
Palmitic Acid,0.102452938363591,0.374271340704729,0.549687341935079,0.594692475164216,0.555179564918165,0.584272660635082,0.313148117442244,0.343066282359349,0.393905268606397,0.484842661903314,0.405513506468198,-0.456073810535851,-0.921908133179759,-0.71056431372604,-0.83214619925899,0.692466010211023,0.568728469629547,-0.613853207884274,-0.532182129965198,-0.96813033067466,-0.927368513116134
Palmitoleyl homoserine lactone,1.66690394208993,1.56024401924789,1.34795897533106,1.26291182594445,1.45511925876908,1.47484353205438,-1.88901117928678,1.57215919580882,1.59174207407911,1.71867519434238,1.59291580604768,-1.88901117928678,-1.88901117928678,-1.88901117928678,-1.88901117928678,1.56227357279544,-1.88901117928678,-1.88901117928678,-1.88901117928678,0.195353217070817,-1.88901117928678
Pantothenic acid,-0.416622121976804,0.416296187757508,0.0573604276507105,0.481206629658789,0.35349351971221,0.465690281530652,0.790319556336813,0.176374125482185,0.236149250818138,0.542909916726675,0.572921689486412,0.417458891404672,-0.993333684987444,-0.14339774372974,-1.00043966572193,0.459281922694661,0.434669594586332,-1.19634056395736,-0.567353461961764,-0.626714921899149,-0.459929829611557
Peltatoside,-1.07140361247227,-0.932382384626646,-1.07234596308531,-0.890784675522701,-1.00817796031708,-0.76167115054846,-0.902540903441622,-0.896088807982126,-0.819538310823999,-0.721749807445498,-0.721824316172037,1.50976076439755,1.32317720399492,1.59102954715825,1.48495268397846,-0.757028276229713,-0.958192712266392,1.35311946196301,1.4319616543905,1.37855152431372,1.44117604073744
Pentadecanedioic acid,0.643806743335465,0.919056943734366,0.615312041026886,0.996655138407542,0.873235131033698,0.738809150478901,0.878415098087023,0.705668528008187,0.87253234257194,0.874590777179159,1.0939093647264,-1.38285780731786,-1.44192773287695,-1.46565491518242,-1.54932705429253,0.638107056984535,0.878801228288795,-1.06285439575885,-1.1941282092894,-1.26145495503911,-1.3706944741057
Pentyl acetate,0.686228451679781,0.774298148241073,0.605876559719206,0.639284384535353,0.714853999062583,0.690554329858029,0.693678842291459,0.633474523274779,0.791450873067971,0.877356411989451,0.935708433339621,-1.01346202506467,-0.610842032179352,-0.905803066557402,-4.60133707192163,0.647593160173533,0.724980903691777,-0.589652683169761,-1.40499980734464,-0.344098888480092,0.0548565537929418
Petromyzonol,0.237206053082042,0.576644266580372,-0.0672153871244314,0.887760234030078,0.58045382891818,0.625721413873729,0.424726195492173,0.639585129095117,-0.634669876905791,0.860796800515866,1.09638375347618,0.103718341109234,-0.819241876090308,-1.15945899482539,-0.783423746395591,0.595464859735831,0.622979711593837,-0.112943912241186,-1.0007652647495,-1.82466017252119,-0.849061356649248
Phaseic acid,0.704553946786924,0.740453180563705,0.445477330958987,0.807666417604205,-0.572843466381824,0.427346081403693,0.310527641597488,0.673260703022076,0.262598369737393,0.717360830217796,0.683097093873468,-1.31051045179199,-1.47177637264456,-0.758658390057654,-0.998461677010476,0.306027008912885,0.876594986136077,-0.408472090214978,-0.618252868037855,-0.433999090544206,-0.381989184131147
Phenaceturic Acid,0.523946031293469,0.158218977353047,0.564058118192549,0.230210700270367,0.653048361490609,0.542376925366971,0.561031872955116,0.528187134248563,0.553290098527469,0.596793897849186,0.680888107336367,0.479116416397214,0.230655575610389,-0.215253392168498,0.380616609951648,0.497953858448483,0.555124733770272,0.34280624482646,0.483733882725674,-4.17340207722268,-4.17340207722268
Phenyl β-D-glucopyranoside,0.635121957198157,0.887011388528983,0.56556328754399,0.839079754660083,0.817716760246938,0.890161327493658,-0.658308720568897,0.884549056884962,0.48166749174141,0.14674356172067,-0.002359646163897,-0.439491606331151,-1.98167581340674,-0.11056811522186,0.0421086654122637,0.621770600577365,0.619959918452341,-0.426719856943975,-0.129164901317439,-1.83480372887307,-1.84836138163379
Phenylacetaldehyde,1.01686457943248,0.960142664175066,1.00131815998332,1.16275744354235,0.607662404154301,1.03643433011566,0.724731570106497,1.30800326401415,1.04885857898508,0.758057193908085,0.200922650818384,-1.03049613469357,-1.6510645187861,-1.47078063723343,-1.48231178165379,0.437671216691365,0.850320497930473,-1.51924541236619,-1.22974559197434,-1.41513099957445,-1.31496947757537
Phenylbutazone,-0.188231450501013,0.641864434752507,0.317473779232999,0.329940812658417,0.34499353500195,0.376248100064775,0.486739723948255,0.669598694139701,0.859162567399332,0.628195245730569,0.229893469291938,-0.0496107991068319,-0.513992953571693,-0.219788207854407,-1.78160987064203,0.734977756503861,0.819541751304005,-0.428323539498043,-1.3870220640185,-1.58186836667964,-0.288182618156147
Phenylpyruvic acid,0.423777193332759,0.615904447419313,0.376304014208921,0.598937368121775,0.511369239246216,0.363798750932942,0.714613808184824,0.323792110754457,0.378428678369663,0.615769059184585,0.49917479955878,0.237687897929431,0.206758632980525,-0.441051203941525,0.129726046518525,0.281536452541901,0.573481683729997,-5.18415487511867,-0.594159471303268,-0.413884610485185,-0.217810022165974
Phloionolic acid,0.805943125470283,0.986980644426233,0.750737965913991,0.951086840829108,0.989514350072683,0.839019780875663,0.989237850668415,0.695579622635957,0.976141466881823,0.856399612620505,1.23810665394508,-1.46961712225779,-1.65885651518628,-1.52524829786079,-1.59434948621972,0.757179288841036,0.855341605403528,-1.19606629277309,-1.30453737613009,-1.46064683239846,-1.48194688575806
Phloretin,-2.58697614293432,1.05510923608929,0.921191689037201,1.09588178121483,0.928060342955129,1.5337268286354,1.28157816679464,1.11687618128052,1.50891590678806,1.49017760022164,1.31124518828823,-0.472906096616786,-2.58697614293432,0.576311740016697,0.557291192120603,1.28851473953933,1.32988236124115,-2.58697614293432,-2.58697614293432,-2.58697614293432,-2.58697614293432
Phosphoric acid,-0.686603923996175,-0.686603923996175,-0.686603923996175,-0.686603923996175,-0.686603923996175,-0.686603923996175,-0.686603923996175,-0.686603923996175,-0.686603923996175,-0.686603923996175,-0.686603923996175,-0.686603923996175,-0.686603923996175,-0.686603923996175,-0.686603923996175,4.38433253024171,-0.686603923996175,-0.686603923996175,-0.686603923996175,4.37913982019887,3.59539828149057
Piceid,-0.191805168278608,-0.78166292348219,-0.779734713704069,-0.249072883839669,-0.980534515021577,-0.786815214454265,-0.843751156136998,-0.623329547922963,-0.785884290126511,-0.976571121921564,-0.576931924297669,1.73659668001985,0.844126741854997,1.36361220079705,1.13602530434349,-0.374751252837798,-0.918630311902074,0.827259339145707,1.07997529206971,0.799058621494846,1.08282084420028
Picolinic acid,1.52383542104166,1.57502503472233,1.53811471503319,1.36296197919039,-2.25444302274654,1.46368381335972,1.45677093317677,1.21122146959192,1.52394714079039,1.52484123760804,1.56502338342216,0.692648372396966,-2.25444302274654,-2.25444302274654,-2.25444302274654,1.522863433963,1.07460724767575,-2.25444302274654,-2.25444302274654,-2.25444302274654,-2.25444302274654
Picrocrocin,-0.321515522999285,-0.487334476142349,0.149513292897232,-0.512152584814933,-0.727795734185892,-0.0779273007577116,-0.217867930978331,-1.07429839454676,-0.160890420232718,0.623882207213009,-0.714451749565976,-0.73973436223697,0.980212152420077,1.37308839948928,1.18689619748257,-0.0226358688984813,-1.05796845544124,0.600786689357867,0.376251329050218,0.385575512982761,0.438367019907615
Pipecolic acid,-0.16117993701587,-0.447469051809456,-1.10890717618026,-0.380771914286447,-0.546325671859751,-0.869305295429566,-0.0691979442949844,0.542982352705196,0.0436664810617818,-1.08836068897266,0.244571690596272,0.809037222812497,0.371338038984952,0.765071390422209,0.777408839201277,-0.124704927996455,-1.14856763583568,0.432544004682271,0.732752896647532,0.716149896797043,0.509267429770099
Pitrazepin,0.12615251681399,1.4124976198294,0.0879714124584586,0.459588342207722,0.271737647119998,0.342531101693542,0.311126007636968,0.2542557782785,1.3604693239941,0.41503932481299,0.53579239251513,-0.0697308182115863,-1.8032413202413,-1.26727010210714,0.126450235827289,0.540432732971194,0.332376281727071,-0.723238411871533,-0.927864657337275,-0.991342990608329,-0.793732417509179
Propachlor ESA,-1.13865021456051,0.071660121778908,0.132825968818546,0.835588621309528,0.859355987653337,0.443512296003993,1.06790840562701,-0.0738961902072001,1.25991315595687,0.0420347352407305,0.339107000573747,-1.08485173187871,-1.27641853654794,-0.764318347285042,-1.28656331322962,-0.956598753476048,0.71806325532427,-0.495954289986845,0.465418202728151,0.473383315897655,0.36848031025921
Propapyriogenin A2,0.894291243335362,0.969128255772936,0.628449937086222,1.32983800173973,1.00653550286161,0.715677360240935,0.947808284670542,1.07207283809498,0.731426840086955,1.06963058582517,1.02229932302971,-1.4132883107139,-2.24537822502748,-1.39443405947073,-1.45577264087976,0.991936040913128,0.949760675530994,-1.41631021838269,-1.26051588210127,-1.79687040313237,-1.34628514948005
Propionic acid,0.117540538179737,0.434484580313618,0.662003366239026,0.642871431547551,0.574113371967324,0.579836633495517,0.207945199323131,0.155200154775332,0.644142736612702,0.66201879896611,0.0574625978973625,-0.38249193261642,-1.02584914149809,-0.378528327067839,-0.674789244553654,-0.106814765466076,0.734045741074064,-1.00454521964327,-0.84515936363638,-0.727405897455084,-0.326081258454619
Prostaglandin E1 Alcohol,0.821809454567364,0.833947263021595,0.546134531380406,0.823062113857917,0.958081830193662,0.798160027448213,0.76440168411854,0.827091597981905,0.535098909580204,0.893326534966034,1.07557859874984,-0.548358421936558,-0.968559667001498,-1.17151866206458,-1.2464302834106,0.548731145957133,0.945043665853557,-1.50870589467968,-1.7297656354095,-1.68403360720897,-1.51309518596496
Prostaglandin G2,-0.148690178848618,0.279131563016677,0.281458261207921,0.532730089792223,0.496240125214809,0.637902142100681,0.586936577001895,0.625915614310601,0.581801999351295,0.855428352444175,0.796489283643416,0.253932591158022,-0.599509792989329,0.153224498228617,-0.912827107232643,0.424580645730193,0.522444147568248,-1.55040886788048,-1.78841622577964,-0.918644507005785,-1.10971921103226
Prostaglandin K2,0.214222113572999,0.777362183337812,0.245964019221759,0.657579868452991,0.248507414399977,0.455495773865634,0.379736271648584,1.01596399370767,0.800875277885094,0.724254610486871,0.766899717165749,0.68131077199138,-1.34680275949489,-0.629998325367123,-0.90767355262933,0.560651425108113,0.754536032763661,0.0302550311212322,-1.58733312664095,-1.87928497610984,-1.96252176448738
Protoporphyrin IX,-0.422043559853694,-0.505479431269735,-0.56238101263872,-0.470288962081832,-0.485304897788544,-0.640881985468185,-0.481695113332844,-0.582003677596922,-0.657904174747747,-0.508714805218146,-0.570670624247194,-0.285266600042234,1.04388927574627,0.959332728107098,0.641208753304707,-0.628265721748873,-0.69005202603651,1.33849973521311,1.34143572575788,1.26144109489159,0.905145279050503
Prunasin,-0.536856860291618,-1.00944580491584,-1.3191706177572,-1.07322549227414,-1.2496662045901,-0.332746358108986,-0.287166370756038,0.331206930641462,-0.760549911106472,-1.03434541557024,-0.911659401403632,1.11492498944725,0.898899850029236,1.4572261214104,1.15266806646052,-0.100356612455319,-0.430591646200805,0.70080947662038,1.14683349731786,0.994005908367112,1.24920585513618
Prunin,-0.627936515031181,-0.51560609084187,-0.99920714829936,-0.556267079974174,-0.756026377442008,-0.76871204781756,-1.0638035206677,-0.565270738677429,-0.577006299980125,-0.797641288383895,-0.898109383455856,1.56480386660139,1.02909920350746,1.32492408622712,1.30718474383867,-0.400002222586091,-0.696749091378597,1.28556057423608,0.996273647922813,0.836308613092643,0.878183069109652
Purinol,0.411397122862145,0.729662333413713,0.604565662574734,0.700669708978344,0.610962209515067,0.59910609393279,0.702182887200039,0.478754178916363,0.551464295503357,0.567370162317628,0.78979454048965,-0.00525589976639359,-0.827891790412237,-0.985007465846215,-2.17263628443181,0.442772004843998,0.561885630056512,-0.346718106092312,-0.713677433286598,-0.732340561966569,-1.96705928880221
Pyraclostrobin,-0.585057235150507,-0.535044810444745,-0.752896600524202,-0.706326493235448,-0.61664337515075,-0.580732973832213,-0.496027173751723,-0.698433961042785,-0.402699656750355,-0.352903741016874,-0.358959371488741,0.389458065323772,1.13026734889479,1.60224027916737,1.24462579140604,-0.478227491838277,-0.667988791739679,-1.04249330082375,1.61265803854857,0.849301900456673,1.44588355299279
Pyrene,-0.00202727357339122,-0.0307644370529914,-0.0292731923390768,0.0172329804887509,-0.154082833891451,-0.0478330821265529,1.86041405888533,-0.186579789847687,-0.134827395846135,-0.171042961832512,-0.112803312539919,1.95157991990149,-0.961960730941202,-0.874275883283063,-0.213296305246697,-0.355973076105905,-0.858687829269636,-0.118604215803777,1.93566140128216,-0.687771755108422,-0.825084285749312
"Pyrimidine, 2-[[2-(dimethylamino)ethyl](p-methoxybenzyl)amino]-",0.610041133972885,0.709699447395497,0.21513391915981,0.689281029178519,0.707817903327046,0.250312576254783,0.676226198011366,0.510190676087517,0.719113495505369,0.718447790577178,0.80209059975568,0.289026128662194,0.128378665741353,0.0239035728769358,-0.123192608237725,0.349733656389871,0.61897539695077,-0.633560088418363,-1.06235085444427,-4.65951301215763,-1.53975562658879
Pyruvic acid,0.526743958476537,0.29940478780817,0.266476124060446,0.753760697357454,-0.0459955363811181,0.0905478307049977,0.512568752821938,-0.266724120716277,-0.00511843775596977,0.511181062059362,-0.382340274052229,1.05732085893801,-0.069289454497088,-0.217258019005568,-0.390602676517361,-0.160832720593552,0.316261846578208,-0.778360109008186,-0.779790653022205,-0.467388026133528,-0.770565891121998
Queen Bee Acid,0.737387968342423,0.292390951542357,-0.340211148118458,0.869182463956166,1.21290053769836,-0.414489154397239,1.01372437605791,-0.0501324387715669,-0.074490531070975,0.739384269755333,0.907799706573176,-0.772222434671873,-1.02388531091448,-0.873037369229898,-0.929448155217512,0.171537280127917,0.917736699626857,-0.740629569016599,-0.365537543464137,-0.76743032298755,-0.510530275820222
Quillaic Acid,1.05758928404011,0.95029823610673,0.774118577346054,1.16610295463777,0.917594650053391,0.757299186553624,0.817861539832383,0.969812300028429,0.785716191139868,1.06488893932556,1.00946942512456,-0.0716562585779086,-3.30430740142113,-3.30430740142113,-0.867730874887612,0.985429967983291,0.922247183280725,0.125147849478755,-0.712975297989549,-3.30430740142113,-0.738291649212785
Quingestrone,0.679613094319793,0.692423696255241,-0.0642717271173608,0.375317695056079,0.771595008018111,0.559373126226026,0.345777805612596,0.719865688131258,0.356251783710597,0.826070743997011,0.879504199235241,-0.723066861154056,-1.07995213217144,-0.789682497991618,-0.727340495552832,0.89095011202447,0.407118399828173,-1.06476447106017,-1.10396224044762,-1.23771696292034,-0.713103963999125
Resveratrol-4′-O-Glucuronide,1.09463543509713,0.600172033468433,1.09655161981707,0.746177934634398,0.213681096398735,0.0599274922307018,0.0535619063732522,0.172459349639016,-0.0115100508077755,0.0917279881089318,-0.390843127962613,0.20618544255548,-0.955647792662838,-0.271971988981008,-0.351937656785593,-0.334306948831382,-0.639159815821569,-0.741887914894304,-0.4756657861737,0.049756684695784,-0.211905900098168
Rhapontigenin,0.815733471368522,0.931650357068599,0.20617482251552,1.16919682695239,0.778003077129486,1.037575283527,0.51498157140759,1.37494024400288,1.65316845209228,0.967306389512319,0.476560569072867,-0.42123845768124,-1.68651977472869,-1.81995229925011,-1.9417985321258,0.71505319813819,0.904706402290812,-1.16518805100713,-1.34970563562771,-1.51445671257189,-1.64619120208588
Rosaprostol,0.418427479172369,0.350859678710054,0.138397074392445,0.674284262874361,0.609412254014055,0.476565047823623,0.23333057618366,0.659052743219761,0.209162761231917,0.688704823107955,0.629438020291396,-0.0959411136852719,-1.75958638794072,-0.438107143808619,-1.46838996531723,0.52378996644506,0.557547237096631,-1.12089727429119,-0.265472700638949,-0.509349905211509,-0.51122743366977
Rosmarinine,-0.376936843063366,-0.431435010032416,0.0322723919258507,-0.243932758503036,-0.214103828326279,-0.332489497755318,-1.41708384363093,0.604002659639301,0.309626855164262,-0.213907131424217,-0.379430542019271,1.4126580067179,0.0232613487436892,0.954837133272413,0.224672950453475,-0.842238663450417,0.580356558313381,-0.491885356901143,0.291943723663556,0.391381092173726,0.118430755038852
Rotenone,1.13635104895369,1.12053407893798,1.03809456979305,0.980348157313025,0.978491587374255,0.394946146085853,0.407202406027183,0.556742966366023,1.19862965702807,1.25611137117995,0.683650959781219,-1.7633468405867,-3.98223826245531,-1.34456093396975,-1.41540725828243,0.914831332124296,1.43392972114289,-0.767793795920262,-0.883242129505902,-0.97127760078079,-0.971997180606358
Roxatidine,-1.79686952303303,0.306315308275073,0.784113137312356,0.0672441789080539,-0.171985759366603,0.987249191091275,1.10494321637052,-1.38213237574769,0.897310314212751,1.30389166371448,1.52369840528689,-0.248690038983539,-0.995441833442751,-0.62442101073212,-0.623284882616632,-0.0138635900267734,0.958011248862018,-0.307556820453628,-0.430931796850431,-0.68292944374159,-0.654669589038634
S-(Formylmethyl)glutathione,-0.857584708766867,-0.694128885645664,-0.994879532606311,-0.554797409157971,-0.665834423315707,-0.769145454294191,-0.684947446257413,-0.761984204951844,-0.541061968173198,-0.716300796784609,-0.746151959604875,2.23069144572871,1.48287662785001,1.75311752423757,1.42177436449445,-0.749770618077755,-0.616969209615544,0.467117595952055,0.631840836107776,0.114472648859345,1.251665574022
S-Allyl 1-propanesulfinothioate,-0.71622850319867,-0.708759738731478,-0.576045481746459,-0.599125951008295,-0.717871785957363,-0.654283902091285,-0.509317068099271,-0.701523164660641,-0.532006995396085,-0.53828239493608,-0.69431023405613,0.914269345800726,0.472835998128901,1.38791540131162,1.04579594444576,-0.995195245897624,-0.619739351914552,1.03463005684908,1.37326108363976,1.18008041280098,1.15390157471707
S-[(1Z)-N-Hydroxy-8-(methylsulfanyl)octanimidoyl]cysteine,-1.24074227190222,-0.698841160347247,-0.760594908941596,-0.612250396844657,-0.670394937078048,-0.55323613644285,0.465803993709915,-0.790020847134553,-0.381189329010022,-0.792205335011272,0.890733761408569,0.358198277457155,0.925816682152396,0.693255383816822,0.323343251499893,-0.658396993169617,-0.577950734105869,1.19085117122621,0.936775229824408,1.08496530989477,0.866079988997813
"S-[(2E,6E,10E)-3,7,11,15-Tetramethyl-2,6,10,14-hexadecatetraen-1-yl]cysteine",0.0146057092466386,0.492140289421738,0.0852560424666201,0.45223439901642,0.168366240809165,0.573435058768225,0.406407584311043,0.217251267686081,0.482499304757645,0.870395638361228,0.60452690791401,-0.412284898506882,-0.651732886255513,-0.500017047382068,-0.133577249967409,0.489697015395753,0.552090810833203,0.0145048165832633,-1.47879799624745,-0.614956407817554,-1.63204459939415
SEPRILOSE,0.404989256790819,0.625956691292173,0.559838248085842,0.882446545489452,0.778313796210418,0.435218657774017,0.590787620005472,0.548479593806027,0.81649453223445,0.723455178017807,0.929511581401349,0.269595613825244,-1.97374513675676,-0.608444545208748,-1.23221252333443,0.617635044387996,0.541263442051038,-0.906390627518384,-1.14013793972926,-1.03444306887952,-1.82861195994499
STEAROYL PROLINE,0.285278115802197,0.56183756328399,0.481187021391988,0.480893820919816,0.557781352749182,0.751128490805475,0.119734634361552,0.748525642392048,0.753141293943367,0.634856567969582,0.39916230098975,-0.817871448199125,-2.15099140583072,-0.245850985133892,-1.50916715330017,0.711196449225773,0.506571706381212,-1.11451981438195,-0.192855644255377,-0.797112867357769,-0.162925641756887
Salicyl acyl glucuronide,-0.832487599803435,-0.751374384899952,-0.899679756968729,-0.686063070770918,-0.933470662157131,-1.2675406492003,-0.745134725941991,-0.757366401239955,-1.03028256935211,-0.880381931181762,-0.789448305594633,0.847169696681902,1.18435016315504,1.75427447239791,1.50062255940035,-0.800335180711167,-0.802072528825309,1.28500366420784,1.42868062437909,1.46538048204366,1.71015610438161
Sarcostin,-0.127827000745476,-0.0323983477619953,-0.389936911789305,0.0345650074729759,0.127156531776815,-0.843747390886196,-0.552858888507002,-0.262026140329647,-0.560547520395748,-0.227639623756392,-0.012188283309312,1.48453866023179,0.846519401455274,0.0156259680211257,0.405421892014756,-0.379112295290701,-0.12796489373498,0.900057526026785,0.293363238999097,0.188275060200581,-0.779275989692423
Sarmentosin,1.21834407468675,-0.478346387750269,-1.19653417871436,-0.0389259897320213,-0.706494218937229,-1.42309789667802,-0.797437200040204,0.44214299180185,-0.892883565657359,-0.104010390533123,-0.880362739726798,0.873650820623022,0.72397327290084,1.24873030877244,0.813817743750151,-1.34511758103721,-1.38483824190072,0.952090588182761,1.40696589929587,0.458209763932351,1.1101229267613
Sebacic acid,0.762576801213805,0.569029830544886,-0.289225239463331,1.2803397764624,0.907825707998527,-0.247020424610008,0.352883308237696,0.030614421924502,1.0025181707685,0.736752855837285,0.960944563186595,0.0342395503716191,-0.954650134861033,-0.0121091513803242,-0.13230971361431,0.38021559121739,0.535692552812303,-4.71753914273683,-0.840246470550481,-0.25019401775237,-0.110338835606837
Selenic acid,-1.82442082470113,-1.82442082470113,-1.82442082470113,-1.82442082470113,-1.82442082470113,0.388977893209237,-1.82442082470113,0.528340612111586,-1.82442082470113,-1.82442082470113,0.418370179437612,1.75013056458977,1.7789845961473,1.91121090640368,1.84316838380702,0.912558018025139,-1.82442082470113,1.71794120824556,1.57394382569369,1.79700794927406,1.7991532853655
Ser-Leu,-0.0246687882881441,0.616566913083747,0.479952383746547,0.560790434407925,0.511734926453776,0.786215343878925,1.07359816542693,0.284241152261559,1.00122571959013,0.693566776926769,0.986697498267439,-0.949975673005374,-1.88231693642576,-0.775887004023591,-1.14134177383845,0.560645529172996,0.564558580871772,-1.07355352878589,-0.529604383152252,-1.03528061018054,-0.707164726388497
Ser-met,-0.175236696990397,0.703750477280683,-0.0675211644420187,0.488441356016028,0.242597144129778,1.11049587255725,1.30200995821919,0.758608272923661,1.39708825530212,0.426480608603852,1.33169830048788,-0.732033745997569,-2.07637489203184,-0.485928176378635,-3.18975348220334,1.03329193018842,0.267390220972123,-0.886667182561391,-0.324710342995652,-0.60377074582425,-0.519855967255905
Seryl-4-hydroxyproline,-0.349321527453142,-0.0381365692593596,-0.361556724099408,-0.0377309531259445,0.0637761434454338,0.381799048310015,0.876930864470122,-0.0768701235987718,0.811621831184795,0.666756111263464,1.20689114581496,-0.466169125815733,-1.04899638432012,-0.445124622913305,-1.21026504421195,0.483261214372692,-0.103575612558281,-0.168206136445909,-0.0116860235373052,-0.0952764977130598,-0.0781210138092322
Sinapyl alcohol,0.539448389616954,0.823873711012014,0.43533138846852,0.946432445682864,0.843749679489644,0.658449080715176,0.191916368446755,0.865767253318909,0.709757119655418,0.686690715226773,0.649668755354883,-0.0997404952838186,-1.58598086830137,-1.8482297939811,-1.67091803974773,0.515395414180806,0.879880266742033,-1.47413639305874,-1.36547014863672,0.188431570997556,-0.890316419898825
"Sorbitan, monododecanoate",0.408536676150062,0.403820043561027,0.0598072208034725,0.664042999169027,0.807474710513424,0.0655738614998377,0.232087722161636,0.344631789207474,0.224057526422666,0.674532021531335,0.721284785976056,-1.28850387902533,-1.32842472744041,0.245720808553241,-0.811282510008452,0.113205174134844,0.827660549253568,-2.4182722870604,-0.758198217409395,-0.129995117923866,0.942240849930218
Sphingosine 1-phosphate,0.170064739381663,0.306892423299893,-0.507490528782263,0.642843764082329,0.293083863852907,0.604445405649359,0.251454883539257,0.44209557172959,0.687496591679597,0.639106843116264,0.398209577801893,-1.63728207832445,-1.36221585416447,0.341918450773858,-0.245626535079003,0.728474728504901,0.507201496434595,-0.582932353931903,-0.280538187874158,-1.2468160888726,-0.150386712817216
Stercobilin,0.603612970710277,0.836648903684155,1.04834046321058,0.836907355078547,0.352888039684442,0.884141513682779,0.988669153875956,0.146345811594415,1.04220701415384,1.0530072798946,1.24362540255799,-1.66049169535714,-1.7680160599067,-1.29016826927317,-1.45912529375173,0.460311280958658,1.09491604227454,-1.05410923068148,-1.20294122930932,-1.08515359844791,-1.07161585463333
Stigmatellin Y,1.39581635944747,1.35917787011397,-2.08510133643453,-2.08510133643453,-2.08510133643453,-2.08510133643453,-2.08510133643453,1.47324013365291,-2.08510133643453,1.68274900466171,1.3697036716468,-2.08510133643453,-2.08510133643453,1.66373075483733,1.57744398168585,-2.08510133643453,1.76691404535751,1.92814137105916,1.58152526853113,1.77766756127926,1.18980200563769
Suberic acid,1.33654081990105,1.385454249167,1.27322789744921,1.32451897600047,1.34864655334434,1.34126769924589,1.36891456984239,1.30224921004135,1.42532772825255,1.47375289441126,1.51687927271554,-2.63458244944332,-2.63458244944332,-2.63458244944332,-2.63458244944332,1.28995404717278,1.3700339553532,-2.63458244944332,-2.63458244944332,-2.63458244944332,0.685309273206179
Succinic acid,0.165463727361154,0.331169274557705,0.709163052698746,0.764111454899837,0.472169615494715,0.676848046699163,-0.181507234177085,0.509269291304414,0.635700330227421,0.942497749514055,-0.260868788219401,-1.0305659932633,-1.47850305202849,-0.331174040549144,-1.4946616922285,-0.357794116287157,0.790057868947496,-0.439658408569918,-0.259423415671585,-0.19016195234983,0.0278682816397308
Succinic anhydride,0.320007334793402,0.30374795268404,0.414958734243681,0.504944265415452,-4.22659721491786,0.51504274376558,0.110576483758334,0.539615587696845,0.491624809781526,0.562893718454812,-0.165106082465375,0.536404473651503,0.397670442824844,0.583780505820447,0.7893274093892,-4.22659721491786,0.530415783217086,0.424255229738781,0.512237966155697,0.508466488638043,0.572330582271827
Succinyl proline,0.158840352324573,0.562290891271633,0.100575407532392,0.653770130882977,0.400313412285219,0.243009380466101,0.466526074844909,0.400334714697708,0.363039843572646,0.427578211360863,0.670593776437317,0.0122114674004349,-3.52668463428535,0.0177310363113616,-0.64576139772973,0.413305577161573,0.359427595393891,-0.385554873141888,-0.113240563085225,-0.361244956246243,-0.217061447455201
Sucrose,-1.02648757068426,-0.0520123969021623,-0.182842515414518,-0.343532367641903,-0.105714528829282,-0.64717603499472,-0.390937325216603,-0.488046041003054,0.0790651760972689,-0.299576521190841,0.14982105484348,0.329183260665345,0.126195985209441,0.382015826025808,0.212492054506214,-0.490967121535713,-0.372579619905543,0.780175722654972,1.39781985480734,0.0468872572143771,0.89621585129437
Sulfolithocholic acid,0.544075247298851,0.980944063543211,0.871855253454593,0.56615045573015,0.912221015708157,0.909630696927653,0.428803203160505,1.04560640475047,0.298678644312754,1.06176257946477,0.702864670276913,0.75552122831446,-3.77056854025538,-3.77056854025538,-1.19905581755001,1.17470756305172,0.710587901438058,-0.355563161051012,-0.512227329030214,-0.594983318709889,-0.760442220580368
TAGORIZINE,-0.343257443504326,-1.30139255733113,0.683023392711129,0.882382925438846,0.646705586072835,0.740967324210343,0.885989461577091,0.925056880793589,0.725624252096215,0.729723364456075,1.11057549402366,0.837965037292753,-2.09604209911756,-2.14112679066034,-0.0645108053925549,0.895486891416614,1.10621999098955,-0.857760432039195,-0.981259530127641,-1.1495891317738,-1.23478181113215
Taurochenodeoxycholic acid,-0.867771108906957,0.300032548462586,0.00636842926449379,0.149867899373278,0.541629052062529,0.350794440980007,0.163382994763395,0.453238020103767,1.32935556160789,0.585685943194257,-0.11261770909595,-0.883491880525674,-1.17905237135445,-0.168486962764774,-1.24448668530073,-0.49038372528724,0.607864712059248,0.14999718703704,-0.157548186553012,-0.024117228065709,0.489739068946031
Tautomycetin,-0.408729026383614,-0.336043163969713,-0.638666559641362,-0.333373488095461,-0.715108642374256,-3.50454581068639,-1.18535586637159,-0.537585573261696,-0.410142129274003,-0.239453656272474,-0.0443504811405065,1.32375986952913,0.8710749220327,1.37443336213046,0.980000975238142,-0.811207247708873,-0.540751719825398,1.73144850055165,0.916992766549735,1.47884748606248,1.02875548291102
Temodox,0.788466904672332,0.897852493327413,0.768572542582619,0.925491390547622,0.864511296860672,0.896113366109791,0.865023869948847,0.75169023680402,0.911438233201164,0.943664704028095,1.02436480358664,-1.6664304334695,-1.62287905496424,-1.25763113623435,-1.5721063208579,0.910767190927215,0.846702162960781,-1.44872543439406,-1.10144557977919,-1.54146502668359,-1.18397620917437
Tephrosin,1.07834240154117,1.09357869898212,0.998193293937712,0.969560324271955,1.04177845994765,-0.170605113603808,0.433264228580558,0.44604688366079,1.25441823659877,1.19745228986437,0.565100501016434,-0.368723402071181,-1.04093757438803,-3.56568078050428,-3.56568078050428,0.87286120508196,1.32787996397126,-0.348637009067913,-0.62279239555669,-0.759860659592343,-0.835558772166245
Tetradecanedioic acid,0.356487474617643,0.659631401085883,0.0382157919181974,0.151040516146506,0.608584077628233,-0.0551318280260682,0.312297552519322,0.800049966144458,0.423541917321011,-0.00730024160578657,1.00213438744223,0.602072841864413,0.0854983745402072,-0.472553622768091,-0.401663989033126,-0.474199934259979,0.213410902040205,-0.529925907063941,-1.41888818112446,-0.685967272227194,-1.20733422715963
Tetragastrin,0.705486905383202,1.15150407002145,0.653832512562742,0.71032713559883,0.843972784287634,0.844589641461703,0.975156542285357,1.02393964505047,1.04331181253991,1.12159459031479,1.06092418229645,-1.02730815396523,-1.1319341315779,-1.18342597671409,-1.29064712436696,0.784264000150556,0.919638701473924,-1.54677298948301,-1.77452160402607,-1.91708940970973,-1.96684313358399
Thapsic acid,1.58720114088525,0.958118718171731,0.468509259334271,0.621083318210091,0.471842818119456,0.27266905046422,0.192409116505324,0.466842086821468,0.371245050462339,0.668618482352443,0.298245666346249,-2.12439399734433,-0.67422531716902,-0.0834138357486845,0.143020861819679,0.0421902364419263,0.311822448624691,-1.25967647079969,-1.43431848640614,-1.37992011246839,0.08212996537712
Threonine,0.507734879267586,0.961801481635586,0.748513093142363,0.909304340250134,0.824180377813689,0.391568348026996,0.630270132628898,0.775142155380232,0.428896193279965,0.442394174648632,0.446390797029744,-0.521709613194199,-1.8436010399778,-0.526915713640068,-0.729946606084184,0.150090806756719,0.583447706402668,-1.22088792527242,-1.16544076587883,-0.896494859392553,-0.894737962823169
Threonylglutamine,0.0877889226363352,0.822656465143175,0.345745746978348,0.590451730242242,0.257392373101908,0.954904925348551,1.06975721321356,0.765421776464088,1.15923927935413,0.979798926848687,1.16840209981169,-1.01745269215573,-1.6854535789196,-1.32773838708386,-1.32554257861156,0.358791300497297,0.70348683309082,-0.846388408630999,-0.972911774277864,-1.10288393051574,-0.985466242535482
Thymine,0.826541140322506,1.17539292656815,1.03234200733267,1.06971210423304,1.00016809461447,0.352393843475959,0.805522398246762,0.954319023526469,0.594683456187359,0.402524107076157,0.723285687086374,-0.777946147820305,-1.49610657681033,-0.230042535325826,-0.431207856647697,-0.203975680466272,0.658986635821774,-1.64548582604679,-0.977545161456127,-2.37275807605904,-1.46080356385931
Toloxatone,3.34706744419048,-1.13760038865306,1.07556365886524,1.52471958791516,2.61640426620886,-1.13760038865306,1.96725138656347,3.07804997482301,-1.13760038865306,-1.13760038865306,-1.13760038865306,-1.13760038865306,-1.13760038865306,-1.13760038865306,-1.13760038865306,-1.13760038865306,2.31734912257668,-1.13760038865306,-1.13760038865306,-1.13760038865306,-1.13760038865306
Toluene,0.504482938572246,0.720317797781134,0.384863191363376,0.678253818667315,0.558486973940786,0.391509168349084,0.844056488502618,0.275797154102404,0.322170294306137,0.712431634627493,0.525587301883205,0.0661294398245302,0.218740141217405,-0.830622615368568,0.0261867526270083,0.249041656377771,0.675056690138219,-2.12665812486954,-0.940344452693156,-2.17387592955493,-1.08161031979454
Traumatic Acid,0.559264893331371,0.774951092635819,0.419322715958744,0.718504117329331,0.616386900129329,0.580604907218503,0.608077792850608,0.330664762712638,0.701833333731246,0.695819774284005,0.658494684996728,-0.0190472129849375,-2.47798957862265,-0.208510458732389,-0.593740094488091,0.633859073073775,0.619572951751637,-2.39501104737346,-1.95416907181952,-0.480655898735541,0.211766362752881
Tricetamide,1.10134118089153,1.27460402235878,0.848546948521384,-0.326212085808584,0.455753356468616,1.11686698577325,1.02780227915739,0.267141338931208,0.971691088397025,1.06675075444926,1.30777444824824,-1.41076890636003,-1.59096072979267,-1.35508046075076,-1.50336161764817,1.23789947032355,1.00837334227457,-1.3824539780059,-1.19694536846161,-1.47000694827026,-1.44875512069683
Trifluoroacetic acid,0.14308843680101,0.145007805901576,-0.134378142689981,0.254641371370665,0.264462836691253,0.383803425659199,0.324380816525961,-0.364897163460339,0.159996256739145,0.224711208471048,0.150381498349685,0.148359569449601,-0.0542030377987171,0.0307193940876051,0.066629140428356,-0.886862501197182,0.185107250125572,-0.148025786806682,-0.722500562646385,-0.303590819595644,0.133169003594204
Trihydroxycoprostanic acid,0.23583511908323,1.09290534776623,0.152339578673489,0.26925813269626,0.89127176003832,0.900426605919941,1.0133613477924,0.99484093435794,-0.833749752733879,0.773620425947767,1.42289905643668,-0.612823773159948,-1.0638575346003,-1.40595662524732,-2.17504061353501,0.252451479119244,1.03522066986568,-0.296925979728729,-0.586584325130882,-0.807932582046737,-1.25155927151437
Tripropionin,-0.294112911786731,-0.00711805855476362,-0.245950287362069,0.491927703267642,0.257905870959812,0.021428649921599,0.210622923527614,0.26097970522604,0.47434687130738,0.75686530949388,0.924817802750781,-0.117246258601818,-0.707819554428679,-0.252398228575373,-0.385998138291035,-0.0637374390289956,0.0924173317652065,-1.32044257797454,-0.361613406912112,-0.0285243149707307,0.293649008266954
Trolox,0.709421940341316,1.4877281355494,1.33964011092525,1.27539927286254,1.33207677033836,1.53014859743143,1.03372254637442,-2.26984414751185,1.44783705950863,1.39737101770361,1.61998479717529,-2.26984414751185,-2.26984414751185,-2.26984414751185,-2.26984414751185,-2.26984414751185,1.1614684096076,0.645872320457057,0.463273690847432,-2.26984414751185,0.444964363460609
Troxipide,-0.347811582328963,0.654936152807872,0.103279727309009,0.518571961490635,0.291640465519304,0.825802244762354,0.881906969581651,0.611202120946434,1.16602661508694,0.868204704474991,1.08754709125766,-1.29287739364065,-1.66859704542985,-1.05163474056306,-1.64344266019315,0.892397415246195,0.391153377102775,-0.393470417886493,0.124328838490589,-0.550320984543677,-1.46884285949054
Trp-Gly,0.60819241456628,1.02488245630214,0.920825696214125,0.602006136944764,0.817484604440005,0.695016397038999,1.12830711472614,0.590618173861055,0.630789078999654,0.519660851933977,0.702079482581947,-0.583634519810244,-1.47181266670368,-1.03824102764688,-1.40972114645244,-0.0156068811105733,0.499594202643777,-1.41166161480581,-1.06436247780568,-1.00899065517526,-0.735425620742276
Trp-Leu,-0.266765808876043,0.269242250157185,0.204194365829711,0.420862857961718,0.122116405839841,0.817018003431421,0.637046953864454,0.3906206160246,0.953872304261707,0.647513504072028,0.80691840046792,-0.604908051564349,-2.36534386015582,-0.914768395851088,-1.10007075558759,0.822276033964925,0.480850077010434,-0.119349027983925,0.0916813700800695,-0.717995842977558,-0.575011399969658
Tyrosol,-0.0580864590767746,0.417741404722081,0.777301626634519,0.926075850725587,0.655693588988635,1.19924161195023,0.871450662054425,0.130488395644842,1.38477713717548,1.29867536708746,1.32557751124597,-1.31210160658365,-1.55912652491877,-1.44395177688994,-1.45705050167577,1.04203577450421,1.08743015801893,-1.32211867613468,-1.15298192792365,-1.39364481229762,-1.41742680325149
Tyrosylalanine,0.36210248275201,0.652675769571765,0.453943598834767,0.518922881511701,0.409551494828422,0.894298007136431,0.919889447875913,0.556405352473746,1.10623494290342,0.782133687091171,0.977355617881842,-0.459552690992768,-4.01504336757476,-0.388232967678939,-4.01504336757476,0.827700884498292,0.603583922193722,0.00824476311231852,0.331314291990082,-0.240434721251634,-0.286050029582752
UDP-N-acetylglucosamine,0.680220462517215,0.859767279905435,0.757291660097439,0.783381037568429,0.749181825719753,0.634970454534009,0.78471063596647,0.661826901070134,0.650036538356218,0.622044834376692,0.728063048729283,0.251080101625019,0.111568873256881,-0.205648553746955,-0.278694265730473,0.459534727979857,0.662609307742778,-4.3690125516366,-4.3690125516366,0.111831455730768,-0.28575122242575
Ubiquinone Q4,1.02010606793671,0.661211301759733,0.827279054599695,0.594902190829379,1.18751280889768,1.20852709124451,1.04991191352964,0.893741815729704,1.25704878111341,1.16848580195804,0.60361318536865,-3.50386989858144,-3.50386989858144,-1.18612028285509,-1.01976214355516,0.547100072346696,0.405614132072259,-0.403219815436996,-0.444968502122526,-0.65414312004175,-0.709100556211725
Uracil,0.695013559183452,0.909400647089478,0.902351068143868,0.880088139485622,0.968684037841847,0.714311596109634,0.815947136293525,0.856891486924726,0.776224711363204,0.787225770519825,0.892475129337858,0.493034816195578,-3.79434043431063,0.361071348958202,0.473532411751625,0.520769276266504,0.786581257283789,-3.79434043431063,-3.79434043431063,-0.720025000030492,0.269443910213652
Uridine,0.617065679332237,0.0923462084641347,-0.463655294144411,0.437012638855811,0.424512241431681,0.425705713807513,0.228291159214005,0.368126105665781,0.288592410791897,0.529863697774008,0.530441146366875,0.029427739335704,0.243686761420509,0.434934803011913,0.130833039804883,0.217144496693809,0.0220092219315864,-4.88768452509839,-0.282890998458775,0.530472078239393,0.0837656755598229
Val-Met,0.961279226728174,1.26518419457069,0.981546007615729,1.22303205165622,1.04975535017383,1.23188881108652,1.3002357423336,1.317680794991,1.40799285917527,1.30213022508895,1.53189585907839,-2.39713225214733,-2.39713225214733,-0.320412266639399,-2.39713225214733,1.1468600893832,1.04377654106387,-1.06005197342211,-2.39713225214733,-2.39713225214733,-2.39713225214733
Val-Ser,0.297424065800885,0.649588457333214,0.270076774881786,0.635068370813135,0.441250184012047,0.870036119326587,0.984544386805837,0.63541401456871,1.06839115981954,0.855302161759643,1.06376372283139,-0.678031127093109,-0.697330376774334,-1.03725945127987,-4.52248997758819,0.868883417850194,0.608591113862067,-0.107797335712414,-0.732016254378384,-0.746370778370293,-0.727038648468447
Val-lys,0.090105036313842,0.123563373974706,0.303015841906943,0.662793045765474,-0.0588952475739608,1.02587675180867,1.09908788116283,0.691105768921274,1.1701425922839,0.86818747433955,1.16371808594508,-0.4418274936119,-3.9767280359588,-1.19916623413401,-1.35242021427456,1.05636006660057,0.880568158880294,-0.435404038293235,-0.436336862943529,-0.912394628319316,-0.321351322793822
Valyl-4-hydroxyproline,0.00999409346911508,0.226035327507553,-0.0773480257740029,0.282628672297197,0.323091097938745,0.193687874034142,0.26410267823556,0.53441558980672,0.443204743033668,0.86189538394159,0.790505434478996,0.397618632340676,-2.43803879610676,-0.601807979591968,-0.179887863276322,0.401516351191093,0.301877069641114,-1.0001244447343,-0.340021240607204,-0.25938861297774,-0.133955984847847
Valylglutamine,-0.0602496345323757,0.672082096117134,0.484720437858668,0.514527250600857,0.396979974782061,0.64137096521262,0.794826861552061,0.500065608877302,0.97934768476323,0.713019575591307,0.855590311933559,-0.837660588238108,-1.53599167645883,-0.560201483992229,-1.66347953240506,0.475829028110164,0.510266202463861,-0.838100266540985,-0.458864495190764,-1.00745711546416,-0.57662120504028
Valyltyrosine,0.221711520324962,0.991897355880619,0.53973669789846,0.834023795041461,0.740745707909428,1.17823179573881,1.27917296103585,1.00628783586206,1.41942127638014,1.18399549417751,1.33908271220787,-3.12849698649483,-0.849531774514569,-0.817812175978644,-0.750509746337776,1.13338875826069,0.864620340417188,-3.12849698649483,-0.391413192870785,-3.12849698649483,-0.537558401948807
Valylvaline,-0.283123780337917,0.366830278080267,0.363363750419951,0.315880615445986,0.401011725766897,0.848589544190122,1.04832916236879,0.0555113512179753,1.1292766070796,0.741371028904536,1.16167754401333,-0.776224418112191,-2.96473572273301,-0.57847404422024,-1.17744692721405,0.770532717882673,0.690522749971924,-0.570928550066957,-0.185946695977694,-1.02917127469882,-0.326845661981196
Vanillic acid 4-sulfate,1.52203316518575,-0.626263990945427,-0.788421717448541,-0.709715807789634,-0.665310390836019,-3.27731774050596,-0.597986676221236,1.29425264982558,-0.579576617515548,-0.682897962960512,-0.377411781160643,0.561982712184088,0.942847325371597,1.67342354157259,1.20589448881751,-0.781732264926339,-3.27731774050596,0.482087518004742,1.73088873524657,1.29604077632019,1.65450177828718
Vernadigin,-2.192644375638,-2.192644375638,-0.041044212999174,0.0308173915725398,-2.192644375638,-0.150577096505981,-0.155936518233802,-2.192644375638,-0.130388482491193,-0.272040984278614,-2.192644375638,1.44708828239849,1.96709344546759,1.91464050428198,1.77829394609913,0.17543203135372,-2.192644375638,1.69768899590304,1.72083190144884,1.4333201499109,1.74064689990051
WIN I(S),0.210012813172409,0.605973502627624,0.574117839506463,0.98658561004169,0.802630862166839,0.905142623156093,0.447862976045114,0.937272307977274,0.470047100883186,0.699289526978882,0.915103665990598,-2.40887974793381,-3.58610767223707,-1.0861717531791,-0.904932629383486,0.733543125845379,0.889224957335227,0.712364438464218,-1.0014719543863,0.681386723379461,-1.58299431645068
Withaferine,0.853543645277583,0.706424030967281,0.824770637489215,0.299667513768547,0.401250172036,0.21846886719103,0.434816605223598,0.838925388922944,0.533115227719958,0.454987508993425,0.88323922740587,-0.241553518580213,-0.953083185382548,-1.00133980051134,-0.824926804293424,0.179188907034916,-0.0927272336358397,-0.823732023584022,-0.955462429284454,-0.58491552352233,-1.15065721323619
Xanthine,0.39163828463006,0.816215418755717,0.345258484405265,0.598715305661538,0.420024942189579,0.465245670254936,0.634481310842514,0.253469158028606,0.22805777018277,0.178670795093584,0.340469215971384,0.533316231922384,-0.0731015892686156,-0.806252779972866,-1.8179986313084,0.00088150496882355,0.440715838441562,0.106490136810945,-0.38471168792257,-0.783153728870067,-1.88843165081717
Xanthurenic acid,0.934791909375761,1.10208494136095,0.634297195598283,0.778417007811926,0.792436616655592,-0.0346626872835403,-0.901856053992766,1.23925723529417,0.355830666135833,0.160289002512938,-0.599035669418015,0.657193460938247,-0.536493348454855,0.315810543970356,-0.577745333622905,0.669728714581157,0.758100960940805,-1.95151043865497,-0.963176287327,-1.93989079722046,-0.893867639201504
Yakkasterone,0.0682835335033096,0.607360465706474,-0.0807197600270082,0.721456698539889,0.627621892078313,0.605988463987045,-0.352589739755387,0.438725337257438,0.699505976987631,0.928494273534433,1.00931880225411,-0.624862513735063,-1.17540273676724,-0.74154898247284,-0.92879525818108,0.97760413745694,0.611993830463465,-0.825910029391731,-0.679572744164214,-1.27314187522163,-0.613809772052863
Z-Leu-OH,-0.863065646529885,0.86537293992023,-0.244121497474261,0.954282789900801,0.815815391682737,0.915767717623364,0.784808358006762,0.761329247651803,1.00890176750145,0.902225774530848,1.11561237409583,-0.823993753990199,-1.20574500159521,-1.39040087058255,-1.1520663007087,0.968985290995447,0.909509990312649,-1.06124322984935,-1.00834523296274,-1.14732829188156,-1.10630181664743
Z-Maleylacetic acid,0.0645850804062329,0.577059304762087,0.628655554427202,0.47105945489067,0.540726964573426,0.527821211937961,0.683984047221047,-0.0540660613749265,0.701062109422412,0.26462087194111,0.141471657755815,0.0753204274474994,-0.600284228987117,-0.577754363130486,-0.396976550557512,0.282984530737054,0.783105699373082,-0.859933247265349,-1.21469351699403,-1.02517342604043,-1.01357552054576
Zearalenone,0.263963457424272,0.246390438391162,0.501837175087957,0.822488726085579,-0.575002792867062,1.07750220157276,-0.0145769742012024,0.806384228147311,1.45905401246024,0.666696168951638,0.684971202958644,-1.42583395231903,-1.10064117014192,-0.825381122653943,-0.958666612180049,1.10179393140332,0.614326742231128,-0.782081077132305,-0.70896595012229,-1.03538166888495,-0.818876964211249
Zeatin 7-glucoside,-2.02857701092874,0.00137614334761571,-2.02857701092874,0.0191291755870644,-0.131421581891836,-0.110972602561247,-2.02857701092874,-2.02857701092874,0.018227898744674,-1.21532257902486,0.13858561284818,1.71822077547959,2.09304022800803,2.30864828305334,2.13984919001482,-0.493759775159335,-2.02857701092874,1.17385150676923,2.29064572597902,-2.02857701092874,2.22136406437818
"[17-Hydroxy-12-(hydroxymethyl)-10-oxo-8-oxapentacyclo[14.2.1.0~1,13~.0~4,12~.0~5,9~]nonadeca-5(9),6-dien-17-yl]methyl hexopyranoside",-1.05469550938554,-1.02315487884063,-0.632562137517061,-0.735395305106907,-0.602067682462994,-0.732330003628673,-0.974333872644101,-0.605130248573641,-0.989982312874209,-0.800432854768257,-0.727376133494719,0.316861452792772,1.49072692898518,1.59190417314857,1.54063325155235,-0.826388791759917,-0.509910715609671,1.16564373541422,1.39928079384959,1.26752222959037,1.44118788133323
[3-(2-Hydroxyphenyl)-2-oxiranyl]methyl hydrogen sulfate,0.497491938387336,0.705580735801854,0.623556571439161,0.788482595606381,0.5206423087996,0.978163880353126,0.588148845874958,0.66786364371642,0.758309069579643,0.883584508148744,0.846182474569007,-1.10750815808317,-1.38110226522992,-1.26728219030893,-1.37501370219722,0.905464626335584,0.809356654759479,-1.17624522996306,-1.01578710635119,-1.1954623074195,-1.05442689381828
[3-(Sulfooxy)phenyl]acetic acid,1.24152151049626,0.0299781253496204,-4.91570350381512,-0.164424563639712,0.296542850656206,-1.57959198439551,-0.156312923727698,0.823643499667227,-0.343413603939457,-0.474142350294021,-0.0512724040776713,0.463641352592298,0.863631594707016,1.35089403876141,0.604364506054104,0.0272598447873524,0.155910607571637,-0.088591094988571,0.811837984766311,0.584188413724289,0.520038099744041
acetyltaurine,0.483836924937577,-1.13871009201365,-1.6867610602825,-1.14008680798676,0.330400117363192,-0.842182570912748,-0.382524281566798,0.568688012594436,-0.138932800310432,-0.238821451850065,-0.295641967841672,-1.71852003186888,0.341213861234355,0.980344081089355,0.763157617059759,-0.696130845184766,0.0484869879319414,0.927024014992432,1.16627017017713,1.5639579619917,1.10493216044641
ala-met,-1.93635910474386,-1.93635910474386,-1.93635910474386,-1.93635910474386,-1.93635910474386,-1.93635910474386,-1.93635910474386,-1.93635910474386,-1.93635910474386,-1.93635910474386,0.976242126594567,1.76482254556395,1.75125284755587,2.35227393082271,1.77151258590103,2.04645729293003,1.75687776577404,1.59560868164343,1.44040113555251,1.94300750609186,1.9651346290086
alpha-Ketoglutaric acid,0.58661452470776,0.565986041244552,0.327562064988165,0.784125805001936,0.410405313719918,0.492311675481373,1.24958916392057,0.221682895517234,0.20313810356495,0.708540766785159,0.712511962319025,-0.0618925623600039,-0.658040275206578,-0.877311431972672,-0.756154121403591,0.480077822273966,0.612797468615643,-1.33358827550243,-1.54121078342436,-0.80206353626696,-1.32508262200362
alpha-ketoadipic acid,-0.240065228894824,-0.437218395518892,-0.654997368851642,-0.480787071208994,-0.836793044804884,-0.436690099507077,0.156779915551178,-0.28581192612312,-0.532224079544918,-0.598722388970365,-0.409875236339653,1.19086779890906,0.553332115296158,0.898546134881367,0.541301152680634,-0.260213764484159,-0.495627766200396,0.632617658679513,0.516165086300264,0.641419966584542,0.537996541566235
altiratinib,-0.863707942482158,-0.584146472175846,-0.868173049852224,-0.449030053693698,-0.575047850323807,-0.628951707584103,-0.70389689770932,-0.724136263792763,-0.508663877074747,-0.766000323449464,-0.737783442824158,0.654301641740826,1.10061419935435,1.11286850442446,1.21105299475432,-0.588368974761042,-0.556719018760052,1.18560077133238,1.18765350138377,0.948425149104642,1.1541091123886
ambruticin,0.883250902791612,0.969576511458419,0.963894713477797,1.0794171243357,0.964025917010183,1.14872201404004,0.901393916955081,1.03889775920711,1.14221124718611,1.22716141116025,1.12183312556449,-2.9412980043323,-2.9412980043323,-2.9412980043323,-0.397732986777718,1.14508020038886,1.1681225780777,-0.234507917229028,-0.359185346703718,-0.99696915361372,-2.9412980043323
anacardic acid,-0.388492907307052,0.929050395913732,0.0167499022602144,0.767982398917163,0.871947627352487,0.262038934673733,0.532232299433655,0.900380760180464,0.81127036970767,0.552593832217275,0.957928973663635,-0.839467208962042,-1.0691416620431,-0.90640006516721,-1.07774262922918,0.593904431392501,0.696059667813399,-0.816178477321142,-0.930068118008747,-0.954237047215391,-0.910411478272057
anthramycin,-0.769659747359767,-0.874469173586672,-0.781123973591848,-0.766256198427747,-1.11220132766848,-0.713468047957422,-0.773612841268619,-0.869092220416642,-0.811285440297273,-0.679124131265121,-0.577435096983276,1.13692466411816,0.0175027487027569,1.78409922958085,1.35873941389568,-0.755240085700984,-0.894610753834883,1.26324960450423,2.07617034171846,0.89544494770579,1.84544808813279
anticapsin,0.619632683389243,0.627693093608911,0.441366832990511,0.661856709249479,0.493098920795406,0.71559365780831,0.613805969031253,0.582581874340612,0.683585945463996,0.729140897950476,0.706699600802411,-0.0971134830636148,-4.75802556767973,-0.542141481286474,-0.176335032526275,0.72272464844137,0.619951315775816,-0.476047639329506,-0.664836786522676,-0.61687424005654,-0.886357919182966
arg-leu,0.234750333349668,0.69450136286419,0.514745996084248,0.714960925436336,0.564691042434209,0.832432246392301,0.847249526853888,0.881653019826017,1.10525286485171,0.875635337560713,0.893341621030379,-1.12806607944447,-1.46897675940879,-1.09207018501796,-1.36659564528988,0.331138390475245,0.630857282409596,-1.22954868810086,-1.02718137977707,-1.27101964632938,-0.537751566200061
artecanin,-0.847040049247496,0.808891807067874,0.506305777053936,1.20923390886431,0.643225784571484,0.205552629515711,0.482334107615044,0.340323993912228,1.12840491747372,-0.304443859424511,0.37195044015746,-0.0813536730800987,-0.617938612414848,-0.522120962796482,-1.00230318967964,0.0754912535946399,0.755612936319968,-0.419255731341133,-0.64836746947692,-0.932850530740211,-1.15165347794504
ascr#1,0.30541727833995,0.71630256017611,0.427176975407016,0.80967067051391,0.572941686331225,0.662343983152815,0.798889921799093,0.537125917854067,0.779811565041431,1.10171828445264,1.10740326624355,-1.40165540390886,-1.21502049336704,-1.14870935821498,-1.0618761545471,0.57981355235753,0.759252491339185,-1.17257667395044,-1.1792705745794,-0.657096337848002,-1.32166315659267
ascr#11,0.114085778806398,0.770788791163132,-0.461542638419024,0.393217331835749,0.587048097439864,0.142294638598991,0.111631086077948,0.222655190973251,0.5050067767251,0.391894424927995,0.881230049171336,-0.203557114916273,-1.00368564456111,-0.00996370411767229,-0.350945402313865,-0.845230190021692,-0.308992633123916,-0.364592315853156,-0.0483824134167698,-0.362894428004531,-0.16006568097176
ascr#13,0.445780264264254,0.671634876254441,0.444795632084993,0.728475848720682,0.522110364069037,0.57540867830123,0.693540610194935,0.557782844743058,0.657995051088527,0.83348209758565,0.896642877627117,-0.444888273601646,-2.0137468990161,-1.20208021919174,-1.28053617730714,0.613568226892404,0.51997549824427,-1.10046421101821,-0.902425948922634,-0.796733879206871,-0.420317261806239
ascr#14,0.165546563338322,0.418760524246047,0.165843243746074,0.743177815574125,0.29049001551065,0.382224530075623,0.408287676933731,0.324485929362057,0.515471497725144,0.578940527722044,0.832630858525783,-0.254664629239272,-1.39898040673308,-0.926334239206125,-1.25152716523332,0.619105624676727,0.37175587606022,-0.356286156584762,-0.177428310984878,-0.0938760337665898,-1.35762374174848
ascr#19,0.579849440355032,0.582773334342437,0.335032126315817,0.677702165035361,0.707056105718996,0.46161636489334,0.590404214381682,0.570319814399796,0.604648254376066,0.712816573247478,0.828888644471817,-0.194194264824676,-2.52374909127911,-0.0997869769356185,-1.42112416485178,0.460524810846003,0.715398715172476,-1.32721881625595,-1.34362339911252,-1.08654361846898,0.169209768172341
ascr#22,0.0521280706128694,0.930360962259479,0.229416194437965,1.42750291340286,0.720572846247779,1.31052460608963,1.0001152429712,0.104110223033923,1.42278325091725,1.56964293739551,1.32699532125824,-0.653452489167451,-2.53778625255316,-2.53778625255316,-2.53778625255316,1.60247312498799,1.37742419726647,0.255789192654515,0.0125446683975682,-2.53778625255316,-2.53778625255316
ascr#24,0.322929395839066,0.467271712686127,0.203229291196469,0.587635638725616,0.401016582120508,0.274320301233071,0.28122865580354,0.653542404418207,0.036905108048666,0.654232994937288,0.40811954398557,-2.34066961907883,-0.704921748830364,0.0544477086980326,-0.31862737778988,0.292357440747202,0.340316268065059,-1.79063310000144,-0.337924290274126,-0.00340302643846893,0.518626115908721
ascr#7,0.142412256776917,0.419202202900147,0.0813827882902651,0.57116101559148,0.413273519293055,0.366663353358401,0.405125747773823,0.408957335036886,0.503221645978361,0.76354757878431,0.844927541010145,-0.688312527734623,-1.08592511645125,-0.224308312792482,-0.620254277481708,0.471941819155059,0.369224962301165,-1.89793685572503,-0.951037798474239,-0.301000897638288,0.00773402004761822
ascr#9,-0.582740294448642,-0.0855735702678264,-0.584532151378496,-0.313964608457469,-0.141427853906524,-0.329378507342273,-0.459015635005536,0.324854883051981,-0.655285206852618,-0.328944415296266,-0.732085411116665,0.711441566685517,0.328960106722317,0.681674368111772,0.638193961675107,-0.763397665163415,-0.392517687395536,0.121675486521435,0.716801892815891,0.816779099347169,1.02848164170011
asn-leu,0.916491517832577,1.07889307652543,1.08179269432279,0.789136734075867,0.935467887698406,0.821607307302364,0.947337652723466,0.77618120399908,0.855082718729072,0.820624904061813,0.893398592323188,-1.24135819009046,-3.45721895152475,-0.0802590159114996,-3.45721895152475,0.66932416660136,0.798023948624875,-0.122234045985471,0.248171961504878,-3.45721895152475,0.183973740236517
asn-pro,0.60546440376069,0.708656744074231,0.327503432718742,0.673456414854845,0.15480513321534,0.68279766171865,0.555988986322345,1.18499738774988,0.793359995002115,0.593203438895934,0.803772287328828,-0.535608224963653,-1.35086752507416,-1.0965071999967,-0.647790102210846,0.605554860211632,0.796131690061076,-1.3340065961235,-0.971739227542847,-1.37745458897631,-1.17171897102629
asn-val,0.250761064417767,0.594165981480985,-0.217804822419218,0.478495753128291,0.374048495163215,0.930279745722464,0.956984925667731,0.653155230212279,1.02852721630746,0.853284238088112,1.11330398171453,-0.893671578343662,-1.63310371422518,-1.06347786825991,-1.23199464095804,0.900416203870522,0.501959243079563,-0.966777860680513,-0.796016414080602,-0.987202850686552,-0.845332329199238
asp-ile,0.0564263061648632,0.587437555009698,0.327420727446404,0.382498640459166,0.457946624053164,0.5201812577862,1.18311827874514,0.435838543037091,0.896930857077723,0.564363206982547,1.00477895455822,-0.926202595863379,-1.20811975223264,-0.723437718105788,-1.05059994181694,0.361444096148195,0.204140148341334,-0.778461449095138,-0.459057890724755,-0.967156579655128,-0.869489268315991
asp-leu,0.0975329318381181,0.658107797089777,0.619459907523781,0.560110950156332,0.629901544305453,0.669258893762019,0.930159805389276,0.472995372295808,0.774861913892627,0.677371178600207,0.984766558323449,-1.9024617737548,-2.47217149932739,-0.513328989114186,-2.37160741208671,0.443103414634085,0.562418783936367,-0.414363723061758,0.211324933895247,-0.47153372376699,-0.145906864530705
bendiocarb,0.442326725816181,0.672118919056149,0.850788018631363,0.699992455807022,0.889865612521314,0.54027558062131,0.779390553881204,0.521655222076153,0.72105339223975,0.582995719829952,0.75541309358469,-1.29827721211285,-2.28031402668706,-1.20384328660274,-1.55218573383036,0.604046665818496,0.780454652655131,0.00667170965613308,-1.15238921907466,-1.56957891985539,0.209540075968216
bentazone [JMAF],-0.272031625156045,0.448693031418635,0.00182315768913024,0.422265565436429,0.104131196998638,0.340481024978017,0.0724938444474802,0.196764419835371,0.295637651803413,0.23129491423548,0.500793077134775,-0.166406404977291,-0.519786620315729,0.0367314964006254,-0.153736451366413,0.833890459935752,0.518692575605219,-0.397757512233056,-0.122396852768011,-1.47331135914388,-0.898265589958499
bhas#16,0.290960153231879,0.602225349234918,0.230859555851758,0.586898895844719,0.392009987299407,0.476444808170321,0.494699310830218,0.405954546801594,0.584261555619215,0.67144977302154,0.823564425401018,-0.133006540832025,-1.47560862363898,-0.408883888194414,-0.890892572671788,0.700849800822924,0.20457229655759,-1.19922819728663,-0.65599641916963,-0.9470222958981,-0.754111920995513
bhas#18,0.312815578351496,0.128935781648578,-0.205420639459169,-0.414047477458652,-2.50510795192725,-2.50510795192725,-2.50510795192725,-2.50510795192725,-0.105431713666944,0.0261082976117864,-0.227905388225545,1.98036885383765,1.81291666035298,1.67030441626219,1.05622178823062,0.344041679065913,0.557824693140284,0.820401839049126,1.41354133441651,-0.415020245308726,1.26477634986089
bhas#20,0.290633241508277,0.446271508307028,0.254352200619391,0.334125030965869,0.39984287499664,0.457292029722579,0.458481997106158,0.34506187241477,0.618073367786547,0.708400468081136,0.90023609820193,-0.96793233132674,-1.85460727187664,-0.364990790010828,-1.19197063465893,0.622534561052008,0.498585814687222,-0.396583101880932,-0.652795242645755,-0.689873638762173,-0.215138054287541
bhas#24,-0.338101455625343,-0.145627046945849,-0.885524743303505,-0.245913214073904,-0.524983987687304,-0.313205844866231,-0.962046892556001,-0.461377704041934,-0.743081091938505,-0.778384401991044,-0.326528998135893,1.25675214653229,0.920620520828383,0.233558195303173,-0.265428136062196,-0.0535958039516367,-0.6821849753624,0.605838875634769,0.751743236929522,3.08805545724422,-0.130584135930612
bhos#16,0.480696847422211,0.468053976674938,-0.169338461732501,0.679018998969796,0.453315466563154,0.516525126368053,0.00803271102886877,0.532977321021894,0.511344752739927,0.860979501449149,0.171661830689751,0.197156292966474,-0.944163503648714,-0.491101263260989,-1.07717839238617,0.662360542656106,0.70153869854961,-1.29521381130449,-1.20382303686399,-0.145564466598716,-0.91727913130434
bhos#20,0.0247987440048618,0.512869200284766,0.0655612066900337,0.69860075030648,0.131076192617326,0.58758944031699,0.676763346166519,0.741197843349016,0.233528394934341,0.373416574966127,1.06317314527568,0.577857005301305,-1.5362797737193,-0.119697600221562,-1.28225623779681,0.819776856442945,0.528625299243284,-1.25959955179341,-0.777898062553144,-0.677665573116238,-1.38143720069918
"bis-β-D-fructofuranose 1,2′:2,3′-dianhydride",-1.24073244868328,0.30090133504562,0.0694396665605866,-0.0135215680140067,-0.0919810852439062,-1.17928117642015,-1.03571984673833,0.373872393522845,-0.324066675373839,-1.06437951743027,-0.723472956759423,1.43123168964858,0.166706906205176,0.964218630157799,0.670743848117896,-1.15907659969012,-1.14504174100535,1.03622079170559,1.09508970716505,0.910616687113106,0.95823196011643
callystatin A,0.835627844427319,1.10869614840077,0.617692058726962,1.06269213724141,0.972498830598257,0.999299538501432,0.835225653075807,0.847843597418452,1.03393325348977,0.956356501559131,0.988588381008788,-3.56528171645198,-3.56528171645198,-1.29468977130624,-1.13393862828145,1.09666978621121,0.935200777115279,-0.53819361898922,-0.578533656434972,-0.780650982847725,-0.833754417011018
cartazolate,0.124067757638278,0.317656771849078,-0.0424337602488742,0.357850337021363,0.17414638332928,0.263006011076034,0.355211638127567,0.148724234730425,0.391943516829971,0.737017586920177,1.03639223312356,-0.343688540916343,-0.896777374876286,-0.174322794639268,-0.443961238560814,0.544797473665838,0.494177102037013,-1.79997095493448,-0.900348813854887,-0.10983824285728,-0.233649325460333
cholic acid,-0.680757557003895,0.780566768026035,0.30464963010633,0.513962705355104,1.01745794479148,0.0259129351838446,0.104231335987908,0.958899680310124,-0.264564438291869,0.786071608790265,0.91492913619593,-1.58175254502669,-1.20291721163365,-0.997548656225937,-1.18533003592976,0.466300606249507,1.01277065538521,0.0230185414983525,-0.245186440618475,-0.384564056873962,-0.366150606275824
cis-2-Carboxycyclohexyl-acetic acid,1.16755751617513,1.19961502712486,0.94723398318196,1.03214162146101,1.15983820099356,1.05620523635578,1.03853326372598,1.19297188809537,1.12690478742944,1.03078482208876,1.3067769676578,0.243163375795462,-2.63172436000101,-2.63172436000101,-2.63172436000101,1.11375962296231,1.1362270616004,-2.63172436000101,-2.63172436000101,-2.63172436000101,1.03863278535818
clavulanic acid,0.10186691545363,0.432838760319271,0.0174730828010422,0.511516853122266,0.159301401999233,0.525195119081594,0.350865840624333,0.207033737721224,0.578740545479536,0.559546583590565,0.640753489020807,-0.236270737489201,-1.29895548022597,-0.483471835769123,-1.01280391263152,0.637712898498437,0.427843302076486,-0.669708000663807,-0.702559028912125,-0.234905225471797,-0.512014308624867
cyclo(dehydrophenylalanyl-L-leucyl),0.476761540137958,0.646501752636838,0.458033515533303,0.709745168256487,0.655065850563342,0.779132572999203,0.567747952160878,0.827353347744223,0.618246444063182,0.865421505177776,0.795735035207759,-1.41540934749724,-1.64465607738896,-1.3315983588737,-1.52483072001701,0.891349002113663,0.591452011025141,-0.564027529141456,-0.712346198269974,-0.87315119560472,-0.816526270826666
cys-val,0.403531094171179,0.53232046636485,0.281815540383182,0.385203865973679,0.361999051620251,0.554230292889788,0.307737344653419,0.502539182051355,0.386027458912696,0.548352166996713,0.417183582447721,0.453102512494166,-0.962293874981399,-0.493023376614393,-1.09950111671261,0.522326970883734,0.621239013907623,-1.32371505092079,-0.0533354711975637,-1.88667386088568,-0.459065792437901
danegaptide,-0.66362186743801,0.0688418697322395,0.300264730644556,0.548712432922541,0.28266341757791,0.636848223632413,0.888983618381096,0.684248115774286,0.889138960011515,0.71494552890975,0.887685986470633,0.911407931640988,-1.63323664020428,-0.966524002733488,-0.915978553183616,0.341355712738099,0.593559424581406,-0.328312519989276,-1.54404589470537,-0.339975986036805,-1.35696048872657
daprodustat,-0.349454566573474,0.419261333535665,-3.94336767572909,-0.359156269889972,0.438557550610278,1.07363355868344,1.47453196069618,-0.41842332500535,1.31700022838682,1.05538601759948,1.51715089859906,-0.45040393126423,-0.545265570692218,-0.394913986456201,-0.542075742229834,0.893018891297125,0.408663103588432,-0.422219892760707,-0.236224087365741,-0.44758956013943,-0.488108934890248
decanoylcarnitine,1.19199653361761,0.897298881016472,0.805864067949448,0.891671826953986,0.619979518085275,0.565264553679072,0.397195980764007,0.593998782478597,0.604923938306929,0.454635055485645,0.520948289161207,0.429429245826889,-4.19668894082152,-0.909838583161485,-0.889224415098834,0.452323509915351,0.764844536532226,-0.697781468722783,-0.653592427296414,-1.14055334224196,-0.702695542429711
deoxyuridine,0.48694375781988,0.71324788111771,0.320942116778944,0.761186203929956,0.423536675193289,0.190463249478577,0.326643524763002,0.489265706328285,0.306920461808686,0.400627109752409,0.525786080477885,-0.562201363858406,-1.02417162224884,-0.589035701773813,-0.616252684864377,0.176216986085605,0.306700714972363,-0.831746287966559,-0.581554464258707,-0.619718887220909,-0.603799456314939
devapamil,0.349743044918,0.905627733338041,0.993045469088897,1.09514046502543,0.333495736010847,1.2041948117814,0.888934062575005,0.36042369279105,0.861956807325642,1.19412385850287,0.166810100305004,-0.220415845623631,-2.81517729533113,0.114792438292724,0.348211120462707,1.28756651257448,1.18162856520829,-2.81517729533113,-2.81517729533113,-2.81517729533113,0.195430608747757
diacetyl trimer,0.170913453350069,0.697951740443383,0.169523670146388,0.644680023659239,0.534135661394126,0.557678952424327,0.489683666152626,0.245528437716043,0.515673283755473,0.526982923750591,0.824496249840045,-0.0964077506860393,-1.03969578664562,-0.597496644243425,-1.57789640140969,0.686050693712391,0.399870635625256,-1.66221263549494,-0.435500901413294,-0.144895210596578,-0.909064061480346
dictyoquinazol B,-1.01834576036789,0.651925687183135,0.0691013424859091,0.184428233290609,0.317489064037762,0.239119185981279,1.08094704216455,0.726843623725782,1.49467666643467,0.871644998338557,1.13029876824092,-0.757525676590491,-1.17654568129256,-0.684349985432881,-0.924575588249921,0.937722685667299,-0.0674851764260559,-0.805356424979815,-0.221625238638036,-0.93437735661267,-1.11401040896015
diethylmaleate,0.716906809145486,0.732962363126566,0.681355940163599,0.748944496442698,0.73736228549132,0.69744505052732,0.750282298960542,0.642565185615675,0.776974038248138,0.792170586578341,0.805827463679097,0.449351729898612,-3.60217656656998,0.187842767983978,0.232639314412898,0.571285553740485,0.720864424398033,-3.60217656656998,-3.60217656656998,0.274722532657725,0.287026858639441
dihydroxyphenylalanine,0.464505647365556,0.65265259776372,0.351575397552881,0.585575317358886,0.52009461080356,0.562403508206935,0.466006357591164,0.458327350369687,0.607950367996163,0.564804281113672,0.666732025956175,-1.11998543890563,-1.19980365213847,-0.510778900574756,-1.74231248629583,0.649917495374575,0.545012873458069,-1.71764477167882,0.225300934762432,-1.28719674044995,0.256863224370004
dilauroyl peroxide,-0.00426542533333387,0.0536125007889121,-0.370363458669966,1.30244748321248,0.607640426165824,0.333193378348571,0.395401021718914,-0.823907070916332,-0.0771045810498789,0.341391441992264,0.45669788229945,-0.949845384235174,-0.395867688551269,0.307844544136858,-0.145722628472767,0.257276683669001,0.192617130326483,-1.02519081289423,0.759900037654195,-0.991344990751394,-0.224410489438644
dokdolipid B,-0.33396242648967,0.010566251027518,-3.27367334826004,-0.110860693119873,-0.455606325098061,-0.603597141134648,-3.27367334826004,0.769208579431236,-0.168743751276589,-0.199951657660102,-0.0670756872550644,1.10811147172618,0.983109652419501,1.1178706213688,0.398122396750769,-0.995867130161356,-0.317131223822581,1.35627874459855,1.55873254397771,1.09123263339772,1.40690983784003
elymoclavine,-0.85061402470469,-0.693706225100955,-0.627650334382259,-0.564079900348676,-1.18167744669775,-0.33756226504773,-1.09955867851469,-0.48146862395471,-0.551506829897101,-0.551095320664349,-0.373193299663783,0.837761305024979,0.71284237945389,0.712357826191983,1.17518232809218,-0.388938630582325,-0.706019925340612,1.84586333791136,1.40694570529015,1.52309334233832,0.193025280596749
erectusfuranone B,0.60783318909857,0.439516803223828,0.579070467768512,0.438011949939031,0.813234470172087,0.870777660133878,0.714664897371692,0.405295972047445,0.398275932125328,0.796163253658163,0.455732846890984,0.420130818519288,-1.19500788666311,-1.09791574375225,-1.51804128194934,0.654327778643427,0.675491207108939,-1.15899871470402,-0.957812005560788,-1.32784517858391,-1.01290643548771
etofylline,-0.200212677835354,0.114996699653826,-0.561767426476341,0.674131502601991,0.426483172537868,0.413250077879892,0.0727478502140805,0.467080118312311,0.404004795146129,0.563829704668565,0.545122523002843,-0.303498854505725,-0.644074455091546,-0.442472981197471,-1.40937304854683,0.631783920879853,0.410378871675972,-0.20842533429824,-0.28912480420969,-0.343120699231904,-0.321738955180224
eurysterol B sulfonic acid,-0.563151811829264,0.193654120477026,-0.0209043241914455,-0.113684123714091,-0.36383939459804,0.18205668754182,-5.07641847310163,0.277837168029147,0.0508638655373858,0.129269560510562,-0.189731315336963,0.950279904330076,0.721901988574909,0.633913094656534,0.621897663105069,0.199023439655982,0.0932664601098422,0.835156773971576,0.496150270424666,0.473140616336714,0.469317829510125
felbamate,0.345798592053674,-0.242865941713469,0.218547523337212,-0.572220377927277,0.470950583987947,-0.44860367924405,1.26178075225094,0.461680021320306,1.27082009604673,1.29845062719592,1.34727639922814,-0.77607760718534,-1.2067220155981,-1.05081066317869,-0.992566355658242,0.875026557737381,1.08135785011311,-0.903096847419327,-0.714355957626374,-0.783702716487171,-0.940666841233345
galactosylhydroxylysine,0.613276505460509,0.0308577862276024,0.886026819004424,0.732237854541954,1.21729998710853,1.15904947521792,0.506653103408157,-0.342493786633308,1.03909797068403,0.663365303764838,0.853583446433753,-1.33970082003209,-1.05489589205532,-1.19701786227451,-1.11594637166801,0.8881337201438,1.00188913529803,-1.1092752028993,-1.02760227962937,-1.24482761612899,-1.15971127597264
ganoderic acid B,0.547804212520099,0.942843854049682,0.420025605550862,0.71441055585403,0.51946867340094,0.731752652174645,0.570572073557357,0.580594127467455,0.722774561169793,0.630447080146259,0.788948690981394,-1.05550116063506,-2.94207583601836,-0.696367485252867,-0.871550291946572,0.681678020745626,0.730235223811076,-1.19604060357707,-0.794565720314977,-0.738752161833526,-0.286702071850778
gibberellin A1,0.278172681171774,0.662713707279182,0.362195342275199,0.743900998476554,-0.299698045803951,0.563907991308491,0.543834686993483,0.456374996685377,0.73724727160344,0.722413119773976,0.791484967464306,0.214239592952048,-1.76685230256287,-1.40935075494127,-1.77255859866141,0.854090515249034,0.655028623753639,-0.364968806682704,-0.550205593759288,-0.866581692144991,-0.555388700430027
gitogenin,0.699290025525405,0.881906913914625,0.557988737529019,0.920674725541502,0.590781837568723,0.814118893290847,0.736175745366832,0.859263020531003,0.831828644474086,0.951462302014736,0.916597538916456,0.239002169801016,-3.35877551181934,-0.097005271619356,-0.277267053903173,0.819932808591116,0.842779750518044,0.0950681463404375,-3.35877551181934,-3.35877551181934,-0.306272398943287
glu-asp,-0.939130662989017,-0.594556656070291,-1.16885573153642,-0.228876653179346,-0.453417209232352,-0.247828863625605,0.23947939853714,-0.202867365118116,0.13664960982857,0.0167304243441785,0.389149645801644,-0.296330995887343,0.213440847575285,0.154543049310377,-0.184276704757801,-0.123355004471237,-0.655853121018931,0.881437796149715,0.684661205029838,1.36721321220956,1.01204377910018
glu-leu,0.226549743754223,0.775450439539947,0.597651984671502,0.584319393790349,0.647145243256552,0.861467465358986,1.28134229443835,0.42089035566688,1.15944583446671,0.995164076414273,1.3152545972619,-1.75167518703809,-2.11294414289687,-1.86966110225745,-2.06003257355335,0.789255586864275,0.679949470320737,-0.623032705537756,-0.0433792204680926,-1.13302612325483,-0.740135430798214
glu-thr,-0.118484620468882,0.404370665654221,0.220823071439431,0.281774484897194,0.306972173138198,0.242574004882863,0.799591447314537,0.409070252465334,0.490147537762819,0.482395253002041,0.691800103369963,-0.71491414043537,-1.43189481507775,-0.438915111429338,-1.44789765180644,0.328150801325451,-0.0526493592346046,-0.206823403745299,-0.00519130765847174,-0.220114058797242,-0.0207853265986516
gly-val-tyr,-0.511869996736294,0.618141843298758,0.643698334291899,-0.74737509634101,0.513989145323941,1.0206974399173,1.33631676094557,-0.784957620916418,1.26486009289331,1.12782824851328,1.59585078561298,-0.757480901561912,-0.960204762720397,-0.639514598363114,-1.65012829846282,0.912923537032195,0.813619591970994,-1.24600650462769,-0.861175137144465,-0.8384242727542,-0.850788590171912
guaietolin,0.608690531251678,0.687554648026728,0.419680392204581,0.741948713620705,0.72250450277272,0.76594941078874,0.629538002333766,0.644137661510088,0.793312361343965,0.777617518336952,0.915117330688409,-1.36197282794119,-1.56772561344925,-0.38541192032374,-1.50600613103614,0.851607074367368,0.700215086600195,-1.59809118708934,-1.16872957157226,-1.54130520164783,-0.128630780786141
his-met,0.724125300113104,1.26044732970022,1.12489336448613,1.09639429718247,1.06831226710174,0.396226759249163,0.656169578032333,1.2175408370994,0.740271840008682,0.556913711742914,0.519505053528663,-0.228607084207271,-2.80711817286517,-2.80711817286517,-2.80711817286517,-0.369143384879286,0.824845243115511,0.290752132615374,0.228395820274186,-1.90908523398455,0.223396687416704
hydroxyprogesterone caproate,0.28391970561598,1.28161542202056,0.607021500222051,1.39123081345733,1.04400678332348,1.16234292602568,1.0770183968143,1.29466710045431,1.31430614599341,1.39898145757412,0.824246721718906,-2.40679951883808,0.0663297853457728,-2.40679951883808,-2.40679951883808,0.772079396917953,1.35019446885013,-2.40679951883808,-2.40679951883808,0.572836488694503,-2.40679951883808
hydroxystilbamidine,0.568639700907298,0.726508327429525,0.451362731740986,0.73964454093335,0.659904574447629,0.568320201906903,0.633138370762055,0.513011032537512,0.859874759439314,0.812592265556386,0.944523542541801,-0.589419695008919,-1.77125627197698,-1.16794080142371,-1.67620887810877,0.764286655222596,0.756460381626973,-0.729874624260024,-0.853316629567018,-1.08898395589155,-1.12126622881534
ile-tyr,-0.384583543436148,0.510066436217015,0.243459374767201,0.309612423644383,0.384782713292362,0.93520008439253,0.890098037011339,0.374556143364485,1.27335005112545,0.771824098563338,1.19175132480398,-0.119204750478191,-1.53917707810304,-0.946346489876879,-1.27713592879615,0.691791509045753,0.401758149077114,-1.30474624638246,-0.715119169474526,-1.49536255293059,-0.196574585826986
imazamethabenz-methyl,1.75308354458874,2.19759281214677,-1.35007764786038,2.12340093122521,2.26972627025467,-1.35007764786038,-1.35007764786038,-1.35007764786038,-1.35007764786038,2.63491831933923,2.2969738537357,-1.35007764786038,-1.35007764786038,-1.35007764786038,-1.35007764786038,-1.35007764786038,2.09793650922468,-1.35007764786038,-1.35007764786038,-1.35007764786038,2.17737718167
imolamine,0.585008272616473,0.70257978182934,0.509088062022739,0.960584531820329,0.857202227427324,0.612612586072684,0.846740238897848,0.314073520426797,0.665148591221572,0.895014624049004,0.949485664631629,-0.536948414728771,-1.56407028521364,-0.985464390040412,-1.35043696133201,0.0242265264057462,0.910175805211713,-1.43741532707803,-1.02470459352101,-0.956650930707844,-0.976249530011451
isoquercetin,-0.836481333549425,-0.652181006775466,-0.770918832401643,-0.649801810340053,-0.917351247487842,-0.879786120660948,-0.627388897008089,-0.722515505719137,-0.72499064944124,-0.653272383568461,-0.581652813389944,1.10811505342271,1.0104116314298,1.4579787578695,1.15203925034029,-0.644672323380303,-0.785578312621658,1.01945630538132,1.24333782852135,1.21514061157716,1.24011179780203
isoxazolin-5-one,2.27805543896412,2.43251625785058,-1.4008477733463,-1.4008477733463,-1.4008477733463,-1.4008477733463,-1.4008477733463,-1.4008477733463,-1.4008477733463,-1.4008477733463,-1.4008477733463,2.29510402730114,-1.4008477733463,2.35401292483547,1.81534985657674,2.40331886698524,-1.4008477733463,-1.4008477733463,2.21489673996995,-1.4008477733463,2.41776694101877
lactide,-1.917957222583,-1.917957222583,1.68593252565668,-1.917957222583,-1.917957222583,-1.917957222583,-1.917957222583,1.67978797382893,1.74117143060077,-1.917957222583,1.57925118963979,1.51760733757041,1.72576882381946,1.98228907253597,1.33063611258895,-1.917957222583,1.70086352151508,1.88385921315578,-1.917957222583,-1.917957222583,2.35240502491816
leu-gln,0.679193771882161,0.797131846893567,0.994329094667296,0.557325008495706,0.832822979407507,1.02401092899546,1.06490474587402,0.304762731527266,1.2012925626622,1.14981747880674,1.16866662257772,-0.909249200017659,-3.54278413659047,-1.00388866907986,-3.54278413659047,1.03674623086963,0.967612803224543,-0.788755096600688,-0.694361346396523,-0.537225873446536,-0.759568347161625
leu-lys,0.350200108354046,0.671203063593591,0.46010351293073,0.581749267823634,0.655564611686199,0.902076404809865,0.9183844345224,0.839893639429686,1.11837971722225,0.838465808690253,1.02843279669481,-1.05910099475717,-1.38393629901662,-1.3426972903635,-1.28675016774298,0.51103445494059,0.721295233168321,-1.15612998356753,-0.962441860099557,-1.1957113346789,-1.21001512364009
linarin,-0.469020998423172,-0.160401710833339,-0.501604641136795,-0.223166414265229,-0.632779612759166,-0.250808588071473,-0.165828351118726,-0.739404698693352,-0.354355876941542,-0.0785199535836659,0.0907095463173777,-1.13673982057844,1.10847331260272,0.61503169122665,0.399155465973419,0.0135649805961832,-0.309630858834624,0.309600049344238,1.48341368071428,-0.324951965471254,1.32726476393594
linatine,0.661938367919708,0.71785356777776,0.434509414580628,0.00402633502681354,-0.22188860725517,0.764704259340598,0.400678192675904,0.889013391881745,0.558460722036774,0.728016781721836,1.22218465603188,-0.997996433828779,-1.38913063581682,-0.330878729591453,-1.27166670687176,0.379437810005091,0.782356337172354,-1.11442975273556,-0.731140673671482,-0.306830118857084,-1.17921817754294
lodelaben,0.660238634544389,0.890707444031807,0.703034847544684,1.00513402815817,0.116316327670646,1.01299689106523,0.827089434412066,0.653638562814186,0.865589086449528,0.812827621710777,0.88548383464001,0.0769907053327272,-2.23317250382419,-1.31725271993426,-1.82233447795589,1.01712729005608,0.925607086617198,-0.0451379578378319,-1.92860831176987,-1.93278900484538,-1.17348681888004
"lysophosphatidylethanolamine (22:6(4Z,7Z,10Z,13Z,16Z,19Z)/0:0)",-0.799226485759112,-0.328255317613247,-0.704314265783616,-0.0366060216761612,-0.537431950254916,-0.380857090081946,-0.729589991908755,-0.0974261928443374,-0.227181549826071,-0.421877914131671,-0.634980087079456,0.248491202380624,1.1649008540248,0.382329876886996,1.09106911431748,-0.278876422241337,-0.00344022552303222,0.838368755719283,0.066426770824441,1.28336075960074,0.105116180969262
lysophosphatidylserine,-0.605378290915881,-0.146911040487813,-2.08568360521633,-0.150643195824572,0.0174650200976917,0.20386934667886,-0.297574593942024,-0.0208111419742679,-0.139916139823566,-0.284372056172528,-0.305171084622038,0.710475372529491,0.492672933136263,0.667030892500134,0.196795719303533,-1.14063469285413,-0.10755266939596,1.14215917861435,0.595938985175963,0.848863971718777,0.409377091474007
medicagenic acid,0.833458510728948,0.916864745309386,0.401789094662325,1.02015065716947,0.778198103804074,0.289061914483857,0.596250799781163,0.631648257411985,0.35291323636134,0.805067923250207,0.500058540582081,-0.240043917872106,-1.74330880125559,-0.711705840277387,-1.87852848852408,0.868819117666435,0.807206045936953,-0.922827928431573,-1.7446947511591,-1.01877055784556,-0.541606661782831
menadiol dibutyrate,1.06440271564519,0.544341732741858,0.379882021056446,0.187398621479251,0.237347079734138,0.646800577049866,0.790811645567126,-0.0845584832994389,1.0675811269158,-0.198307248793602,-0.87875556295331,0.476608803009419,-0.00651912737245896,-0.0412229958369276,-0.155474653855162,-0.482105290179619,-0.604323062032029,-0.144104545280619,-0.66704591451933,-1.86420711537273,-0.268550323703861
methyl 3-hydroxypalmitate,1.28922914055062,0.504823188435923,0.677768959875458,-0.094577331187149,0.942316501210313,0.253561086694475,0.158298136748051,-0.0177143628239676,0.270987107895922,0.405495178783298,0.959288553653775,1.76749990498093,-1.31651923189757,-1.01278706623105,-0.984700814294191,0.662972620818313,0.317411646610971,-1.21705288528795,-1.22781650170916,-1.34462312051291,-0.993860712314077
methyl 4-[2-(2-formyl-vinyl)-3-hydroxy-5-oxo-cyclopentyl]-butanoate,-0.877871693876834,-0.704822194240829,-0.875528507949522,-0.287391803652302,-0.704269728043104,-0.517287953745951,-0.383795568287737,0.0976271532168859,-0.531112203166299,-0.649421720672622,0.0520539421611086,1.3522669072666,0.407541007928372,0.892318033349478,0.541278411877775,-0.331391460879916,-0.518942905511946,0.570667494791453,0.710149329773304,0.902134192825883,0.855799266836176
monoheptadecanoin,0.0436691494755347,0.92915618938231,-0.25021406813965,0.617830152154899,0.674597563537158,0.787992544648513,0.843380214972375,0.923345431550005,1.18530820120433,0.979974591628612,0.881256796909324,-0.938073631968293,-1.30472719279262,-2.07165751183874,-1.37507039693739,0.486283193337819,0.603214683412499,-0.47698352667315,-0.654188436192984,-0.929770947629471,-0.955323000041033
mycenolide A,-1.93813080936665,0.205214991257426,0.0975677737673248,0.317686651739761,-0.0429487398371873,0.107023788865453,-1.94956378488069,-0.162338373590896,-0.229988391060987,0.153302070138352,-0.409092110227126,1.09031435570032,0.409926674972325,1.02804233758565,0.646893677311808,0.0752846287918482,-0.969529885903668,-0.735223871905209,0.41623504137251,0.894753954665161,0.994570020604484
n-Octyl α-glucoside,0.629932081216558,0.788831571750169,0.563477541474368,0.202038901234037,0.779046183265911,0.266642279145542,0.348562562914158,0.214558065042048,0.453023408368848,0.91770811043039,1.05368075463881,-0.172532393464604,-1.85411428842447,-0.366468454678099,-0.837591104750402,0.660753676450507,0.753513907407156,-1.28012869798314,-1.49553729525075,-1.13121933702771,-0.49417747175932
nicotianamine,-1.00426271353611,-0.680359840652654,-0.480540978700512,-0.391398291754089,-0.862911617575755,-0.296526744324627,-0.225131735203551,-0.376116894919148,-0.170538266532529,-0.177702343093657,0.0723811698677815,1.08952498981501,1.08362825900083,0.527016885982714,0.133782788213863,-0.377754826654869,-0.494204192071509,0.789120637413718,0.0219477863412683,0.989384093458988,0.830661834924828
noradrenaline,0.893478752898971,0.30809326322377,0.405017898322241,0.711049997619647,0.362316379250417,0.604869469150187,0.731761392116366,0.708788276268829,0.963976451927304,0.792288510424283,0.861249162719506,-0.0401056355501204,-1.20323290385773,-1.25237250335733,-0.32640320322062,0.493925586115995,-0.248742866119653,-0.896286859216462,-1.13448729203536,-1.57817083588788,-1.15701304079235
oleandolide,-0.352811322048819,0.1262020894076,-0.891102199143006,-0.386978959989453,-0.630944003050733,-1.12837235158676,-1.56538674518596,-0.175589432913744,-0.473495785207983,-0.160908654888559,-0.270174484047089,1.88204564222742,1.62354993245526,1.2354655007341,-0.187483064674265,-1.23613327975212,-0.372883187053599,0.494313070916226,1.1846780163596,0.430548789001208,0.855460428440721
oleoylglycine,0.67192581135888,0.612198028363545,0.176352349118036,0.0247165421832168,0.589838402587116,0.432800786977952,0.0658868486696631,0.437745146023018,0.203828652791667,0.750962844772067,0.690951195210369,-0.428277643814065,-1.4605998209375,-0.303735744580145,-0.583643758991152,0.581117649465511,0.0984046081312405,-1.49357964558796,-0.390779600940264,-0.67078867708561,-0.00532397371557042
oscr#3,0.87068725726453,1.00987532294626,0.891149664823805,0.999562013898509,0.773969848538847,1.01364304827309,1.06402336078269,0.719488065187084,0.911460408984452,1.04224994083772,1.13358536222176,-0.920826785949454,-1.60383420083998,-2.31561117453894,-2.27420917980759,1.0604039947047,0.937875576575053,-0.333562745255753,-1.5050460471038,-1.04664444188021,-2.4282392896628
oxazolidinone,0.535274440920242,0.668711411145946,0.166246863792779,0.953796957788301,0.231312817648454,0.778152870901526,0.310313987510118,0.618798205263619,0.111598289294001,0.61060372584375,0.905907840272411,-0.0427261861589808,-0.671655897875001,-0.338763341011449,-0.657630734628026,0.311683545375537,0.484033435778744,-0.211839352810323,-0.151735822438581,-0.246575132101443,-4.36550792451163
oxiracetam,-0.396862837374137,0.458774840326851,-0.323960881600515,0.687579624534598,0.153299506208645,0.694671797413664,0.918814086234662,0.674033330047188,0.90361933512504,0.9727915621027,1.12762609256562,-0.80246718311461,-1.2831649961839,-0.989296040632807,-1.07906274768815,0.360307952606143,0.791179451429921,-0.883063834129531,-0.687925004274747,-0.54783473588629,-0.749059317710338
p-Cresol,0.837628834636843,1.02211173972265,0.713304602104236,0.985521622204251,1.04027452882274,0.749284663152696,0.830499819839807,0.756912141426321,0.96870549061735,0.835680108527827,0.994997923222211,-1.28252497760534,-1.54517211413158,-1.36530293443272,-1.3736074049919,0.220351759124116,0.806048262793342,-1.29318260985133,-1.11317468750429,-1.39379742484427,-1.39455934283292
peiminine,0.530036725049046,0.878348562583321,0.425693016471917,0.743248653500441,0.589926376406361,0.857183369769429,0.581784934510276,0.782297042920126,0.489972676092352,0.952553945421211,0.837220212441034,-1.32694879943627,-1.47034822805674,-0.940573077492007,-1.35811665428833,0.850310243964764,0.81342689907813,-0.713386148705255,-1.29598494840913,-1.4008416883304,-0.825803113490271
persin,0.574933858609503,0.703579880756625,-0.453348646671956,0.681120649975579,0.904583206965228,0.361164903095621,0.0781958104738203,0.648896284526241,0.855295786371633,0.744941594100566,1.22692924048987,-0.369604374178733,-1.655701961536,-0.984750994104572,-1.4833503677893,0.614370248195507,0.930628646822545,-0.775553501559519,-0.879799518949404,-0.805026897810004,-0.91750384778322
phe-asn,0.823570510134291,0.966982531512652,1.10347276497021,0.206677198305282,0.643761247582273,0.637123798121026,0.907304827842988,0.304072968747739,0.603811171201231,0.583667871994876,0.795237854361365,-1.2172832029229,-1.7261722586301,-1.05270945613551,-1.36886351399907,0.32135764078179,0.477148392702493,-0.312509319999743,-0.135237739408998,-1.57552340187569,-0.985889885286176
porfiromycin,0.28937848204534,-0.857319888965857,-0.844128482637527,-0.717855870714036,-1.07577981174523,-0.941414581754339,-0.88795682315407,0.0658179144873238,-0.774933762343065,-0.772010765145393,-0.610516482507745,1.32473565009602,1.80254482980033,1.05061705244479,0.464218925040615,-1.03121322750382,-1.10287517595373,1.55584786658792,1.35101953618582,0.847863704274609,0.863960911462043
porphobilinogen,-0.519267705850141,-0.47189335586579,-0.734197132072876,-0.241606411055997,-0.452233608459355,-0.597292656498966,-0.524248918456522,-0.15252918263989,-0.26795167578673,-0.136449573023013,-0.254493768724956,1.01764695148694,0.63447051007687,1.14160926302863,0.517922421684008,-0.297878550714457,-0.498345955921214,0.275416437525945,1.15518962329901,-0.613224244726755,1.01935753269528
pro-phe,0.318364730504368,0.488987574228085,0.367470715994378,0.511761294555163,0.292261812473566,0.825958488446486,0.784968137310542,0.992570942823905,0.84432542925604,0.677062073497196,0.695309734416969,-0.857453310503765,-1.70268374614454,-1.38209682371935,-1.41704788804274,0.728358963366318,0.748011011751951,-0.00706974069655323,-0.20478493486817,-1.10665967424035,-1.59761479040947
prohydrojasmon,0.883726333497186,1.34042958342247,0.297535503816118,0.855580797962212,0.623719318766914,0.474363899305144,0.191666839506887,0.972288974755886,0.739133514737617,0.764098240352752,1.16723856612641,-0.406526278451208,-1.80238965138197,-1.33232775194043,-1.35878107202108,0.471810886717297,1.12869687166846,-1.0665703971279,-1.19715357115955,-1.51608489240324,-1.23045571614995
propionylcarnitine,-0.129147609051283,0.448564250855709,0.0346049295951705,0.556436533972972,0.173251006235027,0.845063871357622,0.680567245326363,0.208289016621429,0.274077641584995,1.07428792610566,0.839752331156526,0.203386867241213,-1.83472876396318,-1.16985483270369,-1.48157172219481,1.20575065820458,0.808258602575576,-1.50747933456247,-0.950969813404968,0.825486754098541,-1.10402555905097
psychosine sulfate,0.515421606622957,0.774532451489699,0.666017651038832,0.719125856604941,0.654378719713267,0.811060690516513,0.744020130809902,0.534567374297569,0.65155091510509,0.819862731571145,0.75057356733567,-1.22828692481517,-1.38429849986624,-1.30411926507455,-1.56543704805808,1.03362634174879,0.814342686908206,-0.749290395071692,-0.918098667199951,-1.14958141243252,-1.18996851124436
pyr-gln-OH,-1.48408146846849,-0.516422182509026,-0.305309885397737,-0.258918604065115,-0.334688979521215,-0.48232734364644,-0.817999612378897,-0.20188529823793,-0.381434864196621,0.302100588442754,-0.263509257870549,0.516328111428179,0.0799863925567399,0.605205781707548,-0.509672362546346,-0.647796491630597,-0.606696428708969,1.37061489632027,1.74208673776567,0.590468146193573,1.6039521247632
quizalofop,0.680809618061096,0.995015926121125,0.709770910398491,0.990348189229324,0.879852225021927,0.815395469506908,0.80384756602631,0.786980077755019,0.77139328379984,0.742131151903302,1.05233169742925,-1.36545152162436,-1.42636186448207,-1.30787208597054,-1.43383767389926,0.938122863207638,0.891833226544001,-1.43738610180555,-1.28257557513942,-1.38282846112994,-1.42151892095308
revefenacin,0.455155608353485,0.691969371928124,0.578346035261143,0.821734020281631,0.826874321349039,0.687873566135381,0.771237043803123,0.799288906513213,0.735946389080727,0.843114574114596,0.757403581666763,0.248702423741323,-1.28947888936117,-0.106262894157586,-4.389836984404,0.675593882126943,0.747129783388926,-0.696231893111992,-0.831527455359033,-1.04861009410226,-1.27842129724834
samaderin A,0.416121496915735,0.556420520787114,-0.392400134619277,1.30505026589252,0.19214113697057,1.36319410426305,0.427471116293561,-0.418714105511859,0.164562946121225,1.50592854875172,0.664974024482712,-0.728251631405193,-0.827738001746237,-0.881764499472721,-0.841506597357359,0.647555269414852,0.264966236963937,-0.828842994747824,-0.665924345662305,-0.921794968112324,-1.0014483882219
suberoretisteroid A,0.710384115567473,0.880583835206455,0.865204373797617,0.906913315195823,0.438582724180956,1.23439733606262,0.550240696476549,0.523593714043583,0.703238582066416,0.969306476481128,0.825060687985077,-2.3682590664985,-2.10592834285962,-0.285579046391498,-0.98147897015978,0.597161160667459,0.816367895616504,-0.999546171331387,-0.497311919751699,-1.38344996112789,-1.39948143522728
suberoretisteroid D,0.789172404857139,0.504493953260051,0.615492725820706,0.962353187276818,0.447087789117676,0.418089700809508,0.433219562341554,0.978903504017809,0.746907265271529,0.92849325237422,0.631493488606392,-2.18498964999948,-1.57416288777892,-1.2696708462008,-1.74427552429638,0.961813428910767,0.693909251946066,-0.393677362299178,-0.546449568823972,-0.809990421998712,-0.58821325321279
suberylglycine,-0.423838545266917,-0.229304227817193,-0.750552255297714,-0.102330494580591,-0.210660863370054,-0.572936405809248,-0.512831796275044,-0.0782445679505864,0.471189824034963,-0.013258885496643,-0.0431836809777412,0.846940668726726,0.535472310842211,0.887011829369585,0.341812277528804,-1.50369377589943,-0.443446073829595,-0.201565172375294,0.740478447728781,0.435550600633301,0.82739078608169
sulukast,-1.60724067857055,-0.175037657056764,-0.58549629037364,0.0590555366808474,-0.586040885998119,0.20332312743482,-0.290758254563645,-0.066297104790739,-0.267414584901269,0.231496990034646,0.0847062792915823,1.45717494244814,0.566675810758282,0.436195188893362,0.580431930791402,-0.486663655317968,-0.210985746552685,0.680383709370428,0.204340320521964,0.288017813211051,-0.515866791311178
taleranol,-0.280472161066656,0.606605151333947,-0.0171485036579815,0.512539694838136,0.831326396111125,0.139591969128711,0.947545875955865,0.102568442698654,0.23001664026398,0.544175604138935,0.62497148019749,0.621922082718186,0.355096560844254,0.184906794787624,-0.188026275803473,-0.072619042944703,-0.141672002475666,-0.904931399152239,-1.1724881405004,-1.43035214915449,-1.49355701826129
tebuconazole,-0.82405992125853,-0.457857927484901,-0.808650340552567,-0.387476856433556,-0.595327340422545,-0.588967197459587,-0.6430034901194,-0.742378004942869,-0.538673238048724,-0.563760735140156,-0.304940648779835,1.12188451262042,0.475894918049336,1.05693704153393,0.508769784049811,-0.363300802615984,-0.508962455914479,0.913964407051985,1.31550098493984,0.793417250789541,1.14099006013829
tensyuic acid B,0.329008775859181,0.695711957742628,0.467164373456966,0.732993635252115,0.648611095412881,0.728304425087301,0.739183607649534,0.447339267566462,0.756756773281556,0.71914703198357,1.01049845858302,-0.30531949535048,-1.54411839627244,-0.478737453094158,-1.95650434011535,0.903223395522096,0.618802919771563,-0.794319988257637,-1.54093983164617,-0.568155455667578,-1.60865075676504
tensyuic acid C,0.686510006448609,0.832439189154279,0.702744959993654,0.802892044367116,0.720942305924157,0.805902107672414,0.775594802324154,0.706832169664551,0.786828874572776,0.893590448588111,0.983903183948157,-1.06598903952304,-1.5924860953685,-1.4608241170845,-0.931780285152745,0.94915056615857,0.693458340698406,-1.72939218076925,-0.687987721630642,-1.41962833644646,-1.45270122353977
tensyuic acid E,0.0722398875284058,0.467955813726637,0.135264447820153,0.586510879617691,0.413254641662384,0.337121512678686,0.298180781154091,0.242525491092348,0.520914731729902,0.545110889066126,0.695220902297437,-2.37527102246691,-0.607183405529132,0.070869172534069,-0.409851515923676,0.304337587387533,0.499923237488367,-1.05238769797933,-0.256191393057348,-0.383947703321512,-0.104597237505923
tetrahydrocortisol,0.348000785265723,0.157377304922164,0.117556222730339,0.563894499563658,0.686501649730477,-0.595545068751111,-0.310302549750126,0.335924693690687,0.37254125322238,0.699299163952261,0.403086372950971,0.863597376054006,0.15682228465099,-0.18854050891712,-0.957031265548294,-0.0212441780048092,0.285941782991166,-0.797080533901972,-0.392449171858752,-1.19226328060948,-0.536086832383144
trans-Aconitic acid,-0.154672552205015,-0.252215740804957,-0.0679738732246604,-0.995198922194675,-0.257626713302931,-0.496380428549401,-0.193431412037815,-1.0763449828791,-0.219343778677154,-0.610153794549985,-0.618294504653855,0.296578642161921,0.112251188641079,1.07280917188576,0.451307032230908,-0.240089380103436,-0.184471903809443,0.348245944169895,1.09230425071817,0.885097526056401,1.10760423112829
trans-Cinnamic acid,0.910882016466139,0.86680608913527,0.646007912696683,1.01332366968578,0.302361922495991,0.83796666542586,1.19730149993273,0.633155173952087,0.496817421754965,0.879444683994982,0.212489157311478,-0.477060845396179,-0.65343164491822,-1.80688981305565,-0.56543994177038,0.0950747125851065,0.617067160245239,-0.887041644939392,-2.57932510004084,-1.08380786625945,-0.655701229302185
trans-Glutaconic acid,1.01739027794851,-2.74184540271868,-2.74184540271868,-2.74184540271868,0.130976609025309,-2.74184540271868,0.989246745878671,0.820126357757883,0.99539433886191,0.602043381535264,0.530927471916636,1.48316488685716,1.43117534267843,1.55845528119889,1.48247730738597,-2.74184540271868,-2.74184540271868,1.32126797296215,1.44706413744271,1.36249084366236,1.27887146120018
trilobolide,-1.04075647723142,-0.812398260898525,-0.770781413400891,-0.752564725930806,-0.813356345206124,-0.712225932121597,-0.846514970961257,-0.800709944178025,-0.556625410178877,-0.658293826588344,-0.594986675405538,1.37891803506937,1.60966240443916,0.924537111907809,1.71523841874794,-0.7935809876331,-0.862022667733436,0.577681178916037,1.35183045386959,1.63510137453738,0.821848659980638
trimethadione,0.483050931749296,0.831806338606064,0.447871483892166,0.809389012374946,0.745200948651694,0.684542853446343,0.660685178151832,0.754508681540185,0.634614606136637,0.822505125251677,0.75846059034803,0.308696021421774,0.667314440212013,0.56825503564113,-3.65992012868884,0.708795930854951,0.728721641389841,-3.65992012868884,-3.65992012868884,-0.24350451765658,0.608846084054532
undec-10-ynoic acid,0.558530070118141,0.772398853739713,0.419793077573886,0.716423840075016,0.615166743857581,0.579688377717865,0.606928030374626,0.331913576466296,0.699892885799869,0.69392981889229,0.656918783062682,-0.0145456939250256,-2.70136446083784,-0.185629980206432,-0.564061134823986,0.632491107991523,0.618325821167433,-2.19643254268471,-2.00347024641605,-0.450979991051562,0.214083063108699
val-phe,-0.227063823033826,0.435874900477441,0.153940399284793,0.174172070255911,0.318622703064026,0.911529327801754,1.10723882927557,0.395665346234046,1.29109514110908,0.829832231347485,1.12260188865672,-1.5656182557587,-1.90125015550057,-1.02160785524012,-1.89731810458541,0.883359480143758,0.46740287584657,0.0626758731903899,0.201740440561256,-0.907202247225339,-0.835691065904806
xilobam,-0.866341994748822,-0.794682889979913,-0.925184802335614,-0.854511624819541,-1.00590332415296,-1.23469133907425,-0.78914550759628,-0.902812339725502,-1.03788365190202,-0.908338046139857,-0.880899445033096,1.31379799288371,0.905749653030359,1.86996932554378,1.49883406134903,-0.838012501015693,-1.04959278322868,1.41827455966155,2.00116872766929,1.16302869918291,1.91717723043159
zinniol,0.236557469368323,0.685818085759144,0.212321826421406,0.457700894679665,0.502632432297641,-0.135520652005735,0.456931220251135,0.843546723793065,0.67349988916377,0.335948036345052,0.575257287580774,-0.100601836136003,-0.68200503381247,-0.410148408620692,-0.299187985631631,-0.321237888930628,0.479747132790064,-0.676652351218123,-0.463833182072809,-0.608529973150634,-1.76224368687131
"{(3R,6R)-6-[(4-{[Benzyl(methyl)amino]methyl}-1H-1,2,3-triazol-1-yl)methyl]-1-azabicyclo[2.2.2]oct-3-yl}(1-pyrrolidinyl)methanone",1.17150499303715,0.8763028924776,0.00747838314036664,0.566070243051637,1.70419043496416,0.16411827680297,-0.205221103912134,0.618084912505174,0.642028699914144,1.10008808626275,1.26806041159924,-0.192775666055217,-1.34738938177089,-1.19086338797161,-0.718351864797335,0.112484266847762,0.117621476477116,-1.21577827128857,-1.13610901825502,-1.20093557143217,-1.14060881159709
"{2,4-Dihydroxy-3-[(1E)-3-methyl-1-buten-1-yl]phenyl}[6-(2,4-dihydroxyphenyl)-2-(2,6-dihydroxyphenyl)-6-hydroxy-4-methyl-3-cyclohexen-1-yl]methanone",-1.15185090258283,0.981495667825787,0.959378002544414,1.01804294529114,0.476626921962682,0.814094207953694,0.924608931667421,1.04437508903432,0.389460990997842,0.942072208684143,0.665573882377545,-0.978910522006028,-1.28397838111591,-1.18960985768632,-2.14250284012127,0.979878771003399,1.13865589487085,-0.815748215524724,-0.728987552768052,-1.03548106408249,-1.00719417832561
α-Apocholic acid,1.20331176175167,0.9809170330057,1.0374448871578,1.09316034542835,1.0715899342343,0.965684992829364,1.32786579487188,1.06136637974127,0.919100594698949,1.03209924057826,1.2142490860085,-2.49713763179891,-3.06376578323362,-3.06376578323362,-0.598764983643591,0.794986136111778,1.034295905578,-0.352712373489495,-0.49985322166724,-3.06376578323362,-0.596306531695734
α-Ribazole,0.62429204190501,0.802072429017036,0.562045850276931,0.81936904832024,0.669406635879351,0.843939178128552,0.856761904754221,1.01170723777123,0.89448394723273,0.814717581754513,0.847925084873365,0.0367172872209423,-3.60011772390465,-3.60011772390465,-3.60011772390465,0.801054582407583,0.852599850597032,0.380423744846228,0.260230341977262,-0.169099164137013,-0.108294411111247
β-Alanine,0.701397446662256,0.643595085933754,0.274713093916663,0.480773959249321,0.330031812759035,-0.0923441972357427,0.5701666849634071,0.618083964474778,-0.14342664760128,0.243375008914883,0.115616953699595,-0.0824065737018622,-0.874725811614317,-0.307280847357328,-0.812558147955607,-0.421952971683891,-0.048679010962731,-0.718010835435673,-0.528049232938835,0.0847487649885524,-0.0330684990749589
β-D-Ethyl glucuronide,-1.46178863192309,-1.46178863192309,-1.46178863192309,-1.46178863192309,-1.46178863192309,-1.46178863192309,-1.46178863192309,-1.46178863192309,1.39078056071083,-1.46178863192309,-1.46178863192309,-1.46178863192309,1.97460339489907,1.98704541069957,1.83936124656423,-1.46178863192309,1.48335025457728,2.19979630284887,2.32829971415395,2.11122766681817,2.22699903180516
γ-Hydroxy-3-pyridinebutanoate,-0.0711420053082028,0.288097457999347,0.0479479296972525,-0.135567520906233,0.149963719812796,0.250431414241108,0.0916826947890468,-0.233562397799315,0.0135256355747632,0.3497523824918,0.243663038829968,0.568989740287518,0.667505657266775,0.647107211235411,0.367549510466379,-0.333293246038182,-0.03541211634062,0.771428950176921,0.792709479220145,-5.22979052024448,0.788412984547784
γ-glutamyltyramine,0.220430160881228,0.698817164773536,0.387546060008292,0.532113982280957,0.546658940985662,0.930144325513934,0.956130536647859,0.622644712249039,1.11743850830011,0.887989233509181,1.07752528269967,-0.944843147432425,-4.2463962454858,-0.936278125794343,-1.39040750116894,0.910614877589734,0.652553769747399,-0.104509232499251,0.233924664185594,-1.15958100299608,-0.992516963995337
ε-(γ-Glutamyl)-lysine,0.384910402064027,0.884782947466842,0.893121823154599,0.564840768636989,0.815239272965079,0.983818736256481,1.16496572671581,0.487993377651008,0.850757342312641,0.961931705393953,1.12713673024189,-1.5818243326716,-1.78879302874848,-0.353959649250372,-2.16501597181519,0.601062719656401,0.762063637436776,-0.912057281913203,-1.56538258465753,-1.83829457504427,-0.277297765851839
,-1.06638920557148,-1.06638920557148,-1.06638920557148,-1.06638920557148,-1.06638920557148,-1.06638920557148,-1.06638920557148,-1.06638920557148,-1.06638920557148,-1.06638920557148,-1.06638920557148,3.53773392098191,3.41963316325684,3.38729195328741,3.23497467430156,-1.06638920557148,-1.06638920557148,-1.06638920557148,-1.06638920557148,-1.06638920557148,3.48259357731606
